channel,geo,active,start,end,weeks
Channel0,Geo0,True,2021-01-25,2021-05-24,18
Channel0,Geo0,False,2021-05-31,2021-05-31,1
Channel0,Geo0,True,2021-06-07,2021-06-28,4
Channel0,Geo0,False,2021-07-05,2021-07-05,1
Channel0,Geo0,True,2021-07-12,2021-07-12,1
Channel0,Geo0,False,2021-07-19,2021-07-26,2
Channel0,Geo0,True,2021-08-02,2022-05-09,41
Channel0,Geo0,False,2022-05-16,2022-05-16,1
Channel0,Geo0,True,2022-05-23,2022-06-13,4
Channel0,Geo0,False,2022-06-20,2022-06-20,1
Channel0,Geo0,True,2022-06-27,2022-09-05,11
Channel0,Geo0,False,2022-09-12,2022-09-12,1
Channel0,Geo0,True,2022-09-19,2023-01-23,19
Channel0,Geo0,False,2023-01-30,2023-01-30,1
Channel0,Geo0,True,2023-02-06,2023-02-13,2
Channel0,Geo0,False,2023-02-20,2023-02-20,1
Channel0,Geo0,True,2023-02-27,2023-03-06,2
Channel0,Geo0,False,2023-03-13,2023-03-13,1
Channel0,Geo0,True,2023-03-20,2023-04-17,5
Channel0,Geo0,False,2023-04-24,2023-04-24,1
Channel0,Geo0,True,2023-05-01,2023-07-24,13
Channel0,Geo0,False,2023-07-31,2023-07-31,1
Channel0,Geo0,True,2023-08-07,2023-09-11,6
Channel0,Geo0,False,2023-09-18,2023-09-18,1
Channel0,Geo0,True,2023-09-25,2023-12-11,12
Channel0,Geo0,False,2023-12-18,2023-12-18,1
Channel0,Geo0,True,2023-12-25,2024-01-08,3
Channel0,Geo0,False,2024-01-15,2024-01-15,1
Channel0,Geo1,True,2021-01-25,2021-04-05,11
Channel0,Geo1,False,2021-04-12,2021-04-12,1
Channel0,Geo1,True,2021-04-19,2021-04-19,1
Channel0,Geo1,False,2021-04-26,2021-04-26,1
Channel0,Geo1,True,2021-05-03,2021-08-09,15
Channel0,Geo1,False,2021-08-16,2021-08-16,1
Channel0,Geo1,True,2021-08-23,2022-03-21,31
Channel0,Geo1,False,2022-03-28,2022-03-28,1
Channel0,Geo1,True,2022-04-04,2022-06-13,11
Channel0,Geo1,False,2022-06-20,2022-06-20,1
Channel0,Geo1,True,2022-06-27,2022-07-04,2
Channel0,Geo1,False,2022-07-11,2022-07-11,1
Channel0,Geo1,True,2022-07-18,2022-08-29,7
Channel0,Geo1,False,2022-09-05,2022-09-05,1
Channel0,Geo1,True,2022-09-12,2022-12-05,13
Channel0,Geo1,False,2022-12-12,2022-12-12,1
Channel0,Geo1,True,2022-12-19,2023-01-02,3
Channel0,Geo1,False,2023-01-09,2023-01-09,1
Channel0,Geo1,True,2023-01-16,2023-01-30,3
Channel0,Geo1,False,2023-02-06,2023-02-06,1
Channel0,Geo1,True,2023-02-13,2023-02-13,1
Channel0,Geo1,False,2023-02-20,2023-02-20,1
Channel0,Geo1,True,2023-02-27,2023-08-21,26
Channel0,Geo1,False,2023-08-28,2023-08-28,1
Channel0,Geo1,True,2023-09-04,2024-01-08,19
Channel0,Geo1,False,2024-01-15,2024-01-15,1
Channel0,Geo10,True,2021-01-25,2021-04-05,11
Channel0,Geo10,False,2021-04-12,2021-04-19,2
Channel0,Geo10,True,2021-04-26,2021-05-03,2
Channel0,Geo10,False,2021-05-10,2021-05-10,1
Channel0,Geo10,True,2021-05-17,2021-07-19,10
Channel0,Geo10,False,2021-07-26,2021-07-26,1
Channel0,Geo10,True,2021-08-02,2021-08-30,5
Channel0,Geo10,False,2021-09-06,2021-09-06,1
Channel0,Geo10,True,2021-09-13,2022-03-21,28
Channel0,Geo10,False,2022-03-28,2022-03-28,1
Channel0,Geo10,True,2022-04-04,2022-04-25,4
Channel0,Geo10,False,2022-05-02,2022-05-09,2
Channel0,Geo10,True,2022-05-16,2022-05-16,1
Channel0,Geo10,False,2022-05-23,2022-05-23,1
Channel0,Geo10,True,2022-05-30,2022-06-13,3
Channel0,Geo10,False,2022-06-20,2022-06-20,1
Channel0,Geo10,True,2022-06-27,2022-08-29,10
Channel0,Geo10,False,2022-09-05,2022-09-05,1
Channel0,Geo10,True,2022-09-12,2022-11-21,11
Channel0,Geo10,False,2022-11-28,2022-11-28,1
Channel0,Geo10,True,2022-12-05,2023-01-09,6
Channel0,Geo10,False,2023-01-16,2023-01-16,1
Channel0,Geo10,True,2023-01-23,2023-02-27,6
Channel0,Geo10,False,2023-03-06,2023-03-06,1
Channel0,Geo10,True,2023-03-13,2023-03-20,2
Channel0,Geo10,False,2023-03-27,2023-03-27,1
Channel0,Geo10,True,2023-04-03,2023-04-10,2
Channel0,Geo10,False,2023-04-17,2023-04-24,2
Channel0,Geo10,True,2023-05-01,2023-06-26,9
Channel0,Geo10,False,2023-07-03,2023-07-03,1
Channel0,Geo10,True,2023-07-10,2023-07-10,1
Channel0,Geo10,False,2023-07-17,2023-07-17,1
Channel0,Geo10,True,2023-07-24,2023-12-11,21
Channel0,Geo10,False,2023-12-18,2023-12-25,2
Channel0,Geo10,True,2024-01-01,2024-01-15,3
Channel0,Geo11,True,2021-01-25,2021-01-25,1
Channel0,Geo11,False,2021-02-01,2021-02-01,1
Channel0,Geo11,True,2021-02-08,2021-03-01,4
Channel0,Geo11,False,2021-03-08,2021-03-08,1
Channel0,Geo11,True,2021-03-15,2021-04-19,6
Channel0,Geo11,False,2021-04-26,2021-04-26,1
Channel0,Geo11,True,2021-05-03,2021-05-03,1
Channel0,Geo11,False,2021-05-10,2021-05-10,1
Channel0,Geo11,True,2021-05-17,2021-06-21,6
Channel0,Geo11,False,2021-06-28,2021-06-28,1
Channel0,Geo11,True,2021-07-05,2021-07-19,3
Channel0,Geo11,False,2021-07-26,2021-07-26,1
Channel0,Geo11,True,2021-08-02,2021-08-09,2
Channel0,Geo11,False,2021-08-16,2021-08-16,1
Channel0,Geo11,True,2021-08-23,2022-02-14,26
Channel0,Geo11,False,2022-02-21,2022-02-21,1
Channel0,Geo11,True,2022-02-28,2022-03-21,4
Channel0,Geo11,False,2022-03-28,2022-03-28,1
Channel0,Geo11,True,2022-04-04,2022-05-23,8
Channel0,Geo11,False,2022-05-30,2022-05-30,1
Channel0,Geo11,True,2022-06-06,2022-12-19,29
Channel0,Geo11,False,2022-12-26,2023-01-09,3
Channel0,Geo11,True,2023-01-16,2023-07-10,26
Channel0,Geo11,False,2023-07-17,2023-07-17,1
Channel0,Geo11,True,2023-07-24,2023-08-21,5
Channel0,Geo11,False,2023-08-28,2023-08-28,1
Channel0,Geo11,True,2023-09-04,2023-12-25,17
Channel0,Geo11,False,2024-01-01,2024-01-01,1
Channel0,Geo11,True,2024-01-08,2024-01-15,2
Channel0,Geo12,True,2021-01-25,2021-02-01,2
Channel0,Geo12,False,2021-02-08,2021-02-08,1
Channel0,Geo12,True,2021-02-15,2021-03-29,7
Channel0,Geo12,False,2021-04-05,2021-04-05,1
Channel0,Geo12,True,2021-04-12,2021-04-12,1
Channel0,Geo12,False,2021-04-19,2021-04-19,1
Channel0,Geo12,True,2021-04-26,2021-04-26,1
Channel0,Geo12,False,2021-05-03,2021-05-03,1
Channel0,Geo12,True,2021-05-10,2021-06-14,6
Channel0,Geo12,False,2021-06-21,2021-06-21,1
Channel0,Geo12,True,2021-06-28,2021-07-26,5
Channel0,Geo12,False,2021-08-02,2021-08-02,1
Channel0,Geo12,True,2021-08-09,2021-10-18,11
Channel0,Geo12,False,2021-10-25,2021-10-25,1
Channel0,Geo12,True,2021-11-01,2021-11-29,5
Channel0,Geo12,False,2021-12-06,2021-12-06,1
Channel0,Geo12,True,2021-12-13,2022-01-10,5
Channel0,Geo12,False,2022-01-17,2022-01-17,1
Channel0,Geo12,True,2022-01-24,2022-03-14,8
Channel0,Geo12,False,2022-03-21,2022-03-28,2
Channel0,Geo12,True,2022-04-04,2022-04-25,4
Channel0,Geo12,False,2022-05-02,2022-05-02,1
Channel0,Geo12,True,2022-05-09,2022-07-11,10
Channel0,Geo12,False,2022-07-18,2022-07-18,1
Channel0,Geo12,True,2022-07-25,2022-08-01,2
Channel0,Geo12,False,2022-08-08,2022-08-08,1
Channel0,Geo12,True,2022-08-15,2023-03-20,32
Channel0,Geo12,False,2023-03-27,2023-03-27,1
Channel0,Geo12,True,2023-04-03,2023-08-14,20
Channel0,Geo12,False,2023-08-21,2023-08-21,1
Channel0,Geo12,True,2023-08-28,2023-11-13,12
Channel0,Geo12,False,2023-11-20,2023-11-20,1
Channel0,Geo12,True,2023-11-27,2023-12-25,5
Channel0,Geo12,False,2024-01-01,2024-01-01,1
Channel0,Geo12,True,2024-01-08,2024-01-08,1
Channel0,Geo12,False,2024-01-15,2024-01-15,1
Channel0,Geo13,True,2021-01-25,2021-02-22,5
Channel0,Geo13,False,2021-03-01,2021-03-01,1
Channel0,Geo13,True,2021-03-08,2021-03-08,1
Channel0,Geo13,False,2021-03-15,2021-03-15,1
Channel0,Geo13,True,2021-03-22,2021-04-05,3
Channel0,Geo13,False,2021-04-12,2021-04-12,1
Channel0,Geo13,True,2021-04-19,2021-04-26,2
Channel0,Geo13,False,2021-05-03,2021-05-17,3
Channel0,Geo13,True,2021-05-24,2021-07-12,8
Channel0,Geo13,False,2021-07-19,2021-07-19,1
Channel0,Geo13,True,2021-07-26,2021-08-09,3
Channel0,Geo13,False,2021-08-16,2021-08-23,2
Channel0,Geo13,True,2021-08-30,2022-02-14,25
Channel0,Geo13,False,2022-02-21,2022-02-21,1
Channel0,Geo13,True,2022-02-28,2022-03-07,2
Channel0,Geo13,False,2022-03-14,2022-03-21,2
Channel0,Geo13,True,2022-03-28,2022-04-25,5
Channel0,Geo13,False,2022-05-02,2022-05-02,1
Channel0,Geo13,True,2022-05-09,2022-05-23,3
Channel0,Geo13,False,2022-05-30,2022-05-30,1
Channel0,Geo13,True,2022-06-06,2023-01-09,32
Channel0,Geo13,False,2023-01-16,2023-01-16,1
Channel0,Geo13,True,2023-01-23,2023-01-23,1
Channel0,Geo13,False,2023-01-30,2023-01-30,1
Channel0,Geo13,True,2023-02-06,2023-02-27,4
Channel0,Geo13,False,2023-03-06,2023-03-13,2
Channel0,Geo13,True,2023-03-20,2023-03-20,1
Channel0,Geo13,False,2023-03-27,2023-03-27,1
Channel0,Geo13,True,2023-04-03,2023-05-22,8
Channel0,Geo13,False,2023-05-29,2023-05-29,1
Channel0,Geo13,True,2023-06-05,2023-06-05,1
Channel0,Geo13,False,2023-06-12,2023-06-12,1
Channel0,Geo13,True,2023-06-19,2023-07-10,4
Channel0,Geo13,False,2023-07-17,2023-07-17,1
Channel0,Geo13,True,2023-07-24,2023-10-02,11
Channel0,Geo13,False,2023-10-09,2023-10-09,1
Channel0,Geo13,True,2023-10-16,2024-01-15,14
Channel0,Geo14,False,2021-01-25,2021-01-25,1
Channel0,Geo14,True,2021-02-01,2021-03-01,5
Channel0,Geo14,False,2021-03-08,2021-03-08,1
Channel0,Geo14,True,2021-03-15,2021-03-15,1
Channel0,Geo14,False,2021-03-22,2021-03-22,1
Channel0,Geo14,True,2021-03-29,2021-04-05,2
Channel0,Geo14,False,2021-04-12,2021-04-19,2
Channel0,Geo14,True,2021-04-26,2021-05-03,2
Channel0,Geo14,False,2021-05-10,2021-05-10,1
Channel0,Geo14,True,2021-05-17,2021-06-21,6
Channel0,Geo14,False,2021-06-28,2021-06-28,1
Channel0,Geo14,True,2021-07-05,2021-07-19,3
Channel0,Geo14,False,2021-07-26,2021-07-26,1
Channel0,Geo14,True,2021-08-02,2021-08-30,5
Channel0,Geo14,False,2021-09-06,2021-09-06,1
Channel0,Geo14,True,2021-09-13,2022-02-14,23
Channel0,Geo14,False,2022-02-21,2022-02-21,1
Channel0,Geo14,True,2022-02-28,2022-02-28,1
Channel0,Geo14,False,2022-03-07,2022-03-07,1
Channel0,Geo14,True,2022-03-14,2022-04-11,5
Channel0,Geo14,False,2022-04-18,2022-05-02,3
Channel0,Geo14,True,2022-05-09,2022-05-23,3
Channel0,Geo14,False,2022-05-30,2022-05-30,1
Channel0,Geo14,True,2022-06-06,2022-07-18,7
Channel0,Geo14,False,2022-07-25,2022-07-25,1
Channel0,Geo14,True,2022-08-01,2022-10-17,12
Channel0,Geo14,False,2022-10-24,2022-10-24,1
Channel0,Geo14,True,2022-10-31,2022-11-07,2
Channel0,Geo14,False,2022-11-14,2022-11-14,1
Channel0,Geo14,True,2022-11-21,2022-12-05,3
Channel0,Geo14,False,2022-12-12,2022-12-12,1
Channel0,Geo14,True,2022-12-19,2023-01-09,4
Channel0,Geo14,False,2023-01-16,2023-01-16,1
Channel0,Geo14,True,2023-01-23,2023-04-17,13
Channel0,Geo14,False,2023-04-24,2023-04-24,1
Channel0,Geo14,True,2023-05-01,2023-07-31,14
Channel0,Geo14,False,2023-08-07,2023-08-07,1
Channel0,Geo14,True,2023-08-14,2023-08-21,2
Channel0,Geo14,False,2023-08-28,2023-08-28,1
Channel0,Geo14,True,2023-09-04,2023-09-11,2
Channel0,Geo14,False,2023-09-18,2023-09-18,1
Channel0,Geo14,True,2023-09-25,2024-01-15,17
Channel0,Geo15,False,2021-01-25,2021-01-25,1
Channel0,Geo15,True,2021-02-01,2021-02-01,1
Channel0,Geo15,False,2021-02-08,2021-02-08,1
Channel0,Geo15,True,2021-02-15,2021-04-12,9
Channel0,Geo15,False,2021-04-19,2021-04-19,1
Channel0,Geo15,True,2021-04-26,2021-05-03,2
Channel0,Geo15,False,2021-05-10,2021-05-10,1
Channel0,Geo15,True,2021-05-17,2021-09-06,17
Channel0,Geo15,False,2021-09-13,2021-09-13,1
Channel0,Geo15,True,2021-09-20,2021-12-27,15
Channel0,Geo15,False,2022-01-03,2022-01-03,1
Channel0,Geo15,True,2022-01-10,2022-01-24,3
Channel0,Geo15,False,2022-01-31,2022-01-31,1
Channel0,Geo15,True,2022-02-07,2022-02-14,2
Channel0,Geo15,False,2022-02-21,2022-02-21,1
Channel0,Geo15,True,2022-02-28,2022-04-18,8
Channel0,Geo15,False,2022-04-25,2022-04-25,1
Channel0,Geo15,True,2022-05-02,2022-05-09,2
Channel0,Geo15,False,2022-05-16,2022-05-23,2
Channel0,Geo15,True,2022-05-30,2022-09-05,15
Channel0,Geo15,False,2022-09-12,2022-09-12,1
Channel0,Geo15,True,2022-09-19,2023-01-16,18
Channel0,Geo15,False,2023-01-23,2023-01-23,1
Channel0,Geo15,True,2023-01-30,2023-02-27,5
Channel0,Geo15,False,2023-03-06,2023-03-06,1
Channel0,Geo15,True,2023-03-13,2023-07-10,18
Channel0,Geo15,False,2023-07-17,2023-07-17,1
Channel0,Geo15,True,2023-07-24,2023-08-21,5
Channel0,Geo15,False,2023-08-28,2023-08-28,1
Channel0,Geo15,True,2023-09-04,2023-12-11,15
Channel0,Geo15,False,2023-12-18,2023-12-18,1
Channel0,Geo15,True,2023-12-25,2024-01-15,4
Channel0,Geo16,True,2021-01-25,2021-04-12,12
Channel0,Geo16,False,2021-04-19,2021-04-19,1
Channel0,Geo16,True,2021-04-26,2021-05-03,2
Channel0,Geo16,False,2021-05-10,2021-05-10,1
Channel0,Geo16,True,2021-05-17,2021-06-14,5
Channel0,Geo16,False,2021-06-21,2021-06-21,1
Channel0,Geo16,True,2021-06-28,2021-07-05,2
Channel0,Geo16,False,2021-07-12,2021-07-12,1
Channel0,Geo16,True,2021-07-19,2021-08-09,4
Channel0,Geo16,False,2021-08-16,2021-08-16,1
Channel0,Geo16,True,2021-08-23,2021-08-23,1
Channel0,Geo16,False,2021-08-30,2021-08-30,1
Channel0,Geo16,True,2021-09-06,2022-02-14,24
Channel0,Geo16,False,2022-02-21,2022-02-21,1
Channel0,Geo16,True,2022-02-28,2022-03-28,5
Channel0,Geo16,False,2022-04-04,2022-04-04,1
Channel0,Geo16,True,2022-04-11,2022-05-30,8
Channel0,Geo16,False,2022-06-06,2022-06-06,1
Channel0,Geo16,True,2022-06-13,2023-04-17,45
Channel0,Geo16,False,2023-04-24,2023-04-24,1
Channel0,Geo16,True,2023-05-01,2023-06-05,6
Channel0,Geo16,False,2023-06-12,2023-06-12,1
Channel0,Geo16,True,2023-06-19,2023-07-17,5
Channel0,Geo16,False,2023-07-24,2023-07-24,1
Channel0,Geo16,True,2023-07-31,2024-01-15,25
Channel0,Geo17,True,2021-01-25,2021-03-29,10
Channel0,Geo17,False,2021-04-05,2021-04-05,1
Channel0,Geo17,True,2021-04-12,2021-04-12,1
Channel0,Geo17,False,2021-04-19,2021-04-19,1
Channel0,Geo17,True,2021-04-26,2021-05-24,5
Channel0,Geo17,False,2021-05-31,2021-05-31,1
Channel0,Geo17,True,2021-06-07,2021-07-12,6
Channel0,Geo17,False,2021-07-19,2021-07-19,1
Channel0,Geo17,True,2021-07-26,2021-07-26,1
Channel0,Geo17,False,2021-08-02,2021-08-02,1
Channel0,Geo17,True,2021-08-09,2021-08-30,4
Channel0,Geo17,False,2021-09-06,2021-09-06,1
Channel0,Geo17,True,2021-09-13,2021-11-15,10
Channel0,Geo17,False,2021-11-22,2021-11-22,1
Channel0,Geo17,True,2021-11-29,2022-02-14,12
Channel0,Geo17,False,2022-02-21,2022-02-21,1
Channel0,Geo17,True,2022-02-28,2022-03-07,2
Channel0,Geo17,False,2022-03-14,2022-03-28,3
Channel0,Geo17,True,2022-04-04,2022-04-11,2
Channel0,Geo17,False,2022-04-18,2022-04-18,1
Channel0,Geo17,True,2022-04-25,2022-05-02,2
Channel0,Geo17,False,2022-05-09,2022-05-09,1
Channel0,Geo17,True,2022-05-16,2022-05-23,2
Channel0,Geo17,False,2022-05-30,2022-05-30,1
Channel0,Geo17,True,2022-06-06,2022-09-26,17
Channel0,Geo17,False,2022-10-03,2022-10-03,1
Channel0,Geo17,True,2022-10-10,2022-10-10,1
Channel0,Geo17,False,2022-10-17,2022-10-17,1
Channel0,Geo17,True,2022-10-24,2023-01-09,12
Channel0,Geo17,False,2023-01-16,2023-01-23,2
Channel0,Geo17,True,2023-01-30,2023-05-08,15
Channel0,Geo17,False,2023-05-15,2023-05-15,1
Channel0,Geo17,True,2023-05-22,2023-07-24,10
Channel0,Geo17,False,2023-07-31,2023-07-31,1
Channel0,Geo17,True,2023-08-07,2023-08-21,3
Channel0,Geo17,False,2023-08-28,2023-08-28,1
Channel0,Geo17,True,2023-09-04,2023-10-02,5
Channel0,Geo17,False,2023-10-09,2023-10-09,1
Channel0,Geo17,True,2023-10-16,2024-01-15,14
Channel0,Geo18,True,2021-01-25,2021-03-01,6
Channel0,Geo18,False,2021-03-08,2021-03-08,1
Channel0,Geo18,True,2021-03-15,2021-04-05,4
Channel0,Geo18,False,2021-04-12,2021-04-19,2
Channel0,Geo18,True,2021-04-26,2021-05-03,2
Channel0,Geo18,False,2021-05-10,2021-05-10,1
Channel0,Geo18,True,2021-05-17,2021-07-12,9
Channel0,Geo18,False,2021-07-19,2021-07-19,1
Channel0,Geo18,True,2021-07-26,2021-08-30,6
Channel0,Geo18,False,2021-09-06,2021-09-06,1
Channel0,Geo18,True,2021-09-13,2022-05-23,37
Channel0,Geo18,False,2022-05-30,2022-05-30,1
Channel0,Geo18,True,2022-06-06,2022-07-11,6
Channel0,Geo18,False,2022-07-18,2022-07-18,1
Channel0,Geo18,True,2022-07-25,2022-09-05,7
Channel0,Geo18,False,2022-09-12,2022-09-12,1
Channel0,Geo18,True,2022-09-19,2022-10-17,5
Channel0,Geo18,False,2022-10-24,2022-10-24,1
Channel0,Geo18,True,2022-10-31,2023-01-09,11
Channel0,Geo18,False,2023-01-16,2023-01-16,1
Channel0,Geo18,True,2023-01-23,2023-02-13,4
Channel0,Geo18,False,2023-02-20,2023-02-20,1
Channel0,Geo18,True,2023-02-27,2023-05-29,14
Channel0,Geo18,False,2023-06-05,2023-06-05,1
Channel0,Geo18,True,2023-06-12,2023-09-11,14
Channel0,Geo18,False,2023-09-18,2023-09-18,1
Channel0,Geo18,True,2023-09-25,2023-10-23,5
Channel0,Geo18,False,2023-10-30,2023-10-30,1
Channel0,Geo18,True,2023-11-06,2024-01-01,9
Channel0,Geo18,False,2024-01-08,2024-01-08,1
Channel0,Geo18,True,2024-01-15,2024-01-15,1
Channel0,Geo19,True,2021-01-25,2021-02-08,3
Channel0,Geo19,False,2021-02-15,2021-02-15,1
Channel0,Geo19,True,2021-02-22,2021-06-21,18
Channel0,Geo19,False,2021-06-28,2021-06-28,1
Channel0,Geo19,True,2021-07-05,2021-08-09,6
Channel0,Geo19,False,2021-08-16,2021-08-16,1
Channel0,Geo19,True,2021-08-23,2021-12-27,19
Channel0,Geo19,False,2022-01-03,2022-01-03,1
Channel0,Geo19,True,2022-01-10,2022-04-11,14
Channel0,Geo19,False,2022-04-18,2022-04-18,1
Channel0,Geo19,True,2022-04-25,2022-05-16,4
Channel0,Geo19,False,2022-05-23,2022-05-23,1
Channel0,Geo19,True,2022-05-30,2022-10-31,23
Channel0,Geo19,False,2022-11-07,2022-11-07,1
Channel0,Geo19,True,2022-11-14,2022-12-12,5
Channel0,Geo19,False,2022-12-19,2022-12-19,1
Channel0,Geo19,True,2022-12-26,2023-01-23,5
Channel0,Geo19,False,2023-01-30,2023-01-30,1
Channel0,Geo19,True,2023-02-06,2023-02-20,3
Channel0,Geo19,False,2023-02-27,2023-02-27,1
Channel0,Geo19,True,2023-03-06,2023-03-20,3
Channel0,Geo19,False,2023-03-27,2023-03-27,1
Channel0,Geo19,True,2023-04-03,2023-04-10,2
Channel0,Geo19,False,2023-04-17,2023-05-01,3
Channel0,Geo19,True,2023-05-08,2023-08-21,16
Channel0,Geo19,False,2023-08-28,2023-08-28,1
Channel0,Geo19,True,2023-09-04,2023-12-11,15
Channel0,Geo19,False,2023-12-18,2023-12-18,1
Channel0,Geo19,True,2023-12-25,2024-01-15,4
Channel0,Geo2,True,2021-01-25,2021-03-01,6
Channel0,Geo2,False,2021-03-08,2021-03-08,1
Channel0,Geo2,True,2021-03-15,2021-08-09,22
Channel0,Geo2,False,2021-08-16,2021-08-23,2
Channel0,Geo2,True,2021-08-30,2021-09-06,2
Channel0,Geo2,False,2021-09-13,2021-09-20,2
Channel0,Geo2,True,2021-09-27,2022-01-31,19
Channel0,Geo2,False,2022-02-07,2022-02-07,1
Channel0,Geo2,True,2022-02-14,2022-05-02,12
Channel0,Geo2,False,2022-05-09,2022-05-09,1
Channel0,Geo2,True,2022-05-16,2022-10-10,22
Channel0,Geo2,False,2022-10-17,2022-10-17,1
Channel0,Geo2,True,2022-10-24,2023-01-02,11
Channel0,Geo2,False,2023-01-09,2023-01-09,1
Channel0,Geo2,True,2023-01-16,2023-01-23,2
Channel0,Geo2,False,2023-01-30,2023-02-06,2
Channel0,Geo2,True,2023-02-13,2023-02-27,3
Channel0,Geo2,False,2023-03-06,2023-03-06,1
Channel0,Geo2,True,2023-03-13,2023-04-17,6
Channel0,Geo2,False,2023-04-24,2023-04-24,1
Channel0,Geo2,True,2023-05-01,2023-05-01,1
Channel0,Geo2,False,2023-05-08,2023-05-08,1
Channel0,Geo2,True,2023-05-15,2023-06-26,7
Channel0,Geo2,False,2023-07-03,2023-07-03,1
Channel0,Geo2,True,2023-07-10,2023-07-17,2
Channel0,Geo2,False,2023-07-24,2023-07-24,1
Channel0,Geo2,True,2023-07-31,2023-08-07,2
Channel0,Geo2,False,2023-08-14,2023-08-14,1
Channel0,Geo2,True,2023-08-21,2023-09-11,4
Channel0,Geo2,False,2023-09-18,2023-09-18,1
Channel0,Geo2,True,2023-09-25,2024-01-15,17
Channel0,Geo20,True,2021-01-25,2021-05-03,15
Channel0,Geo20,False,2021-05-10,2021-05-10,1
Channel0,Geo20,True,2021-05-17,2022-03-21,45
Channel0,Geo20,False,2022-03-28,2022-03-28,1
Channel0,Geo20,True,2022-04-04,2022-04-18,3
Channel0,Geo20,False,2022-04-25,2022-04-25,1
Channel0,Geo20,True,2022-05-02,2022-05-16,3
Channel0,Geo20,False,2022-05-23,2022-05-23,1
Channel0,Geo20,True,2022-05-30,2022-06-13,3
Channel0,Geo20,False,2022-06-20,2022-06-20,1
Channel0,Geo20,True,2022-06-27,2022-10-10,16
Channel0,Geo20,False,2022-10-17,2022-10-17,1
Channel0,Geo20,True,2022-10-24,2022-12-05,7
Channel0,Geo20,False,2022-12-12,2022-12-12,1
Channel0,Geo20,True,2022-12-19,2023-01-16,5
Channel0,Geo20,False,2023-01-23,2023-01-23,1
Channel0,Geo20,True,2023-01-30,2023-04-03,10
Channel0,Geo20,False,2023-04-10,2023-04-10,1
Channel0,Geo20,True,2023-04-17,2023-06-26,11
Channel0,Geo20,False,2023-07-03,2023-07-03,1
Channel0,Geo20,True,2023-07-10,2023-07-10,1
Channel0,Geo20,False,2023-07-17,2023-07-17,1
Channel0,Geo20,True,2023-07-24,2023-10-23,14
Channel0,Geo20,False,2023-10-30,2023-10-30,1
Channel0,Geo20,True,2023-11-06,2023-11-06,1
Channel0,Geo20,False,2023-11-13,2023-11-13,1
Channel0,Geo20,True,2023-11-20,2023-12-11,4
Channel0,Geo20,False,2023-12-18,2023-12-18,1
Channel0,Geo20,True,2023-12-25,2024-01-15,4
Channel0,Geo21,True,2021-01-25,2021-03-08,7
Channel0,Geo21,False,2021-03-15,2021-03-15,1
Channel0,Geo21,True,2021-03-22,2021-05-31,11
Channel0,Geo21,False,2021-06-07,2021-06-07,1
Channel0,Geo21,True,2021-06-14,2021-07-12,5
Channel0,Geo21,False,2021-07-19,2021-07-19,1
Channel0,Geo21,True,2021-07-26,2021-11-29,19
Channel0,Geo21,False,2021-12-06,2021-12-06,1
Channel0,Geo21,True,2021-12-13,2021-12-20,2
Channel0,Geo21,False,2021-12-27,2021-12-27,1
Channel0,Geo21,True,2022-01-03,2022-01-03,1
Channel0,Geo21,False,2022-01-10,2022-01-17,2
Channel0,Geo21,True,2022-01-24,2022-01-24,1
Channel0,Geo21,False,2022-01-31,2022-01-31,1
Channel0,Geo21,True,2022-02-07,2022-02-14,2
Channel0,Geo21,False,2022-02-21,2022-02-21,1
Channel0,Geo21,True,2022-02-28,2022-04-11,7
Channel0,Geo21,False,2022-04-18,2022-04-18,1
Channel0,Geo21,True,2022-04-25,2022-05-09,3
Channel0,Geo21,False,2022-05-16,2022-05-16,1
Channel0,Geo21,True,2022-05-23,2022-12-12,30
Channel0,Geo21,False,2022-12-19,2022-12-19,1
Channel0,Geo21,True,2022-12-26,2023-01-23,5
Channel0,Geo21,False,2023-01-30,2023-01-30,1
Channel0,Geo21,True,2023-02-06,2023-02-20,3
Channel0,Geo21,False,2023-02-27,2023-03-06,2
Channel0,Geo21,True,2023-03-13,2023-03-20,2
Channel0,Geo21,False,2023-03-27,2023-03-27,1
Channel0,Geo21,True,2023-04-03,2023-04-17,3
Channel0,Geo21,False,2023-04-24,2023-04-24,1
Channel0,Geo21,True,2023-05-01,2023-05-01,1
Channel0,Geo21,False,2023-05-08,2023-05-15,2
Channel0,Geo21,True,2023-05-22,2023-05-22,1
Channel0,Geo21,False,2023-05-29,2023-05-29,1
Channel0,Geo21,True,2023-06-05,2023-06-05,1
Channel0,Geo21,False,2023-06-12,2023-06-12,1
Channel0,Geo21,True,2023-06-19,2023-07-10,4
Channel0,Geo21,False,2023-07-17,2023-07-17,1
Channel0,Geo21,True,2023-07-24,2023-07-24,1
Channel0,Geo21,False,2023-07-31,2023-07-31,1
Channel0,Geo21,True,2023-08-07,2023-09-11,6
Channel0,Geo21,False,2023-09-18,2023-09-18,1
Channel0,Geo21,True,2023-09-25,2023-12-11,12
Channel0,Geo21,False,2023-12-18,2023-12-18,1
Channel0,Geo21,True,2023-12-25,2024-01-08,3
Channel0,Geo21,False,2024-01-15,2024-01-15,1
Channel0,Geo22,True,2021-01-25,2021-04-05,11
Channel0,Geo22,False,2021-04-12,2021-04-12,1
Channel0,Geo22,True,2021-04-19,2021-05-03,3
Channel0,Geo22,False,2021-05-10,2021-05-10,1
Channel0,Geo22,True,2021-05-17,2021-06-28,7
Channel0,Geo22,False,2021-07-05,2021-07-26,4
Channel0,Geo22,True,2021-08-02,2021-08-16,3
Channel0,Geo22,False,2021-08-23,2021-08-23,1
Channel0,Geo22,True,2021-08-30,2021-09-13,3
Channel0,Geo22,False,2021-09-20,2021-09-20,1
Channel0,Geo22,True,2021-09-27,2022-01-10,16
Channel0,Geo22,False,2022-01-17,2022-01-17,1
Channel0,Geo22,True,2022-01-24,2022-01-31,2
Channel0,Geo22,False,2022-02-07,2022-02-07,1
Channel0,Geo22,True,2022-02-14,2022-03-21,6
Channel0,Geo22,False,2022-03-28,2022-04-04,2
Channel0,Geo22,True,2022-04-11,2022-04-11,1
Channel0,Geo22,False,2022-04-18,2022-04-25,2
Channel0,Geo22,True,2022-05-02,2022-07-04,10
Channel0,Geo22,False,2022-07-11,2022-07-11,1
Channel0,Geo22,True,2022-07-18,2022-09-05,8
Channel0,Geo22,False,2022-09-12,2022-09-12,1
Channel0,Geo22,True,2022-09-19,2023-01-16,18
Channel0,Geo22,False,2023-01-23,2023-01-30,2
Channel0,Geo22,True,2023-02-06,2023-02-20,3
Channel0,Geo22,False,2023-02-27,2023-02-27,1
Channel0,Geo22,True,2023-03-06,2023-04-17,7
Channel0,Geo22,False,2023-04-24,2023-04-24,1
Channel0,Geo22,True,2023-05-01,2023-05-01,1
Channel0,Geo22,False,2023-05-08,2023-05-08,1
Channel0,Geo22,True,2023-05-15,2023-07-17,10
Channel0,Geo22,False,2023-07-24,2023-07-24,1
Channel0,Geo22,True,2023-07-31,2023-08-21,4
Channel0,Geo22,False,2023-08-28,2023-08-28,1
Channel0,Geo22,True,2023-09-04,2023-12-25,17
Channel0,Geo22,False,2024-01-01,2024-01-01,1
Channel0,Geo22,True,2024-01-08,2024-01-15,2
Channel0,Geo23,True,2021-01-25,2021-05-03,15
Channel0,Geo23,False,2021-05-10,2021-05-10,1
Channel0,Geo23,True,2021-05-17,2021-05-24,2
Channel0,Geo23,False,2021-05-31,2021-05-31,1
Channel0,Geo23,True,2021-06-07,2021-08-02,9
Channel0,Geo23,False,2021-08-09,2021-08-09,1
Channel0,Geo23,True,2021-08-16,2021-08-30,3
Channel0,Geo23,False,2021-09-06,2021-09-06,1
Channel0,Geo23,True,2021-09-13,2021-09-13,1
Channel0,Geo23,False,2021-09-20,2021-09-20,1
Channel0,Geo23,True,2021-09-27,2022-03-21,26
Channel0,Geo23,False,2022-03-28,2022-03-28,1
Channel0,Geo23,True,2022-04-04,2022-04-11,2
Channel0,Geo23,False,2022-04-18,2022-04-25,2
Channel0,Geo23,True,2022-05-02,2022-05-23,4
Channel0,Geo23,False,2022-05-30,2022-05-30,1
Channel0,Geo23,True,2022-06-06,2022-07-11,6
Channel0,Geo23,False,2022-07-18,2022-07-18,1
Channel0,Geo23,True,2022-07-25,2023-01-16,26
Channel0,Geo23,False,2023-01-23,2023-01-30,2
Channel0,Geo23,True,2023-02-06,2023-03-20,7
Channel0,Geo23,False,2023-03-27,2023-03-27,1
Channel0,Geo23,True,2023-04-03,2023-04-17,3
Channel0,Geo23,False,2023-04-24,2023-04-24,1
Channel0,Geo23,True,2023-05-01,2023-05-29,5
Channel0,Geo23,False,2023-06-05,2023-06-05,1
Channel0,Geo23,True,2023-06-12,2023-09-04,13
Channel0,Geo23,False,2023-09-11,2023-09-11,1
Channel0,Geo23,True,2023-09-18,2023-11-06,8
Channel0,Geo23,False,2023-11-13,2023-11-13,1
Channel0,Geo23,True,2023-11-20,2024-01-15,9
Channel0,Geo24,True,2021-01-25,2021-04-05,11
Channel0,Geo24,False,2021-04-12,2021-04-12,1
Channel0,Geo24,True,2021-04-19,2021-04-19,1
Channel0,Geo24,False,2021-04-26,2021-04-26,1
Channel0,Geo24,True,2021-05-03,2021-05-03,1
Channel0,Geo24,False,2021-05-10,2021-05-17,2
Channel0,Geo24,True,2021-05-24,2021-05-24,1
Channel0,Geo24,False,2021-05-31,2021-05-31,1
Channel0,Geo24,True,2021-06-07,2021-09-20,16
Channel0,Geo24,False,2021-09-27,2021-09-27,1
Channel0,Geo24,True,2021-10-04,2021-12-27,13
Channel0,Geo24,False,2022-01-03,2022-01-03,1
Channel0,Geo24,True,2022-01-10,2022-01-17,2
Channel0,Geo24,False,2022-01-24,2022-01-24,1
Channel0,Geo24,True,2022-01-31,2022-05-09,15
Channel0,Geo24,False,2022-05-16,2022-05-16,1
Channel0,Geo24,True,2022-05-23,2022-09-05,16
Channel0,Geo24,False,2022-09-12,2022-09-12,1
Channel0,Geo24,True,2022-09-19,2022-12-19,14
Channel0,Geo24,False,2022-12-26,2022-12-26,1
Channel0,Geo24,True,2023-01-02,2023-01-16,3
Channel0,Geo24,False,2023-01-23,2023-01-23,1
Channel0,Geo24,True,2023-01-30,2023-03-13,7
Channel0,Geo24,False,2023-03-20,2023-03-20,1
Channel0,Geo24,True,2023-03-27,2023-06-05,11
Channel0,Geo24,False,2023-06-12,2023-06-12,1
Channel0,Geo24,True,2023-06-19,2023-07-10,4
Channel0,Geo24,False,2023-07-17,2023-07-24,2
Channel0,Geo24,True,2023-07-31,2023-08-21,4
Channel0,Geo24,False,2023-08-28,2023-08-28,1
Channel0,Geo24,True,2023-09-04,2023-10-30,9
Channel0,Geo24,False,2023-11-06,2023-11-06,1
Channel0,Geo24,True,2023-11-13,2023-11-27,3
Channel0,Geo24,False,2023-12-04,2023-12-04,1
Channel0,Geo24,True,2023-12-11,2023-12-11,1
Channel0,Geo24,False,2023-12-18,2023-12-18,1
Channel0,Geo24,True,2023-12-25,2024-01-15,4
Channel0,Geo25,True,2021-01-25,2021-02-01,2
Channel0,Geo25,False,2021-02-08,2021-02-15,2
Channel0,Geo25,True,2021-02-22,2021-05-24,14
Channel0,Geo25,False,2021-05-31,2021-06-07,2
Channel0,Geo25,True,2021-06-14,2022-07-04,56
Channel0,Geo25,False,2022-07-11,2022-07-18,2
Channel0,Geo25,True,2022-07-25,2022-10-31,15
Channel0,Geo25,False,2022-11-07,2022-11-07,1
Channel0,Geo25,True,2022-11-14,2023-01-09,9
Channel0,Geo25,False,2023-01-16,2023-01-16,1
Channel0,Geo25,True,2023-01-23,2023-03-20,9
Channel0,Geo25,False,2023-03-27,2023-03-27,1
Channel0,Geo25,True,2023-04-03,2023-05-01,5
Channel0,Geo25,False,2023-05-08,2023-05-15,2
Channel0,Geo25,True,2023-05-22,2023-08-21,14
Channel0,Geo25,False,2023-08-28,2023-08-28,1
Channel0,Geo25,True,2023-09-04,2023-09-25,4
Channel0,Geo25,False,2023-10-02,2023-10-02,1
Channel0,Geo25,True,2023-10-09,2023-10-30,4
Channel0,Geo25,False,2023-11-06,2023-11-06,1
Channel0,Geo25,True,2023-11-13,2023-11-13,1
Channel0,Geo25,False,2023-11-20,2023-11-20,1
Channel0,Geo25,True,2023-11-27,2023-12-11,3
Channel0,Geo25,False,2023-12-18,2023-12-18,1
Channel0,Geo25,True,2023-12-25,2024-01-15,4
Channel0,Geo26,True,2021-01-25,2021-05-03,15
Channel0,Geo26,False,2021-05-10,2021-05-10,1
Channel0,Geo26,True,2021-05-17,2021-05-31,3
Channel0,Geo26,False,2021-06-07,2021-06-07,1
Channel0,Geo26,True,2021-06-14,2022-01-10,31
Channel0,Geo26,False,2022-01-17,2022-01-17,1
Channel0,Geo26,True,2022-01-24,2022-03-07,7
Channel0,Geo26,False,2022-03-14,2022-03-14,1
Channel0,Geo26,True,2022-03-21,2022-04-04,3
Channel0,Geo26,False,2022-04-11,2022-04-11,1
Channel0,Geo26,True,2022-04-18,2022-04-18,1
Channel0,Geo26,False,2022-04-25,2022-04-25,1
Channel0,Geo26,True,2022-05-02,2022-05-30,5
Channel0,Geo26,False,2022-06-06,2022-06-06,1
Channel0,Geo26,True,2022-06-13,2022-08-08,9
Channel0,Geo26,False,2022-08-15,2022-08-15,1
Channel0,Geo26,True,2022-08-22,2022-10-10,8
Channel0,Geo26,False,2022-10-17,2022-10-17,1
Channel0,Geo26,True,2022-10-24,2023-01-16,13
Channel0,Geo26,False,2023-01-23,2023-01-30,2
Channel0,Geo26,True,2023-02-06,2023-02-13,2
Channel0,Geo26,False,2023-02-20,2023-02-20,1
Channel0,Geo26,True,2023-02-27,2023-09-25,31
Channel0,Geo26,False,2023-10-02,2023-10-02,1
Channel0,Geo26,True,2023-10-09,2023-10-30,4
Channel0,Geo26,False,2023-11-06,2023-11-06,1
Channel0,Geo26,True,2023-11-13,2023-11-13,1
Channel0,Geo26,False,2023-11-20,2023-11-20,1
Channel0,Geo26,True,2023-11-27,2023-12-11,3
Channel0,Geo26,False,2023-12-18,2023-12-18,1
Channel0,Geo26,True,2023-12-25,2024-01-15,4
Channel0,Geo27,True,2021-01-25,2021-04-05,11
Channel0,Geo27,False,2021-04-12,2021-04-12,1
Channel0,Geo27,True,2021-04-19,2021-05-03,3
Channel0,Geo27,False,2021-05-10,2021-05-10,1
Channel0,Geo27,True,2021-05-17,2021-06-21,6
Channel0,Geo27,False,2021-06-28,2021-06-28,1
Channel0,Geo27,True,2021-07-05,2021-07-19,3
Channel0,Geo27,False,2021-07-26,2021-07-26,1
Channel0,Geo27,True,2021-08-02,2021-08-02,1
Channel0,Geo27,False,2021-08-09,2021-08-09,1
Channel0,Geo27,True,2021-08-16,2021-09-20,6
Channel0,Geo27,False,2021-09-27,2021-09-27,1
Channel0,Geo27,True,2021-10-04,2021-10-18,3
Channel0,Geo27,False,2021-10-25,2021-10-25,1
Channel0,Geo27,True,2021-11-01,2022-01-31,14
Channel0,Geo27,False,2022-02-07,2022-02-07,1
Channel0,Geo27,True,2022-02-14,2022-03-21,6
Channel0,Geo27,False,2022-03-28,2022-03-28,1
Channel0,Geo27,True,2022-04-04,2022-05-16,7
Channel0,Geo27,False,2022-05-23,2022-05-30,2
Channel0,Geo27,True,2022-06-06,2022-06-06,1
Channel0,Geo27,False,2022-06-13,2022-06-13,1
Channel0,Geo27,True,2022-06-20,2023-03-20,40
Channel0,Geo27,False,2023-03-27,2023-03-27,1
Channel0,Geo27,True,2023-04-03,2023-04-24,4
Channel0,Geo27,False,2023-05-01,2023-05-08,2
Channel0,Geo27,True,2023-05-15,2023-05-22,2
Channel0,Geo27,False,2023-05-29,2023-05-29,1
Channel0,Geo27,True,2023-06-05,2023-07-10,6
Channel0,Geo27,False,2023-07-17,2023-07-17,1
Channel0,Geo27,True,2023-07-24,2023-09-04,7
Channel0,Geo27,False,2023-09-11,2023-09-11,1
Channel0,Geo27,True,2023-09-18,2024-01-01,16
Channel0,Geo27,False,2024-01-08,2024-01-08,1
Channel0,Geo27,True,2024-01-15,2024-01-15,1
Channel0,Geo28,True,2021-01-25,2021-05-03,15
Channel0,Geo28,False,2021-05-10,2021-05-17,2
Channel0,Geo28,True,2021-05-24,2021-05-24,1
Channel0,Geo28,False,2021-05-31,2021-05-31,1
Channel0,Geo28,True,2021-06-07,2021-07-05,5
Channel0,Geo28,False,2021-07-12,2021-07-19,2
Channel0,Geo28,True,2021-07-26,2022-03-21,35
Channel0,Geo28,False,2022-03-28,2022-03-28,1
Channel0,Geo28,True,2022-04-04,2022-04-11,2
Channel0,Geo28,False,2022-04-18,2022-04-18,1
Channel0,Geo28,True,2022-04-25,2022-05-02,2
Channel0,Geo28,False,2022-05-09,2022-05-09,1
Channel0,Geo28,True,2022-05-16,2022-06-27,7
Channel0,Geo28,False,2022-07-04,2022-07-04,1
Channel0,Geo28,True,2022-07-11,2023-01-23,29
Channel0,Geo28,False,2023-01-30,2023-01-30,1
Channel0,Geo28,True,2023-02-06,2023-03-20,7
Channel0,Geo28,False,2023-03-27,2023-03-27,1
Channel0,Geo28,True,2023-04-03,2023-04-17,3
Channel0,Geo28,False,2023-04-24,2023-04-24,1
Channel0,Geo28,True,2023-05-01,2023-05-22,4
Channel0,Geo28,False,2023-05-29,2023-05-29,1
Channel0,Geo28,True,2023-06-05,2023-12-11,28
Channel0,Geo28,False,2023-12-18,2023-12-18,1
Channel0,Geo28,True,2023-12-25,2024-01-15,4
Channel0,Geo29,True,2021-01-25,2021-05-03,15
Channel0,Geo29,False,2021-05-10,2021-05-10,1
Channel0,Geo29,True,2021-05-17,2021-07-12,9
Channel0,Geo29,False,2021-07-19,2021-07-19,1
Channel0,Geo29,True,2021-07-26,2022-03-21,35
Channel0,Geo29,False,2022-03-28,2022-03-28,1
Channel0,Geo29,True,2022-04-04,2022-04-11,2
Channel0,Geo29,False,2022-04-18,2022-04-18,1
Channel0,Geo29,True,2022-04-25,2022-04-25,1
Channel0,Geo29,False,2022-05-02,2022-05-09,2
Channel0,Geo29,True,2022-05-16,2022-10-17,23
Channel0,Geo29,False,2022-10-24,2022-10-24,1
Channel0,Geo29,True,2022-10-31,2023-01-09,11
Channel0,Geo29,False,2023-01-16,2023-01-23,2
Channel0,Geo29,True,2023-01-30,2023-06-12,20
Channel0,Geo29,False,2023-06-19,2023-06-19,1
Channel0,Geo29,True,2023-06-26,2023-09-04,11
Channel0,Geo29,False,2023-09-11,2023-09-11,1
Channel0,Geo29,True,2023-09-18,2023-12-25,15
Channel0,Geo29,False,2024-01-01,2024-01-01,1
Channel0,Geo29,True,2024-01-08,2024-01-15,2
Channel0,Geo3,True,2021-01-25,2021-02-22,5
Channel0,Geo3,False,2021-03-01,2021-03-01,1
Channel0,Geo3,True,2021-03-08,2021-04-19,7
Channel0,Geo3,False,2021-04-26,2021-04-26,1
Channel0,Geo3,True,2021-05-03,2021-05-03,1
Channel0,Geo3,False,2021-05-10,2021-05-10,1
Channel0,Geo3,True,2021-05-17,2021-05-17,1
Channel0,Geo3,False,2021-05-24,2021-05-24,1
Channel0,Geo3,True,2021-05-31,2021-05-31,1
Channel0,Geo3,False,2021-06-07,2021-06-14,2
Channel0,Geo3,True,2021-06-21,2021-07-05,3
Channel0,Geo3,False,2021-07-12,2021-07-19,2
Channel0,Geo3,True,2021-07-26,2021-08-09,3
Channel0,Geo3,False,2021-08-16,2021-08-23,2
Channel0,Geo3,True,2021-08-30,2022-01-24,22
Channel0,Geo3,False,2022-01-31,2022-01-31,1
Channel0,Geo3,True,2022-02-07,2022-04-18,11
Channel0,Geo3,False,2022-04-25,2022-04-25,1
Channel0,Geo3,True,2022-05-02,2022-05-02,1
Channel0,Geo3,False,2022-05-09,2022-05-09,1
Channel0,Geo3,True,2022-05-16,2022-05-16,1
Channel0,Geo3,False,2022-05-23,2022-05-23,1
Channel0,Geo3,True,2022-05-30,2022-07-11,7
Channel0,Geo3,False,2022-07-18,2022-07-25,2
Channel0,Geo3,True,2022-08-01,2022-10-17,12
Channel0,Geo3,False,2022-10-24,2022-10-24,1
Channel0,Geo3,True,2022-10-31,2023-01-16,12
Channel0,Geo3,False,2023-01-23,2023-01-23,1
Channel0,Geo3,True,2023-01-30,2023-05-29,18
Channel0,Geo3,False,2023-06-05,2023-06-05,1
Channel0,Geo3,True,2023-06-12,2023-06-26,3
Channel0,Geo3,False,2023-07-03,2023-07-03,1
Channel0,Geo3,True,2023-07-10,2023-08-21,7
Channel0,Geo3,False,2023-08-28,2023-08-28,1
Channel0,Geo3,True,2023-09-04,2023-11-13,11
Channel0,Geo3,False,2023-11-20,2023-11-20,1
Channel0,Geo3,True,2023-11-27,2023-12-25,5
Channel0,Geo3,False,2024-01-01,2024-01-08,2
Channel0,Geo3,True,2024-01-15,2024-01-15,1
Channel0,Geo30,True,2021-01-25,2021-03-29,10
Channel0,Geo30,False,2021-04-05,2021-04-12,2
Channel0,Geo30,True,2021-04-19,2021-05-24,6
Channel0,Geo30,False,2021-05-31,2021-05-31,1
Channel0,Geo30,True,2021-06-07,2021-07-26,8
Channel0,Geo30,False,2021-08-02,2021-08-02,1
Channel0,Geo30,True,2021-08-09,2022-01-03,22
Channel0,Geo30,False,2022-01-10,2022-01-10,1
Channel0,Geo30,True,2022-01-17,2022-03-07,8
Channel0,Geo30,False,2022-03-14,2022-03-21,2
Channel0,Geo30,True,2022-03-28,2022-05-02,6
Channel0,Geo30,False,2022-05-09,2022-05-09,1
Channel0,Geo30,True,2022-05-16,2022-05-23,2
Channel0,Geo30,False,2022-05-30,2022-05-30,1
Channel0,Geo30,True,2022-06-06,2022-08-15,11
Channel0,Geo30,False,2022-08-22,2022-08-22,1
Channel0,Geo30,True,2022-08-29,2022-09-05,2
Channel0,Geo30,False,2022-09-12,2022-09-12,1
Channel0,Geo30,True,2022-09-19,2023-01-02,16
Channel0,Geo30,False,2023-01-09,2023-01-09,1
Channel0,Geo30,True,2023-01-16,2023-01-16,1
Channel0,Geo30,False,2023-01-23,2023-01-23,1
Channel0,Geo30,True,2023-01-30,2023-03-20,8
Channel0,Geo30,False,2023-03-27,2023-03-27,1
Channel0,Geo30,True,2023-04-03,2023-04-03,1
Channel0,Geo30,False,2023-04-10,2023-04-10,1
Channel0,Geo30,True,2023-04-17,2023-04-17,1
Channel0,Geo30,False,2023-04-24,2023-04-24,1
Channel0,Geo30,True,2023-05-01,2023-05-22,4
Channel0,Geo30,False,2023-05-29,2023-05-29,1
Channel0,Geo30,True,2023-06-05,2023-10-30,22
Channel0,Geo30,False,2023-11-06,2023-11-06,1
Channel0,Geo30,True,2023-11-13,2023-12-25,7
Channel0,Geo30,False,2024-01-01,2024-01-01,1
Channel0,Geo30,True,2024-01-08,2024-01-15,2
Channel0,Geo31,True,2021-01-25,2021-04-05,11
Channel0,Geo31,False,2021-04-12,2021-04-12,1
Channel0,Geo31,True,2021-04-19,2021-05-24,6
Channel0,Geo31,False,2021-05-31,2021-05-31,1
Channel0,Geo31,True,2021-06-07,2021-11-08,23
Channel0,Geo31,False,2021-11-15,2021-11-15,1
Channel0,Geo31,True,2021-11-22,2022-01-24,10
Channel0,Geo31,False,2022-01-31,2022-01-31,1
Channel0,Geo31,True,2022-02-07,2022-04-11,10
Channel0,Geo31,False,2022-04-18,2022-04-18,1
Channel0,Geo31,True,2022-04-25,2022-04-25,1
Channel0,Geo31,False,2022-05-02,2022-05-02,1
Channel0,Geo31,True,2022-05-09,2022-06-20,7
Channel0,Geo31,False,2022-06-27,2022-07-04,2
Channel0,Geo31,True,2022-07-11,2022-12-05,22
Channel0,Geo31,False,2022-12-12,2022-12-12,1
Channel0,Geo31,True,2022-12-19,2023-03-20,14
Channel0,Geo31,False,2023-03-27,2023-03-27,1
Channel0,Geo31,True,2023-04-03,2023-04-03,1
Channel0,Geo31,False,2023-04-10,2023-04-10,1
Channel0,Geo31,True,2023-04-17,2023-11-20,32
Channel0,Geo31,False,2023-11-27,2023-11-27,1
Channel0,Geo31,True,2023-12-04,2024-01-15,7
Channel0,Geo32,False,2021-01-25,2021-01-25,1
Channel0,Geo32,True,2021-02-01,2021-04-05,10
Channel0,Geo32,False,2021-04-12,2021-04-12,1
Channel0,Geo32,True,2021-04-19,2021-05-17,5
Channel0,Geo32,False,2021-05-24,2021-05-31,2
Channel0,Geo32,True,2021-06-07,2021-08-16,11
Channel0,Geo32,False,2021-08-23,2021-08-23,1
Channel0,Geo32,True,2021-08-30,2021-12-13,16
Channel0,Geo32,False,2021-12-20,2021-12-20,1
Channel0,Geo32,True,2021-12-27,2022-01-03,2
Channel0,Geo32,False,2022-01-10,2022-01-10,1
Channel0,Geo32,True,2022-01-17,2022-04-11,13
Channel0,Geo32,False,2022-04-18,2022-04-18,1
Channel0,Geo32,True,2022-04-25,2022-06-13,8
Channel0,Geo32,False,2022-06-20,2022-06-20,1
Channel0,Geo32,True,2022-06-27,2022-08-08,7
Channel0,Geo32,False,2022-08-15,2022-08-15,1
Channel0,Geo32,True,2022-08-22,2022-10-03,7
Channel0,Geo32,False,2022-10-10,2022-10-10,1
Channel0,Geo32,True,2022-10-17,2022-10-17,1
Channel0,Geo32,False,2022-10-24,2022-10-24,1
Channel0,Geo32,True,2022-10-31,2022-12-12,7
Channel0,Geo32,False,2022-12-19,2022-12-26,2
Channel0,Geo32,True,2023-01-02,2023-01-02,1
Channel0,Geo32,False,2023-01-09,2023-01-09,1
Channel0,Geo32,True,2023-01-16,2023-01-23,2
Channel0,Geo32,False,2023-01-30,2023-02-06,2
Channel0,Geo32,True,2023-02-13,2023-03-13,5
Channel0,Geo32,False,2023-03-20,2023-03-20,1
Channel0,Geo32,True,2023-03-27,2023-04-17,4
Channel0,Geo32,False,2023-04-24,2023-04-24,1
Channel0,Geo32,True,2023-05-01,2023-08-21,17
Channel0,Geo32,False,2023-08-28,2023-08-28,1
Channel0,Geo32,True,2023-09-04,2023-09-11,2
Channel0,Geo32,False,2023-09-18,2023-09-18,1
Channel0,Geo32,True,2023-09-25,2023-09-25,1
Channel0,Geo32,False,2023-10-02,2023-10-02,1
Channel0,Geo32,True,2023-10-09,2023-12-11,10
Channel0,Geo32,False,2023-12-18,2023-12-18,1
Channel0,Geo32,True,2023-12-25,2023-12-25,1
Channel0,Geo32,False,2024-01-01,2024-01-01,1
Channel0,Geo32,True,2024-01-08,2024-01-15,2
Channel0,Geo33,True,2021-01-25,2021-03-08,7
Channel0,Geo33,False,2021-03-15,2021-03-15,1
Channel0,Geo33,True,2021-03-22,2021-04-05,3
Channel0,Geo33,False,2021-04-12,2021-04-19,2
Channel0,Geo33,True,2021-04-26,2021-05-17,4
Channel0,Geo33,False,2021-05-24,2021-05-24,1
Channel0,Geo33,True,2021-05-31,2021-06-21,4
Channel0,Geo33,False,2021-06-28,2021-06-28,1
Channel0,Geo33,True,2021-07-05,2021-07-12,2
Channel0,Geo33,False,2021-07-19,2021-07-19,1
Channel0,Geo33,True,2021-07-26,2021-10-18,13
Channel0,Geo33,False,2021-10-25,2021-10-25,1
Channel0,Geo33,True,2021-11-01,2022-03-14,20
Channel0,Geo33,False,2022-03-21,2022-03-21,1
Channel0,Geo33,True,2022-03-28,2022-04-11,3
Channel0,Geo33,False,2022-04-18,2022-04-18,1
Channel0,Geo33,True,2022-04-25,2022-05-02,2
Channel0,Geo33,False,2022-05-09,2022-05-09,1
Channel0,Geo33,True,2022-05-16,2022-05-16,1
Channel0,Geo33,False,2022-05-23,2022-05-23,1
Channel0,Geo33,True,2022-05-30,2022-10-17,21
Channel0,Geo33,False,2022-10-24,2022-10-24,1
Channel0,Geo33,True,2022-10-31,2023-03-13,20
Channel0,Geo33,False,2023-03-20,2023-03-20,1
Channel0,Geo33,True,2023-03-27,2023-06-12,12
Channel0,Geo33,False,2023-06-19,2023-06-19,1
Channel0,Geo33,True,2023-06-26,2023-07-24,5
Channel0,Geo33,False,2023-07-31,2023-07-31,1
Channel0,Geo33,True,2023-08-07,2023-12-11,19
Channel0,Geo33,False,2023-12-18,2023-12-18,1
Channel0,Geo33,True,2023-12-25,2024-01-15,4
Channel0,Geo34,True,2021-01-25,2021-04-12,12
Channel0,Geo34,False,2021-04-19,2021-04-19,1
Channel0,Geo34,True,2021-04-26,2021-05-31,6
Channel0,Geo34,False,2021-06-07,2021-06-07,1
Channel0,Geo34,True,2021-06-14,2021-07-12,5
Channel0,Geo34,False,2021-07-19,2021-07-19,1
Channel0,Geo34,True,2021-07-26,2021-10-18,13
Channel0,Geo34,False,2021-10-25,2021-10-25,1
Channel0,Geo34,True,2021-11-01,2022-01-24,13
Channel0,Geo34,False,2022-01-31,2022-01-31,1
Channel0,Geo34,True,2022-02-07,2022-03-07,5
Channel0,Geo34,False,2022-03-14,2022-03-14,1
Channel0,Geo34,True,2022-03-21,2022-03-21,1
Channel0,Geo34,False,2022-03-28,2022-03-28,1
Channel0,Geo34,True,2022-04-04,2022-04-11,2
Channel0,Geo34,False,2022-04-18,2022-04-25,2
Channel0,Geo34,True,2022-05-02,2022-05-16,3
Channel0,Geo34,False,2022-05-23,2022-05-23,1
Channel0,Geo34,True,2022-05-30,2022-09-12,16
Channel0,Geo34,False,2022-09-19,2022-09-19,1
Channel0,Geo34,True,2022-09-26,2022-12-05,11
Channel0,Geo34,False,2022-12-12,2022-12-12,1
Channel0,Geo34,True,2022-12-19,2023-05-01,20
Channel0,Geo34,False,2023-05-08,2023-05-08,1
Channel0,Geo34,True,2023-05-15,2023-07-10,9
Channel0,Geo34,False,2023-07-17,2023-07-17,1
Channel0,Geo34,True,2023-07-24,2023-08-21,5
Channel0,Geo34,False,2023-08-28,2023-08-28,1
Channel0,Geo34,True,2023-09-04,2023-09-11,2
Channel0,Geo34,False,2023-09-18,2023-09-18,1
Channel0,Geo34,True,2023-09-25,2023-12-18,13
Channel0,Geo34,False,2023-12-25,2023-12-25,1
Channel0,Geo34,True,2024-01-01,2024-01-15,3
Channel0,Geo35,True,2021-01-25,2021-03-15,8
Channel0,Geo35,False,2021-03-22,2021-03-22,1
Channel0,Geo35,True,2021-03-29,2021-04-05,2
Channel0,Geo35,False,2021-04-12,2021-04-12,1
Channel0,Geo35,True,2021-04-19,2021-04-19,1
Channel0,Geo35,False,2021-04-26,2021-04-26,1
Channel0,Geo35,True,2021-05-03,2021-09-13,20
Channel0,Geo35,False,2021-09-20,2021-09-20,1
Channel0,Geo35,True,2021-09-27,2022-01-10,16
Channel0,Geo35,False,2022-01-17,2022-01-17,1
Channel0,Geo35,True,2022-01-24,2022-04-18,13
Channel0,Geo35,False,2022-04-25,2022-05-09,3
Channel0,Geo35,True,2022-05-16,2022-07-18,10
Channel0,Geo35,False,2022-07-25,2022-07-25,1
Channel0,Geo35,True,2022-08-01,2023-01-02,23
Channel0,Geo35,False,2023-01-09,2023-01-16,2
Channel0,Geo35,True,2023-01-23,2023-04-17,13
Channel0,Geo35,False,2023-04-24,2023-04-24,1
Channel0,Geo35,True,2023-05-01,2023-06-26,9
Channel0,Geo35,False,2023-07-03,2023-07-03,1
Channel0,Geo35,True,2023-07-10,2023-07-17,2
Channel0,Geo35,False,2023-07-24,2023-07-24,1
Channel0,Geo35,True,2023-07-31,2023-08-21,4
Channel0,Geo35,False,2023-08-28,2023-08-28,1
Channel0,Geo35,True,2023-09-04,2023-09-11,2
Channel0,Geo35,False,2023-09-18,2023-09-18,1
Channel0,Geo35,True,2023-09-25,2023-11-06,7
Channel0,Geo35,False,2023-11-13,2023-11-13,1
Channel0,Geo35,True,2023-11-20,2024-01-15,9
Channel0,Geo36,True,2021-01-25,2021-02-01,2
Channel0,Geo36,False,2021-02-08,2021-02-08,1
Channel0,Geo36,True,2021-02-15,2021-03-15,5
Channel0,Geo36,False,2021-03-22,2021-03-22,1
Channel0,Geo36,True,2021-03-29,2021-05-03,6
Channel0,Geo36,False,2021-05-10,2021-05-17,2
Channel0,Geo36,True,2021-05-24,2021-07-12,8
Channel0,Geo36,False,2021-07-19,2021-07-26,2
Channel0,Geo36,True,2021-08-02,2021-11-01,14
Channel0,Geo36,False,2021-11-08,2021-11-08,1
Channel0,Geo36,True,2021-11-15,2021-11-29,3
Channel0,Geo36,False,2021-12-06,2021-12-06,1
Channel0,Geo36,True,2021-12-13,2022-03-14,14
Channel0,Geo36,False,2022-03-21,2022-03-21,1
Channel0,Geo36,True,2022-03-28,2022-04-11,3
Channel0,Geo36,False,2022-04-18,2022-04-18,1
Channel0,Geo36,True,2022-04-25,2022-05-23,5
Channel0,Geo36,False,2022-05-30,2022-06-06,2
Channel0,Geo36,True,2022-06-13,2022-09-12,14
Channel0,Geo36,False,2022-09-19,2022-09-19,1
Channel0,Geo36,True,2022-09-26,2022-11-28,10
Channel0,Geo36,False,2022-12-05,2022-12-05,1
Channel0,Geo36,True,2022-12-12,2023-02-13,10
Channel0,Geo36,False,2023-02-20,2023-02-20,1
Channel0,Geo36,True,2023-02-27,2023-07-10,20
Channel0,Geo36,False,2023-07-17,2023-07-17,1
Channel0,Geo36,True,2023-07-24,2023-09-11,8
Channel0,Geo36,False,2023-09-18,2023-09-18,1
Channel0,Geo36,True,2023-09-25,2023-11-13,8
Channel0,Geo36,False,2023-11-20,2023-11-27,2
Channel0,Geo36,True,2023-12-04,2024-01-08,6
Channel0,Geo36,False,2024-01-15,2024-01-15,1
Channel0,Geo37,True,2021-01-25,2021-05-24,18
Channel0,Geo37,False,2021-05-31,2021-05-31,1
Channel0,Geo37,True,2021-06-07,2021-07-12,6
Channel0,Geo37,False,2021-07-19,2021-07-19,1
Channel0,Geo37,True,2021-07-26,2022-01-10,25
Channel0,Geo37,False,2022-01-17,2022-01-24,2
Channel0,Geo37,True,2022-01-31,2022-01-31,1
Channel0,Geo37,False,2022-02-07,2022-02-07,1
Channel0,Geo37,True,2022-02-14,2022-02-14,1
Channel0,Geo37,False,2022-02-21,2022-02-21,1
Channel0,Geo37,True,2022-02-28,2022-04-18,8
Channel0,Geo37,False,2022-04-25,2022-04-25,1
Channel0,Geo37,True,2022-05-02,2022-05-16,3
Channel0,Geo37,False,2022-05-23,2022-05-23,1
Channel0,Geo37,True,2022-05-30,2022-09-12,16
Channel0,Geo37,False,2022-09-19,2022-09-19,1
Channel0,Geo37,True,2022-09-26,2022-11-21,9
Channel0,Geo37,False,2022-11-28,2022-11-28,1
Channel0,Geo37,True,2022-12-05,2023-03-13,15
Channel0,Geo37,False,2023-03-20,2023-03-20,1
Channel0,Geo37,True,2023-03-27,2023-07-17,17
Channel0,Geo37,False,2023-07-24,2023-07-31,2
Channel0,Geo37,True,2023-08-07,2023-09-11,6
Channel0,Geo37,False,2023-09-18,2023-09-18,1
Channel0,Geo37,True,2023-09-25,2024-01-01,15
Channel0,Geo37,False,2024-01-08,2024-01-08,1
Channel0,Geo37,True,2024-01-15,2024-01-15,1
Channel0,Geo38,True,2021-01-25,2021-02-01,2
Channel0,Geo38,False,2021-02-08,2021-02-08,1
Channel0,Geo38,True,2021-02-15,2021-02-22,2
Channel0,Geo38,False,2021-03-01,2021-03-01,1
Channel0,Geo38,True,2021-03-08,2021-03-29,4
Channel0,Geo38,False,2021-04-05,2021-04-12,2
Channel0,Geo38,True,2021-04-19,2021-04-19,1
Channel0,Geo38,False,2021-04-26,2021-04-26,1
Channel0,Geo38,True,2021-05-03,2021-07-19,12
Channel0,Geo38,False,2021-07-26,2021-07-26,1
Channel0,Geo38,True,2021-08-02,2021-08-16,3
Channel0,Geo38,False,2021-08-23,2021-08-23,1
Channel0,Geo38,True,2021-08-30,2021-09-06,2
Channel0,Geo38,False,2021-09-13,2021-09-27,3
Channel0,Geo38,True,2021-10-04,2022-03-07,23
Channel0,Geo38,False,2022-03-14,2022-03-14,1
Channel0,Geo38,True,2022-03-21,2022-03-21,1
Channel0,Geo38,False,2022-03-28,2022-03-28,1
Channel0,Geo38,True,2022-04-04,2022-04-11,2
Channel0,Geo38,False,2022-04-18,2022-04-18,1
Channel0,Geo38,True,2022-04-25,2022-06-27,10
Channel0,Geo38,False,2022-07-04,2022-07-04,1
Channel0,Geo38,True,2022-07-11,2022-09-12,10
Channel0,Geo38,False,2022-09-19,2022-09-19,1
Channel0,Geo38,True,2022-09-26,2023-02-20,22
Channel0,Geo38,False,2023-02-27,2023-02-27,1
Channel0,Geo38,True,2023-03-06,2023-05-08,10
Channel0,Geo38,False,2023-05-15,2023-05-22,2
Channel0,Geo38,True,2023-05-29,2023-06-19,4
Channel0,Geo38,False,2023-06-26,2023-07-03,2
Channel0,Geo38,True,2023-07-10,2023-07-10,1
Channel0,Geo38,False,2023-07-17,2023-07-17,1
Channel0,Geo38,True,2023-07-24,2024-01-15,26
Channel0,Geo39,True,2021-01-25,2021-03-15,8
Channel0,Geo39,False,2021-03-22,2021-03-22,1
Channel0,Geo39,True,2021-03-29,2021-03-29,1
Channel0,Geo39,False,2021-04-05,2021-04-12,2
Channel0,Geo39,True,2021-04-19,2021-05-03,3
Channel0,Geo39,False,2021-05-10,2021-05-10,1
Channel0,Geo39,True,2021-05-17,2021-05-17,1
Channel0,Geo39,False,2021-05-24,2021-05-24,1
Channel0,Geo39,True,2021-05-31,2021-06-14,3
Channel0,Geo39,False,2021-06-21,2021-06-21,1
Channel0,Geo39,True,2021-06-28,2021-08-09,7
Channel0,Geo39,False,2021-08-16,2021-08-16,1
Channel0,Geo39,True,2021-08-23,2022-01-31,24
Channel0,Geo39,False,2022-02-07,2022-02-07,1
Channel0,Geo39,True,2022-02-14,2022-02-14,1
Channel0,Geo39,False,2022-02-21,2022-02-21,1
Channel0,Geo39,True,2022-02-28,2022-02-28,1
Channel0,Geo39,False,2022-03-07,2022-03-28,4
Channel0,Geo39,True,2022-04-04,2022-04-04,1
Channel0,Geo39,False,2022-04-11,2022-04-11,1
Channel0,Geo39,True,2022-04-18,2022-05-16,5
Channel0,Geo39,False,2022-05-23,2022-05-23,1
Channel0,Geo39,True,2022-05-30,2022-07-11,7
Channel0,Geo39,False,2022-07-18,2022-07-18,1
Channel0,Geo39,True,2022-07-25,2022-09-05,7
Channel0,Geo39,False,2022-09-12,2022-09-12,1
Channel0,Geo39,True,2022-09-19,2022-11-21,10
Channel0,Geo39,False,2022-11-28,2022-11-28,1
Channel0,Geo39,True,2022-12-05,2023-01-16,7
Channel0,Geo39,False,2023-01-23,2023-01-23,1
Channel0,Geo39,True,2023-01-30,2023-03-13,7
Channel0,Geo39,False,2023-03-20,2023-03-20,1
Channel0,Geo39,True,2023-03-27,2023-05-29,10
Channel0,Geo39,False,2023-06-05,2023-06-05,1
Channel0,Geo39,True,2023-06-12,2023-07-10,5
Channel0,Geo39,False,2023-07-17,2023-07-24,2
Channel0,Geo39,True,2023-07-31,2023-08-21,4
Channel0,Geo39,False,2023-08-28,2023-08-28,1
Channel0,Geo39,True,2023-09-04,2024-01-15,20
Channel0,Geo4,True,2021-01-25,2021-03-15,8
Channel0,Geo4,False,2021-03-22,2021-03-22,1
Channel0,Geo4,True,2021-03-29,2021-04-12,3
Channel0,Geo4,False,2021-04-19,2021-04-19,1
Channel0,Geo4,True,2021-04-26,2021-05-03,2
Channel0,Geo4,False,2021-05-10,2021-05-10,1
Channel0,Geo4,True,2021-05-17,2021-06-07,4
Channel0,Geo4,False,2021-06-14,2021-06-14,1
Channel0,Geo4,True,2021-06-21,2021-07-12,4
Channel0,Geo4,False,2021-07-19,2021-07-19,1
Channel0,Geo4,True,2021-07-26,2021-11-22,18
Channel0,Geo4,False,2021-11-29,2021-11-29,1
Channel0,Geo4,True,2021-12-06,2022-01-31,9
Channel0,Geo4,False,2022-02-07,2022-02-07,1
Channel0,Geo4,True,2022-02-14,2022-03-07,4
Channel0,Geo4,False,2022-03-14,2022-03-14,1
Channel0,Geo4,True,2022-03-21,2022-03-21,1
Channel0,Geo4,False,2022-03-28,2022-03-28,1
Channel0,Geo4,True,2022-04-04,2022-04-25,4
Channel0,Geo4,False,2022-05-02,2022-05-02,1
Channel0,Geo4,True,2022-05-09,2022-05-16,2
Channel0,Geo4,False,2022-05-23,2022-05-23,1
Channel0,Geo4,True,2022-05-30,2022-08-08,11
Channel0,Geo4,False,2022-08-15,2022-08-15,1
Channel0,Geo4,True,2022-08-22,2022-10-10,8
Channel0,Geo4,False,2022-10-17,2022-10-17,1
Channel0,Geo4,True,2022-10-24,2022-12-05,7
Channel0,Geo4,False,2022-12-12,2022-12-12,1
Channel0,Geo4,True,2022-12-19,2022-12-19,1
Channel0,Geo4,False,2022-12-26,2022-12-26,1
Channel0,Geo4,True,2023-01-02,2023-01-23,4
Channel0,Geo4,False,2023-01-30,2023-01-30,1
Channel0,Geo4,True,2023-02-06,2023-05-01,13
Channel0,Geo4,False,2023-05-08,2023-05-08,1
Channel0,Geo4,True,2023-05-15,2023-05-15,1
Channel0,Geo4,False,2023-05-22,2023-05-22,1
Channel0,Geo4,True,2023-05-29,2023-06-26,5
Channel0,Geo4,False,2023-07-03,2023-07-10,2
Channel0,Geo4,True,2023-07-17,2023-11-13,18
Channel0,Geo4,False,2023-11-20,2023-11-20,1
Channel0,Geo4,True,2023-11-27,2024-01-15,8
Channel0,Geo5,True,2021-01-25,2021-04-05,11
Channel0,Geo5,False,2021-04-12,2021-04-19,2
Channel0,Geo5,True,2021-04-26,2021-05-03,2
Channel0,Geo5,False,2021-05-10,2021-05-17,2
Channel0,Geo5,True,2021-05-24,2021-07-05,7
Channel0,Geo5,False,2021-07-12,2021-07-19,2
Channel0,Geo5,True,2021-07-26,2021-07-26,1
Channel0,Geo5,False,2021-08-02,2021-08-02,1
Channel0,Geo5,True,2021-08-09,2022-01-17,24
Channel0,Geo5,False,2022-01-24,2022-01-24,1
Channel0,Geo5,True,2022-01-31,2022-03-21,8
Channel0,Geo5,False,2022-03-28,2022-03-28,1
Channel0,Geo5,True,2022-04-04,2022-04-04,1
Channel0,Geo5,False,2022-04-11,2022-04-11,1
Channel0,Geo5,True,2022-04-18,2022-04-18,1
Channel0,Geo5,False,2022-04-25,2022-04-25,1
Channel0,Geo5,True,2022-05-02,2022-05-09,2
Channel0,Geo5,False,2022-05-16,2022-05-23,2
Channel0,Geo5,True,2022-05-30,2022-08-08,11
Channel0,Geo5,False,2022-08-15,2022-08-15,1
Channel0,Geo5,True,2022-08-22,2022-09-12,4
Channel0,Geo5,False,2022-09-19,2022-09-19,1
Channel0,Geo5,True,2022-09-26,2023-01-30,19
Channel0,Geo5,False,2023-02-06,2023-02-06,1
Channel0,Geo5,True,2023-02-13,2023-03-20,6
Channel0,Geo5,False,2023-03-27,2023-03-27,1
Channel0,Geo5,True,2023-04-03,2023-05-01,5
Channel0,Geo5,False,2023-05-08,2023-05-15,2
Channel0,Geo5,True,2023-05-22,2023-05-29,2
Channel0,Geo5,False,2023-06-05,2023-06-05,1
Channel0,Geo5,True,2023-06-12,2023-06-26,3
Channel0,Geo5,False,2023-07-03,2023-07-03,1
Channel0,Geo5,True,2023-07-10,2023-08-21,7
Channel0,Geo5,False,2023-08-28,2023-08-28,1
Channel0,Geo5,True,2023-09-04,2023-12-11,15
Channel0,Geo5,False,2023-12-18,2023-12-18,1
Channel0,Geo5,True,2023-12-25,2024-01-15,4
Channel0,Geo6,True,2021-01-25,2021-03-15,8
Channel0,Geo6,False,2021-03-22,2021-03-22,1
Channel0,Geo6,True,2021-03-29,2021-03-29,1
Channel0,Geo6,False,2021-04-05,2021-04-05,1
Channel0,Geo6,True,2021-04-12,2021-04-12,1
Channel0,Geo6,False,2021-04-19,2021-04-19,1
Channel0,Geo6,True,2021-04-26,2021-06-07,7
Channel0,Geo6,False,2021-06-14,2021-06-14,1
Channel0,Geo6,True,2021-06-21,2021-07-19,5
Channel0,Geo6,False,2021-07-26,2021-07-26,1
Channel0,Geo6,True,2021-08-02,2021-08-30,5
Channel0,Geo6,False,2021-09-06,2021-09-06,1
Channel0,Geo6,True,2021-09-13,2021-11-01,8
Channel0,Geo6,False,2021-11-08,2021-11-08,1
Channel0,Geo6,True,2021-11-15,2021-12-13,5
Channel0,Geo6,False,2021-12-20,2021-12-20,1
Channel0,Geo6,True,2021-12-27,2022-01-10,3
Channel0,Geo6,False,2022-01-17,2022-01-17,1
Channel0,Geo6,True,2022-01-24,2022-01-24,1
Channel0,Geo6,False,2022-01-31,2022-01-31,1
Channel0,Geo6,True,2022-02-07,2022-03-07,5
Channel0,Geo6,False,2022-03-14,2022-03-14,1
Channel0,Geo6,True,2022-03-21,2022-03-21,1
Channel0,Geo6,False,2022-03-28,2022-03-28,1
Channel0,Geo6,True,2022-04-04,2022-05-16,7
Channel0,Geo6,False,2022-05-23,2022-05-23,1
Channel0,Geo6,True,2022-05-30,2022-06-13,3
Channel0,Geo6,False,2022-06-20,2022-06-20,1
Channel0,Geo6,True,2022-06-27,2022-09-05,11
Channel0,Geo6,False,2022-09-12,2022-09-12,1
Channel0,Geo6,True,2022-09-19,2023-01-09,17
Channel0,Geo6,False,2023-01-16,2023-01-16,1
Channel0,Geo6,True,2023-01-23,2023-04-03,11
Channel0,Geo6,False,2023-04-10,2023-04-17,2
Channel0,Geo6,True,2023-04-24,2023-05-22,5
Channel0,Geo6,False,2023-05-29,2023-05-29,1
Channel0,Geo6,True,2023-06-05,2023-10-16,20
Channel0,Geo6,False,2023-10-23,2023-10-23,1
Channel0,Geo6,True,2023-10-30,2023-12-04,6
Channel0,Geo6,False,2023-12-11,2023-12-18,2
Channel0,Geo6,True,2023-12-25,2024-01-08,3
Channel0,Geo6,False,2024-01-15,2024-01-15,1
Channel0,Geo7,True,2021-01-25,2021-03-22,9
Channel0,Geo7,False,2021-03-29,2021-03-29,1
Channel0,Geo7,True,2021-04-05,2021-04-12,2
Channel0,Geo7,False,2021-04-19,2021-04-26,2
Channel0,Geo7,True,2021-05-03,2021-05-03,1
Channel0,Geo7,False,2021-05-10,2021-05-10,1
Channel0,Geo7,True,2021-05-17,2021-06-07,4
Channel0,Geo7,False,2021-06-14,2021-06-14,1
Channel0,Geo7,True,2021-06-21,2021-06-28,2
Channel0,Geo7,False,2021-07-05,2021-07-05,1
Channel0,Geo7,True,2021-07-12,2021-07-12,1
Channel0,Geo7,False,2021-07-19,2021-07-19,1
Channel0,Geo7,True,2021-07-26,2022-01-31,28
Channel0,Geo7,False,2022-02-07,2022-02-07,1
Channel0,Geo7,True,2022-02-14,2022-03-07,4
Channel0,Geo7,False,2022-03-14,2022-03-14,1
Channel0,Geo7,True,2022-03-21,2022-03-21,1
Channel0,Geo7,False,2022-03-28,2022-03-28,1
Channel0,Geo7,True,2022-04-04,2022-04-11,2
Channel0,Geo7,False,2022-04-18,2022-04-18,1
Channel0,Geo7,True,2022-04-25,2022-06-13,8
Channel0,Geo7,False,2022-06-20,2022-06-20,1
Channel0,Geo7,True,2022-06-27,2022-09-05,11
Channel0,Geo7,False,2022-09-12,2022-09-12,1
Channel0,Geo7,True,2022-09-19,2022-12-26,15
Channel0,Geo7,False,2023-01-02,2023-01-02,1
Channel0,Geo7,True,2023-01-09,2023-08-21,33
Channel0,Geo7,False,2023-08-28,2023-08-28,1
Channel0,Geo7,True,2023-09-04,2024-01-15,20
Channel0,Geo8,True,2021-01-25,2021-02-22,5
Channel0,Geo8,False,2021-03-01,2021-03-15,3
Channel0,Geo8,True,2021-03-22,2021-05-03,7
Channel0,Geo8,False,2021-05-10,2021-05-10,1
Channel0,Geo8,True,2021-05-17,2021-08-09,13
Channel0,Geo8,False,2021-08-16,2021-08-23,2
Channel0,Geo8,True,2021-08-30,2021-08-30,1
Channel0,Geo8,False,2021-09-06,2021-09-06,1
Channel0,Geo8,True,2021-09-13,2021-09-13,1
Channel0,Geo8,False,2021-09-20,2021-10-04,3
Channel0,Geo8,True,2021-10-11,2021-10-18,2
Channel0,Geo8,False,2021-10-25,2021-10-25,1
Channel0,Geo8,True,2021-11-01,2021-11-29,5
Channel0,Geo8,False,2021-12-06,2021-12-06,1
Channel0,Geo8,True,2021-12-13,2022-01-31,8
Channel0,Geo8,False,2022-02-07,2022-02-07,1
Channel0,Geo8,True,2022-02-14,2022-02-14,1
Channel0,Geo8,False,2022-02-21,2022-02-21,1
Channel0,Geo8,True,2022-02-28,2022-03-14,3
Channel0,Geo8,False,2022-03-21,2022-03-28,2
Channel0,Geo8,True,2022-04-04,2022-04-11,2
Channel0,Geo8,False,2022-04-18,2022-04-18,1
Channel0,Geo8,True,2022-04-25,2022-05-02,2
Channel0,Geo8,False,2022-05-09,2022-05-09,1
Channel0,Geo8,True,2022-05-16,2022-05-16,1
Channel0,Geo8,False,2022-05-23,2022-05-23,1
Channel0,Geo8,True,2022-05-30,2022-06-20,4
Channel0,Geo8,False,2022-06-27,2022-06-27,1
Channel0,Geo8,True,2022-07-04,2022-07-18,3
Channel0,Geo8,False,2022-07-25,2022-07-25,1
Channel0,Geo8,True,2022-08-01,2022-08-08,2
Channel0,Geo8,False,2022-08-15,2022-08-15,1
Channel0,Geo8,True,2022-08-22,2022-08-29,2
Channel0,Geo8,False,2022-09-05,2022-09-05,1
Channel0,Geo8,True,2022-09-12,2022-10-31,8
Channel0,Geo8,False,2022-11-07,2022-11-07,1
Channel0,Geo8,True,2022-11-14,2022-11-21,2
Channel0,Geo8,False,2022-11-28,2022-11-28,1
Channel0,Geo8,True,2022-12-05,2023-03-13,15
Channel0,Geo8,False,2023-03-20,2023-03-20,1
Channel0,Geo8,True,2023-03-27,2023-06-12,12
Channel0,Geo8,False,2023-06-19,2023-06-19,1
Channel0,Geo8,True,2023-06-26,2023-08-07,7
Channel0,Geo8,False,2023-08-14,2023-08-14,1
Channel0,Geo8,True,2023-08-21,2023-09-04,3
Channel0,Geo8,False,2023-09-11,2023-09-18,2
Channel0,Geo8,True,2023-09-25,2023-10-23,5
Channel0,Geo8,False,2023-10-30,2023-10-30,1
Channel0,Geo8,True,2023-11-06,2023-11-13,2
Channel0,Geo8,False,2023-11-20,2023-11-20,1
Channel0,Geo8,True,2023-11-27,2023-12-04,2
Channel0,Geo8,False,2023-12-11,2023-12-11,1
Channel0,Geo8,True,2023-12-18,2024-01-01,3
Channel0,Geo8,False,2024-01-08,2024-01-08,1
Channel0,Geo8,True,2024-01-15,2024-01-15,1
Channel0,Geo9,True,2021-01-25,2021-03-29,10
Channel0,Geo9,False,2021-04-05,2021-04-12,2
Channel0,Geo9,True,2021-04-19,2021-05-03,3
Channel0,Geo9,False,2021-05-10,2021-05-10,1
Channel0,Geo9,True,2021-05-17,2021-06-28,7
Channel0,Geo9,False,2021-07-05,2021-07-12,2
Channel0,Geo9,True,2021-07-19,2021-08-30,7
Channel0,Geo9,False,2021-09-06,2021-09-06,1
Channel0,Geo9,True,2021-09-13,2021-09-13,1
Channel0,Geo9,False,2021-09-20,2021-09-20,1
Channel0,Geo9,True,2021-09-27,2022-01-17,17
Channel0,Geo9,False,2022-01-24,2022-01-24,1
Channel0,Geo9,True,2022-01-31,2022-03-21,8
Channel0,Geo9,False,2022-03-28,2022-03-28,1
Channel0,Geo9,True,2022-04-04,2022-05-23,8
Channel0,Geo9,False,2022-05-30,2022-05-30,1
Channel0,Geo9,True,2022-06-06,2022-08-08,10
Channel0,Geo9,False,2022-08-15,2022-08-15,1
Channel0,Geo9,True,2022-08-22,2022-10-17,9
Channel0,Geo9,False,2022-10-24,2022-10-24,1
Channel0,Geo9,True,2022-10-31,2022-12-05,6
Channel0,Geo9,False,2022-12-12,2022-12-26,3
Channel0,Geo9,True,2023-01-02,2023-02-20,8
Channel0,Geo9,False,2023-02-27,2023-02-27,1
Channel0,Geo9,True,2023-03-06,2023-03-13,2
Channel0,Geo9,False,2023-03-20,2023-03-27,2
Channel0,Geo9,True,2023-04-03,2023-10-09,28
Channel0,Geo9,False,2023-10-16,2023-10-16,1
Channel0,Geo9,True,2023-10-23,2023-12-25,10
Channel0,Geo9,False,2024-01-01,2024-01-01,1
Channel0,Geo9,True,2024-01-08,2024-01-15,2
Channel1,Geo0,False,2021-01-25,2021-01-25,1
Channel1,Geo0,True,2021-02-01,2021-03-22,8
Channel1,Geo0,False,2021-03-29,2021-03-29,1
Channel1,Geo0,True,2021-04-05,2021-04-12,2
Channel1,Geo0,False,2021-04-19,2021-04-19,1
Channel1,Geo0,True,2021-04-26,2021-04-26,1
Channel1,Geo0,False,2021-05-03,2021-05-03,1
Channel1,Geo0,True,2021-05-10,2021-07-12,10
Channel1,Geo0,False,2021-07-19,2021-07-19,1
Channel1,Geo0,True,2021-07-26,2021-08-02,2
Channel1,Geo0,False,2021-08-09,2021-08-09,1
Channel1,Geo0,True,2021-08-16,2021-08-16,1
Channel1,Geo0,False,2021-08-23,2021-08-23,1
Channel1,Geo0,True,2021-08-30,2021-08-30,1
Channel1,Geo0,False,2021-09-06,2021-09-06,1
Channel1,Geo0,True,2021-09-13,2021-11-01,8
Channel1,Geo0,False,2021-11-08,2021-11-08,1
Channel1,Geo0,True,2021-11-15,2021-12-27,7
Channel1,Geo0,False,2022-01-03,2022-01-03,1
Channel1,Geo0,True,2022-01-10,2022-01-10,1
Channel1,Geo0,False,2022-01-17,2022-01-17,1
Channel1,Geo0,True,2022-01-24,2022-01-24,1
Channel1,Geo0,False,2022-01-31,2022-01-31,1
Channel1,Geo0,True,2022-02-07,2022-03-14,6
Channel1,Geo0,False,2022-03-21,2022-03-28,2
Channel1,Geo0,True,2022-04-04,2022-04-04,1
Channel1,Geo0,False,2022-04-11,2022-04-25,3
Channel1,Geo0,True,2022-05-02,2022-05-23,4
Channel1,Geo0,False,2022-05-30,2022-05-30,1
Channel1,Geo0,True,2022-06-06,2022-06-27,4
Channel1,Geo0,False,2022-07-04,2022-07-04,1
Channel1,Geo0,True,2022-07-11,2022-08-29,8
Channel1,Geo0,False,2022-09-05,2022-09-05,1
Channel1,Geo0,True,2022-09-12,2022-11-07,9
Channel1,Geo0,False,2022-11-14,2022-11-21,2
Channel1,Geo0,True,2022-11-28,2022-12-12,3
Channel1,Geo0,False,2022-12-19,2022-12-19,1
Channel1,Geo0,True,2022-12-26,2023-01-09,3
Channel1,Geo0,False,2023-01-16,2023-02-06,4
Channel1,Geo0,True,2023-02-13,2023-03-06,4
Channel1,Geo0,False,2023-03-13,2023-03-13,1
Channel1,Geo0,True,2023-03-20,2023-05-08,8
Channel1,Geo0,False,2023-05-15,2023-05-15,1
Channel1,Geo0,True,2023-05-22,2023-06-12,4
Channel1,Geo0,False,2023-06-19,2023-06-19,1
Channel1,Geo0,True,2023-06-26,2023-07-17,4
Channel1,Geo0,False,2023-07-24,2023-08-07,3
Channel1,Geo0,True,2023-08-14,2023-08-21,2
Channel1,Geo0,False,2023-08-28,2023-08-28,1
Channel1,Geo0,True,2023-09-04,2023-11-20,12
Channel1,Geo0,False,2023-11-27,2023-11-27,1
Channel1,Geo0,True,2023-12-04,2023-12-04,1
Channel1,Geo0,False,2023-12-11,2023-12-11,1
Channel1,Geo0,True,2023-12-18,2023-12-18,1
Channel1,Geo0,False,2023-12-25,2024-01-01,2
Channel1,Geo0,True,2024-01-08,2024-01-08,1
Channel1,Geo0,False,2024-01-15,2024-01-15,1
Channel1,Geo1,True,2021-01-25,2021-04-05,11
Channel1,Geo1,False,2021-04-12,2021-04-12,1
Channel1,Geo1,True,2021-04-19,2021-04-19,1
Channel1,Geo1,False,2021-04-26,2021-05-03,2
Channel1,Geo1,True,2021-05-10,2021-05-17,2
Channel1,Geo1,False,2021-05-24,2021-05-24,1
Channel1,Geo1,True,2021-05-31,2021-07-05,6
Channel1,Geo1,False,2021-07-12,2021-07-12,1
Channel1,Geo1,True,2021-07-19,2021-08-09,4
Channel1,Geo1,False,2021-08-16,2021-08-16,1
Channel1,Geo1,True,2021-08-23,2021-08-30,2
Channel1,Geo1,False,2021-09-06,2021-09-06,1
Channel1,Geo1,True,2021-09-13,2021-09-13,1
Channel1,Geo1,False,2021-09-20,2021-09-20,1
Channel1,Geo1,True,2021-09-27,2021-10-25,5
Channel1,Geo1,False,2021-11-01,2021-11-01,1
Channel1,Geo1,True,2021-11-08,2021-11-22,3
Channel1,Geo1,False,2021-11-29,2021-12-06,2
Channel1,Geo1,True,2021-12-13,2021-12-13,1
Channel1,Geo1,False,2021-12-20,2021-12-27,2
Channel1,Geo1,True,2022-01-03,2022-01-10,2
Channel1,Geo1,False,2022-01-17,2022-01-17,1
Channel1,Geo1,True,2022-01-24,2022-01-24,1
Channel1,Geo1,False,2022-01-31,2022-01-31,1
Channel1,Geo1,True,2022-02-07,2022-03-14,6
Channel1,Geo1,False,2022-03-21,2022-04-04,3
Channel1,Geo1,True,2022-04-11,2022-04-11,1
Channel1,Geo1,False,2022-04-18,2022-04-25,2
Channel1,Geo1,True,2022-05-02,2022-06-06,6
Channel1,Geo1,False,2022-06-13,2022-06-13,1
Channel1,Geo1,True,2022-06-20,2022-06-27,2
Channel1,Geo1,False,2022-07-04,2022-07-11,2
Channel1,Geo1,True,2022-07-18,2022-07-18,1
Channel1,Geo1,False,2022-07-25,2022-07-25,1
Channel1,Geo1,True,2022-08-01,2022-08-01,1
Channel1,Geo1,False,2022-08-08,2022-08-08,1
Channel1,Geo1,True,2022-08-15,2022-12-05,17
Channel1,Geo1,False,2022-12-12,2022-12-12,1
Channel1,Geo1,True,2022-12-19,2023-01-16,5
Channel1,Geo1,False,2023-01-23,2023-01-23,1
Channel1,Geo1,True,2023-01-30,2023-01-30,1
Channel1,Geo1,False,2023-02-06,2023-02-06,1
Channel1,Geo1,True,2023-02-13,2023-02-20,2
Channel1,Geo1,False,2023-02-27,2023-03-20,4
Channel1,Geo1,True,2023-03-27,2023-04-10,3
Channel1,Geo1,False,2023-04-17,2023-04-17,1
Channel1,Geo1,True,2023-04-24,2023-04-24,1
Channel1,Geo1,False,2023-05-01,2023-05-01,1
Channel1,Geo1,True,2023-05-08,2023-05-15,2
Channel1,Geo1,False,2023-05-22,2023-05-22,1
Channel1,Geo1,True,2023-05-29,2023-06-12,3
Channel1,Geo1,False,2023-06-19,2023-06-19,1
Channel1,Geo1,True,2023-06-26,2023-07-10,3
Channel1,Geo1,False,2023-07-17,2023-07-17,1
Channel1,Geo1,True,2023-07-24,2023-08-07,3
Channel1,Geo1,False,2023-08-14,2023-08-14,1
Channel1,Geo1,True,2023-08-21,2023-08-21,1
Channel1,Geo1,False,2023-08-28,2023-08-28,1
Channel1,Geo1,True,2023-09-04,2023-10-09,6
Channel1,Geo1,False,2023-10-16,2023-10-16,1
Channel1,Geo1,True,2023-10-23,2023-10-23,1
Channel1,Geo1,False,2023-10-30,2023-10-30,1
Channel1,Geo1,True,2023-11-06,2023-12-04,5
Channel1,Geo1,False,2023-12-11,2023-12-11,1
Channel1,Geo1,True,2023-12-18,2024-01-01,3
Channel1,Geo1,False,2024-01-08,2024-01-08,1
Channel1,Geo1,True,2024-01-15,2024-01-15,1
Channel1,Geo10,True,2021-01-25,2021-02-08,3
Channel1,Geo10,False,2021-02-15,2021-02-15,1
Channel1,Geo10,True,2021-02-22,2021-02-22,1
Channel1,Geo10,False,2021-03-01,2021-03-15,3
Channel1,Geo10,True,2021-03-22,2021-03-29,2
Channel1,Geo10,False,2021-04-05,2021-04-05,1
Channel1,Geo10,True,2021-04-12,2021-04-12,1
Channel1,Geo10,False,2021-04-19,2021-04-19,1
Channel1,Geo10,True,2021-04-26,2021-05-03,2
Channel1,Geo10,False,2021-05-10,2021-05-10,1
Channel1,Geo10,True,2021-05-17,2021-05-17,1
Channel1,Geo10,False,2021-05-24,2021-05-24,1
Channel1,Geo10,True,2021-05-31,2021-05-31,1
Channel1,Geo10,False,2021-06-07,2021-07-05,5
Channel1,Geo10,True,2021-07-12,2021-08-09,5
Channel1,Geo10,False,2021-08-16,2021-08-16,1
Channel1,Geo10,True,2021-08-23,2021-08-30,2
Channel1,Geo10,False,2021-09-06,2021-09-06,1
Channel1,Geo10,True,2021-09-13,2021-09-13,1
Channel1,Geo10,False,2021-09-20,2021-09-20,1
Channel1,Geo10,True,2021-09-27,2021-10-25,5
Channel1,Geo10,False,2021-11-01,2021-11-08,2
Channel1,Geo10,True,2021-11-15,2021-11-22,2
Channel1,Geo10,False,2021-11-29,2021-11-29,1
Channel1,Geo10,True,2021-12-06,2022-02-07,10
Channel1,Geo10,False,2022-02-14,2022-02-21,2
Channel1,Geo10,True,2022-02-28,2022-03-21,4
Channel1,Geo10,False,2022-03-28,2022-03-28,1
Channel1,Geo10,True,2022-04-04,2022-04-18,3
Channel1,Geo10,False,2022-04-25,2022-05-02,2
Channel1,Geo10,True,2022-05-09,2022-06-06,5
Channel1,Geo10,False,2022-06-13,2022-06-20,2
Channel1,Geo10,True,2022-06-27,2022-06-27,1
Channel1,Geo10,False,2022-07-04,2022-07-04,1
Channel1,Geo10,True,2022-07-11,2022-08-01,4
Channel1,Geo10,False,2022-08-08,2022-08-08,1
Channel1,Geo10,True,2022-08-15,2022-09-19,6
Channel1,Geo10,False,2022-09-26,2022-09-26,1
Channel1,Geo10,True,2022-10-03,2022-10-10,2
Channel1,Geo10,False,2022-10-17,2022-10-17,1
Channel1,Geo10,True,2022-10-24,2022-11-14,4
Channel1,Geo10,False,2022-11-21,2022-11-21,1
Channel1,Geo10,True,2022-11-28,2023-01-16,8
Channel1,Geo10,False,2023-01-23,2023-01-23,1
Channel1,Geo10,True,2023-01-30,2023-02-20,4
Channel1,Geo10,False,2023-02-27,2023-03-13,3
Channel1,Geo10,True,2023-03-20,2023-03-20,1
Channel1,Geo10,False,2023-03-27,2023-03-27,1
Channel1,Geo10,True,2023-04-03,2023-04-10,2
Channel1,Geo10,False,2023-04-17,2023-04-17,1
Channel1,Geo10,True,2023-04-24,2023-05-08,3
Channel1,Geo10,False,2023-05-15,2023-05-22,2
Channel1,Geo10,True,2023-05-29,2023-06-12,3
Channel1,Geo10,False,2023-06-19,2023-06-19,1
Channel1,Geo10,True,2023-06-26,2023-06-26,1
Channel1,Geo10,False,2023-07-03,2023-07-10,2
Channel1,Geo10,True,2023-07-17,2023-07-17,1
Channel1,Geo10,False,2023-07-24,2023-07-24,1
Channel1,Geo10,True,2023-07-31,2023-08-14,3
Channel1,Geo10,False,2023-08-21,2023-08-21,1
Channel1,Geo10,True,2023-08-28,2023-09-04,2
Channel1,Geo10,False,2023-09-11,2023-09-11,1
Channel1,Geo10,True,2023-09-18,2023-12-18,14
Channel1,Geo10,False,2023-12-25,2023-12-25,1
Channel1,Geo10,True,2024-01-01,2024-01-08,2
Channel1,Geo10,False,2024-01-15,2024-01-15,1
Channel1,Geo11,False,2021-01-25,2021-02-01,2
Channel1,Geo11,True,2021-02-08,2021-03-01,4
Channel1,Geo11,False,2021-03-08,2021-03-08,1
Channel1,Geo11,True,2021-03-15,2021-03-22,2
Channel1,Geo11,False,2021-03-29,2021-03-29,1
Channel1,Geo11,True,2021-04-05,2021-04-12,2
Channel1,Geo11,False,2021-04-19,2021-04-19,1
Channel1,Geo11,True,2021-04-26,2021-04-26,1
Channel1,Geo11,False,2021-05-03,2021-05-03,1
Channel1,Geo11,True,2021-05-10,2021-06-28,8
Channel1,Geo11,False,2021-07-05,2021-07-05,1
Channel1,Geo11,True,2021-07-12,2021-07-26,3
Channel1,Geo11,False,2021-08-02,2021-08-02,1
Channel1,Geo11,True,2021-08-09,2021-09-06,5
Channel1,Geo11,False,2021-09-13,2021-09-13,1
Channel1,Geo11,True,2021-09-20,2021-10-18,5
Channel1,Geo11,False,2021-10-25,2021-10-25,1
Channel1,Geo11,True,2021-11-01,2021-11-01,1
Channel1,Geo11,False,2021-11-08,2021-11-08,1
Channel1,Geo11,True,2021-11-15,2021-12-20,6
Channel1,Geo11,False,2021-12-27,2021-12-27,1
Channel1,Geo11,True,2022-01-03,2022-01-03,1
Channel1,Geo11,False,2022-01-10,2022-01-17,2
Channel1,Geo11,True,2022-01-24,2022-03-14,8
Channel1,Geo11,False,2022-03-21,2022-03-21,1
Channel1,Geo11,True,2022-03-28,2022-04-04,2
Channel1,Geo11,False,2022-04-11,2022-04-11,1
Channel1,Geo11,True,2022-04-18,2022-05-09,4
Channel1,Geo11,False,2022-05-16,2022-05-16,1
Channel1,Geo11,True,2022-05-23,2022-08-01,11
Channel1,Geo11,False,2022-08-08,2022-08-08,1
Channel1,Geo11,True,2022-08-15,2022-08-22,2
Channel1,Geo11,False,2022-08-29,2022-08-29,1
Channel1,Geo11,True,2022-09-05,2022-09-19,3
Channel1,Geo11,False,2022-09-26,2022-09-26,1
Channel1,Geo11,True,2022-10-03,2022-10-03,1
Channel1,Geo11,False,2022-10-10,2022-10-10,1
Channel1,Geo11,True,2022-10-17,2022-10-31,3
Channel1,Geo11,False,2022-11-07,2022-11-07,1
Channel1,Geo11,True,2022-11-14,2023-01-09,9
Channel1,Geo11,False,2023-01-16,2023-01-16,1
Channel1,Geo11,True,2023-01-23,2023-01-23,1
Channel1,Geo11,False,2023-01-30,2023-01-30,1
Channel1,Geo11,True,2023-02-06,2023-02-20,3
Channel1,Geo11,False,2023-02-27,2023-02-27,1
Channel1,Geo11,True,2023-03-06,2023-03-20,3
Channel1,Geo11,False,2023-03-27,2023-03-27,1
Channel1,Geo11,True,2023-04-03,2023-04-17,3
Channel1,Geo11,False,2023-04-24,2023-05-01,2
Channel1,Geo11,True,2023-05-08,2023-06-05,5
Channel1,Geo11,False,2023-06-12,2023-06-19,2
Channel1,Geo11,True,2023-06-26,2023-07-24,5
Channel1,Geo11,False,2023-07-31,2023-08-07,2
Channel1,Geo11,True,2023-08-14,2023-08-21,2
Channel1,Geo11,False,2023-08-28,2023-08-28,1
Channel1,Geo11,True,2023-09-04,2023-09-18,3
Channel1,Geo11,False,2023-09-25,2023-10-09,3
Channel1,Geo11,True,2023-10-16,2023-10-23,2
Channel1,Geo11,False,2023-10-30,2023-10-30,1
Channel1,Geo11,True,2023-11-06,2023-12-04,5
Channel1,Geo11,False,2023-12-11,2023-12-11,1
Channel1,Geo11,True,2023-12-18,2024-01-08,4
Channel1,Geo11,False,2024-01-15,2024-01-15,1
Channel1,Geo12,True,2021-01-25,2021-02-08,3
Channel1,Geo12,False,2021-02-15,2021-02-15,1
Channel1,Geo12,True,2021-02-22,2021-02-22,1
Channel1,Geo12,False,2021-03-01,2021-03-08,2
Channel1,Geo12,True,2021-03-15,2021-03-15,1
Channel1,Geo12,False,2021-03-22,2021-03-22,1
Channel1,Geo12,True,2021-03-29,2021-04-12,3
Channel1,Geo12,False,2021-04-19,2021-04-19,1
Channel1,Geo12,True,2021-04-26,2021-04-26,1
Channel1,Geo12,False,2021-05-03,2021-05-03,1
Channel1,Geo12,True,2021-05-10,2021-05-24,3
Channel1,Geo12,False,2021-05-31,2021-05-31,1
Channel1,Geo12,True,2021-06-07,2021-06-14,2
Channel1,Geo12,False,2021-06-21,2021-06-21,1
Channel1,Geo12,True,2021-06-28,2021-06-28,1
Channel1,Geo12,False,2021-07-05,2021-07-19,3
Channel1,Geo12,True,2021-07-26,2021-07-26,1
Channel1,Geo12,False,2021-08-02,2021-08-16,3
Channel1,Geo12,True,2021-08-23,2021-10-18,9
Channel1,Geo12,False,2021-10-25,2021-10-25,1
Channel1,Geo12,True,2021-11-01,2021-12-20,8
Channel1,Geo12,False,2021-12-27,2021-12-27,1
Channel1,Geo12,True,2022-01-03,2022-01-17,3
Channel1,Geo12,False,2022-01-24,2022-01-24,1
Channel1,Geo12,True,2022-01-31,2022-02-14,3
Channel1,Geo12,False,2022-02-21,2022-02-28,2
Channel1,Geo12,True,2022-03-07,2022-03-21,3
Channel1,Geo12,False,2022-03-28,2022-03-28,1
Channel1,Geo12,True,2022-04-04,2022-04-04,1
Channel1,Geo12,False,2022-04-11,2022-05-02,4
Channel1,Geo12,True,2022-05-09,2022-05-09,1
Channel1,Geo12,False,2022-05-16,2022-05-16,1
Channel1,Geo12,True,2022-05-23,2022-06-27,6
Channel1,Geo12,False,2022-07-04,2022-07-04,1
Channel1,Geo12,True,2022-07-11,2022-08-01,4
Channel1,Geo12,False,2022-08-08,2022-08-15,2
Channel1,Geo12,True,2022-08-22,2022-09-05,3
Channel1,Geo12,False,2022-09-12,2022-09-26,3
Channel1,Geo12,True,2022-10-03,2023-01-16,16
Channel1,Geo12,False,2023-01-23,2023-01-23,1
Channel1,Geo12,True,2023-01-30,2023-02-06,2
Channel1,Geo12,False,2023-02-13,2023-02-20,2
Channel1,Geo12,True,2023-02-27,2023-02-27,1
Channel1,Geo12,False,2023-03-06,2023-03-06,1
Channel1,Geo12,True,2023-03-13,2023-03-13,1
Channel1,Geo12,False,2023-03-20,2023-03-20,1
Channel1,Geo12,True,2023-03-27,2023-04-10,3
Channel1,Geo12,False,2023-04-17,2023-04-17,1
Channel1,Geo12,True,2023-04-24,2023-06-12,8
Channel1,Geo12,False,2023-06-19,2023-06-19,1
Channel1,Geo12,True,2023-06-26,2023-07-03,2
Channel1,Geo12,False,2023-07-10,2023-07-10,1
Channel1,Geo12,True,2023-07-17,2023-07-17,1
Channel1,Geo12,False,2023-07-24,2023-07-31,2
Channel1,Geo12,True,2023-08-07,2023-12-04,18
Channel1,Geo12,False,2023-12-11,2023-12-18,2
Channel1,Geo12,True,2023-12-25,2024-01-08,3
Channel1,Geo12,False,2024-01-15,2024-01-15,1
Channel1,Geo13,False,2021-01-25,2021-01-25,1
Channel1,Geo13,True,2021-02-01,2021-02-01,1
Channel1,Geo13,False,2021-02-08,2021-02-08,1
Channel1,Geo13,True,2021-02-15,2021-02-22,2
Channel1,Geo13,False,2021-03-01,2021-03-08,2
Channel1,Geo13,True,2021-03-15,2021-04-12,5
Channel1,Geo13,False,2021-04-19,2021-04-19,1
Channel1,Geo13,True,2021-04-26,2021-04-26,1
Channel1,Geo13,False,2021-05-03,2021-05-03,1
Channel1,Geo13,True,2021-05-10,2021-05-31,4
Channel1,Geo13,False,2021-06-07,2021-06-07,1
Channel1,Geo13,True,2021-06-14,2021-06-21,2
Channel1,Geo13,False,2021-06-28,2021-06-28,1
Channel1,Geo13,True,2021-07-05,2021-11-01,18
Channel1,Geo13,False,2021-11-08,2021-11-08,1
Channel1,Geo13,True,2021-11-15,2022-01-24,11
Channel1,Geo13,False,2022-01-31,2022-01-31,1
Channel1,Geo13,True,2022-02-07,2022-02-21,3
Channel1,Geo13,False,2022-02-28,2022-02-28,1
Channel1,Geo13,True,2022-03-07,2022-03-07,1
Channel1,Geo13,False,2022-03-14,2022-03-28,3
Channel1,Geo13,True,2022-04-04,2022-04-04,1
Channel1,Geo13,False,2022-04-11,2022-04-18,2
Channel1,Geo13,True,2022-04-25,2022-04-25,1
Channel1,Geo13,False,2022-05-02,2022-05-02,1
Channel1,Geo13,True,2022-05-09,2022-07-18,11
Channel1,Geo13,False,2022-07-25,2022-07-25,1
Channel1,Geo13,True,2022-08-01,2022-08-01,1
Channel1,Geo13,False,2022-08-08,2022-08-08,1
Channel1,Geo13,True,2022-08-15,2022-09-19,6
Channel1,Geo13,False,2022-09-26,2022-09-26,1
Channel1,Geo13,True,2022-10-03,2022-12-26,13
Channel1,Geo13,False,2023-01-02,2023-01-02,1
Channel1,Geo13,True,2023-01-09,2023-01-09,1
Channel1,Geo13,False,2023-01-16,2023-01-16,1
Channel1,Geo13,True,2023-01-23,2023-02-13,4
Channel1,Geo13,False,2023-02-20,2023-02-20,1
Channel1,Geo13,True,2023-02-27,2023-02-27,1
Channel1,Geo13,False,2023-03-06,2023-03-13,2
Channel1,Geo13,True,2023-03-20,2023-05-22,10
Channel1,Geo13,False,2023-05-29,2023-05-29,1
Channel1,Geo13,True,2023-06-05,2023-06-05,1
Channel1,Geo13,False,2023-06-12,2023-06-19,2
Channel1,Geo13,True,2023-06-26,2023-06-26,1
Channel1,Geo13,False,2023-07-03,2023-07-17,3
Channel1,Geo13,True,2023-07-24,2023-07-31,2
Channel1,Geo13,False,2023-08-07,2023-08-07,1
Channel1,Geo13,True,2023-08-14,2023-08-21,2
Channel1,Geo13,False,2023-08-28,2023-08-28,1
Channel1,Geo13,True,2023-09-04,2023-12-04,14
Channel1,Geo13,False,2023-12-11,2023-12-11,1
Channel1,Geo13,True,2023-12-18,2024-01-01,3
Channel1,Geo13,False,2024-01-08,2024-01-08,1
Channel1,Geo13,True,2024-01-15,2024-01-15,1
Channel1,Geo14,False,2021-01-25,2021-01-25,1
Channel1,Geo14,True,2021-02-01,2021-02-08,2
Channel1,Geo14,False,2021-02-15,2021-02-15,1
Channel1,Geo14,True,2021-02-22,2021-03-01,2
Channel1,Geo14,False,2021-03-08,2021-03-08,1
Channel1,Geo14,True,2021-03-15,2021-04-26,7
Channel1,Geo14,False,2021-05-03,2021-05-03,1
Channel1,Geo14,True,2021-05-10,2021-05-24,3
Channel1,Geo14,False,2021-05-31,2021-05-31,1
Channel1,Geo14,True,2021-06-07,2021-06-07,1
Channel1,Geo14,False,2021-06-14,2021-06-14,1
Channel1,Geo14,True,2021-06-21,2021-07-05,3
Channel1,Geo14,False,2021-07-12,2021-07-12,1
Channel1,Geo14,True,2021-07-19,2021-07-19,1
Channel1,Geo14,False,2021-07-26,2021-07-26,1
Channel1,Geo14,True,2021-08-02,2021-08-09,2
Channel1,Geo14,False,2021-08-16,2021-08-16,1
Channel1,Geo14,True,2021-08-23,2021-11-01,11
Channel1,Geo14,False,2021-11-08,2021-11-08,1
Channel1,Geo14,True,2021-11-15,2021-11-22,2
Channel1,Geo14,False,2021-11-29,2021-11-29,1
Channel1,Geo14,True,2021-12-06,2022-02-14,11
Channel1,Geo14,False,2022-02-21,2022-02-21,1
Channel1,Geo14,True,2022-02-28,2022-02-28,1
Channel1,Geo14,False,2022-03-07,2022-03-07,1
Channel1,Geo14,True,2022-03-14,2022-03-28,3
Channel1,Geo14,False,2022-04-04,2022-04-25,4
Channel1,Geo14,True,2022-05-02,2022-05-02,1
Channel1,Geo14,False,2022-05-09,2022-05-09,1
Channel1,Geo14,True,2022-05-16,2022-05-23,2
Channel1,Geo14,False,2022-05-30,2022-05-30,1
Channel1,Geo14,True,2022-06-06,2022-09-05,14
Channel1,Geo14,False,2022-09-12,2022-09-12,1
Channel1,Geo14,True,2022-09-19,2022-09-19,1
Channel1,Geo14,False,2022-09-26,2022-09-26,1
Channel1,Geo14,True,2022-10-03,2022-10-17,3
Channel1,Geo14,False,2022-10-24,2022-10-24,1
Channel1,Geo14,True,2022-10-31,2022-11-07,2
Channel1,Geo14,False,2022-11-14,2022-11-14,1
Channel1,Geo14,True,2022-11-21,2022-11-21,1
Channel1,Geo14,False,2022-11-28,2022-12-05,2
Channel1,Geo14,True,2022-12-12,2023-01-23,7
Channel1,Geo14,False,2023-01-30,2023-02-06,2
Channel1,Geo14,True,2023-02-13,2023-02-13,1
Channel1,Geo14,False,2023-02-20,2023-02-20,1
Channel1,Geo14,True,2023-02-27,2023-03-13,3
Channel1,Geo14,False,2023-03-20,2023-03-20,1
Channel1,Geo14,True,2023-03-27,2023-04-24,5
Channel1,Geo14,False,2023-05-01,2023-05-08,2
Channel1,Geo14,True,2023-05-15,2023-05-15,1
Channel1,Geo14,False,2023-05-22,2023-05-22,1
Channel1,Geo14,True,2023-05-29,2023-06-05,2
Channel1,Geo14,False,2023-06-12,2023-06-19,2
Channel1,Geo14,True,2023-06-26,2023-07-17,4
Channel1,Geo14,False,2023-07-24,2023-07-31,2
Channel1,Geo14,True,2023-08-07,2023-08-07,1
Channel1,Geo14,False,2023-08-14,2023-08-14,1
Channel1,Geo14,True,2023-08-21,2023-08-21,1
Channel1,Geo14,False,2023-08-28,2023-08-28,1
Channel1,Geo14,True,2023-09-04,2023-10-16,7
Channel1,Geo14,False,2023-10-23,2023-10-23,1
Channel1,Geo14,True,2023-10-30,2023-12-18,8
Channel1,Geo14,False,2023-12-25,2023-12-25,1
Channel1,Geo14,True,2024-01-01,2024-01-15,3
Channel1,Geo15,False,2021-01-25,2021-02-01,2
Channel1,Geo15,True,2021-02-08,2021-03-01,4
Channel1,Geo15,False,2021-03-08,2021-03-22,3
Channel1,Geo15,True,2021-03-29,2021-04-19,4
Channel1,Geo15,False,2021-04-26,2021-05-03,2
Channel1,Geo15,True,2021-05-10,2021-05-17,2
Channel1,Geo15,False,2021-05-24,2021-05-24,1
Channel1,Geo15,True,2021-05-31,2021-06-21,4
Channel1,Geo15,False,2021-06-28,2021-07-05,2
Channel1,Geo15,True,2021-07-12,2021-08-09,5
Channel1,Geo15,False,2021-08-16,2021-08-16,1
Channel1,Geo15,True,2021-08-23,2021-11-01,11
Channel1,Geo15,False,2021-11-08,2021-11-08,1
Channel1,Geo15,True,2021-11-15,2021-11-29,3
Channel1,Geo15,False,2021-12-06,2021-12-06,1
Channel1,Geo15,True,2021-12-13,2021-12-20,2
Channel1,Geo15,False,2021-12-27,2021-12-27,1
Channel1,Geo15,True,2022-01-03,2022-02-14,7
Channel1,Geo15,False,2022-02-21,2022-02-21,1
Channel1,Geo15,True,2022-02-28,2022-03-21,4
Channel1,Geo15,False,2022-03-28,2022-03-28,1
Channel1,Geo15,True,2022-04-04,2022-04-18,3
Channel1,Geo15,False,2022-04-25,2022-04-25,1
Channel1,Geo15,True,2022-05-02,2022-05-02,1
Channel1,Geo15,False,2022-05-09,2022-05-09,1
Channel1,Geo15,True,2022-05-16,2022-05-23,2
Channel1,Geo15,False,2022-05-30,2022-05-30,1
Channel1,Geo15,True,2022-06-06,2022-06-06,1
Channel1,Geo15,False,2022-06-13,2022-06-20,2
Channel1,Geo15,True,2022-06-27,2022-07-11,3
Channel1,Geo15,False,2022-07-18,2022-07-25,2
Channel1,Geo15,True,2022-08-01,2022-08-08,2
Channel1,Geo15,False,2022-08-15,2022-08-15,1
Channel1,Geo15,True,2022-08-22,2022-10-03,7
Channel1,Geo15,False,2022-10-10,2022-10-10,1
Channel1,Geo15,True,2022-10-17,2022-10-24,2
Channel1,Geo15,False,2022-10-31,2022-10-31,1
Channel1,Geo15,True,2022-11-07,2023-01-16,11
Channel1,Geo15,False,2023-01-23,2023-01-23,1
Channel1,Geo15,True,2023-01-30,2023-02-27,5
Channel1,Geo15,False,2023-03-06,2023-03-06,1
Channel1,Geo15,True,2023-03-13,2023-03-20,2
Channel1,Geo15,False,2023-03-27,2023-03-27,1
Channel1,Geo15,True,2023-04-03,2023-04-24,4
Channel1,Geo15,False,2023-05-01,2023-05-08,2
Channel1,Geo15,True,2023-05-15,2023-07-17,10
Channel1,Geo15,False,2023-07-24,2023-07-24,1
Channel1,Geo15,True,2023-07-31,2023-08-21,4
Channel1,Geo15,False,2023-08-28,2023-08-28,1
Channel1,Geo15,True,2023-09-04,2023-09-18,3
Channel1,Geo15,False,2023-09-25,2023-09-25,1
Channel1,Geo15,True,2023-10-02,2023-10-16,3
Channel1,Geo15,False,2023-10-23,2023-10-23,1
Channel1,Geo15,True,2023-10-30,2023-11-06,2
Channel1,Geo15,False,2023-11-13,2023-11-13,1
Channel1,Geo15,True,2023-11-20,2023-12-18,5
Channel1,Geo15,False,2023-12-25,2023-12-25,1
Channel1,Geo15,True,2024-01-01,2024-01-08,2
Channel1,Geo15,False,2024-01-15,2024-01-15,1
Channel1,Geo16,False,2021-01-25,2021-01-25,1
Channel1,Geo16,True,2021-02-01,2021-02-01,1
Channel1,Geo16,False,2021-02-08,2021-02-08,1
Channel1,Geo16,True,2021-02-15,2021-02-22,2
Channel1,Geo16,False,2021-03-01,2021-03-08,2
Channel1,Geo16,True,2021-03-15,2021-04-05,4
Channel1,Geo16,False,2021-04-12,2021-05-03,4
Channel1,Geo16,True,2021-05-10,2021-05-17,2
Channel1,Geo16,False,2021-05-24,2021-05-31,2
Channel1,Geo16,True,2021-06-07,2021-06-14,2
Channel1,Geo16,False,2021-06-21,2021-06-21,1
Channel1,Geo16,True,2021-06-28,2021-06-28,1
Channel1,Geo16,False,2021-07-05,2021-07-12,2
Channel1,Geo16,True,2021-07-19,2021-07-26,2
Channel1,Geo16,False,2021-08-02,2021-08-16,3
Channel1,Geo16,True,2021-08-23,2021-09-20,5
Channel1,Geo16,False,2021-09-27,2021-09-27,1
Channel1,Geo16,True,2021-10-04,2021-11-22,8
Channel1,Geo16,False,2021-11-29,2021-12-06,2
Channel1,Geo16,True,2021-12-13,2022-01-10,5
Channel1,Geo16,False,2022-01-17,2022-01-17,1
Channel1,Geo16,True,2022-01-24,2022-01-24,1
Channel1,Geo16,False,2022-01-31,2022-02-07,2
Channel1,Geo16,True,2022-02-14,2022-02-28,3
Channel1,Geo16,False,2022-03-07,2022-03-07,1
Channel1,Geo16,True,2022-03-14,2022-04-11,5
Channel1,Geo16,False,2022-04-18,2022-04-18,1
Channel1,Geo16,True,2022-04-25,2022-04-25,1
Channel1,Geo16,False,2022-05-02,2022-05-02,1
Channel1,Geo16,True,2022-05-09,2022-05-09,1
Channel1,Geo16,False,2022-05-16,2022-05-16,1
Channel1,Geo16,True,2022-05-23,2022-05-23,1
Channel1,Geo16,False,2022-05-30,2022-05-30,1
Channel1,Geo16,True,2022-06-06,2022-06-27,4
Channel1,Geo16,False,2022-07-04,2022-07-11,2
Channel1,Geo16,True,2022-07-18,2022-07-18,1
Channel1,Geo16,False,2022-07-25,2022-07-25,1
Channel1,Geo16,True,2022-08-01,2022-08-01,1
Channel1,Geo16,False,2022-08-08,2022-08-29,4
Channel1,Geo16,True,2022-09-05,2022-10-10,6
Channel1,Geo16,False,2022-10-17,2022-10-17,1
Channel1,Geo16,True,2022-10-24,2023-01-23,14
Channel1,Geo16,False,2023-01-30,2023-02-06,2
Channel1,Geo16,True,2023-02-13,2023-02-27,3
Channel1,Geo16,False,2023-03-06,2023-03-27,4
Channel1,Geo16,True,2023-04-03,2023-04-10,2
Channel1,Geo16,False,2023-04-17,2023-05-15,5
Channel1,Geo16,True,2023-05-22,2023-06-12,4
Channel1,Geo16,False,2023-06-19,2023-06-19,1
Channel1,Geo16,True,2023-06-26,2023-06-26,1
Channel1,Geo16,False,2023-07-03,2023-07-10,2
Channel1,Geo16,True,2023-07-17,2023-07-17,1
Channel1,Geo16,False,2023-07-24,2023-08-07,3
Channel1,Geo16,True,2023-08-14,2023-09-25,7
Channel1,Geo16,False,2023-10-02,2023-10-02,1
Channel1,Geo16,True,2023-10-09,2023-10-23,3
Channel1,Geo16,False,2023-10-30,2023-10-30,1
Channel1,Geo16,True,2023-11-06,2023-11-20,3
Channel1,Geo16,False,2023-11-27,2023-11-27,1
Channel1,Geo16,True,2023-12-04,2023-12-04,1
Channel1,Geo16,False,2023-12-11,2023-12-11,1
Channel1,Geo16,True,2023-12-18,2023-12-18,1
Channel1,Geo16,False,2023-12-25,2023-12-25,1
Channel1,Geo16,True,2024-01-01,2024-01-01,1
Channel1,Geo16,False,2024-01-08,2024-01-08,1
Channel1,Geo16,True,2024-01-15,2024-01-15,1
Channel1,Geo17,True,2021-01-25,2021-02-08,3
Channel1,Geo17,False,2021-02-15,2021-02-15,1
Channel1,Geo17,True,2021-02-22,2021-03-01,2
Channel1,Geo17,False,2021-03-08,2021-03-15,2
Channel1,Geo17,True,2021-03-22,2021-04-12,4
Channel1,Geo17,False,2021-04-19,2021-04-19,1
Channel1,Geo17,True,2021-04-26,2021-04-26,1
Channel1,Geo17,False,2021-05-03,2021-05-03,1
Channel1,Geo17,True,2021-05-10,2021-05-17,2
Channel1,Geo17,False,2021-05-24,2021-05-24,1
Channel1,Geo17,True,2021-05-31,2021-06-14,3
Channel1,Geo17,False,2021-06-21,2021-06-21,1
Channel1,Geo17,True,2021-06-28,2021-06-28,1
Channel1,Geo17,False,2021-07-05,2021-07-05,1
Channel1,Geo17,True,2021-07-12,2021-09-20,11
Channel1,Geo17,False,2021-09-27,2021-09-27,1
Channel1,Geo17,True,2021-10-04,2021-12-20,12
Channel1,Geo17,False,2021-12-27,2021-12-27,1
Channel1,Geo17,True,2022-01-03,2022-01-03,1
Channel1,Geo17,False,2022-01-10,2022-01-17,2
Channel1,Geo17,True,2022-01-24,2022-02-07,3
Channel1,Geo17,False,2022-02-14,2022-02-21,2
Channel1,Geo17,True,2022-02-28,2022-03-21,4
Channel1,Geo17,False,2022-03-28,2022-03-28,1
Channel1,Geo17,True,2022-04-04,2022-04-11,2
Channel1,Geo17,False,2022-04-18,2022-04-18,1
Channel1,Geo17,True,2022-04-25,2022-06-27,10
Channel1,Geo17,False,2022-07-04,2022-07-11,2
Channel1,Geo17,True,2022-07-18,2022-08-01,3
Channel1,Geo17,False,2022-08-08,2022-08-08,1
Channel1,Geo17,True,2022-08-15,2022-09-19,6
Channel1,Geo17,False,2022-09-26,2022-09-26,1
Channel1,Geo17,True,2022-10-03,2022-10-03,1
Channel1,Geo17,False,2022-10-10,2022-10-17,2
Channel1,Geo17,True,2022-10-24,2022-11-07,3
Channel1,Geo17,False,2022-11-14,2022-11-14,1
Channel1,Geo17,True,2022-11-21,2022-11-21,1
Channel1,Geo17,False,2022-11-28,2022-11-28,1
Channel1,Geo17,True,2022-12-05,2022-12-12,2
Channel1,Geo17,False,2022-12-19,2022-12-19,1
Channel1,Geo17,True,2022-12-26,2023-01-16,4
Channel1,Geo17,False,2023-01-23,2023-01-23,1
Channel1,Geo17,True,2023-01-30,2023-01-30,1
Channel1,Geo17,False,2023-02-06,2023-02-06,1
Channel1,Geo17,True,2023-02-13,2023-02-27,3
Channel1,Geo17,False,2023-03-06,2023-03-06,1
Channel1,Geo17,True,2023-03-13,2023-03-13,1
Channel1,Geo17,False,2023-03-20,2023-03-27,2
Channel1,Geo17,True,2023-04-03,2023-04-17,3
Channel1,Geo17,False,2023-04-24,2023-04-24,1
Channel1,Geo17,True,2023-05-01,2023-05-15,3
Channel1,Geo17,False,2023-05-22,2023-05-22,1
Channel1,Geo17,True,2023-05-29,2023-06-05,2
Channel1,Geo17,False,2023-06-12,2023-06-12,1
Channel1,Geo17,True,2023-06-19,2023-06-26,2
Channel1,Geo17,False,2023-07-03,2023-07-03,1
Channel1,Geo17,True,2023-07-10,2023-08-07,5
Channel1,Geo17,False,2023-08-14,2023-08-14,1
Channel1,Geo17,True,2023-08-21,2023-09-18,5
Channel1,Geo17,False,2023-09-25,2023-09-25,1
Channel1,Geo17,True,2023-10-02,2023-12-25,13
Channel1,Geo17,False,2024-01-01,2024-01-01,1
Channel1,Geo17,True,2024-01-08,2024-01-15,2
Channel1,Geo18,False,2021-01-25,2021-01-25,1
Channel1,Geo18,True,2021-02-01,2021-02-15,3
Channel1,Geo18,False,2021-02-22,2021-02-22,1
Channel1,Geo18,True,2021-03-01,2021-03-15,3
Channel1,Geo18,False,2021-03-22,2021-03-29,2
Channel1,Geo18,True,2021-04-05,2021-04-19,3
Channel1,Geo18,False,2021-04-26,2021-04-26,1
Channel1,Geo18,True,2021-05-03,2021-05-17,3
Channel1,Geo18,False,2021-05-24,2021-05-24,1
Channel1,Geo18,True,2021-05-31,2021-06-07,2
Channel1,Geo18,False,2021-06-14,2021-06-14,1
Channel1,Geo18,True,2021-06-21,2021-06-21,1
Channel1,Geo18,False,2021-06-28,2021-06-28,1
Channel1,Geo18,True,2021-07-05,2021-07-12,2
Channel1,Geo18,False,2021-07-19,2021-07-19,1
Channel1,Geo18,True,2021-07-26,2021-08-30,6
Channel1,Geo18,False,2021-09-06,2021-09-06,1
Channel1,Geo18,True,2021-09-13,2021-09-13,1
Channel1,Geo18,False,2021-09-20,2021-09-20,1
Channel1,Geo18,True,2021-09-27,2021-10-18,4
Channel1,Geo18,False,2021-10-25,2021-10-25,1
Channel1,Geo18,True,2021-11-01,2021-12-13,7
Channel1,Geo18,False,2021-12-20,2021-12-27,2
Channel1,Geo18,True,2022-01-03,2022-02-14,7
Channel1,Geo18,False,2022-02-21,2022-02-21,1
Channel1,Geo18,True,2022-02-28,2022-03-14,3
Channel1,Geo18,False,2022-03-21,2022-03-28,2
Channel1,Geo18,True,2022-04-04,2022-04-11,2
Channel1,Geo18,False,2022-04-18,2022-04-18,1
Channel1,Geo18,True,2022-04-25,2022-04-25,1
Channel1,Geo18,False,2022-05-02,2022-05-09,2
Channel1,Geo18,True,2022-05-16,2022-05-23,2
Channel1,Geo18,False,2022-05-30,2022-05-30,1
Channel1,Geo18,True,2022-06-06,2022-06-13,2
Channel1,Geo18,False,2022-06-20,2022-06-27,2
Channel1,Geo18,True,2022-07-04,2022-08-01,5
Channel1,Geo18,False,2022-08-08,2022-08-15,2
Channel1,Geo18,True,2022-08-22,2022-09-05,3
Channel1,Geo18,False,2022-09-12,2022-09-26,3
Channel1,Geo18,True,2022-10-03,2022-10-10,2
Channel1,Geo18,False,2022-10-17,2022-10-24,2
Channel1,Geo18,True,2022-10-31,2022-10-31,1
Channel1,Geo18,False,2022-11-07,2022-11-07,1
Channel1,Geo18,True,2022-11-14,2023-01-23,11
Channel1,Geo18,False,2023-01-30,2023-01-30,1
Channel1,Geo18,True,2023-02-06,2023-02-13,2
Channel1,Geo18,False,2023-02-20,2023-02-20,1
Channel1,Geo18,True,2023-02-27,2023-02-27,1
Channel1,Geo18,False,2023-03-06,2023-03-06,1
Channel1,Geo18,True,2023-03-13,2023-03-13,1
Channel1,Geo18,False,2023-03-20,2023-03-20,1
Channel1,Geo18,True,2023-03-27,2023-05-01,6
Channel1,Geo18,False,2023-05-08,2023-05-08,1
Channel1,Geo18,True,2023-05-15,2023-05-15,1
Channel1,Geo18,False,2023-05-22,2023-05-22,1
Channel1,Geo18,True,2023-05-29,2023-06-05,2
Channel1,Geo18,False,2023-06-12,2023-06-12,1
Channel1,Geo18,True,2023-06-19,2023-06-26,2
Channel1,Geo18,False,2023-07-03,2023-07-03,1
Channel1,Geo18,True,2023-07-10,2023-07-24,3
Channel1,Geo18,False,2023-07-31,2023-08-07,2
Channel1,Geo18,True,2023-08-14,2023-08-14,1
Channel1,Geo18,False,2023-08-21,2023-08-28,2
Channel1,Geo18,True,2023-09-04,2023-10-16,7
Channel1,Geo18,False,2023-10-23,2023-10-23,1
Channel1,Geo18,True,2023-10-30,2024-01-15,12
Channel1,Geo19,True,2021-01-25,2021-02-15,4
Channel1,Geo19,False,2021-02-22,2021-02-22,1
Channel1,Geo19,True,2021-03-01,2021-03-08,2
Channel1,Geo19,False,2021-03-15,2021-03-15,1
Channel1,Geo19,True,2021-03-22,2021-04-26,6
Channel1,Geo19,False,2021-05-03,2021-05-03,1
Channel1,Geo19,True,2021-05-10,2021-06-21,7
Channel1,Geo19,False,2021-06-28,2021-07-05,2
Channel1,Geo19,True,2021-07-12,2021-08-02,4
Channel1,Geo19,False,2021-08-09,2021-08-09,1
Channel1,Geo19,True,2021-08-16,2021-09-20,6
Channel1,Geo19,False,2021-09-27,2021-09-27,1
Channel1,Geo19,True,2021-10-04,2021-11-22,8
Channel1,Geo19,False,2021-11-29,2021-12-06,2
Channel1,Geo19,True,2021-12-13,2021-12-20,2
Channel1,Geo19,False,2021-12-27,2021-12-27,1
Channel1,Geo19,True,2022-01-03,2022-01-03,1
Channel1,Geo19,False,2022-01-10,2022-01-10,1
Channel1,Geo19,True,2022-01-17,2022-01-31,3
Channel1,Geo19,False,2022-02-07,2022-02-07,1
Channel1,Geo19,True,2022-02-14,2022-03-14,5
Channel1,Geo19,False,2022-03-21,2022-03-28,2
Channel1,Geo19,True,2022-04-04,2022-04-11,2
Channel1,Geo19,False,2022-04-18,2022-04-25,2
Channel1,Geo19,True,2022-05-02,2022-05-02,1
Channel1,Geo19,False,2022-05-09,2022-05-09,1
Channel1,Geo19,True,2022-05-16,2022-05-16,1
Channel1,Geo19,False,2022-05-23,2022-05-23,1
Channel1,Geo19,True,2022-05-30,2022-07-18,8
Channel1,Geo19,False,2022-07-25,2022-07-25,1
Channel1,Geo19,True,2022-08-01,2022-08-01,1
Channel1,Geo19,False,2022-08-08,2022-08-08,1
Channel1,Geo19,True,2022-08-15,2022-09-19,6
Channel1,Geo19,False,2022-09-26,2022-09-26,1
Channel1,Geo19,True,2022-10-03,2022-11-21,8
Channel1,Geo19,False,2022-11-28,2022-11-28,1
Channel1,Geo19,True,2022-12-05,2022-12-12,2
Channel1,Geo19,False,2022-12-19,2022-12-26,2
Channel1,Geo19,True,2023-01-02,2023-02-20,8
Channel1,Geo19,False,2023-02-27,2023-02-27,1
Channel1,Geo19,True,2023-03-06,2023-03-13,2
Channel1,Geo19,False,2023-03-20,2023-03-20,1
Channel1,Geo19,True,2023-03-27,2023-06-05,11
Channel1,Geo19,False,2023-06-12,2023-06-12,1
Channel1,Geo19,True,2023-06-19,2023-06-26,2
Channel1,Geo19,False,2023-07-03,2023-07-03,1
Channel1,Geo19,True,2023-07-10,2023-08-21,7
Channel1,Geo19,False,2023-08-28,2023-08-28,1
Channel1,Geo19,True,2023-09-04,2023-09-18,3
Channel1,Geo19,False,2023-09-25,2023-09-25,1
Channel1,Geo19,True,2023-10-02,2023-10-09,2
Channel1,Geo19,False,2023-10-16,2023-10-23,2
Channel1,Geo19,True,2023-10-30,2023-10-30,1
Channel1,Geo19,False,2023-11-06,2023-11-13,2
Channel1,Geo19,True,2023-11-20,2023-12-04,3
Channel1,Geo19,False,2023-12-11,2023-12-18,2
Channel1,Geo19,True,2023-12-25,2024-01-08,3
Channel1,Geo19,False,2024-01-15,2024-01-15,1
Channel1,Geo2,False,2021-01-25,2021-01-25,1
Channel1,Geo2,True,2021-02-01,2021-02-08,2
Channel1,Geo2,False,2021-02-15,2021-02-15,1
Channel1,Geo2,True,2021-02-22,2021-03-01,2
Channel1,Geo2,False,2021-03-08,2021-03-08,1
Channel1,Geo2,True,2021-03-15,2021-03-22,2
Channel1,Geo2,False,2021-03-29,2021-03-29,1
Channel1,Geo2,True,2021-04-05,2021-04-12,2
Channel1,Geo2,False,2021-04-19,2021-04-19,1
Channel1,Geo2,True,2021-04-26,2021-04-26,1
Channel1,Geo2,False,2021-05-03,2021-05-03,1
Channel1,Geo2,True,2021-05-10,2021-05-17,2
Channel1,Geo2,False,2021-05-24,2021-05-24,1
Channel1,Geo2,True,2021-05-31,2021-06-21,4
Channel1,Geo2,False,2021-06-28,2021-07-05,2
Channel1,Geo2,True,2021-07-12,2021-07-12,1
Channel1,Geo2,False,2021-07-19,2021-07-26,2
Channel1,Geo2,True,2021-08-02,2021-08-16,3
Channel1,Geo2,False,2021-08-23,2021-08-23,1
Channel1,Geo2,True,2021-08-30,2021-08-30,1
Channel1,Geo2,False,2021-09-06,2021-09-06,1
Channel1,Geo2,True,2021-09-13,2021-09-20,2
Channel1,Geo2,False,2021-09-27,2021-10-11,3
Channel1,Geo2,True,2021-10-18,2021-10-18,1
Channel1,Geo2,False,2021-10-25,2021-11-01,2
Channel1,Geo2,True,2021-11-08,2021-12-27,8
Channel1,Geo2,False,2022-01-03,2022-01-03,1
Channel1,Geo2,True,2022-01-10,2022-01-10,1
Channel1,Geo2,False,2022-01-17,2022-01-17,1
Channel1,Geo2,True,2022-01-24,2022-02-28,6
Channel1,Geo2,False,2022-03-07,2022-03-14,2
Channel1,Geo2,True,2022-03-21,2022-03-21,1
Channel1,Geo2,False,2022-03-28,2022-03-28,1
Channel1,Geo2,True,2022-04-04,2022-05-02,5
Channel1,Geo2,False,2022-05-09,2022-05-16,2
Channel1,Geo2,True,2022-05-23,2022-05-23,1
Channel1,Geo2,False,2022-05-30,2022-05-30,1
Channel1,Geo2,True,2022-06-06,2022-06-27,4
Channel1,Geo2,False,2022-07-04,2022-07-04,1
Channel1,Geo2,True,2022-07-11,2022-07-11,1
Channel1,Geo2,False,2022-07-18,2022-07-18,1
Channel1,Geo2,True,2022-07-25,2022-08-29,6
Channel1,Geo2,False,2022-09-05,2022-09-05,1
Channel1,Geo2,True,2022-09-12,2022-09-12,1
Channel1,Geo2,False,2022-09-19,2022-09-19,1
Channel1,Geo2,True,2022-09-26,2022-12-05,11
Channel1,Geo2,False,2022-12-12,2022-12-19,2
Channel1,Geo2,True,2022-12-26,2022-12-26,1
Channel1,Geo2,False,2023-01-02,2023-01-02,1
Channel1,Geo2,True,2023-01-09,2023-01-09,1
Channel1,Geo2,False,2023-01-16,2023-01-23,2
Channel1,Geo2,True,2023-01-30,2023-02-20,4
Channel1,Geo2,False,2023-02-27,2023-03-06,2
Channel1,Geo2,True,2023-03-13,2023-03-13,1
Channel1,Geo2,False,2023-03-20,2023-03-20,1
Channel1,Geo2,True,2023-03-27,2023-04-24,5
Channel1,Geo2,False,2023-05-01,2023-05-01,1
Channel1,Geo2,True,2023-05-08,2023-05-29,4
Channel1,Geo2,False,2023-06-05,2023-06-12,2
Channel1,Geo2,True,2023-06-19,2023-06-26,2
Channel1,Geo2,False,2023-07-03,2023-07-03,1
Channel1,Geo2,True,2023-07-10,2023-07-31,4
Channel1,Geo2,False,2023-08-07,2023-08-07,1
Channel1,Geo2,True,2023-08-14,2023-08-21,2
Channel1,Geo2,False,2023-08-28,2023-08-28,1
Channel1,Geo2,True,2023-09-04,2023-09-11,2
Channel1,Geo2,False,2023-09-18,2023-10-02,3
Channel1,Geo2,True,2023-10-09,2023-10-09,1
Channel1,Geo2,False,2023-10-16,2023-10-16,1
Channel1,Geo2,True,2023-10-23,2023-12-25,10
Channel1,Geo2,False,2024-01-01,2024-01-01,1
Channel1,Geo2,True,2024-01-08,2024-01-08,1
Channel1,Geo2,False,2024-01-15,2024-01-15,1
Channel1,Geo20,False,2021-01-25,2021-01-25,1
Channel1,Geo20,True,2021-02-01,2021-02-08,2
Channel1,Geo20,False,2021-02-15,2021-02-22,2
Channel1,Geo20,True,2021-03-01,2021-03-01,1
Channel1,Geo20,False,2021-03-08,2021-03-08,1
Channel1,Geo20,True,2021-03-15,2021-04-05,4
Channel1,Geo20,False,2021-04-12,2021-04-19,2
Channel1,Geo20,True,2021-04-26,2021-05-24,5
Channel1,Geo20,False,2021-05-31,2021-05-31,1
Channel1,Geo20,True,2021-06-07,2021-08-02,9
Channel1,Geo20,False,2021-08-09,2021-08-09,1
Channel1,Geo20,True,2021-08-16,2021-08-30,3
Channel1,Geo20,False,2021-09-06,2021-09-06,1
Channel1,Geo20,True,2021-09-13,2021-09-13,1
Channel1,Geo20,False,2021-09-20,2021-10-04,3
Channel1,Geo20,True,2021-10-11,2021-10-11,1
Channel1,Geo20,False,2021-10-18,2021-10-18,1
Channel1,Geo20,True,2021-10-25,2021-10-25,1
Channel1,Geo20,False,2021-11-01,2021-11-08,2
Channel1,Geo20,True,2021-11-15,2021-11-29,3
Channel1,Geo20,False,2021-12-06,2021-12-06,1
Channel1,Geo20,True,2021-12-13,2021-12-20,2
Channel1,Geo20,False,2021-12-27,2022-01-03,2
Channel1,Geo20,True,2022-01-10,2022-01-24,3
Channel1,Geo20,False,2022-01-31,2022-01-31,1
Channel1,Geo20,True,2022-02-07,2022-03-21,7
Channel1,Geo20,False,2022-03-28,2022-03-28,1
Channel1,Geo20,True,2022-04-04,2022-04-11,2
Channel1,Geo20,False,2022-04-18,2022-04-25,2
Channel1,Geo20,True,2022-05-02,2022-05-09,2
Channel1,Geo20,False,2022-05-16,2022-05-16,1
Channel1,Geo20,True,2022-05-23,2022-07-11,8
Channel1,Geo20,False,2022-07-18,2022-07-18,1
Channel1,Geo20,True,2022-07-25,2022-08-08,3
Channel1,Geo20,False,2022-08-15,2022-08-15,1
Channel1,Geo20,True,2022-08-22,2022-09-05,3
Channel1,Geo20,False,2022-09-12,2022-09-12,1
Channel1,Geo20,True,2022-09-19,2022-09-19,1
Channel1,Geo20,False,2022-09-26,2022-09-26,1
Channel1,Geo20,True,2022-10-03,2022-10-10,2
Channel1,Geo20,False,2022-10-17,2022-10-17,1
Channel1,Geo20,True,2022-10-24,2023-01-09,12
Channel1,Geo20,False,2023-01-16,2023-01-23,2
Channel1,Geo20,True,2023-01-30,2023-02-13,3
Channel1,Geo20,False,2023-02-20,2023-03-06,3
Channel1,Geo20,True,2023-03-13,2023-03-13,1
Channel1,Geo20,False,2023-03-20,2023-03-27,2
Channel1,Geo20,True,2023-04-03,2023-04-10,2
Channel1,Geo20,False,2023-04-17,2023-04-17,1
Channel1,Geo20,True,2023-04-24,2023-05-01,2
Channel1,Geo20,False,2023-05-08,2023-05-08,1
Channel1,Geo20,True,2023-05-15,2023-05-15,1
Channel1,Geo20,False,2023-05-22,2023-06-19,5
Channel1,Geo20,True,2023-06-26,2023-06-26,1
Channel1,Geo20,False,2023-07-03,2023-07-03,1
Channel1,Geo20,True,2023-07-10,2023-07-10,1
Channel1,Geo20,False,2023-07-17,2023-07-17,1
Channel1,Geo20,True,2023-07-24,2023-07-24,1
Channel1,Geo20,False,2023-07-31,2023-07-31,1
Channel1,Geo20,True,2023-08-07,2023-08-21,3
Channel1,Geo20,False,2023-08-28,2023-08-28,1
Channel1,Geo20,True,2023-09-04,2023-09-11,2
Channel1,Geo20,False,2023-09-18,2023-09-18,1
Channel1,Geo20,True,2023-09-25,2023-11-06,7
Channel1,Geo20,False,2023-11-13,2023-11-13,1
Channel1,Geo20,True,2023-11-20,2024-01-01,7
Channel1,Geo20,False,2024-01-08,2024-01-15,2
Channel1,Geo21,False,2021-01-25,2021-01-25,1
Channel1,Geo21,True,2021-02-01,2021-04-05,10
Channel1,Geo21,False,2021-04-12,2021-04-19,2
Channel1,Geo21,True,2021-04-26,2021-04-26,1
Channel1,Geo21,False,2021-05-03,2021-05-10,2
Channel1,Geo21,True,2021-05-17,2021-06-28,7
Channel1,Geo21,False,2021-07-05,2021-07-05,1
Channel1,Geo21,True,2021-07-12,2021-08-02,4
Channel1,Geo21,False,2021-08-09,2021-08-23,3
Channel1,Geo21,True,2021-08-30,2021-08-30,1
Channel1,Geo21,False,2021-09-06,2021-09-06,1
Channel1,Geo21,True,2021-09-13,2021-10-11,5
Channel1,Geo21,False,2021-10-18,2021-10-18,1
Channel1,Geo21,True,2021-10-25,2021-11-01,2
Channel1,Geo21,False,2021-11-08,2021-11-08,1
Channel1,Geo21,True,2021-11-15,2021-11-29,3
Channel1,Geo21,False,2021-12-06,2021-12-06,1
Channel1,Geo21,True,2021-12-13,2021-12-13,1
Channel1,Geo21,False,2021-12-20,2021-12-27,2
Channel1,Geo21,True,2022-01-03,2022-01-10,2
Channel1,Geo21,False,2022-01-17,2022-01-17,1
Channel1,Geo21,True,2022-01-24,2022-02-14,4
Channel1,Geo21,False,2022-02-21,2022-02-21,1
Channel1,Geo21,True,2022-02-28,2022-02-28,1
Channel1,Geo21,False,2022-03-07,2022-03-07,1
Channel1,Geo21,True,2022-03-14,2022-03-14,1
Channel1,Geo21,False,2022-03-21,2022-03-28,2
Channel1,Geo21,True,2022-04-04,2022-04-11,2
Channel1,Geo21,False,2022-04-18,2022-04-18,1
Channel1,Geo21,True,2022-04-25,2022-04-25,1
Channel1,Geo21,False,2022-05-02,2022-05-02,1
Channel1,Geo21,True,2022-05-09,2022-05-09,1
Channel1,Geo21,False,2022-05-16,2022-05-16,1
Channel1,Geo21,True,2022-05-23,2022-05-30,2
Channel1,Geo21,False,2022-06-06,2022-06-06,1
Channel1,Geo21,True,2022-06-13,2022-10-17,19
Channel1,Geo21,False,2022-10-24,2022-10-24,1
Channel1,Geo21,True,2022-10-31,2022-10-31,1
Channel1,Geo21,False,2022-11-07,2022-11-07,1
Channel1,Geo21,True,2022-11-14,2022-11-14,1
Channel1,Geo21,False,2022-11-21,2022-11-21,1
Channel1,Geo21,True,2022-11-28,2022-12-19,4
Channel1,Geo21,False,2022-12-26,2022-12-26,1
Channel1,Geo21,True,2023-01-02,2023-01-09,2
Channel1,Geo21,False,2023-01-16,2023-01-30,3
Channel1,Geo21,True,2023-02-06,2023-02-27,4
Channel1,Geo21,False,2023-03-06,2023-03-06,1
Channel1,Geo21,True,2023-03-13,2023-03-27,3
Channel1,Geo21,False,2023-04-03,2023-04-03,1
Channel1,Geo21,True,2023-04-10,2023-04-10,1
Channel1,Geo21,False,2023-04-17,2023-05-01,3
Channel1,Geo21,True,2023-05-08,2023-05-08,1
Channel1,Geo21,False,2023-05-15,2023-05-15,1
Channel1,Geo21,True,2023-05-22,2023-06-05,3
Channel1,Geo21,False,2023-06-12,2023-06-12,1
Channel1,Geo21,True,2023-06-19,2023-06-26,2
Channel1,Geo21,False,2023-07-03,2023-07-10,2
Channel1,Geo21,True,2023-07-17,2023-08-07,4
Channel1,Geo21,False,2023-08-14,2023-08-14,1
Channel1,Geo21,True,2023-08-21,2023-08-21,1
Channel1,Geo21,False,2023-08-28,2023-08-28,1
Channel1,Geo21,True,2023-09-04,2023-10-16,7
Channel1,Geo21,False,2023-10-23,2023-10-30,2
Channel1,Geo21,True,2023-11-06,2023-12-04,5
Channel1,Geo21,False,2023-12-11,2023-12-11,1
Channel1,Geo21,True,2023-12-18,2023-12-18,1
Channel1,Geo21,False,2023-12-25,2023-12-25,1
Channel1,Geo21,True,2024-01-01,2024-01-08,2
Channel1,Geo21,False,2024-01-15,2024-01-15,1
Channel1,Geo22,True,2021-01-25,2021-02-01,2
Channel1,Geo22,False,2021-02-08,2021-02-08,1
Channel1,Geo22,True,2021-02-15,2021-02-15,1
Channel1,Geo22,False,2021-02-22,2021-03-22,5
Channel1,Geo22,True,2021-03-29,2021-04-26,5
Channel1,Geo22,False,2021-05-03,2021-05-03,1
Channel1,Geo22,True,2021-05-10,2021-05-17,2
Channel1,Geo22,False,2021-05-24,2021-05-24,1
Channel1,Geo22,True,2021-05-31,2021-06-21,4
Channel1,Geo22,False,2021-06-28,2021-07-12,3
Channel1,Geo22,True,2021-07-19,2021-08-02,3
Channel1,Geo22,False,2021-08-09,2021-08-09,1
Channel1,Geo22,True,2021-08-16,2021-09-27,7
Channel1,Geo22,False,2021-10-04,2021-10-04,1
Channel1,Geo22,True,2021-10-11,2021-11-01,4
Channel1,Geo22,False,2021-11-08,2021-11-08,1
Channel1,Geo22,True,2021-11-15,2021-12-20,6
Channel1,Geo22,False,2021-12-27,2021-12-27,1
Channel1,Geo22,True,2022-01-03,2022-01-03,1
Channel1,Geo22,False,2022-01-10,2022-01-17,2
Channel1,Geo22,True,2022-01-24,2022-01-24,1
Channel1,Geo22,False,2022-01-31,2022-02-21,4
Channel1,Geo22,True,2022-02-28,2022-03-28,5
Channel1,Geo22,False,2022-04-04,2022-04-04,1
Channel1,Geo22,True,2022-04-11,2022-04-11,1
Channel1,Geo22,False,2022-04-18,2022-04-25,2
Channel1,Geo22,True,2022-05-02,2022-05-09,2
Channel1,Geo22,False,2022-05-16,2022-06-13,5
Channel1,Geo22,True,2022-06-20,2022-08-08,8
Channel1,Geo22,False,2022-08-15,2022-08-15,1
Channel1,Geo22,True,2022-08-22,2022-09-12,4
Channel1,Geo22,False,2022-09-19,2022-09-26,2
Channel1,Geo22,True,2022-10-03,2022-10-17,3
Channel1,Geo22,False,2022-10-24,2022-10-24,1
Channel1,Geo22,True,2022-10-31,2022-11-07,2
Channel1,Geo22,False,2022-11-14,2022-11-14,1
Channel1,Geo22,True,2022-11-21,2022-11-28,2
Channel1,Geo22,False,2022-12-05,2022-12-05,1
Channel1,Geo22,True,2022-12-12,2022-12-19,2
Channel1,Geo22,False,2022-12-26,2022-12-26,1
Channel1,Geo22,True,2023-01-02,2023-01-02,1
Channel1,Geo22,False,2023-01-09,2023-01-09,1
Channel1,Geo22,True,2023-01-16,2023-01-16,1
Channel1,Geo22,False,2023-01-23,2023-01-30,2
Channel1,Geo22,True,2023-02-06,2023-02-06,1
Channel1,Geo22,False,2023-02-13,2023-02-13,1
Channel1,Geo22,True,2023-02-20,2023-03-13,4
Channel1,Geo22,False,2023-03-20,2023-03-20,1
Channel1,Geo22,True,2023-03-27,2023-04-24,5
Channel1,Geo22,False,2023-05-01,2023-05-01,1
Channel1,Geo22,True,2023-05-08,2023-05-22,3
Channel1,Geo22,False,2023-05-29,2023-05-29,1
Channel1,Geo22,True,2023-06-05,2023-06-05,1
Channel1,Geo22,False,2023-06-12,2023-06-19,2
Channel1,Geo22,True,2023-06-26,2023-07-17,4
Channel1,Geo22,False,2023-07-24,2023-07-24,1
Channel1,Geo22,True,2023-07-31,2023-08-21,4
Channel1,Geo22,False,2023-08-28,2023-08-28,1
Channel1,Geo22,True,2023-09-04,2023-09-18,3
Channel1,Geo22,False,2023-09-25,2023-09-25,1
Channel1,Geo22,True,2023-10-02,2023-12-04,10
Channel1,Geo22,False,2023-12-11,2023-12-11,1
Channel1,Geo22,True,2023-12-18,2024-01-15,5
Channel1,Geo23,True,2021-01-25,2021-02-15,4
Channel1,Geo23,False,2021-02-22,2021-02-22,1
Channel1,Geo23,True,2021-03-01,2021-03-08,2
Channel1,Geo23,False,2021-03-15,2021-03-15,1
Channel1,Geo23,True,2021-03-22,2021-04-19,5
Channel1,Geo23,False,2021-04-26,2021-04-26,1
Channel1,Geo23,True,2021-05-03,2021-05-17,3
Channel1,Geo23,False,2021-05-24,2021-05-24,1
Channel1,Geo23,True,2021-05-31,2021-06-21,4
Channel1,Geo23,False,2021-06-28,2021-06-28,1
Channel1,Geo23,True,2021-07-05,2021-10-25,17
Channel1,Geo23,False,2021-11-01,2021-11-08,2
Channel1,Geo23,True,2021-11-15,2022-01-10,9
Channel1,Geo23,False,2022-01-17,2022-01-17,1
Channel1,Geo23,True,2022-01-24,2022-02-14,4
Channel1,Geo23,False,2022-02-21,2022-02-21,1
Channel1,Geo23,True,2022-02-28,2022-02-28,1
Channel1,Geo23,False,2022-03-07,2022-03-14,2
Channel1,Geo23,True,2022-03-21,2022-03-21,1
Channel1,Geo23,False,2022-03-28,2022-03-28,1
Channel1,Geo23,True,2022-04-04,2022-04-11,2
Channel1,Geo23,False,2022-04-18,2022-04-18,1
Channel1,Geo23,True,2022-04-25,2022-04-25,1
Channel1,Geo23,False,2022-05-02,2022-05-09,2
Channel1,Geo23,True,2022-05-16,2022-05-30,3
Channel1,Geo23,False,2022-06-06,2022-06-06,1
Channel1,Geo23,True,2022-06-13,2022-06-27,3
Channel1,Geo23,False,2022-07-04,2022-07-04,1
Channel1,Geo23,True,2022-07-11,2022-07-25,3
Channel1,Geo23,False,2022-08-01,2022-08-15,3
Channel1,Geo23,True,2022-08-22,2022-09-12,4
Channel1,Geo23,False,2022-09-19,2022-09-19,1
Channel1,Geo23,True,2022-09-26,2023-01-02,15
Channel1,Geo23,False,2023-01-09,2023-01-16,2
Channel1,Geo23,True,2023-01-23,2023-02-27,6
Channel1,Geo23,False,2023-03-06,2023-03-06,1
Channel1,Geo23,True,2023-03-13,2023-03-13,1
Channel1,Geo23,False,2023-03-20,2023-03-27,2
Channel1,Geo23,True,2023-04-03,2023-04-10,2
Channel1,Geo23,False,2023-04-17,2023-04-17,1
Channel1,Geo23,True,2023-04-24,2023-04-24,1
Channel1,Geo23,False,2023-05-01,2023-05-01,1
Channel1,Geo23,True,2023-05-08,2023-05-22,3
Channel1,Geo23,False,2023-05-29,2023-05-29,1
Channel1,Geo23,True,2023-06-05,2023-06-05,1
Channel1,Geo23,False,2023-06-12,2023-06-12,1
Channel1,Geo23,True,2023-06-19,2023-07-03,3
Channel1,Geo23,False,2023-07-10,2023-07-10,1
Channel1,Geo23,True,2023-07-17,2023-07-24,2
Channel1,Geo23,False,2023-07-31,2023-08-07,2
Channel1,Geo23,True,2023-08-14,2023-09-04,4
Channel1,Geo23,False,2023-09-11,2023-09-11,1
Channel1,Geo23,True,2023-09-18,2023-10-16,5
Channel1,Geo23,False,2023-10-23,2023-10-30,2
Channel1,Geo23,True,2023-11-06,2023-11-20,3
Channel1,Geo23,False,2023-11-27,2023-11-27,1
Channel1,Geo23,True,2023-12-04,2023-12-04,1
Channel1,Geo23,False,2023-12-11,2023-12-11,1
Channel1,Geo23,True,2023-12-18,2023-12-25,2
Channel1,Geo23,False,2024-01-01,2024-01-01,1
Channel1,Geo23,True,2024-01-08,2024-01-15,2
Channel1,Geo24,True,2021-01-25,2021-03-01,6
Channel1,Geo24,False,2021-03-08,2021-03-08,1
Channel1,Geo24,True,2021-03-15,2021-04-26,7
Channel1,Geo24,False,2021-05-03,2021-05-10,2
Channel1,Geo24,True,2021-05-17,2021-05-17,1
Channel1,Geo24,False,2021-05-24,2021-05-24,1
Channel1,Geo24,True,2021-05-31,2021-06-28,5
Channel1,Geo24,False,2021-07-05,2021-07-12,2
Channel1,Geo24,True,2021-07-19,2021-08-02,3
Channel1,Geo24,False,2021-08-09,2021-08-09,1
Channel1,Geo24,True,2021-08-16,2021-08-30,3
Channel1,Geo24,False,2021-09-06,2021-09-06,1
Channel1,Geo24,True,2021-09-13,2021-09-13,1
Channel1,Geo24,False,2021-09-20,2021-09-20,1
Channel1,Geo24,True,2021-09-27,2021-09-27,1
Channel1,Geo24,False,2021-10-04,2021-10-04,1
Channel1,Geo24,True,2021-10-11,2021-10-18,2
Channel1,Geo24,False,2021-10-25,2021-10-25,1
Channel1,Geo24,True,2021-11-01,2021-11-29,5
Channel1,Geo24,False,2021-12-06,2021-12-06,1
Channel1,Geo24,True,2021-12-13,2021-12-20,2
Channel1,Geo24,False,2021-12-27,2021-12-27,1
Channel1,Geo24,True,2022-01-03,2022-01-03,1
Channel1,Geo24,False,2022-01-10,2022-01-10,1
Channel1,Geo24,True,2022-01-17,2022-01-24,2
Channel1,Geo24,False,2022-01-31,2022-01-31,1
Channel1,Geo24,True,2022-02-07,2022-03-21,7
Channel1,Geo24,False,2022-03-28,2022-04-11,3
Channel1,Geo24,True,2022-04-18,2022-04-25,2
Channel1,Geo24,False,2022-05-02,2022-05-02,1
Channel1,Geo24,True,2022-05-09,2022-05-09,1
Channel1,Geo24,False,2022-05-16,2022-05-16,1
Channel1,Geo24,True,2022-05-23,2022-08-08,12
Channel1,Geo24,False,2022-08-15,2022-08-15,1
Channel1,Geo24,True,2022-08-22,2022-08-22,1
Channel1,Geo24,False,2022-08-29,2022-08-29,1
Channel1,Geo24,True,2022-09-05,2022-09-05,1
Channel1,Geo24,False,2022-09-12,2022-09-12,1
Channel1,Geo24,True,2022-09-19,2022-09-19,1
Channel1,Geo24,False,2022-09-26,2022-09-26,1
Channel1,Geo24,True,2022-10-03,2022-10-31,5
Channel1,Geo24,False,2022-11-07,2022-11-07,1
Channel1,Geo24,True,2022-11-14,2022-12-19,6
Channel1,Geo24,False,2022-12-26,2022-12-26,1
Channel1,Geo24,True,2023-01-02,2023-01-16,3
Channel1,Geo24,False,2023-01-23,2023-01-23,1
Channel1,Geo24,True,2023-01-30,2023-02-06,2
Channel1,Geo24,False,2023-02-13,2023-02-13,1
Channel1,Geo24,True,2023-02-20,2023-02-27,2
Channel1,Geo24,False,2023-03-06,2023-03-06,1
Channel1,Geo24,True,2023-03-13,2023-03-20,2
Channel1,Geo24,False,2023-03-27,2023-03-27,1
Channel1,Geo24,True,2023-04-03,2023-04-10,2
Channel1,Geo24,False,2023-04-17,2023-05-01,3
Channel1,Geo24,True,2023-05-08,2023-05-08,1
Channel1,Geo24,False,2023-05-15,2023-05-22,2
Channel1,Geo24,True,2023-05-29,2023-06-05,2
Channel1,Geo24,False,2023-06-12,2023-06-12,1
Channel1,Geo24,True,2023-06-19,2023-06-19,1
Channel1,Geo24,False,2023-06-26,2023-06-26,1
Channel1,Geo24,True,2023-07-03,2023-07-17,3
Channel1,Geo24,False,2023-07-24,2023-07-24,1
Channel1,Geo24,True,2023-07-31,2023-07-31,1
Channel1,Geo24,False,2023-08-07,2023-08-14,2
Channel1,Geo24,True,2023-08-21,2023-08-21,1
Channel1,Geo24,False,2023-08-28,2023-08-28,1
Channel1,Geo24,True,2023-09-04,2023-09-18,3
Channel1,Geo24,False,2023-09-25,2023-09-25,1
Channel1,Geo24,True,2023-10-02,2023-10-16,3
Channel1,Geo24,False,2023-10-23,2023-10-30,2
Channel1,Geo24,True,2023-11-06,2023-12-04,5
Channel1,Geo24,False,2023-12-11,2023-12-11,1
Channel1,Geo24,True,2023-12-18,2023-12-25,2
Channel1,Geo24,False,2024-01-01,2024-01-01,1
Channel1,Geo24,True,2024-01-08,2024-01-08,1
Channel1,Geo24,False,2024-01-15,2024-01-15,1
Channel1,Geo25,True,2021-01-25,2021-02-22,5
Channel1,Geo25,False,2021-03-01,2021-03-08,2
Channel1,Geo25,True,2021-03-15,2021-03-22,2
Channel1,Geo25,False,2021-03-29,2021-03-29,1
Channel1,Geo25,True,2021-04-05,2021-05-17,7
Channel1,Geo25,False,2021-05-24,2021-05-31,2
Channel1,Geo25,True,2021-06-07,2021-06-21,3
Channel1,Geo25,False,2021-06-28,2021-07-12,3
Channel1,Geo25,True,2021-07-19,2021-07-26,2
Channel1,Geo25,False,2021-08-02,2021-08-02,1
Channel1,Geo25,True,2021-08-09,2021-09-27,8
Channel1,Geo25,False,2021-10-04,2021-10-04,1
Channel1,Geo25,True,2021-10-11,2021-10-11,1
Channel1,Geo25,False,2021-10-18,2021-10-18,1
Channel1,Geo25,True,2021-10-25,2021-12-13,8
Channel1,Geo25,False,2021-12-20,2021-12-20,1
Channel1,Geo25,True,2021-12-27,2022-01-10,3
Channel1,Geo25,False,2022-01-17,2022-01-24,2
Channel1,Geo25,True,2022-01-31,2022-02-14,3
Channel1,Geo25,False,2022-02-21,2022-03-07,3
Channel1,Geo25,True,2022-03-14,2022-06-06,13
Channel1,Geo25,False,2022-06-13,2022-06-13,1
Channel1,Geo25,True,2022-06-20,2022-07-04,3
Channel1,Geo25,False,2022-07-11,2022-07-11,1
Channel1,Geo25,True,2022-07-18,2022-07-18,1
Channel1,Geo25,False,2022-07-25,2022-07-25,1
Channel1,Geo25,True,2022-08-01,2022-09-05,6
Channel1,Geo25,False,2022-09-12,2022-09-19,2
Channel1,Geo25,True,2022-09-26,2022-11-07,7
Channel1,Geo25,False,2022-11-14,2022-11-14,1
Channel1,Geo25,True,2022-11-21,2023-01-09,8
Channel1,Geo25,False,2023-01-16,2023-02-13,5
Channel1,Geo25,True,2023-02-20,2023-02-20,1
Channel1,Geo25,False,2023-02-27,2023-03-13,3
Channel1,Geo25,True,2023-03-20,2023-04-10,4
Channel1,Geo25,False,2023-04-17,2023-04-17,1
Channel1,Geo25,True,2023-04-24,2023-04-24,1
Channel1,Geo25,False,2023-05-01,2023-05-01,1
Channel1,Geo25,True,2023-05-08,2023-06-12,6
Channel1,Geo25,False,2023-06-19,2023-06-19,1
Channel1,Geo25,True,2023-06-26,2023-07-03,2
Channel1,Geo25,False,2023-07-10,2023-07-10,1
Channel1,Geo25,True,2023-07-17,2023-07-17,1
Channel1,Geo25,False,2023-07-24,2023-07-24,1
Channel1,Geo25,True,2023-07-31,2023-07-31,1
Channel1,Geo25,False,2023-08-07,2023-08-07,1
Channel1,Geo25,True,2023-08-14,2023-08-14,1
Channel1,Geo25,False,2023-08-21,2023-08-21,1
Channel1,Geo25,True,2023-08-28,2023-10-23,9
Channel1,Geo25,False,2023-10-30,2023-10-30,1
Channel1,Geo25,True,2023-11-06,2023-12-18,7
Channel1,Geo25,False,2023-12-25,2023-12-25,1
Channel1,Geo25,True,2024-01-01,2024-01-08,2
Channel1,Geo25,False,2024-01-15,2024-01-15,1
Channel1,Geo26,False,2021-01-25,2021-01-25,1
Channel1,Geo26,True,2021-02-01,2021-02-01,1
Channel1,Geo26,False,2021-02-08,2021-02-08,1
Channel1,Geo26,True,2021-02-15,2021-03-01,3
Channel1,Geo26,False,2021-03-08,2021-03-08,1
Channel1,Geo26,True,2021-03-15,2021-03-29,3
Channel1,Geo26,False,2021-04-05,2021-04-05,1
Channel1,Geo26,True,2021-04-12,2021-04-12,1
Channel1,Geo26,False,2021-04-19,2021-04-19,1
Channel1,Geo26,True,2021-04-26,2021-04-26,1
Channel1,Geo26,False,2021-05-03,2021-05-03,1
Channel1,Geo26,True,2021-05-10,2021-05-10,1
Channel1,Geo26,False,2021-05-17,2021-05-24,2
Channel1,Geo26,True,2021-05-31,2021-07-05,6
Channel1,Geo26,False,2021-07-12,2021-07-12,1
Channel1,Geo26,True,2021-07-19,2021-07-26,2
Channel1,Geo26,False,2021-08-02,2021-08-02,1
Channel1,Geo26,True,2021-08-09,2021-08-09,1
Channel1,Geo26,False,2021-08-16,2021-08-16,1
Channel1,Geo26,True,2021-08-23,2021-09-20,5
Channel1,Geo26,False,2021-09-27,2021-09-27,1
Channel1,Geo26,True,2021-10-04,2022-02-07,19
Channel1,Geo26,False,2022-02-14,2022-02-14,1
Channel1,Geo26,True,2022-02-21,2022-02-28,2
Channel1,Geo26,False,2022-03-07,2022-03-14,2
Channel1,Geo26,True,2022-03-21,2022-03-21,1
Channel1,Geo26,False,2022-03-28,2022-03-28,1
Channel1,Geo26,True,2022-04-04,2022-04-25,4
Channel1,Geo26,False,2022-05-02,2022-05-02,1
Channel1,Geo26,True,2022-05-09,2022-05-09,1
Channel1,Geo26,False,2022-05-16,2022-05-16,1
Channel1,Geo26,True,2022-05-23,2022-05-30,2
Channel1,Geo26,False,2022-06-06,2022-06-06,1
Channel1,Geo26,True,2022-06-13,2022-06-27,3
Channel1,Geo26,False,2022-07-04,2022-07-11,2
Channel1,Geo26,True,2022-07-18,2022-07-18,1
Channel1,Geo26,False,2022-07-25,2022-07-25,1
Channel1,Geo26,True,2022-08-01,2022-08-22,4
Channel1,Geo26,False,2022-08-29,2022-08-29,1
Channel1,Geo26,True,2022-09-05,2022-10-10,6
Channel1,Geo26,False,2022-10-17,2022-10-17,1
Channel1,Geo26,True,2022-10-24,2023-01-16,13
Channel1,Geo26,False,2023-01-23,2023-02-06,3
Channel1,Geo26,True,2023-02-13,2023-02-13,1
Channel1,Geo26,False,2023-02-20,2023-02-20,1
Channel1,Geo26,True,2023-02-27,2023-02-27,1
Channel1,Geo26,False,2023-03-06,2023-03-06,1
Channel1,Geo26,True,2023-03-13,2023-05-01,8
Channel1,Geo26,False,2023-05-08,2023-05-08,1
Channel1,Geo26,True,2023-05-15,2023-05-22,2
Channel1,Geo26,False,2023-05-29,2023-05-29,1
Channel1,Geo26,True,2023-06-05,2023-06-12,2
Channel1,Geo26,False,2023-06-19,2023-06-19,1
Channel1,Geo26,True,2023-06-26,2023-07-03,2
Channel1,Geo26,False,2023-07-10,2023-07-10,1
Channel1,Geo26,True,2023-07-17,2023-08-21,6
Channel1,Geo26,False,2023-08-28,2023-08-28,1
Channel1,Geo26,True,2023-09-04,2023-09-18,3
Channel1,Geo26,False,2023-09-25,2023-09-25,1
Channel1,Geo26,True,2023-10-02,2023-11-20,8
Channel1,Geo26,False,2023-11-27,2023-11-27,1
Channel1,Geo26,True,2023-12-04,2024-01-08,6
Channel1,Geo26,False,2024-01-15,2024-01-15,1
Channel1,Geo27,True,2021-01-25,2021-02-08,3
Channel1,Geo27,False,2021-02-15,2021-02-15,1
Channel1,Geo27,True,2021-02-22,2021-03-08,3
Channel1,Geo27,False,2021-03-15,2021-03-15,1
Channel1,Geo27,True,2021-03-22,2021-04-12,4
Channel1,Geo27,False,2021-04-19,2021-04-19,1
Channel1,Geo27,True,2021-04-26,2021-04-26,1
Channel1,Geo27,False,2021-05-03,2021-05-03,1
Channel1,Geo27,True,2021-05-10,2021-05-24,3
Channel1,Geo27,False,2021-05-31,2021-06-07,2
Channel1,Geo27,True,2021-06-14,2021-06-14,1
Channel1,Geo27,False,2021-06-21,2021-06-21,1
Channel1,Geo27,True,2021-06-28,2021-06-28,1
Channel1,Geo27,False,2021-07-05,2021-07-05,1
Channel1,Geo27,True,2021-07-12,2021-08-02,4
Channel1,Geo27,False,2021-08-09,2021-08-09,1
Channel1,Geo27,True,2021-08-16,2021-11-22,15
Channel1,Geo27,False,2021-11-29,2021-11-29,1
Channel1,Geo27,True,2021-12-06,2022-01-10,6
Channel1,Geo27,False,2022-01-17,2022-01-24,2
Channel1,Geo27,True,2022-01-31,2022-04-04,10
Channel1,Geo27,False,2022-04-11,2022-04-11,1
Channel1,Geo27,True,2022-04-18,2022-04-18,1
Channel1,Geo27,False,2022-04-25,2022-05-16,4
Channel1,Geo27,True,2022-05-23,2022-06-13,4
Channel1,Geo27,False,2022-06-20,2022-06-20,1
Channel1,Geo27,True,2022-06-27,2022-07-04,2
Channel1,Geo27,False,2022-07-11,2022-07-18,2
Channel1,Geo27,True,2022-07-25,2022-07-25,1
Channel1,Geo27,False,2022-08-01,2022-08-01,1
Channel1,Geo27,True,2022-08-08,2022-08-08,1
Channel1,Geo27,False,2022-08-15,2022-08-15,1
Channel1,Geo27,True,2022-08-22,2022-09-05,3
Channel1,Geo27,False,2022-09-12,2022-09-19,2
Channel1,Geo27,True,2022-09-26,2022-10-17,4
Channel1,Geo27,False,2022-10-24,2022-10-24,1
Channel1,Geo27,True,2022-10-31,2022-12-05,6
Channel1,Geo27,False,2022-12-12,2022-12-19,2
Channel1,Geo27,True,2022-12-26,2023-01-16,4
Channel1,Geo27,False,2023-01-23,2023-01-23,1
Channel1,Geo27,True,2023-01-30,2023-01-30,1
Channel1,Geo27,False,2023-02-06,2023-02-06,1
Channel1,Geo27,True,2023-02-13,2023-02-27,3
Channel1,Geo27,False,2023-03-06,2023-03-06,1
Channel1,Geo27,True,2023-03-13,2023-05-01,8
Channel1,Geo27,False,2023-05-08,2023-05-15,2
Channel1,Geo27,True,2023-05-22,2023-06-05,3
Channel1,Geo27,False,2023-06-12,2023-06-12,1
Channel1,Geo27,True,2023-06-19,2023-07-17,5
Channel1,Geo27,False,2023-07-24,2023-07-31,2
Channel1,Geo27,True,2023-08-07,2023-08-21,3
Channel1,Geo27,False,2023-08-28,2023-09-04,2
Channel1,Geo27,True,2023-09-11,2023-09-18,2
Channel1,Geo27,False,2023-09-25,2023-09-25,1
Channel1,Geo27,True,2023-10-02,2024-01-15,16
Channel1,Geo28,True,2021-01-25,2021-02-08,3
Channel1,Geo28,False,2021-02-15,2021-02-15,1
Channel1,Geo28,True,2021-02-22,2021-03-29,6
Channel1,Geo28,False,2021-04-05,2021-04-05,1
Channel1,Geo28,True,2021-04-12,2021-04-12,1
Channel1,Geo28,False,2021-04-19,2021-04-19,1
Channel1,Geo28,True,2021-04-26,2021-05-10,3
Channel1,Geo28,False,2021-05-17,2021-05-17,1
Channel1,Geo28,True,2021-05-24,2021-06-07,3
Channel1,Geo28,False,2021-06-14,2021-06-14,1
Channel1,Geo28,True,2021-06-21,2021-06-21,1
Channel1,Geo28,False,2021-06-28,2021-06-28,1
Channel1,Geo28,True,2021-07-05,2021-07-05,1
Channel1,Geo28,False,2021-07-12,2021-07-19,2
Channel1,Geo28,True,2021-07-26,2021-07-26,1
Channel1,Geo28,False,2021-08-02,2021-08-02,1
Channel1,Geo28,True,2021-08-09,2021-10-25,12
Channel1,Geo28,False,2021-11-01,2021-11-15,3
Channel1,Geo28,True,2021-11-22,2021-12-20,5
Channel1,Geo28,False,2021-12-27,2021-12-27,1
Channel1,Geo28,True,2022-01-03,2022-01-10,2
Channel1,Geo28,False,2022-01-17,2022-01-17,1
Channel1,Geo28,True,2022-01-24,2022-02-07,3
Channel1,Geo28,False,2022-02-14,2022-03-07,4
Channel1,Geo28,True,2022-03-14,2022-04-11,5
Channel1,Geo28,False,2022-04-18,2022-04-18,1
Channel1,Geo28,True,2022-04-25,2022-05-09,3
Channel1,Geo28,False,2022-05-16,2022-05-16,1
Channel1,Geo28,True,2022-05-23,2022-07-18,9
Channel1,Geo28,False,2022-07-25,2022-07-25,1
Channel1,Geo28,True,2022-08-01,2022-10-10,11
Channel1,Geo28,False,2022-10-17,2022-10-17,1
Channel1,Geo28,True,2022-10-24,2022-11-21,5
Channel1,Geo28,False,2022-11-28,2022-11-28,1
Channel1,Geo28,True,2022-12-05,2023-01-23,8
Channel1,Geo28,False,2023-01-30,2023-01-30,1
Channel1,Geo28,True,2023-02-06,2023-02-27,4
Channel1,Geo28,False,2023-03-06,2023-03-27,4
Channel1,Geo28,True,2023-04-03,2023-04-10,2
Channel1,Geo28,False,2023-04-17,2023-05-22,6
Channel1,Geo28,True,2023-05-29,2023-05-29,1
Channel1,Geo28,False,2023-06-05,2023-06-05,1
Channel1,Geo28,True,2023-06-12,2023-06-26,3
Channel1,Geo28,False,2023-07-03,2023-07-03,1
Channel1,Geo28,True,2023-07-10,2023-07-17,2
Channel1,Geo28,False,2023-07-24,2023-07-24,1
Channel1,Geo28,True,2023-07-31,2023-10-02,10
Channel1,Geo28,False,2023-10-09,2023-10-16,2
Channel1,Geo28,True,2023-10-23,2023-10-23,1
Channel1,Geo28,False,2023-10-30,2023-10-30,1
Channel1,Geo28,True,2023-11-06,2023-12-11,6
Channel1,Geo28,False,2023-12-18,2023-12-18,1
Channel1,Geo28,True,2023-12-25,2024-01-15,4
Channel1,Geo29,True,2021-01-25,2021-01-25,1
Channel1,Geo29,False,2021-02-01,2021-02-01,1
Channel1,Geo29,True,2021-02-08,2021-02-22,3
Channel1,Geo29,False,2021-03-01,2021-03-08,2
Channel1,Geo29,True,2021-03-15,2021-03-22,2
Channel1,Geo29,False,2021-03-29,2021-04-05,2
Channel1,Geo29,True,2021-04-12,2021-04-12,1
Channel1,Geo29,False,2021-04-19,2021-04-19,1
Channel1,Geo29,True,2021-04-26,2021-05-10,3
Channel1,Geo29,False,2021-05-17,2021-05-24,2
Channel1,Geo29,True,2021-05-31,2021-06-28,5
Channel1,Geo29,False,2021-07-05,2021-07-05,1
Channel1,Geo29,True,2021-07-12,2021-08-02,4
Channel1,Geo29,False,2021-08-09,2021-08-09,1
Channel1,Geo29,True,2021-08-16,2021-09-13,5
Channel1,Geo29,False,2021-09-20,2021-09-20,1
Channel1,Geo29,True,2021-09-27,2021-10-11,3
Channel1,Geo29,False,2021-10-18,2021-10-18,1
Channel1,Geo29,True,2021-10-25,2021-11-01,2
Channel1,Geo29,False,2021-11-08,2021-11-08,1
Channel1,Geo29,True,2021-11-15,2021-11-22,2
Channel1,Geo29,False,2021-11-29,2021-12-06,2
Channel1,Geo29,True,2021-12-13,2022-01-24,7
Channel1,Geo29,False,2022-01-31,2022-01-31,1
Channel1,Geo29,True,2022-02-07,2022-02-14,2
Channel1,Geo29,False,2022-02-21,2022-02-21,1
Channel1,Geo29,True,2022-02-28,2022-03-07,2
Channel1,Geo29,False,2022-03-14,2022-03-14,1
Channel1,Geo29,True,2022-03-21,2022-03-21,1
Channel1,Geo29,False,2022-03-28,2022-03-28,1
Channel1,Geo29,True,2022-04-04,2022-04-11,2
Channel1,Geo29,False,2022-04-18,2022-04-18,1
Channel1,Geo29,True,2022-04-25,2022-04-25,1
Channel1,Geo29,False,2022-05-02,2022-05-16,3
Channel1,Geo29,True,2022-05-23,2022-06-20,5
Channel1,Geo29,False,2022-06-27,2022-06-27,1
Channel1,Geo29,True,2022-07-04,2022-07-04,1
Channel1,Geo29,False,2022-07-11,2022-07-18,2
Channel1,Geo29,True,2022-07-25,2022-12-12,21
Channel1,Geo29,False,2022-12-19,2022-12-19,1
Channel1,Geo29,True,2022-12-26,2023-01-02,2
Channel1,Geo29,False,2023-01-09,2023-01-09,1
Channel1,Geo29,True,2023-01-16,2023-01-16,1
Channel1,Geo29,False,2023-01-23,2023-01-23,1
Channel1,Geo29,True,2023-01-30,2023-02-20,4
Channel1,Geo29,False,2023-02-27,2023-02-27,1
Channel1,Geo29,True,2023-03-06,2023-03-06,1
Channel1,Geo29,False,2023-03-13,2023-03-20,2
Channel1,Geo29,True,2023-03-27,2023-04-24,5
Channel1,Geo29,False,2023-05-01,2023-05-08,2
Channel1,Geo29,True,2023-05-15,2023-05-15,1
Channel1,Geo29,False,2023-05-22,2023-06-12,4
Channel1,Geo29,True,2023-06-19,2023-07-03,3
Channel1,Geo29,False,2023-07-10,2023-07-10,1
Channel1,Geo29,True,2023-07-17,2023-08-07,4
Channel1,Geo29,False,2023-08-14,2023-08-14,1
Channel1,Geo29,True,2023-08-21,2023-09-04,3
Channel1,Geo29,False,2023-09-11,2023-09-11,1
Channel1,Geo29,True,2023-09-18,2023-09-18,1
Channel1,Geo29,False,2023-09-25,2023-09-25,1
Channel1,Geo29,True,2023-10-02,2023-10-16,3
Channel1,Geo29,False,2023-10-23,2023-10-23,1
Channel1,Geo29,True,2023-10-30,2023-12-04,6
Channel1,Geo29,False,2023-12-11,2023-12-11,1
Channel1,Geo29,True,2023-12-18,2024-01-08,4
Channel1,Geo29,False,2024-01-15,2024-01-15,1
Channel1,Geo3,False,2021-01-25,2021-01-25,1
Channel1,Geo3,True,2021-02-01,2021-02-08,2
Channel1,Geo3,False,2021-02-15,2021-02-22,2
Channel1,Geo3,True,2021-03-01,2021-03-29,5
Channel1,Geo3,False,2021-04-05,2021-04-05,1
Channel1,Geo3,True,2021-04-12,2021-04-12,1
Channel1,Geo3,False,2021-04-19,2021-04-19,1
Channel1,Geo3,True,2021-04-26,2021-04-26,1
Channel1,Geo3,False,2021-05-03,2021-05-03,1
Channel1,Geo3,True,2021-05-10,2021-05-10,1
Channel1,Geo3,False,2021-05-17,2021-05-17,1
Channel1,Geo3,True,2021-05-24,2021-05-31,2
Channel1,Geo3,False,2021-06-07,2021-06-07,1
Channel1,Geo3,True,2021-06-14,2021-07-05,4
Channel1,Geo3,False,2021-07-12,2021-07-19,2
Channel1,Geo3,True,2021-07-26,2021-09-13,8
Channel1,Geo3,False,2021-09-20,2021-09-20,1
Channel1,Geo3,True,2021-09-27,2021-10-18,4
Channel1,Geo3,False,2021-10-25,2021-11-01,2
Channel1,Geo3,True,2021-11-08,2021-11-22,3
Channel1,Geo3,False,2021-11-29,2021-12-06,2
Channel1,Geo3,True,2021-12-13,2022-01-10,5
Channel1,Geo3,False,2022-01-17,2022-01-17,1
Channel1,Geo3,True,2022-01-24,2022-02-28,6
Channel1,Geo3,False,2022-03-07,2022-03-07,1
Channel1,Geo3,True,2022-03-14,2022-03-14,1
Channel1,Geo3,False,2022-03-21,2022-03-28,2
Channel1,Geo3,True,2022-04-04,2022-04-11,2
Channel1,Geo3,False,2022-04-18,2022-04-18,1
Channel1,Geo3,True,2022-04-25,2022-05-23,5
Channel1,Geo3,False,2022-05-30,2022-05-30,1
Channel1,Geo3,True,2022-06-06,2022-07-11,6
Channel1,Geo3,False,2022-07-18,2022-08-01,3
Channel1,Geo3,True,2022-08-08,2022-09-05,5
Channel1,Geo3,False,2022-09-12,2022-09-12,1
Channel1,Geo3,True,2022-09-19,2022-10-17,5
Channel1,Geo3,False,2022-10-24,2022-10-24,1
Channel1,Geo3,True,2022-10-31,2022-12-05,6
Channel1,Geo3,False,2022-12-12,2022-12-12,1
Channel1,Geo3,True,2022-12-19,2023-01-23,6
Channel1,Geo3,False,2023-01-30,2023-01-30,1
Channel1,Geo3,True,2023-02-06,2023-02-27,4
Channel1,Geo3,False,2023-03-06,2023-03-06,1
Channel1,Geo3,True,2023-03-13,2023-03-13,1
Channel1,Geo3,False,2023-03-20,2023-03-20,1
Channel1,Geo3,True,2023-03-27,2023-04-10,3
Channel1,Geo3,False,2023-04-17,2023-04-24,2
Channel1,Geo3,True,2023-05-01,2023-05-15,3
Channel1,Geo3,False,2023-05-22,2023-05-22,1
Channel1,Geo3,True,2023-05-29,2023-05-29,1
Channel1,Geo3,False,2023-06-05,2023-06-12,2
Channel1,Geo3,True,2023-06-19,2023-06-26,2
Channel1,Geo3,False,2023-07-03,2023-07-03,1
Channel1,Geo3,True,2023-07-10,2023-07-10,1
Channel1,Geo3,False,2023-07-17,2023-07-17,1
Channel1,Geo3,True,2023-07-24,2023-08-14,4
Channel1,Geo3,False,2023-08-21,2023-08-21,1
Channel1,Geo3,True,2023-08-28,2023-09-04,2
Channel1,Geo3,False,2023-09-11,2023-09-11,1
Channel1,Geo3,True,2023-09-18,2023-10-16,5
Channel1,Geo3,False,2023-10-23,2023-10-23,1
Channel1,Geo3,True,2023-10-30,2024-01-15,12
Channel1,Geo30,True,2021-01-25,2021-02-01,2
Channel1,Geo30,False,2021-02-08,2021-02-15,2
Channel1,Geo30,True,2021-02-22,2021-02-22,1
Channel1,Geo30,False,2021-03-01,2021-03-08,2
Channel1,Geo30,True,2021-03-15,2021-04-05,4
Channel1,Geo30,False,2021-04-12,2021-04-12,1
Channel1,Geo30,True,2021-04-19,2021-04-19,1
Channel1,Geo30,False,2021-04-26,2021-05-10,3
Channel1,Geo30,True,2021-05-17,2021-05-17,1
Channel1,Geo30,False,2021-05-24,2021-05-24,1
Channel1,Geo30,True,2021-05-31,2021-06-21,4
Channel1,Geo30,False,2021-06-28,2021-06-28,1
Channel1,Geo30,True,2021-07-05,2021-07-05,1
Channel1,Geo30,False,2021-07-12,2021-07-12,1
Channel1,Geo30,True,2021-07-19,2021-07-26,2
Channel1,Geo30,False,2021-08-02,2021-08-09,2
Channel1,Geo30,True,2021-08-16,2021-09-13,5
Channel1,Geo30,False,2021-09-20,2021-09-20,1
Channel1,Geo30,True,2021-09-27,2021-10-11,3
Channel1,Geo30,False,2021-10-18,2021-10-25,2
Channel1,Geo30,True,2021-11-01,2021-11-22,4
Channel1,Geo30,False,2021-11-29,2021-12-06,2
Channel1,Geo30,True,2021-12-13,2021-12-20,2
Channel1,Geo30,False,2021-12-27,2021-12-27,1
Channel1,Geo30,True,2022-01-03,2022-01-03,1
Channel1,Geo30,False,2022-01-10,2022-01-17,2
Channel1,Geo30,True,2022-01-24,2022-01-24,1
Channel1,Geo30,False,2022-01-31,2022-01-31,1
Channel1,Geo30,True,2022-02-07,2022-02-07,1
Channel1,Geo30,False,2022-02-14,2022-03-07,4
Channel1,Geo30,True,2022-03-14,2022-03-21,2
Channel1,Geo30,False,2022-03-28,2022-03-28,1
Channel1,Geo30,True,2022-04-04,2022-04-04,1
Channel1,Geo30,False,2022-04-11,2022-04-18,2
Channel1,Geo30,True,2022-04-25,2022-05-16,4
Channel1,Geo30,False,2022-05-23,2022-06-06,3
Channel1,Geo30,True,2022-06-13,2022-07-18,6
Channel1,Geo30,False,2022-07-25,2022-07-25,1
Channel1,Geo30,True,2022-08-01,2022-08-08,2
Channel1,Geo30,False,2022-08-15,2022-08-15,1
Channel1,Geo30,True,2022-08-22,2022-08-22,1
Channel1,Geo30,False,2022-08-29,2022-08-29,1
Channel1,Geo30,True,2022-09-05,2022-09-05,1
Channel1,Geo30,False,2022-09-12,2022-09-12,1
Channel1,Geo30,True,2022-09-19,2022-12-05,12
Channel1,Geo30,False,2022-12-12,2022-12-12,1
Channel1,Geo30,True,2022-12-19,2022-12-26,2
Channel1,Geo30,False,2023-01-02,2023-01-02,1
Channel1,Geo30,True,2023-01-09,2023-01-30,4
Channel1,Geo30,False,2023-02-06,2023-02-13,2
Channel1,Geo30,True,2023-02-20,2023-02-20,1
Channel1,Geo30,False,2023-02-27,2023-03-06,2
Channel1,Geo30,True,2023-03-13,2023-03-27,3
Channel1,Geo30,False,2023-04-03,2023-04-03,1
Channel1,Geo30,True,2023-04-10,2023-04-24,3
Channel1,Geo30,False,2023-05-01,2023-05-01,1
Channel1,Geo30,True,2023-05-08,2023-05-08,1
Channel1,Geo30,False,2023-05-15,2023-05-15,1
Channel1,Geo30,True,2023-05-22,2023-05-22,1
Channel1,Geo30,False,2023-05-29,2023-06-12,3
Channel1,Geo30,True,2023-06-19,2023-06-26,2
Channel1,Geo30,False,2023-07-03,2023-07-10,2
Channel1,Geo30,True,2023-07-17,2023-07-17,1
Channel1,Geo30,False,2023-07-24,2023-07-31,2
Channel1,Geo30,True,2023-08-07,2023-08-21,3
Channel1,Geo30,False,2023-08-28,2023-08-28,1
Channel1,Geo30,True,2023-09-04,2023-10-02,5
Channel1,Geo30,False,2023-10-09,2023-10-09,1
Channel1,Geo30,True,2023-10-16,2023-10-23,2
Channel1,Geo30,False,2023-10-30,2023-10-30,1
Channel1,Geo30,True,2023-11-06,2023-12-04,5
Channel1,Geo30,False,2023-12-11,2023-12-11,1
Channel1,Geo30,True,2023-12-18,2024-01-08,4
Channel1,Geo30,False,2024-01-15,2024-01-15,1
Channel1,Geo31,False,2021-01-25,2021-01-25,1
Channel1,Geo31,True,2021-02-01,2021-02-08,2
Channel1,Geo31,False,2021-02-15,2021-02-15,1
Channel1,Geo31,True,2021-02-22,2021-03-01,2
Channel1,Geo31,False,2021-03-08,2021-03-15,2
Channel1,Geo31,True,2021-03-22,2021-04-26,6
Channel1,Geo31,False,2021-05-03,2021-05-03,1
Channel1,Geo31,True,2021-05-10,2021-05-10,1
Channel1,Geo31,False,2021-05-17,2021-05-17,1
Channel1,Geo31,True,2021-05-24,2021-05-24,1
Channel1,Geo31,False,2021-05-31,2021-06-07,2
Channel1,Geo31,True,2021-06-14,2021-08-02,8
Channel1,Geo31,False,2021-08-09,2021-08-16,2
Channel1,Geo31,True,2021-08-23,2021-10-25,10
Channel1,Geo31,False,2021-11-01,2021-11-01,1
Channel1,Geo31,True,2021-11-08,2021-11-29,4
Channel1,Geo31,False,2021-12-06,2021-12-06,1
Channel1,Geo31,True,2021-12-13,2021-12-13,1
Channel1,Geo31,False,2021-12-20,2021-12-20,1
Channel1,Geo31,True,2021-12-27,2022-01-03,2
Channel1,Geo31,False,2022-01-10,2022-01-17,2
Channel1,Geo31,True,2022-01-24,2022-01-24,1
Channel1,Geo31,False,2022-01-31,2022-01-31,1
Channel1,Geo31,True,2022-02-07,2022-03-07,5
Channel1,Geo31,False,2022-03-14,2022-03-14,1
Channel1,Geo31,True,2022-03-21,2022-03-28,2
Channel1,Geo31,False,2022-04-04,2022-04-04,1
Channel1,Geo31,True,2022-04-11,2022-04-18,2
Channel1,Geo31,False,2022-04-25,2022-05-02,2
Channel1,Geo31,True,2022-05-09,2022-05-30,4
Channel1,Geo31,False,2022-06-06,2022-06-06,1
Channel1,Geo31,True,2022-06-13,2022-07-04,4
Channel1,Geo31,False,2022-07-11,2022-07-11,1
Channel1,Geo31,True,2022-07-18,2022-07-25,2
Channel1,Geo31,False,2022-08-01,2022-08-08,2
Channel1,Geo31,True,2022-08-15,2022-08-22,2
Channel1,Geo31,False,2022-08-29,2022-08-29,1
Channel1,Geo31,True,2022-09-05,2022-12-19,16
Channel1,Geo31,False,2022-12-26,2022-12-26,1
Channel1,Geo31,True,2023-01-02,2023-01-09,2
Channel1,Geo31,False,2023-01-16,2023-01-30,3
Channel1,Geo31,True,2023-02-06,2023-02-20,3
Channel1,Geo31,False,2023-02-27,2023-03-06,2
Channel1,Geo31,True,2023-03-13,2023-03-13,1
Channel1,Geo31,False,2023-03-20,2023-04-10,4
Channel1,Geo31,True,2023-04-17,2023-04-24,2
Channel1,Geo31,False,2023-05-01,2023-05-01,1
Channel1,Geo31,True,2023-05-08,2023-05-22,3
Channel1,Geo31,False,2023-05-29,2023-05-29,1
Channel1,Geo31,True,2023-06-05,2023-06-05,1
Channel1,Geo31,False,2023-06-12,2023-06-19,2
Channel1,Geo31,True,2023-06-26,2023-06-26,1
Channel1,Geo31,False,2023-07-03,2023-07-03,1
Channel1,Geo31,True,2023-07-10,2023-09-18,11
Channel1,Geo31,False,2023-09-25,2023-09-25,1
Channel1,Geo31,True,2023-10-02,2023-10-23,4
Channel1,Geo31,False,2023-10-30,2023-10-30,1
Channel1,Geo31,True,2023-11-06,2023-11-13,2
Channel1,Geo31,False,2023-11-20,2023-11-20,1
Channel1,Geo31,True,2023-11-27,2023-12-04,2
Channel1,Geo31,False,2023-12-11,2023-12-11,1
Channel1,Geo31,True,2023-12-18,2024-01-15,5
Channel1,Geo32,False,2021-01-25,2021-01-25,1
Channel1,Geo32,True,2021-02-01,2021-03-01,5
Channel1,Geo32,False,2021-03-08,2021-03-08,1
Channel1,Geo32,True,2021-03-15,2021-04-26,7
Channel1,Geo32,False,2021-05-03,2021-05-03,1
Channel1,Geo32,True,2021-05-10,2021-05-17,2
Channel1,Geo32,False,2021-05-24,2021-05-24,1
Channel1,Geo32,True,2021-05-31,2021-05-31,1
Channel1,Geo32,False,2021-06-07,2021-06-07,1
Channel1,Geo32,True,2021-06-14,2021-07-05,4
Channel1,Geo32,False,2021-07-12,2021-07-12,1
Channel1,Geo32,True,2021-07-19,2021-08-30,7
Channel1,Geo32,False,2021-09-06,2021-09-06,1
Channel1,Geo32,True,2021-09-13,2021-09-13,1
Channel1,Geo32,False,2021-09-20,2021-09-20,1
Channel1,Geo32,True,2021-09-27,2021-10-25,5
Channel1,Geo32,False,2021-11-01,2021-11-01,1
Channel1,Geo32,True,2021-11-08,2021-11-22,3
Channel1,Geo32,False,2021-11-29,2021-11-29,1
Channel1,Geo32,True,2021-12-06,2021-12-06,1
Channel1,Geo32,False,2021-12-13,2021-12-20,2
Channel1,Geo32,True,2021-12-27,2022-01-10,3
Channel1,Geo32,False,2022-01-17,2022-01-17,1
Channel1,Geo32,True,2022-01-24,2022-01-24,1
Channel1,Geo32,False,2022-01-31,2022-01-31,1
Channel1,Geo32,True,2022-02-07,2022-02-14,2
Channel1,Geo32,False,2022-02-21,2022-02-21,1
Channel1,Geo32,True,2022-02-28,2022-03-21,4
Channel1,Geo32,False,2022-03-28,2022-03-28,1
Channel1,Geo32,True,2022-04-04,2022-04-04,1
Channel1,Geo32,False,2022-04-11,2022-04-11,1
Channel1,Geo32,True,2022-04-18,2022-04-25,2
Channel1,Geo32,False,2022-05-02,2022-05-02,1
Channel1,Geo32,True,2022-05-09,2022-06-13,6
Channel1,Geo32,False,2022-06-20,2022-06-20,1
Channel1,Geo32,True,2022-06-27,2022-07-18,4
Channel1,Geo32,False,2022-07-25,2022-07-25,1
Channel1,Geo32,True,2022-08-01,2022-08-01,1
Channel1,Geo32,False,2022-08-08,2022-08-15,2
Channel1,Geo32,True,2022-08-22,2022-09-12,4
Channel1,Geo32,False,2022-09-19,2022-09-19,1
Channel1,Geo32,True,2022-09-26,2023-01-09,16
Channel1,Geo32,False,2023-01-16,2023-01-30,3
Channel1,Geo32,True,2023-02-06,2023-02-06,1
Channel1,Geo32,False,2023-02-13,2023-02-13,1
Channel1,Geo32,True,2023-02-20,2023-02-27,2
Channel1,Geo32,False,2023-03-06,2023-04-03,5
Channel1,Geo32,True,2023-04-10,2023-04-24,3
Channel1,Geo32,False,2023-05-01,2023-05-01,1
Channel1,Geo32,True,2023-05-08,2023-05-15,2
Channel1,Geo32,False,2023-05-22,2023-05-29,2
Channel1,Geo32,True,2023-06-05,2023-06-05,1
Channel1,Geo32,False,2023-06-12,2023-06-19,2
Channel1,Geo32,True,2023-06-26,2023-06-26,1
Channel1,Geo32,False,2023-07-03,2023-07-03,1
Channel1,Geo32,True,2023-07-10,2023-07-24,3
Channel1,Geo32,False,2023-07-31,2023-07-31,1
Channel1,Geo32,True,2023-08-07,2023-08-07,1
Channel1,Geo32,False,2023-08-14,2023-08-14,1
Channel1,Geo32,True,2023-08-21,2023-08-21,1
Channel1,Geo32,False,2023-08-28,2023-08-28,1
Channel1,Geo32,True,2023-09-04,2023-09-11,2
Channel1,Geo32,False,2023-09-18,2023-09-25,2
Channel1,Geo32,True,2023-10-02,2023-12-04,10
Channel1,Geo32,False,2023-12-11,2023-12-11,1
Channel1,Geo32,True,2023-12-18,2023-12-18,1
Channel1,Geo32,False,2023-12-25,2023-12-25,1
Channel1,Geo32,True,2024-01-01,2024-01-08,2
Channel1,Geo32,False,2024-01-15,2024-01-15,1
Channel1,Geo33,True,2021-01-25,2021-02-08,3
Channel1,Geo33,False,2021-02-15,2021-02-15,1
Channel1,Geo33,True,2021-02-22,2021-03-01,2
Channel1,Geo33,False,2021-03-08,2021-03-08,1
Channel1,Geo33,True,2021-03-15,2021-03-22,2
Channel1,Geo33,False,2021-03-29,2021-03-29,1
Channel1,Geo33,True,2021-04-05,2021-04-12,2
Channel1,Geo33,False,2021-04-19,2021-04-19,1
Channel1,Geo33,True,2021-04-26,2021-05-24,5
Channel1,Geo33,False,2021-05-31,2021-06-07,2
Channel1,Geo33,True,2021-06-14,2021-07-05,4
Channel1,Geo33,False,2021-07-12,2021-07-12,1
Channel1,Geo33,True,2021-07-19,2021-07-26,2
Channel1,Geo33,False,2021-08-02,2021-08-02,1
Channel1,Geo33,True,2021-08-09,2021-10-25,12
Channel1,Geo33,False,2021-11-01,2021-11-01,1
Channel1,Geo33,True,2021-11-08,2022-02-21,16
Channel1,Geo33,False,2022-02-28,2022-02-28,1
Channel1,Geo33,True,2022-03-07,2022-03-14,2
Channel1,Geo33,False,2022-03-21,2022-03-21,1
Channel1,Geo33,True,2022-03-28,2022-04-04,2
Channel1,Geo33,False,2022-04-11,2022-04-18,2
Channel1,Geo33,True,2022-04-25,2022-04-25,1
Channel1,Geo33,False,2022-05-02,2022-05-09,2
Channel1,Geo33,True,2022-05-16,2022-05-16,1
Channel1,Geo33,False,2022-05-23,2022-05-23,1
Channel1,Geo33,True,2022-05-30,2022-07-18,8
Channel1,Geo33,False,2022-07-25,2022-07-25,1
Channel1,Geo33,True,2022-08-01,2022-08-08,2
Channel1,Geo33,False,2022-08-15,2022-08-15,1
Channel1,Geo33,True,2022-08-22,2022-09-05,3
Channel1,Geo33,False,2022-09-12,2022-09-12,1
Channel1,Geo33,True,2022-09-19,2022-09-19,1
Channel1,Geo33,False,2022-09-26,2022-09-26,1
Channel1,Geo33,True,2022-10-03,2022-11-21,8
Channel1,Geo33,False,2022-11-28,2022-11-28,1
Channel1,Geo33,True,2022-12-05,2022-12-19,3
Channel1,Geo33,False,2022-12-26,2023-01-02,2
Channel1,Geo33,True,2023-01-09,2023-02-27,8
Channel1,Geo33,False,2023-03-06,2023-03-06,1
Channel1,Geo33,True,2023-03-13,2023-03-13,1
Channel1,Geo33,False,2023-03-20,2023-03-20,1
Channel1,Geo33,True,2023-03-27,2023-03-27,1
Channel1,Geo33,False,2023-04-03,2023-04-17,3
Channel1,Geo33,True,2023-04-24,2023-04-24,1
Channel1,Geo33,False,2023-05-01,2023-05-01,1
Channel1,Geo33,True,2023-05-08,2023-05-08,1
Channel1,Geo33,False,2023-05-15,2023-05-15,1
Channel1,Geo33,True,2023-05-22,2023-05-22,1
Channel1,Geo33,False,2023-05-29,2023-05-29,1
Channel1,Geo33,True,2023-06-05,2023-06-05,1
Channel1,Geo33,False,2023-06-12,2023-06-26,3
Channel1,Geo33,True,2023-07-03,2023-07-03,1
Channel1,Geo33,False,2023-07-10,2023-07-31,4
Channel1,Geo33,True,2023-08-07,2023-10-09,10
Channel1,Geo33,False,2023-10-16,2023-10-16,1
Channel1,Geo33,True,2023-10-23,2023-11-13,4
Channel1,Geo33,False,2023-11-20,2023-11-20,1
Channel1,Geo33,True,2023-11-27,2023-12-04,2
Channel1,Geo33,False,2023-12-11,2023-12-11,1
Channel1,Geo33,True,2023-12-18,2024-01-08,4
Channel1,Geo33,False,2024-01-15,2024-01-15,1
Channel1,Geo34,True,2021-01-25,2021-03-01,6
Channel1,Geo34,False,2021-03-08,2021-03-08,1
Channel1,Geo34,True,2021-03-15,2021-03-15,1
Channel1,Geo34,False,2021-03-22,2021-03-22,1
Channel1,Geo34,True,2021-03-29,2021-04-05,2
Channel1,Geo34,False,2021-04-12,2021-04-12,1
Channel1,Geo34,True,2021-04-19,2021-04-19,1
Channel1,Geo34,False,2021-04-26,2021-05-03,2
Channel1,Geo34,True,2021-05-10,2021-06-07,5
Channel1,Geo34,False,2021-06-14,2021-06-14,1
Channel1,Geo34,True,2021-06-21,2021-06-21,1
Channel1,Geo34,False,2021-06-28,2021-06-28,1
Channel1,Geo34,True,2021-07-05,2021-07-12,2
Channel1,Geo34,False,2021-07-19,2021-07-19,1
Channel1,Geo34,True,2021-07-26,2021-08-02,2
Channel1,Geo34,False,2021-08-09,2021-08-09,1
Channel1,Geo34,True,2021-08-16,2021-09-27,7
Channel1,Geo34,False,2021-10-04,2021-10-04,1
Channel1,Geo34,True,2021-10-11,2021-10-11,1
Channel1,Geo34,False,2021-10-18,2021-10-18,1
Channel1,Geo34,True,2021-10-25,2021-10-25,1
Channel1,Geo34,False,2021-11-01,2021-11-01,1
Channel1,Geo34,True,2021-11-08,2021-11-22,3
Channel1,Geo34,False,2021-11-29,2021-11-29,1
Channel1,Geo34,True,2021-12-06,2021-12-13,2
Channel1,Geo34,False,2021-12-20,2021-12-20,1
Channel1,Geo34,True,2021-12-27,2022-02-28,10
Channel1,Geo34,False,2022-03-07,2022-03-07,1
Channel1,Geo34,True,2022-03-14,2022-03-14,1
Channel1,Geo34,False,2022-03-21,2022-03-28,2
Channel1,Geo34,True,2022-04-04,2022-04-25,4
Channel1,Geo34,False,2022-05-02,2022-05-02,1
Channel1,Geo34,True,2022-05-09,2022-05-09,1
Channel1,Geo34,False,2022-05-16,2022-05-23,2
Channel1,Geo34,True,2022-05-30,2022-06-20,4
Channel1,Geo34,False,2022-06-27,2022-06-27,1
Channel1,Geo34,True,2022-07-04,2022-07-18,3
Channel1,Geo34,False,2022-07-25,2022-08-01,2
Channel1,Geo34,True,2022-08-08,2022-10-10,10
Channel1,Geo34,False,2022-10-17,2022-10-24,2
Channel1,Geo34,True,2022-10-31,2022-11-28,5
Channel1,Geo34,False,2022-12-05,2022-12-05,1
Channel1,Geo34,True,2022-12-12,2023-01-16,6
Channel1,Geo34,False,2023-01-23,2023-01-23,1
Channel1,Geo34,True,2023-01-30,2023-02-06,2
Channel1,Geo34,False,2023-02-13,2023-02-13,1
Channel1,Geo34,True,2023-02-20,2023-02-27,2
Channel1,Geo34,False,2023-03-06,2023-03-06,1
Channel1,Geo34,True,2023-03-13,2023-03-13,1
Channel1,Geo34,False,2023-03-20,2023-03-20,1
Channel1,Geo34,True,2023-03-27,2023-04-24,5
Channel1,Geo34,False,2023-05-01,2023-05-01,1
Channel1,Geo34,True,2023-05-08,2023-05-15,2
Channel1,Geo34,False,2023-05-22,2023-05-29,2
Channel1,Geo34,True,2023-06-05,2023-06-05,1
Channel1,Geo34,False,2023-06-12,2023-06-19,2
Channel1,Geo34,True,2023-06-26,2023-06-26,1
Channel1,Geo34,False,2023-07-03,2023-07-03,1
Channel1,Geo34,True,2023-07-10,2023-07-24,3
Channel1,Geo34,False,2023-07-31,2023-08-07,2
Channel1,Geo34,True,2023-08-14,2023-08-14,1
Channel1,Geo34,False,2023-08-21,2023-08-21,1
Channel1,Geo34,True,2023-08-28,2023-09-18,4
Channel1,Geo34,False,2023-09-25,2023-09-25,1
Channel1,Geo34,True,2023-10-02,2023-10-09,2
Channel1,Geo34,False,2023-10-16,2023-10-30,3
Channel1,Geo34,True,2023-11-06,2023-12-04,5
Channel1,Geo34,False,2023-12-11,2023-12-11,1
Channel1,Geo34,True,2023-12-18,2023-12-18,1
Channel1,Geo34,False,2023-12-25,2023-12-25,1
Channel1,Geo34,True,2024-01-01,2024-01-15,3
Channel1,Geo35,True,2021-01-25,2021-02-08,3
Channel1,Geo35,False,2021-02-15,2021-03-08,4
Channel1,Geo35,True,2021-03-15,2021-04-12,5
Channel1,Geo35,False,2021-04-19,2021-05-03,3
Channel1,Geo35,True,2021-05-10,2021-05-24,3
Channel1,Geo35,False,2021-05-31,2021-05-31,1
Channel1,Geo35,True,2021-06-07,2021-06-14,2
Channel1,Geo35,False,2021-06-21,2021-06-21,1
Channel1,Geo35,True,2021-06-28,2021-07-05,2
Channel1,Geo35,False,2021-07-12,2021-07-12,1
Channel1,Geo35,True,2021-07-19,2021-07-26,2
Channel1,Geo35,False,2021-08-02,2021-08-02,1
Channel1,Geo35,True,2021-08-09,2021-09-13,6
Channel1,Geo35,False,2021-09-20,2021-09-20,1
Channel1,Geo35,True,2021-09-27,2021-10-18,4
Channel1,Geo35,False,2021-10-25,2021-10-25,1
Channel1,Geo35,True,2021-11-01,2021-11-22,4
Channel1,Geo35,False,2021-11-29,2021-12-06,2
Channel1,Geo35,True,2021-12-13,2022-01-03,4
Channel1,Geo35,False,2022-01-10,2022-01-24,3
Channel1,Geo35,True,2022-01-31,2022-03-14,7
Channel1,Geo35,False,2022-03-21,2022-04-04,3
Channel1,Geo35,True,2022-04-11,2022-04-11,1
Channel1,Geo35,False,2022-04-18,2022-04-18,1
Channel1,Geo35,True,2022-04-25,2022-05-02,2
Channel1,Geo35,False,2022-05-09,2022-05-09,1
Channel1,Geo35,True,2022-05-16,2022-05-16,1
Channel1,Geo35,False,2022-05-23,2022-05-30,2
Channel1,Geo35,True,2022-06-06,2022-06-13,2
Channel1,Geo35,False,2022-06-20,2022-06-20,1
Channel1,Geo35,True,2022-06-27,2022-08-01,6
Channel1,Geo35,False,2022-08-08,2022-08-08,1
Channel1,Geo35,True,2022-08-15,2022-08-22,2
Channel1,Geo35,False,2022-08-29,2022-08-29,1
Channel1,Geo35,True,2022-09-05,2022-10-03,5
Channel1,Geo35,False,2022-10-10,2022-10-17,2
Channel1,Geo35,True,2022-10-24,2022-11-14,4
Channel1,Geo35,False,2022-11-21,2022-11-21,1
Channel1,Geo35,True,2022-11-28,2022-12-05,2
Channel1,Geo35,False,2022-12-12,2022-12-12,1
Channel1,Geo35,True,2022-12-19,2023-02-27,11
Channel1,Geo35,False,2023-03-06,2023-03-06,1
Channel1,Geo35,True,2023-03-13,2023-03-13,1
Channel1,Geo35,False,2023-03-20,2023-03-20,1
Channel1,Geo35,True,2023-03-27,2023-04-10,3
Channel1,Geo35,False,2023-04-17,2023-04-17,1
Channel1,Geo35,True,2023-04-24,2023-04-24,1
Channel1,Geo35,False,2023-05-01,2023-05-01,1
Channel1,Geo35,True,2023-05-08,2023-06-26,8
Channel1,Geo35,False,2023-07-03,2023-07-03,1
Channel1,Geo35,True,2023-07-10,2023-07-10,1
Channel1,Geo35,False,2023-07-17,2023-08-07,4
Channel1,Geo35,True,2023-08-14,2023-08-21,2
Channel1,Geo35,False,2023-08-28,2023-08-28,1
Channel1,Geo35,True,2023-09-04,2023-10-30,9
Channel1,Geo35,False,2023-11-06,2023-11-13,2
Channel1,Geo35,True,2023-11-20,2023-12-18,5
Channel1,Geo35,False,2023-12-25,2023-12-25,1
Channel1,Geo35,True,2024-01-01,2024-01-01,1
Channel1,Geo35,False,2024-01-08,2024-01-15,2
Channel1,Geo36,True,2021-01-25,2021-03-29,10
Channel1,Geo36,False,2021-04-05,2021-04-05,1
Channel1,Geo36,True,2021-04-12,2021-04-26,3
Channel1,Geo36,False,2021-05-03,2021-05-03,1
Channel1,Geo36,True,2021-05-10,2021-05-17,2
Channel1,Geo36,False,2021-05-24,2021-05-24,1
Channel1,Geo36,True,2021-05-31,2021-07-12,7
Channel1,Geo36,False,2021-07-19,2021-07-19,1
Channel1,Geo36,True,2021-07-26,2021-07-26,1
Channel1,Geo36,False,2021-08-02,2021-08-09,2
Channel1,Geo36,True,2021-08-16,2021-09-20,6
Channel1,Geo36,False,2021-09-27,2021-09-27,1
Channel1,Geo36,True,2021-10-04,2021-10-25,4
Channel1,Geo36,False,2021-11-01,2021-11-08,2
Channel1,Geo36,True,2021-11-15,2021-11-22,2
Channel1,Geo36,False,2021-11-29,2021-11-29,1
Channel1,Geo36,True,2021-12-06,2022-04-04,18
Channel1,Geo36,False,2022-04-11,2022-04-25,3
Channel1,Geo36,True,2022-05-02,2022-05-30,5
Channel1,Geo36,False,2022-06-06,2022-06-06,1
Channel1,Geo36,True,2022-06-13,2022-07-04,4
Channel1,Geo36,False,2022-07-11,2022-07-18,2
Channel1,Geo36,True,2022-07-25,2022-08-08,3
Channel1,Geo36,False,2022-08-15,2022-08-15,1
Channel1,Geo36,True,2022-08-22,2022-10-10,8
Channel1,Geo36,False,2022-10-17,2022-10-17,1
Channel1,Geo36,True,2022-10-24,2022-11-07,3
Channel1,Geo36,False,2022-11-14,2022-11-14,1
Channel1,Geo36,True,2022-11-21,2022-12-12,4
Channel1,Geo36,False,2022-12-19,2022-12-19,1
Channel1,Geo36,True,2022-12-26,2023-01-02,2
Channel1,Geo36,False,2023-01-09,2023-01-09,1
Channel1,Geo36,True,2023-01-16,2023-01-16,1
Channel1,Geo36,False,2023-01-23,2023-01-30,2
Channel1,Geo36,True,2023-02-06,2023-02-13,2
Channel1,Geo36,False,2023-02-20,2023-02-20,1
Channel1,Geo36,True,2023-02-27,2023-03-06,2
Channel1,Geo36,False,2023-03-13,2023-03-20,2
Channel1,Geo36,True,2023-03-27,2023-04-03,2
Channel1,Geo36,False,2023-04-10,2023-04-10,1
Channel1,Geo36,True,2023-04-17,2023-05-08,4
Channel1,Geo36,False,2023-05-15,2023-05-15,1
Channel1,Geo36,True,2023-05-22,2023-05-22,1
Channel1,Geo36,False,2023-05-29,2023-06-05,2
Channel1,Geo36,True,2023-06-12,2023-06-26,3
Channel1,Geo36,False,2023-07-03,2023-07-03,1
Channel1,Geo36,True,2023-07-10,2023-07-17,2
Channel1,Geo36,False,2023-07-24,2023-07-24,1
Channel1,Geo36,True,2023-07-31,2023-08-21,4
Channel1,Geo36,False,2023-08-28,2023-09-04,2
Channel1,Geo36,True,2023-09-11,2023-09-18,2
Channel1,Geo36,False,2023-09-25,2023-09-25,1
Channel1,Geo36,True,2023-10-02,2023-10-09,2
Channel1,Geo36,False,2023-10-16,2023-10-16,1
Channel1,Geo36,True,2023-10-23,2023-12-11,8
Channel1,Geo36,False,2023-12-18,2023-12-18,1
Channel1,Geo36,True,2023-12-25,2024-01-08,3
Channel1,Geo36,False,2024-01-15,2024-01-15,1
Channel1,Geo37,True,2021-01-25,2021-02-08,3
Channel1,Geo37,False,2021-02-15,2021-02-15,1
Channel1,Geo37,True,2021-02-22,2021-02-22,1
Channel1,Geo37,False,2021-03-01,2021-03-08,2
Channel1,Geo37,True,2021-03-15,2021-03-15,1
Channel1,Geo37,False,2021-03-22,2021-03-22,1
Channel1,Geo37,True,2021-03-29,2021-03-29,1
Channel1,Geo37,False,2021-04-05,2021-04-05,1
Channel1,Geo37,True,2021-04-12,2021-04-12,1
Channel1,Geo37,False,2021-04-19,2021-04-19,1
Channel1,Geo37,True,2021-04-26,2021-04-26,1
Channel1,Geo37,False,2021-05-03,2021-05-03,1
Channel1,Geo37,True,2021-05-10,2021-05-17,2
Channel1,Geo37,False,2021-05-24,2021-05-24,1
Channel1,Geo37,True,2021-05-31,2021-07-12,7
Channel1,Geo37,False,2021-07-19,2021-07-19,1
Channel1,Geo37,True,2021-07-26,2021-09-06,7
Channel1,Geo37,False,2021-09-13,2021-09-13,1
Channel1,Geo37,True,2021-09-20,2021-10-11,4
Channel1,Geo37,False,2021-10-18,2021-10-18,1
Channel1,Geo37,True,2021-10-25,2021-11-29,6
Channel1,Geo37,False,2021-12-06,2021-12-06,1
Channel1,Geo37,True,2021-12-13,2021-12-13,1
Channel1,Geo37,False,2021-12-20,2021-12-27,2
Channel1,Geo37,True,2022-01-03,2022-01-03,1
Channel1,Geo37,False,2022-01-10,2022-01-24,3
Channel1,Geo37,True,2022-01-31,2022-02-14,3
Channel1,Geo37,False,2022-02-21,2022-02-21,1
Channel1,Geo37,True,2022-02-28,2022-03-14,3
Channel1,Geo37,False,2022-03-21,2022-03-21,1
Channel1,Geo37,True,2022-03-28,2022-03-28,1
Channel1,Geo37,False,2022-04-04,2022-04-18,3
Channel1,Geo37,True,2022-04-25,2022-05-09,3
Channel1,Geo37,False,2022-05-16,2022-05-16,1
Channel1,Geo37,True,2022-05-23,2022-06-06,3
Channel1,Geo37,False,2022-06-13,2022-06-13,1
Channel1,Geo37,True,2022-06-20,2022-06-27,2
Channel1,Geo37,False,2022-07-04,2022-07-11,2
Channel1,Geo37,True,2022-07-18,2022-07-18,1
Channel1,Geo37,False,2022-07-25,2022-07-25,1
Channel1,Geo37,True,2022-08-01,2022-08-01,1
Channel1,Geo37,False,2022-08-08,2022-08-08,1
Channel1,Geo37,True,2022-08-15,2022-09-05,4
Channel1,Geo37,False,2022-09-12,2022-09-12,1
Channel1,Geo37,True,2022-09-19,2022-09-19,1
Channel1,Geo37,False,2022-09-26,2022-09-26,1
Channel1,Geo37,True,2022-10-03,2022-11-21,8
Channel1,Geo37,False,2022-11-28,2022-11-28,1
Channel1,Geo37,True,2022-12-05,2022-12-26,4
Channel1,Geo37,False,2023-01-02,2023-01-02,1
Channel1,Geo37,True,2023-01-09,2023-02-13,6
Channel1,Geo37,False,2023-02-20,2023-02-20,1
Channel1,Geo37,True,2023-02-27,2023-02-27,1
Channel1,Geo37,False,2023-03-06,2023-03-06,1
Channel1,Geo37,True,2023-03-13,2023-03-13,1
Channel1,Geo37,False,2023-03-20,2023-03-20,1
Channel1,Geo37,True,2023-03-27,2023-03-27,1
Channel1,Geo37,False,2023-04-03,2023-04-03,1
Channel1,Geo37,True,2023-04-10,2023-04-17,2
Channel1,Geo37,False,2023-04-24,2023-05-15,4
Channel1,Geo37,True,2023-05-22,2023-06-12,4
Channel1,Geo37,False,2023-06-19,2023-07-10,4
Channel1,Geo37,True,2023-07-17,2023-08-21,6
Channel1,Geo37,False,2023-08-28,2023-08-28,1
Channel1,Geo37,True,2023-09-04,2023-09-18,3
Channel1,Geo37,False,2023-09-25,2023-09-25,1
Channel1,Geo37,True,2023-10-02,2023-11-13,7
Channel1,Geo37,False,2023-11-20,2023-11-20,1
Channel1,Geo37,True,2023-11-27,2024-01-01,6
Channel1,Geo37,False,2024-01-08,2024-01-08,1
Channel1,Geo37,True,2024-01-15,2024-01-15,1
Channel1,Geo38,True,2021-01-25,2021-02-08,3
Channel1,Geo38,False,2021-02-15,2021-02-22,2
Channel1,Geo38,True,2021-03-01,2021-03-01,1
Channel1,Geo38,False,2021-03-08,2021-03-15,2
Channel1,Geo38,True,2021-03-22,2021-04-05,3
Channel1,Geo38,False,2021-04-12,2021-04-12,1
Channel1,Geo38,True,2021-04-19,2021-04-19,1
Channel1,Geo38,False,2021-04-26,2021-05-03,2
Channel1,Geo38,True,2021-05-10,2021-05-17,2
Channel1,Geo38,False,2021-05-24,2021-05-24,1
Channel1,Geo38,True,2021-05-31,2021-06-14,3
Channel1,Geo38,False,2021-06-21,2021-06-21,1
Channel1,Geo38,True,2021-06-28,2021-07-19,4
Channel1,Geo38,False,2021-07-26,2021-08-02,2
Channel1,Geo38,True,2021-08-09,2021-08-30,4
Channel1,Geo38,False,2021-09-06,2021-09-06,1
Channel1,Geo38,True,2021-09-13,2021-09-13,1
Channel1,Geo38,False,2021-09-20,2021-10-04,3
Channel1,Geo38,True,2021-10-11,2021-10-25,3
Channel1,Geo38,False,2021-11-01,2021-11-01,1
Channel1,Geo38,True,2021-11-08,2021-11-22,3
Channel1,Geo38,False,2021-11-29,2021-11-29,1
Channel1,Geo38,True,2021-12-06,2022-01-24,8
Channel1,Geo38,False,2022-01-31,2022-01-31,1
Channel1,Geo38,True,2022-02-07,2022-02-21,3
Channel1,Geo38,False,2022-02-28,2022-02-28,1
Channel1,Geo38,True,2022-03-07,2022-03-07,1
Channel1,Geo38,False,2022-03-14,2022-03-14,1
Channel1,Geo38,True,2022-03-21,2022-04-04,3
Channel1,Geo38,False,2022-04-11,2022-04-11,1
Channel1,Geo38,True,2022-04-18,2022-04-18,1
Channel1,Geo38,False,2022-04-25,2022-04-25,1
Channel1,Geo38,True,2022-05-02,2022-05-02,1
Channel1,Geo38,False,2022-05-09,2022-05-09,1
Channel1,Geo38,True,2022-05-16,2022-06-27,7
Channel1,Geo38,False,2022-07-04,2022-07-04,1
Channel1,Geo38,True,2022-07-11,2022-07-18,2
Channel1,Geo38,False,2022-07-25,2022-07-25,1
Channel1,Geo38,True,2022-08-01,2022-09-19,8
Channel1,Geo38,False,2022-09-26,2022-09-26,1
Channel1,Geo38,True,2022-10-03,2022-10-31,5
Channel1,Geo38,False,2022-11-07,2022-11-07,1
Channel1,Geo38,True,2022-11-14,2023-01-02,8
Channel1,Geo38,False,2023-01-09,2023-01-23,3
Channel1,Geo38,True,2023-01-30,2023-02-13,3
Channel1,Geo38,False,2023-02-20,2023-02-20,1
Channel1,Geo38,True,2023-02-27,2023-04-03,6
Channel1,Geo38,False,2023-04-10,2023-04-10,1
Channel1,Geo38,True,2023-04-17,2023-05-08,4
Channel1,Geo38,False,2023-05-15,2023-05-15,1
Channel1,Geo38,True,2023-05-22,2023-05-22,1
Channel1,Geo38,False,2023-05-29,2023-06-05,2
Channel1,Geo38,True,2023-06-12,2023-06-12,1
Channel1,Geo38,False,2023-06-19,2023-06-19,1
Channel1,Geo38,True,2023-06-26,2023-06-26,1
Channel1,Geo38,False,2023-07-03,2023-07-03,1
Channel1,Geo38,True,2023-07-10,2023-07-17,2
Channel1,Geo38,False,2023-07-24,2023-07-31,2
Channel1,Geo38,True,2023-08-07,2023-08-07,1
Channel1,Geo38,False,2023-08-14,2023-08-21,2
Channel1,Geo38,True,2023-08-28,2023-09-18,4
Channel1,Geo38,False,2023-09-25,2023-09-25,1
Channel1,Geo38,True,2023-10-02,2023-10-02,1
Channel1,Geo38,False,2023-10-09,2023-10-16,2
Channel1,Geo38,True,2023-10-23,2024-01-15,13
Channel1,Geo39,False,2021-01-25,2021-01-25,1
Channel1,Geo39,True,2021-02-01,2021-02-08,2
Channel1,Geo39,False,2021-02-15,2021-02-15,1
Channel1,Geo39,True,2021-02-22,2021-03-01,2
Channel1,Geo39,False,2021-03-08,2021-03-15,2
Channel1,Geo39,True,2021-03-22,2021-03-29,2
Channel1,Geo39,False,2021-04-05,2021-04-12,2
Channel1,Geo39,True,2021-04-19,2021-04-26,2
Channel1,Geo39,False,2021-05-03,2021-05-03,1
Channel1,Geo39,True,2021-05-10,2021-05-17,2
Channel1,Geo39,False,2021-05-24,2021-05-24,1
Channel1,Geo39,True,2021-05-31,2021-06-07,2
Channel1,Geo39,False,2021-06-14,2021-06-28,3
Channel1,Geo39,True,2021-07-05,2021-07-05,1
Channel1,Geo39,False,2021-07-12,2021-07-19,2
Channel1,Geo39,True,2021-07-26,2021-09-13,8
Channel1,Geo39,False,2021-09-20,2021-09-20,1
Channel1,Geo39,True,2021-09-27,2021-10-11,3
Channel1,Geo39,False,2021-10-18,2021-10-25,2
Channel1,Geo39,True,2021-11-01,2021-11-01,1
Channel1,Geo39,False,2021-11-08,2021-11-08,1
Channel1,Geo39,True,2021-11-15,2021-11-22,2
Channel1,Geo39,False,2021-11-29,2021-11-29,1
Channel1,Geo39,True,2021-12-06,2021-12-20,3
Channel1,Geo39,False,2021-12-27,2021-12-27,1
Channel1,Geo39,True,2022-01-03,2022-01-10,2
Channel1,Geo39,False,2022-01-17,2022-01-17,1
Channel1,Geo39,True,2022-01-24,2022-02-07,3
Channel1,Geo39,False,2022-02-14,2022-02-21,2
Channel1,Geo39,True,2022-02-28,2022-03-21,4
Channel1,Geo39,False,2022-03-28,2022-04-11,3
Channel1,Geo39,True,2022-04-18,2022-04-25,2
Channel1,Geo39,False,2022-05-02,2022-05-02,1
Channel1,Geo39,True,2022-05-09,2022-05-09,1
Channel1,Geo39,False,2022-05-16,2022-05-16,1
Channel1,Geo39,True,2022-05-23,2022-06-06,3
Channel1,Geo39,False,2022-06-13,2022-06-13,1
Channel1,Geo39,True,2022-06-20,2022-06-27,2
Channel1,Geo39,False,2022-07-04,2022-07-04,1
Channel1,Geo39,True,2022-07-11,2022-07-25,3
Channel1,Geo39,False,2022-08-01,2022-08-08,2
Channel1,Geo39,True,2022-08-15,2022-08-22,2
Channel1,Geo39,False,2022-08-29,2022-08-29,1
Channel1,Geo39,True,2022-09-05,2022-09-05,1
Channel1,Geo39,False,2022-09-12,2022-09-26,3
Channel1,Geo39,True,2022-10-03,2022-10-17,3
Channel1,Geo39,False,2022-10-24,2022-10-24,1
Channel1,Geo39,True,2022-10-31,2022-11-07,2
Channel1,Geo39,False,2022-11-14,2022-11-14,1
Channel1,Geo39,True,2022-11-21,2022-12-26,6
Channel1,Geo39,False,2023-01-02,2023-01-02,1
Channel1,Geo39,True,2023-01-09,2023-01-16,2
Channel1,Geo39,False,2023-01-23,2023-01-23,1
Channel1,Geo39,True,2023-01-30,2023-02-20,4
Channel1,Geo39,False,2023-02-27,2023-02-27,1
Channel1,Geo39,True,2023-03-06,2023-03-13,2
Channel1,Geo39,False,2023-03-20,2023-03-20,1
Channel1,Geo39,True,2023-03-27,2023-04-24,5
Channel1,Geo39,False,2023-05-01,2023-05-01,1
Channel1,Geo39,True,2023-05-08,2023-05-08,1
Channel1,Geo39,False,2023-05-15,2023-05-15,1
Channel1,Geo39,True,2023-05-22,2023-05-29,2
Channel1,Geo39,False,2023-06-05,2023-07-10,6
Channel1,Geo39,True,2023-07-17,2023-07-17,1
Channel1,Geo39,False,2023-07-24,2023-07-31,2
Channel1,Geo39,True,2023-08-07,2023-08-21,3
Channel1,Geo39,False,2023-08-28,2023-08-28,1
Channel1,Geo39,True,2023-09-04,2023-10-23,8
Channel1,Geo39,False,2023-10-30,2023-10-30,1
Channel1,Geo39,True,2023-11-06,2024-01-15,11
Channel1,Geo4,True,2021-01-25,2021-02-08,3
Channel1,Geo4,False,2021-02-15,2021-02-22,2
Channel1,Geo4,True,2021-03-01,2021-04-26,9
Channel1,Geo4,False,2021-05-03,2021-05-03,1
Channel1,Geo4,True,2021-05-10,2021-05-31,4
Channel1,Geo4,False,2021-06-07,2021-06-14,2
Channel1,Geo4,True,2021-06-21,2021-07-05,3
Channel1,Geo4,False,2021-07-12,2021-07-12,1
Channel1,Geo4,True,2021-07-19,2021-08-23,6
Channel1,Geo4,False,2021-08-30,2021-08-30,1
Channel1,Geo4,True,2021-09-06,2021-09-20,3
Channel1,Geo4,False,2021-09-27,2021-09-27,1
Channel1,Geo4,True,2021-10-04,2021-10-25,4
Channel1,Geo4,False,2021-11-01,2021-11-08,2
Channel1,Geo4,True,2021-11-15,2021-11-22,2
Channel1,Geo4,False,2021-11-29,2021-11-29,1
Channel1,Geo4,True,2021-12-06,2021-12-20,3
Channel1,Geo4,False,2021-12-27,2021-12-27,1
Channel1,Geo4,True,2022-01-03,2022-01-03,1
Channel1,Geo4,False,2022-01-10,2022-01-24,3
Channel1,Geo4,True,2022-01-31,2022-02-28,5
Channel1,Geo4,False,2022-03-07,2022-03-14,2
Channel1,Geo4,True,2022-03-21,2022-03-21,1
Channel1,Geo4,False,2022-03-28,2022-03-28,1
Channel1,Geo4,True,2022-04-04,2022-04-04,1
Channel1,Geo4,False,2022-04-11,2022-04-11,1
Channel1,Geo4,True,2022-04-18,2022-04-25,2
Channel1,Geo4,False,2022-05-02,2022-05-02,1
Channel1,Geo4,True,2022-05-09,2022-05-09,1
Channel1,Geo4,False,2022-05-16,2022-05-16,1
Channel1,Geo4,True,2022-05-23,2022-05-23,1
Channel1,Geo4,False,2022-05-30,2022-05-30,1
Channel1,Geo4,True,2022-06-06,2022-06-06,1
Channel1,Geo4,False,2022-06-13,2022-06-20,2
Channel1,Geo4,True,2022-06-27,2022-08-01,6
Channel1,Geo4,False,2022-08-08,2022-08-15,2
Channel1,Geo4,True,2022-08-22,2022-12-19,18
Channel1,Geo4,False,2022-12-26,2023-01-02,2
Channel1,Geo4,True,2023-01-09,2023-01-30,4
Channel1,Geo4,False,2023-02-06,2023-02-06,1
Channel1,Geo4,True,2023-02-13,2023-02-13,1
Channel1,Geo4,False,2023-02-20,2023-02-20,1
Channel1,Geo4,True,2023-02-27,2023-02-27,1
Channel1,Geo4,False,2023-03-06,2023-03-06,1
Channel1,Geo4,True,2023-03-13,2023-03-13,1
Channel1,Geo4,False,2023-03-20,2023-03-20,1
Channel1,Geo4,True,2023-03-27,2023-04-24,5
Channel1,Geo4,False,2023-05-01,2023-05-01,1
Channel1,Geo4,True,2023-05-08,2023-05-15,2
Channel1,Geo4,False,2023-05-22,2023-05-29,2
Channel1,Geo4,True,2023-06-05,2023-06-05,1
Channel1,Geo4,False,2023-06-12,2023-06-12,1
Channel1,Geo4,True,2023-06-19,2023-06-26,2
Channel1,Geo4,False,2023-07-03,2023-07-10,2
Channel1,Geo4,True,2023-07-17,2023-08-14,5
Channel1,Geo4,False,2023-08-21,2023-08-28,2
Channel1,Geo4,True,2023-09-04,2023-09-18,3
Channel1,Geo4,False,2023-09-25,2023-09-25,1
Channel1,Geo4,True,2023-10-02,2023-10-09,2
Channel1,Geo4,False,2023-10-16,2023-10-23,2
Channel1,Geo4,True,2023-10-30,2023-11-13,3
Channel1,Geo4,False,2023-11-20,2023-11-20,1
Channel1,Geo4,True,2023-11-27,2024-01-15,8
Channel1,Geo5,False,2021-01-25,2021-01-25,1
Channel1,Geo5,True,2021-02-01,2021-02-08,2
Channel1,Geo5,False,2021-02-15,2021-02-22,2
Channel1,Geo5,True,2021-03-01,2021-07-05,19
Channel1,Geo5,False,2021-07-12,2021-07-19,2
Channel1,Geo5,True,2021-07-26,2021-08-02,2
Channel1,Geo5,False,2021-08-09,2021-08-16,2
Channel1,Geo5,True,2021-08-23,2021-08-30,2
Channel1,Geo5,False,2021-09-06,2021-09-06,1
Channel1,Geo5,True,2021-09-13,2021-11-29,12
Channel1,Geo5,False,2021-12-06,2021-12-13,2
Channel1,Geo5,True,2021-12-20,2022-03-14,13
Channel1,Geo5,False,2022-03-21,2022-04-11,4
Channel1,Geo5,True,2022-04-18,2022-05-09,4
Channel1,Geo5,False,2022-05-16,2022-05-23,2
Channel1,Geo5,True,2022-05-30,2022-06-27,5
Channel1,Geo5,False,2022-07-04,2022-07-04,1
Channel1,Geo5,True,2022-07-11,2022-07-18,2
Channel1,Geo5,False,2022-07-25,2022-07-25,1
Channel1,Geo5,True,2022-08-01,2022-08-08,2
Channel1,Geo5,False,2022-08-15,2022-08-15,1
Channel1,Geo5,True,2022-08-22,2022-10-17,9
Channel1,Geo5,False,2022-10-24,2022-10-24,1
Channel1,Geo5,True,2022-10-31,2022-12-19,8
Channel1,Geo5,False,2022-12-26,2023-01-02,2
Channel1,Geo5,True,2023-01-09,2023-01-23,3
Channel1,Geo5,False,2023-01-30,2023-01-30,1
Channel1,Geo5,True,2023-02-06,2023-02-13,2
Channel1,Geo5,False,2023-02-20,2023-02-20,1
Channel1,Geo5,True,2023-02-27,2023-02-27,1
Channel1,Geo5,False,2023-03-06,2023-03-06,1
Channel1,Geo5,True,2023-03-13,2023-04-03,4
Channel1,Geo5,False,2023-04-10,2023-04-10,1
Channel1,Geo5,True,2023-04-17,2023-05-08,4
Channel1,Geo5,False,2023-05-15,2023-05-22,2
Channel1,Geo5,True,2023-05-29,2023-05-29,1
Channel1,Geo5,False,2023-06-05,2023-06-05,1
Channel1,Geo5,True,2023-06-12,2023-07-31,8
Channel1,Geo5,False,2023-08-07,2023-08-07,1
Channel1,Geo5,True,2023-08-14,2023-08-14,1
Channel1,Geo5,False,2023-08-21,2023-08-28,2
Channel1,Geo5,True,2023-09-04,2024-01-15,20
Channel1,Geo6,False,2021-01-25,2021-01-25,1
Channel1,Geo6,True,2021-02-01,2021-02-15,3
Channel1,Geo6,False,2021-02-22,2021-03-01,2
Channel1,Geo6,True,2021-03-08,2021-03-08,1
Channel1,Geo6,False,2021-03-15,2021-03-15,1
Channel1,Geo6,True,2021-03-22,2021-03-22,1
Channel1,Geo6,False,2021-03-29,2021-03-29,1
Channel1,Geo6,True,2021-04-05,2021-04-12,2
Channel1,Geo6,False,2021-04-19,2021-04-26,2
Channel1,Geo6,True,2021-05-03,2021-05-10,2
Channel1,Geo6,False,2021-05-17,2021-05-24,2
Channel1,Geo6,True,2021-05-31,2021-06-28,5
Channel1,Geo6,False,2021-07-05,2021-07-19,3
Channel1,Geo6,True,2021-07-26,2021-08-02,2
Channel1,Geo6,False,2021-08-09,2021-08-09,1
Channel1,Geo6,True,2021-08-16,2021-11-01,12
Channel1,Geo6,False,2021-11-08,2021-11-08,1
Channel1,Geo6,True,2021-11-15,2021-12-20,6
Channel1,Geo6,False,2021-12-27,2022-01-03,2
Channel1,Geo6,True,2022-01-10,2022-02-28,8
Channel1,Geo6,False,2022-03-07,2022-03-07,1
Channel1,Geo6,True,2022-03-14,2022-03-21,2
Channel1,Geo6,False,2022-03-28,2022-03-28,1
Channel1,Geo6,True,2022-04-04,2022-04-11,2
Channel1,Geo6,False,2022-04-18,2022-04-25,2
Channel1,Geo6,True,2022-05-02,2022-05-16,3
Channel1,Geo6,False,2022-05-23,2022-05-30,2
Channel1,Geo6,True,2022-06-06,2022-09-05,14
Channel1,Geo6,False,2022-09-12,2022-09-12,1
Channel1,Geo6,True,2022-09-19,2022-09-19,1
Channel1,Geo6,False,2022-09-26,2022-09-26,1
Channel1,Geo6,True,2022-10-03,2022-10-03,1
Channel1,Geo6,False,2022-10-10,2022-10-10,1
Channel1,Geo6,True,2022-10-17,2022-10-17,1
Channel1,Geo6,False,2022-10-24,2022-10-24,1
Channel1,Geo6,True,2022-10-31,2022-12-19,8
Channel1,Geo6,False,2022-12-26,2022-12-26,1
Channel1,Geo6,True,2023-01-02,2023-01-09,2
Channel1,Geo6,False,2023-01-16,2023-01-16,1
Channel1,Geo6,True,2023-01-23,2023-02-27,6
Channel1,Geo6,False,2023-03-06,2023-03-06,1
Channel1,Geo6,True,2023-03-13,2023-03-13,1
Channel1,Geo6,False,2023-03-20,2023-03-20,1
Channel1,Geo6,True,2023-03-27,2023-03-27,1
Channel1,Geo6,False,2023-04-03,2023-04-17,3
Channel1,Geo6,True,2023-04-24,2023-04-24,1
Channel1,Geo6,False,2023-05-01,2023-05-01,1
Channel1,Geo6,True,2023-05-08,2023-05-08,1
Channel1,Geo6,False,2023-05-15,2023-05-15,1
Channel1,Geo6,True,2023-05-22,2023-06-19,5
Channel1,Geo6,False,2023-06-26,2023-07-10,3
Channel1,Geo6,True,2023-07-17,2023-07-17,1
Channel1,Geo6,False,2023-07-24,2023-07-31,2
Channel1,Geo6,True,2023-08-07,2023-08-07,1
Channel1,Geo6,False,2023-08-14,2023-08-14,1
Channel1,Geo6,True,2023-08-21,2023-08-21,1
Channel1,Geo6,False,2023-08-28,2023-08-28,1
Channel1,Geo6,True,2023-09-04,2023-10-02,5
Channel1,Geo6,False,2023-10-09,2023-10-09,1
Channel1,Geo6,True,2023-10-16,2023-10-16,1
Channel1,Geo6,False,2023-10-23,2023-10-23,1
Channel1,Geo6,True,2023-10-30,2023-11-06,2
Channel1,Geo6,False,2023-11-13,2023-11-13,1
Channel1,Geo6,True,2023-11-20,2023-12-04,3
Channel1,Geo6,False,2023-12-11,2023-12-11,1
Channel1,Geo6,True,2023-12-18,2024-01-15,5
Channel1,Geo7,False,2021-01-25,2021-01-25,1
Channel1,Geo7,True,2021-02-01,2021-02-01,1
Channel1,Geo7,False,2021-02-08,2021-02-08,1
Channel1,Geo7,True,2021-02-15,2021-03-22,6
Channel1,Geo7,False,2021-03-29,2021-04-19,4
Channel1,Geo7,True,2021-04-26,2021-04-26,1
Channel1,Geo7,False,2021-05-03,2021-05-03,1
Channel1,Geo7,True,2021-05-10,2021-05-17,2
Channel1,Geo7,False,2021-05-24,2021-05-24,1
Channel1,Geo7,True,2021-05-31,2021-06-07,2
Channel1,Geo7,False,2021-06-14,2021-06-14,1
Channel1,Geo7,True,2021-06-21,2021-07-12,4
Channel1,Geo7,False,2021-07-19,2021-07-19,1
Channel1,Geo7,True,2021-07-26,2021-10-25,14
Channel1,Geo7,False,2021-11-01,2021-11-01,1
Channel1,Geo7,True,2021-11-08,2021-11-22,3
Channel1,Geo7,False,2021-11-29,2021-12-06,2
Channel1,Geo7,True,2021-12-13,2022-01-10,5
Channel1,Geo7,False,2022-01-17,2022-01-17,1
Channel1,Geo7,True,2022-01-24,2022-03-14,8
Channel1,Geo7,False,2022-03-21,2022-03-21,1
Channel1,Geo7,True,2022-03-28,2022-03-28,1
Channel1,Geo7,False,2022-04-04,2022-04-18,3
Channel1,Geo7,True,2022-04-25,2022-04-25,1
Channel1,Geo7,False,2022-05-02,2022-05-02,1
Channel1,Geo7,True,2022-05-09,2022-05-09,1
Channel1,Geo7,False,2022-05-16,2022-05-16,1
Channel1,Geo7,True,2022-05-23,2022-07-11,8
Channel1,Geo7,False,2022-07-18,2022-07-25,2
Channel1,Geo7,True,2022-08-01,2022-08-01,1
Channel1,Geo7,False,2022-08-08,2022-08-15,2
Channel1,Geo7,True,2022-08-22,2022-09-05,3
Channel1,Geo7,False,2022-09-12,2022-09-12,1
Channel1,Geo7,True,2022-09-19,2022-11-07,8
Channel1,Geo7,False,2022-11-14,2022-11-14,1
Channel1,Geo7,True,2022-11-21,2023-01-09,8
Channel1,Geo7,False,2023-01-16,2023-01-23,2
Channel1,Geo7,True,2023-01-30,2023-02-27,5
Channel1,Geo7,False,2023-03-06,2023-03-06,1
Channel1,Geo7,True,2023-03-13,2023-03-13,1
Channel1,Geo7,False,2023-03-20,2023-03-20,1
Channel1,Geo7,True,2023-03-27,2023-04-03,2
Channel1,Geo7,False,2023-04-10,2023-04-10,1
Channel1,Geo7,True,2023-04-17,2023-05-22,6
Channel1,Geo7,False,2023-05-29,2023-06-12,3
Channel1,Geo7,True,2023-06-19,2023-07-24,6
Channel1,Geo7,False,2023-07-31,2023-07-31,1
Channel1,Geo7,True,2023-08-07,2023-08-07,1
Channel1,Geo7,False,2023-08-14,2023-08-28,3
Channel1,Geo7,True,2023-09-04,2024-01-15,20
Channel1,Geo8,False,2021-01-25,2021-01-25,1
Channel1,Geo8,True,2021-02-01,2021-02-08,2
Channel1,Geo8,False,2021-02-15,2021-02-22,2
Channel1,Geo8,True,2021-03-01,2021-03-01,1
Channel1,Geo8,False,2021-03-08,2021-03-22,3
Channel1,Geo8,True,2021-03-29,2021-03-29,1
Channel1,Geo8,False,2021-04-05,2021-04-05,1
Channel1,Geo8,True,2021-04-12,2021-04-26,3
Channel1,Geo8,False,2021-05-03,2021-05-03,1
Channel1,Geo8,True,2021-05-10,2021-06-14,6
Channel1,Geo8,False,2021-06-21,2021-06-21,1
Channel1,Geo8,True,2021-06-28,2021-06-28,1
Channel1,Geo8,False,2021-07-05,2021-07-12,2
Channel1,Geo8,True,2021-07-19,2021-07-19,1
Channel1,Geo8,False,2021-07-26,2021-07-26,1
Channel1,Geo8,True,2021-08-02,2021-08-09,2
Channel1,Geo8,False,2021-08-16,2021-08-16,1
Channel1,Geo8,True,2021-08-23,2021-09-27,6
Channel1,Geo8,False,2021-10-04,2021-10-04,1
Channel1,Geo8,True,2021-10-11,2021-10-18,2
Channel1,Geo8,False,2021-10-25,2021-11-08,3
Channel1,Geo8,True,2021-11-15,2021-11-29,3
Channel1,Geo8,False,2021-12-06,2021-12-13,2
Channel1,Geo8,True,2021-12-20,2022-02-21,10
Channel1,Geo8,False,2022-02-28,2022-02-28,1
Channel1,Geo8,True,2022-03-07,2022-03-21,3
Channel1,Geo8,False,2022-03-28,2022-03-28,1
Channel1,Geo8,True,2022-04-04,2022-05-02,5
Channel1,Geo8,False,2022-05-09,2022-05-09,1
Channel1,Geo8,True,2022-05-16,2022-06-06,4
Channel1,Geo8,False,2022-06-13,2022-06-13,1
Channel1,Geo8,True,2022-06-20,2022-06-20,1
Channel1,Geo8,False,2022-06-27,2022-07-11,3
Channel1,Geo8,True,2022-07-18,2022-07-18,1
Channel1,Geo8,False,2022-07-25,2022-07-25,1
Channel1,Geo8,True,2022-08-01,2022-10-03,10
Channel1,Geo8,False,2022-10-10,2022-10-10,1
Channel1,Geo8,True,2022-10-17,2022-11-14,5
Channel1,Geo8,False,2022-11-21,2022-11-21,1
Channel1,Geo8,True,2022-11-28,2023-01-16,8
Channel1,Geo8,False,2023-01-23,2023-01-23,1
Channel1,Geo8,True,2023-01-30,2023-01-30,1
Channel1,Geo8,False,2023-02-06,2023-02-06,1
Channel1,Geo8,True,2023-02-13,2023-03-13,5
Channel1,Geo8,False,2023-03-20,2023-03-20,1
Channel1,Geo8,True,2023-03-27,2023-04-17,4
Channel1,Geo8,False,2023-04-24,2023-05-01,2
Channel1,Geo8,True,2023-05-08,2023-05-22,3
Channel1,Geo8,False,2023-05-29,2023-05-29,1
Channel1,Geo8,True,2023-06-05,2023-06-05,1
Channel1,Geo8,False,2023-06-12,2023-06-19,2
Channel1,Geo8,True,2023-06-26,2023-06-26,1
Channel1,Geo8,False,2023-07-03,2023-07-17,3
Channel1,Geo8,True,2023-07-24,2023-07-24,1
Channel1,Geo8,False,2023-07-31,2023-08-07,2
Channel1,Geo8,True,2023-08-14,2023-08-14,1
Channel1,Geo8,False,2023-08-21,2023-08-28,2
Channel1,Geo8,True,2023-09-04,2023-09-04,1
Channel1,Geo8,False,2023-09-11,2023-09-11,1
Channel1,Geo8,True,2023-09-18,2023-10-09,4
Channel1,Geo8,False,2023-10-16,2023-10-30,3
Channel1,Geo8,True,2023-11-06,2023-12-04,5
Channel1,Geo8,False,2023-12-11,2023-12-11,1
Channel1,Geo8,True,2023-12-18,2023-12-25,2
Channel1,Geo8,False,2024-01-01,2024-01-01,1
Channel1,Geo8,True,2024-01-08,2024-01-15,2
Channel1,Geo9,True,2021-01-25,2021-02-08,3
Channel1,Geo9,False,2021-02-15,2021-02-15,1
Channel1,Geo9,True,2021-02-22,2021-03-01,2
Channel1,Geo9,False,2021-03-08,2021-03-08,1
Channel1,Geo9,True,2021-03-15,2021-03-29,3
Channel1,Geo9,False,2021-04-05,2021-04-05,1
Channel1,Geo9,True,2021-04-12,2021-05-17,6
Channel1,Geo9,False,2021-05-24,2021-05-24,1
Channel1,Geo9,True,2021-05-31,2021-06-21,4
Channel1,Geo9,False,2021-06-28,2021-07-12,3
Channel1,Geo9,True,2021-07-19,2021-08-09,4
Channel1,Geo9,False,2021-08-16,2021-08-16,1
Channel1,Geo9,True,2021-08-23,2021-11-01,11
Channel1,Geo9,False,2021-11-08,2021-11-08,1
Channel1,Geo9,True,2021-11-15,2021-12-06,4
Channel1,Geo9,False,2021-12-13,2021-12-13,1
Channel1,Geo9,True,2021-12-20,2021-12-20,1
Channel1,Geo9,False,2021-12-27,2021-12-27,1
Channel1,Geo9,True,2022-01-03,2022-01-10,2
Channel1,Geo9,False,2022-01-17,2022-01-17,1
Channel1,Geo9,True,2022-01-24,2022-02-14,4
Channel1,Geo9,False,2022-02-21,2022-02-21,1
Channel1,Geo9,True,2022-02-28,2022-02-28,1
Channel1,Geo9,False,2022-03-07,2022-03-07,1
Channel1,Geo9,True,2022-03-14,2022-03-14,1
Channel1,Geo9,False,2022-03-21,2022-04-04,3
Channel1,Geo9,True,2022-04-11,2022-04-11,1
Channel1,Geo9,False,2022-04-18,2022-04-18,1
Channel1,Geo9,True,2022-04-25,2022-04-25,1
Channel1,Geo9,False,2022-05-02,2022-05-02,1
Channel1,Geo9,True,2022-05-09,2022-05-23,3
Channel1,Geo9,False,2022-05-30,2022-07-11,7
Channel1,Geo9,True,2022-07-18,2022-07-18,1
Channel1,Geo9,False,2022-07-25,2022-07-25,1
Channel1,Geo9,True,2022-08-01,2023-01-16,25
Channel1,Geo9,False,2023-01-23,2023-01-30,2
Channel1,Geo9,True,2023-02-06,2023-02-13,2
Channel1,Geo9,False,2023-02-20,2023-02-20,1
Channel1,Geo9,True,2023-02-27,2023-03-13,3
Channel1,Geo9,False,2023-03-20,2023-03-20,1
Channel1,Geo9,True,2023-03-27,2023-04-10,3
Channel1,Geo9,False,2023-04-17,2023-04-17,1
Channel1,Geo9,True,2023-04-24,2023-04-24,1
Channel1,Geo9,False,2023-05-01,2023-05-01,1
Channel1,Geo9,True,2023-05-08,2023-05-08,1
Channel1,Geo9,False,2023-05-15,2023-05-22,2
Channel1,Geo9,True,2023-05-29,2023-07-03,6
Channel1,Geo9,False,2023-07-10,2023-07-17,2
Channel1,Geo9,True,2023-07-24,2023-08-07,3
Channel1,Geo9,False,2023-08-14,2023-08-14,1
Channel1,Geo9,True,2023-08-21,2023-09-18,5
Channel1,Geo9,False,2023-09-25,2023-09-25,1
Channel1,Geo9,True,2023-10-02,2023-10-23,4
Channel1,Geo9,False,2023-10-30,2023-10-30,1
Channel1,Geo9,True,2023-11-06,2023-11-13,2
Channel1,Geo9,False,2023-11-20,2023-11-27,2
Channel1,Geo9,True,2023-12-04,2023-12-25,4
Channel1,Geo9,False,2024-01-01,2024-01-01,1
Channel1,Geo9,True,2024-01-08,2024-01-15,2
Channel2,Geo0,False,2021-01-25,2021-01-25,1
Channel2,Geo0,True,2021-02-01,2021-02-01,1
Channel2,Geo0,False,2021-02-08,2021-03-01,4
Channel2,Geo0,True,2021-03-08,2021-03-15,2
Channel2,Geo0,False,2021-03-22,2021-03-22,1
Channel2,Geo0,True,2021-03-29,2021-03-29,1
Channel2,Geo0,False,2021-04-05,2021-05-24,8
Channel2,Geo0,True,2021-05-31,2021-05-31,1
Channel2,Geo0,False,2021-06-07,2021-06-07,1
Channel2,Geo0,True,2021-06-14,2021-06-14,1
Channel2,Geo0,False,2021-06-21,2021-07-19,5
Channel2,Geo0,True,2021-07-26,2021-08-09,3
Channel2,Geo0,False,2021-08-16,2021-08-23,2
Channel2,Geo0,True,2021-08-30,2021-08-30,1
Channel2,Geo0,False,2021-09-06,2021-09-27,4
Channel2,Geo0,True,2021-10-04,2021-10-18,3
Channel2,Geo0,False,2021-10-25,2021-11-15,4
Channel2,Geo0,True,2021-11-22,2021-11-22,1
Channel2,Geo0,False,2021-11-29,2021-12-20,4
Channel2,Geo0,True,2021-12-27,2021-12-27,1
Channel2,Geo0,False,2022-01-03,2022-02-14,7
Channel2,Geo0,True,2022-02-21,2022-02-21,1
Channel2,Geo0,False,2022-02-28,2022-02-28,1
Channel2,Geo0,True,2022-03-07,2022-03-14,2
Channel2,Geo0,False,2022-03-21,2022-03-28,2
Channel2,Geo0,True,2022-04-04,2022-04-04,1
Channel2,Geo0,False,2022-04-11,2022-05-16,6
Channel2,Geo0,True,2022-05-23,2022-05-23,1
Channel2,Geo0,False,2022-05-30,2022-06-27,5
Channel2,Geo0,True,2022-07-04,2022-07-11,2
Channel2,Geo0,False,2022-07-18,2022-07-25,2
Channel2,Geo0,True,2022-08-01,2022-08-08,2
Channel2,Geo0,False,2022-08-15,2022-08-15,1
Channel2,Geo0,True,2022-08-22,2022-08-29,2
Channel2,Geo0,False,2022-09-05,2022-09-05,1
Channel2,Geo0,True,2022-09-12,2022-10-17,6
Channel2,Geo0,False,2022-10-24,2022-10-24,1
Channel2,Geo0,True,2022-10-31,2022-10-31,1
Channel2,Geo0,False,2022-11-07,2022-11-21,3
Channel2,Geo0,True,2022-11-28,2022-11-28,1
Channel2,Geo0,False,2022-12-05,2022-12-05,1
Channel2,Geo0,True,2022-12-12,2022-12-26,3
Channel2,Geo0,False,2023-01-02,2023-02-20,8
Channel2,Geo0,True,2023-02-27,2023-02-27,1
Channel2,Geo0,False,2023-03-06,2023-03-13,2
Channel2,Geo0,True,2023-03-20,2023-03-27,2
Channel2,Geo0,False,2023-04-03,2023-04-24,4
Channel2,Geo0,True,2023-05-01,2023-05-01,1
Channel2,Geo0,False,2023-05-08,2023-06-05,5
Channel2,Geo0,True,2023-06-12,2023-06-12,1
Channel2,Geo0,False,2023-06-19,2023-06-19,1
Channel2,Geo0,True,2023-06-26,2023-06-26,1
Channel2,Geo0,False,2023-07-03,2023-08-14,7
Channel2,Geo0,True,2023-08-21,2023-08-21,1
Channel2,Geo0,False,2023-08-28,2023-08-28,1
Channel2,Geo0,True,2023-09-04,2023-09-11,2
Channel2,Geo0,False,2023-09-18,2023-09-18,1
Channel2,Geo0,True,2023-09-25,2023-09-25,1
Channel2,Geo0,False,2023-10-02,2023-10-09,2
Channel2,Geo0,True,2023-10-16,2023-11-13,5
Channel2,Geo0,False,2023-11-20,2023-11-27,2
Channel2,Geo0,True,2023-12-04,2023-12-04,1
Channel2,Geo0,False,2023-12-11,2023-12-18,2
Channel2,Geo0,True,2023-12-25,2023-12-25,1
Channel2,Geo0,False,2024-01-01,2024-01-15,3
Channel2,Geo1,True,2021-01-25,2021-02-01,2
Channel2,Geo1,False,2021-02-08,2021-03-15,6
Channel2,Geo1,True,2021-03-22,2021-04-05,3
Channel2,Geo1,False,2021-04-12,2021-06-21,11
Channel2,Geo1,True,2021-06-28,2021-07-05,2
Channel2,Geo1,False,2021-07-12,2021-07-19,2
Channel2,Geo1,True,2021-07-26,2021-08-02,2
Channel2,Geo1,False,2021-08-09,2021-08-23,3
Channel2,Geo1,True,2021-08-30,2021-08-30,1
Channel2,Geo1,False,2021-09-06,2021-09-27,4
Channel2,Geo1,True,2021-10-04,2021-10-25,4
Channel2,Geo1,False,2021-11-01,2021-11-08,2
Channel2,Geo1,True,2021-11-15,2021-11-29,3
Channel2,Geo1,False,2021-12-06,2021-12-06,1
Channel2,Geo1,True,2021-12-13,2021-12-13,1
Channel2,Geo1,False,2021-12-20,2021-12-20,1
Channel2,Geo1,True,2021-12-27,2022-01-03,2
Channel2,Geo1,False,2022-01-10,2022-01-10,1
Channel2,Geo1,True,2022-01-17,2022-02-07,4
Channel2,Geo1,False,2022-02-14,2022-03-07,4
Channel2,Geo1,True,2022-03-14,2022-03-14,1
Channel2,Geo1,False,2022-03-21,2022-05-02,7
Channel2,Geo1,True,2022-05-09,2022-05-09,1
Channel2,Geo1,False,2022-05-16,2022-05-16,1
Channel2,Geo1,True,2022-05-23,2022-05-30,2
Channel2,Geo1,False,2022-06-06,2022-07-25,8
Channel2,Geo1,True,2022-08-01,2022-08-01,1
Channel2,Geo1,False,2022-08-08,2022-08-15,2
Channel2,Geo1,True,2022-08-22,2022-08-22,1
Channel2,Geo1,False,2022-08-29,2022-09-12,3
Channel2,Geo1,True,2022-09-19,2022-09-26,2
Channel2,Geo1,False,2022-10-03,2022-10-03,1
Channel2,Geo1,True,2022-10-10,2022-10-24,3
Channel2,Geo1,False,2022-10-31,2022-10-31,1
Channel2,Geo1,True,2022-11-07,2022-12-05,5
Channel2,Geo1,False,2022-12-12,2022-12-12,1
Channel2,Geo1,True,2022-12-19,2023-01-02,3
Channel2,Geo1,False,2023-01-09,2023-02-13,6
Channel2,Geo1,True,2023-02-20,2023-02-20,1
Channel2,Geo1,False,2023-02-27,2023-05-15,12
Channel2,Geo1,True,2023-05-22,2023-05-22,1
Channel2,Geo1,False,2023-05-29,2023-05-29,1
Channel2,Geo1,True,2023-06-05,2023-06-05,1
Channel2,Geo1,False,2023-06-12,2023-07-24,7
Channel2,Geo1,True,2023-07-31,2023-08-07,2
Channel2,Geo1,False,2023-08-14,2023-08-14,1
Channel2,Geo1,True,2023-08-21,2023-08-21,1
Channel2,Geo1,False,2023-08-28,2023-08-28,1
Channel2,Geo1,True,2023-09-04,2023-09-04,1
Channel2,Geo1,False,2023-09-11,2023-09-18,2
Channel2,Geo1,True,2023-09-25,2023-09-25,1
Channel2,Geo1,False,2023-10-02,2023-10-02,1
Channel2,Geo1,True,2023-10-09,2023-10-09,1
Channel2,Geo1,False,2023-10-16,2023-10-30,3
Channel2,Geo1,True,2023-11-06,2023-12-11,6
Channel2,Geo1,False,2023-12-18,2023-12-25,2
Channel2,Geo1,True,2024-01-01,2024-01-01,1
Channel2,Geo1,False,2024-01-08,2024-01-15,2
Channel2,Geo10,False,2021-01-25,2021-02-15,4
Channel2,Geo10,True,2021-02-22,2021-02-22,1
Channel2,Geo10,False,2021-03-01,2021-03-08,2
Channel2,Geo10,True,2021-03-15,2021-03-15,1
Channel2,Geo10,False,2021-03-22,2021-04-05,3
Channel2,Geo10,True,2021-04-12,2021-04-12,1
Channel2,Geo10,False,2021-04-19,2021-04-26,2
Channel2,Geo10,True,2021-05-03,2021-05-03,1
Channel2,Geo10,False,2021-05-10,2021-06-21,7
Channel2,Geo10,True,2021-06-28,2021-06-28,1
Channel2,Geo10,False,2021-07-05,2021-07-26,4
Channel2,Geo10,True,2021-08-02,2021-08-09,2
Channel2,Geo10,False,2021-08-16,2021-08-23,2
Channel2,Geo10,True,2021-08-30,2021-08-30,1
Channel2,Geo10,False,2021-09-06,2021-09-06,1
Channel2,Geo10,True,2021-09-13,2021-09-13,1
Channel2,Geo10,False,2021-09-20,2021-09-20,1
Channel2,Geo10,True,2021-09-27,2021-10-25,5
Channel2,Geo10,False,2021-11-01,2021-11-01,1
Channel2,Geo10,True,2021-11-08,2021-11-08,1
Channel2,Geo10,False,2021-11-15,2021-11-15,1
Channel2,Geo10,True,2021-11-22,2021-12-06,3
Channel2,Geo10,False,2021-12-13,2021-12-13,1
Channel2,Geo10,True,2021-12-20,2021-12-20,1
Channel2,Geo10,False,2021-12-27,2022-01-10,3
Channel2,Geo10,True,2022-01-17,2022-01-17,1
Channel2,Geo10,False,2022-01-24,2022-02-21,5
Channel2,Geo10,True,2022-02-28,2022-02-28,1
Channel2,Geo10,False,2022-03-07,2022-04-11,6
Channel2,Geo10,True,2022-04-18,2022-04-18,1
Channel2,Geo10,False,2022-04-25,2022-05-02,2
Channel2,Geo10,True,2022-05-09,2022-05-09,1
Channel2,Geo10,False,2022-05-16,2022-06-13,5
Channel2,Geo10,True,2022-06-20,2022-06-20,1
Channel2,Geo10,False,2022-06-27,2022-06-27,1
Channel2,Geo10,True,2022-07-04,2022-07-04,1
Channel2,Geo10,False,2022-07-11,2022-07-11,1
Channel2,Geo10,True,2022-07-18,2022-07-18,1
Channel2,Geo10,False,2022-07-25,2022-08-22,5
Channel2,Geo10,True,2022-08-29,2022-08-29,1
Channel2,Geo10,False,2022-09-05,2022-09-05,1
Channel2,Geo10,True,2022-09-12,2022-09-19,2
Channel2,Geo10,False,2022-09-26,2022-09-26,1
Channel2,Geo10,True,2022-10-03,2022-10-03,1
Channel2,Geo10,False,2022-10-10,2022-10-17,2
Channel2,Geo10,True,2022-10-24,2022-10-24,1
Channel2,Geo10,False,2022-10-31,2022-11-07,2
Channel2,Geo10,True,2022-11-14,2022-11-14,1
Channel2,Geo10,False,2022-11-21,2022-11-28,2
Channel2,Geo10,True,2022-12-05,2022-12-12,2
Channel2,Geo10,False,2022-12-19,2022-12-19,1
Channel2,Geo10,True,2022-12-26,2022-12-26,1
Channel2,Geo10,False,2023-01-02,2023-01-02,1
Channel2,Geo10,True,2023-01-09,2023-01-09,1
Channel2,Geo10,False,2023-01-16,2023-01-30,3
Channel2,Geo10,True,2023-02-06,2023-02-06,1
Channel2,Geo10,False,2023-02-13,2023-04-03,8
Channel2,Geo10,True,2023-04-10,2023-04-10,1
Channel2,Geo10,False,2023-04-17,2023-04-24,2
Channel2,Geo10,True,2023-05-01,2023-05-01,1
Channel2,Geo10,False,2023-05-08,2023-05-29,4
Channel2,Geo10,True,2023-06-05,2023-06-05,1
Channel2,Geo10,False,2023-06-12,2023-06-19,2
Channel2,Geo10,True,2023-06-26,2023-06-26,1
Channel2,Geo10,False,2023-07-03,2023-07-24,4
Channel2,Geo10,True,2023-07-31,2023-07-31,1
Channel2,Geo10,False,2023-08-07,2023-08-14,2
Channel2,Geo10,True,2023-08-21,2023-09-11,4
Channel2,Geo10,False,2023-09-18,2023-09-18,1
Channel2,Geo10,True,2023-09-25,2023-10-09,3
Channel2,Geo10,False,2023-10-16,2023-10-30,3
Channel2,Geo10,True,2023-11-06,2023-11-06,1
Channel2,Geo10,False,2023-11-13,2023-11-20,2
Channel2,Geo10,True,2023-11-27,2023-12-04,2
Channel2,Geo10,False,2023-12-11,2024-01-15,6
Channel2,Geo11,False,2021-01-25,2021-02-15,4
Channel2,Geo11,True,2021-02-22,2021-02-22,1
Channel2,Geo11,False,2021-03-01,2021-03-15,3
Channel2,Geo11,True,2021-03-22,2021-03-22,1
Channel2,Geo11,False,2021-03-29,2021-03-29,1
Channel2,Geo11,True,2021-04-05,2021-04-05,1
Channel2,Geo11,False,2021-04-12,2021-04-26,3
Channel2,Geo11,True,2021-05-03,2021-05-10,2
Channel2,Geo11,False,2021-05-17,2021-05-24,2
Channel2,Geo11,True,2021-05-31,2021-06-14,3
Channel2,Geo11,False,2021-06-21,2021-06-28,2
Channel2,Geo11,True,2021-07-05,2021-07-12,2
Channel2,Geo11,False,2021-07-19,2021-08-02,3
Channel2,Geo11,True,2021-08-09,2021-08-09,1
Channel2,Geo11,False,2021-08-16,2021-08-23,2
Channel2,Geo11,True,2021-08-30,2021-08-30,1
Channel2,Geo11,False,2021-09-06,2021-09-20,3
Channel2,Geo11,True,2021-09-27,2021-10-04,2
Channel2,Geo11,False,2021-10-11,2021-10-11,1
Channel2,Geo11,True,2021-10-18,2021-10-18,1
Channel2,Geo11,False,2021-10-25,2021-11-01,2
Channel2,Geo11,True,2021-11-08,2021-11-22,3
Channel2,Geo11,False,2021-11-29,2021-11-29,1
Channel2,Geo11,True,2021-12-06,2021-12-06,1
Channel2,Geo11,False,2021-12-13,2022-02-21,11
Channel2,Geo11,True,2022-02-28,2022-02-28,1
Channel2,Geo11,False,2022-03-07,2022-03-28,4
Channel2,Geo11,True,2022-04-04,2022-04-04,1
Channel2,Geo11,False,2022-04-11,2022-06-13,10
Channel2,Geo11,True,2022-06-20,2022-06-20,1
Channel2,Geo11,False,2022-06-27,2022-07-04,2
Channel2,Geo11,True,2022-07-11,2022-07-11,1
Channel2,Geo11,False,2022-07-18,2022-08-15,5
Channel2,Geo11,True,2022-08-22,2022-08-22,1
Channel2,Geo11,False,2022-08-29,2022-08-29,1
Channel2,Geo11,True,2022-09-05,2022-10-17,7
Channel2,Geo11,False,2022-10-24,2022-10-31,2
Channel2,Geo11,True,2022-11-07,2022-11-14,2
Channel2,Geo11,False,2022-11-21,2022-11-21,1
Channel2,Geo11,True,2022-11-28,2022-12-26,5
Channel2,Geo11,False,2023-01-02,2023-01-30,5
Channel2,Geo11,True,2023-02-06,2023-02-20,3
Channel2,Geo11,False,2023-02-27,2023-04-24,9
Channel2,Geo11,True,2023-05-01,2023-05-01,1
Channel2,Geo11,False,2023-05-08,2023-05-15,2
Channel2,Geo11,True,2023-05-22,2023-05-22,1
Channel2,Geo11,False,2023-05-29,2023-06-19,4
Channel2,Geo11,True,2023-06-26,2023-07-03,2
Channel2,Geo11,False,2023-07-10,2023-07-10,1
Channel2,Geo11,True,2023-07-17,2023-08-21,6
Channel2,Geo11,False,2023-08-28,2023-08-28,1
Channel2,Geo11,True,2023-09-04,2023-09-11,2
Channel2,Geo11,False,2023-09-18,2023-09-25,2
Channel2,Geo11,True,2023-10-02,2023-10-23,4
Channel2,Geo11,False,2023-10-30,2023-11-06,2
Channel2,Geo11,True,2023-11-13,2023-11-13,1
Channel2,Geo11,False,2023-11-20,2023-11-20,1
Channel2,Geo11,True,2023-11-27,2023-12-11,3
Channel2,Geo11,False,2023-12-18,2024-01-08,4
Channel2,Geo11,True,2024-01-15,2024-01-15,1
Channel2,Geo12,True,2021-01-25,2021-01-25,1
Channel2,Geo12,False,2021-02-01,2021-03-08,6
Channel2,Geo12,True,2021-03-15,2021-03-15,1
Channel2,Geo12,False,2021-03-22,2021-03-29,2
Channel2,Geo12,True,2021-04-05,2021-04-05,1
Channel2,Geo12,False,2021-04-12,2021-04-26,3
Channel2,Geo12,True,2021-05-03,2021-05-03,1
Channel2,Geo12,False,2021-05-10,2021-05-31,4
Channel2,Geo12,True,2021-06-07,2021-06-14,2
Channel2,Geo12,False,2021-06-21,2021-07-26,6
Channel2,Geo12,True,2021-08-02,2021-08-02,1
Channel2,Geo12,False,2021-08-09,2021-08-23,3
Channel2,Geo12,True,2021-08-30,2021-09-13,3
Channel2,Geo12,False,2021-09-20,2021-09-20,1
Channel2,Geo12,True,2021-09-27,2021-09-27,1
Channel2,Geo12,False,2021-10-04,2021-10-04,1
Channel2,Geo12,True,2021-10-11,2021-10-18,2
Channel2,Geo12,False,2021-10-25,2021-11-01,2
Channel2,Geo12,True,2021-11-08,2021-11-08,1
Channel2,Geo12,False,2021-11-15,2021-11-15,1
Channel2,Geo12,True,2021-11-22,2021-11-29,2
Channel2,Geo12,False,2021-12-06,2021-12-06,1
Channel2,Geo12,True,2021-12-13,2021-12-13,1
Channel2,Geo12,False,2021-12-20,2021-12-27,2
Channel2,Geo12,True,2022-01-03,2022-01-03,1
Channel2,Geo12,False,2022-01-10,2022-01-24,3
Channel2,Geo12,True,2022-01-31,2022-01-31,1
Channel2,Geo12,False,2022-02-07,2022-03-14,6
Channel2,Geo12,True,2022-03-21,2022-03-21,1
Channel2,Geo12,False,2022-03-28,2022-03-28,1
Channel2,Geo12,True,2022-04-04,2022-04-04,1
Channel2,Geo12,False,2022-04-11,2022-05-16,6
Channel2,Geo12,True,2022-05-23,2022-05-30,2
Channel2,Geo12,False,2022-06-06,2022-06-06,1
Channel2,Geo12,True,2022-06-13,2022-06-20,2
Channel2,Geo12,False,2022-06-27,2022-07-04,2
Channel2,Geo12,True,2022-07-11,2022-07-18,2
Channel2,Geo12,False,2022-07-25,2022-07-25,1
Channel2,Geo12,True,2022-08-01,2022-08-01,1
Channel2,Geo12,False,2022-08-08,2022-08-29,4
Channel2,Geo12,True,2022-09-05,2022-09-12,2
Channel2,Geo12,False,2022-09-19,2022-09-19,1
Channel2,Geo12,True,2022-09-26,2022-09-26,1
Channel2,Geo12,False,2022-10-03,2022-10-03,1
Channel2,Geo12,True,2022-10-10,2022-10-31,4
Channel2,Geo12,False,2022-11-07,2022-11-28,4
Channel2,Geo12,True,2022-12-05,2022-12-26,4
Channel2,Geo12,False,2023-01-02,2023-01-02,1
Channel2,Geo12,True,2023-01-09,2023-01-09,1
Channel2,Geo12,False,2023-01-16,2023-01-23,2
Channel2,Geo12,True,2023-01-30,2023-01-30,1
Channel2,Geo12,False,2023-02-06,2023-04-03,9
Channel2,Geo12,True,2023-04-10,2023-04-10,1
Channel2,Geo12,False,2023-04-17,2023-04-24,2
Channel2,Geo12,True,2023-05-01,2023-05-01,1
Channel2,Geo12,False,2023-05-08,2023-05-29,4
Channel2,Geo12,True,2023-06-05,2023-06-12,2
Channel2,Geo12,False,2023-06-19,2023-06-19,1
Channel2,Geo12,True,2023-06-26,2023-07-03,2
Channel2,Geo12,False,2023-07-10,2023-07-17,2
Channel2,Geo12,True,2023-07-24,2023-07-24,1
Channel2,Geo12,False,2023-07-31,2023-07-31,1
Channel2,Geo12,True,2023-08-07,2023-08-07,1
Channel2,Geo12,False,2023-08-14,2023-08-28,3
Channel2,Geo12,True,2023-09-04,2023-09-04,1
Channel2,Geo12,False,2023-09-11,2023-09-18,2
Channel2,Geo12,True,2023-09-25,2023-09-25,1
Channel2,Geo12,False,2023-10-02,2023-10-02,1
Channel2,Geo12,True,2023-10-09,2023-10-23,3
Channel2,Geo12,False,2023-10-30,2023-11-06,2
Channel2,Geo12,True,2023-11-13,2023-11-20,2
Channel2,Geo12,False,2023-11-27,2024-01-01,6
Channel2,Geo12,True,2024-01-08,2024-01-08,1
Channel2,Geo12,False,2024-01-15,2024-01-15,1
Channel2,Geo13,True,2021-01-25,2021-01-25,1
Channel2,Geo13,False,2021-02-01,2021-02-08,2
Channel2,Geo13,True,2021-02-15,2021-02-22,2
Channel2,Geo13,False,2021-03-01,2021-03-08,2
Channel2,Geo13,True,2021-03-15,2021-03-15,1
Channel2,Geo13,False,2021-03-22,2021-03-22,1
Channel2,Geo13,True,2021-03-29,2021-04-05,2
Channel2,Geo13,False,2021-04-12,2021-05-24,7
Channel2,Geo13,True,2021-05-31,2021-05-31,1
Channel2,Geo13,False,2021-06-07,2021-06-21,3
Channel2,Geo13,True,2021-06-28,2021-07-05,2
Channel2,Geo13,False,2021-07-12,2021-07-19,2
Channel2,Geo13,True,2021-07-26,2021-08-09,3
Channel2,Geo13,False,2021-08-16,2021-08-23,2
Channel2,Geo13,True,2021-08-30,2021-08-30,1
Channel2,Geo13,False,2021-09-06,2021-09-13,2
Channel2,Geo13,True,2021-09-20,2021-09-20,1
Channel2,Geo13,False,2021-09-27,2021-10-04,2
Channel2,Geo13,True,2021-10-11,2021-10-18,2
Channel2,Geo13,False,2021-10-25,2021-11-08,3
Channel2,Geo13,True,2021-11-15,2021-11-22,2
Channel2,Geo13,False,2021-11-29,2021-12-20,4
Channel2,Geo13,True,2021-12-27,2021-12-27,1
Channel2,Geo13,False,2022-01-03,2022-01-17,3
Channel2,Geo13,True,2022-01-24,2022-01-24,1
Channel2,Geo13,False,2022-01-31,2022-02-07,2
Channel2,Geo13,True,2022-02-14,2022-02-14,1
Channel2,Geo13,False,2022-02-21,2022-04-04,7
Channel2,Geo13,True,2022-04-11,2022-04-11,1
Channel2,Geo13,False,2022-04-18,2022-05-23,6
Channel2,Geo13,True,2022-05-30,2022-05-30,1
Channel2,Geo13,False,2022-06-06,2022-06-13,2
Channel2,Geo13,True,2022-06-20,2022-06-20,1
Channel2,Geo13,False,2022-06-27,2022-06-27,1
Channel2,Geo13,True,2022-07-04,2022-07-04,1
Channel2,Geo13,False,2022-07-11,2022-07-11,1
Channel2,Geo13,True,2022-07-18,2022-07-18,1
Channel2,Geo13,False,2022-07-25,2022-07-25,1
Channel2,Geo13,True,2022-08-01,2022-08-01,1
Channel2,Geo13,False,2022-08-08,2022-08-22,3
Channel2,Geo13,True,2022-08-29,2022-08-29,1
Channel2,Geo13,False,2022-09-05,2022-09-12,2
Channel2,Geo13,True,2022-09-19,2022-09-19,1
Channel2,Geo13,False,2022-09-26,2022-10-03,2
Channel2,Geo13,True,2022-10-10,2022-11-07,5
Channel2,Geo13,False,2022-11-14,2022-11-14,1
Channel2,Geo13,True,2022-11-21,2022-11-21,1
Channel2,Geo13,False,2022-11-28,2022-12-12,3
Channel2,Geo13,True,2022-12-19,2022-12-19,1
Channel2,Geo13,False,2022-12-26,2023-04-24,18
Channel2,Geo13,True,2023-05-01,2023-05-01,1
Channel2,Geo13,False,2023-05-08,2023-05-15,2
Channel2,Geo13,True,2023-05-22,2023-05-22,1
Channel2,Geo13,False,2023-05-29,2023-06-19,4
Channel2,Geo13,True,2023-06-26,2023-06-26,1
Channel2,Geo13,False,2023-07-03,2023-07-17,3
Channel2,Geo13,True,2023-07-24,2023-08-14,4
Channel2,Geo13,False,2023-08-21,2023-08-21,1
Channel2,Geo13,True,2023-08-28,2023-09-11,3
Channel2,Geo13,False,2023-09-18,2023-09-25,2
Channel2,Geo13,True,2023-10-02,2023-10-02,1
Channel2,Geo13,False,2023-10-09,2023-10-09,1
Channel2,Geo13,True,2023-10-16,2023-10-16,1
Channel2,Geo13,False,2023-10-23,2023-10-30,2
Channel2,Geo13,True,2023-11-06,2023-11-27,4
Channel2,Geo13,False,2023-12-04,2023-12-11,2
Channel2,Geo13,True,2023-12-18,2023-12-25,2
Channel2,Geo13,False,2024-01-01,2024-01-15,3
Channel2,Geo14,False,2021-01-25,2021-02-01,2
Channel2,Geo14,True,2021-02-08,2021-02-08,1
Channel2,Geo14,False,2021-02-15,2021-02-15,1
Channel2,Geo14,True,2021-02-22,2021-02-22,1
Channel2,Geo14,False,2021-03-01,2021-03-08,2
Channel2,Geo14,True,2021-03-15,2021-03-22,2
Channel2,Geo14,False,2021-03-29,2021-05-10,7
Channel2,Geo14,True,2021-05-17,2021-05-17,1
Channel2,Geo14,False,2021-05-24,2021-05-31,2
Channel2,Geo14,True,2021-06-07,2021-06-14,2
Channel2,Geo14,False,2021-06-21,2021-07-19,5
Channel2,Geo14,True,2021-07-26,2021-08-09,3
Channel2,Geo14,False,2021-08-16,2021-08-23,2
Channel2,Geo14,True,2021-08-30,2021-08-30,1
Channel2,Geo14,False,2021-09-06,2021-09-06,1
Channel2,Geo14,True,2021-09-13,2021-09-13,1
Channel2,Geo14,False,2021-09-20,2021-09-20,1
Channel2,Geo14,True,2021-09-27,2021-10-04,2
Channel2,Geo14,False,2021-10-11,2021-10-11,1
Channel2,Geo14,True,2021-10-18,2021-10-18,1
Channel2,Geo14,False,2021-10-25,2021-11-08,3
Channel2,Geo14,True,2021-11-15,2021-11-22,2
Channel2,Geo14,False,2021-11-29,2021-11-29,1
Channel2,Geo14,True,2021-12-06,2021-12-06,1
Channel2,Geo14,False,2021-12-13,2021-12-13,1
Channel2,Geo14,True,2021-12-20,2021-12-20,1
Channel2,Geo14,False,2021-12-27,2021-12-27,1
Channel2,Geo14,True,2022-01-03,2022-01-03,1
Channel2,Geo14,False,2022-01-10,2022-02-14,6
Channel2,Geo14,True,2022-02-21,2022-02-21,1
Channel2,Geo14,False,2022-02-28,2022-03-07,2
Channel2,Geo14,True,2022-03-14,2022-03-14,1
Channel2,Geo14,False,2022-03-21,2022-04-18,5
Channel2,Geo14,True,2022-04-25,2022-05-09,3
Channel2,Geo14,False,2022-05-16,2022-06-06,4
Channel2,Geo14,True,2022-06-13,2022-06-13,1
Channel2,Geo14,False,2022-06-20,2022-07-11,4
Channel2,Geo14,True,2022-07-18,2022-07-18,1
Channel2,Geo14,False,2022-07-25,2022-07-25,1
Channel2,Geo14,True,2022-08-01,2022-08-29,5
Channel2,Geo14,False,2022-09-05,2022-09-05,1
Channel2,Geo14,True,2022-09-12,2022-09-26,3
Channel2,Geo14,False,2022-10-03,2022-10-03,1
Channel2,Geo14,True,2022-10-10,2022-10-17,2
Channel2,Geo14,False,2022-10-24,2022-11-07,3
Channel2,Geo14,True,2022-11-14,2022-11-14,1
Channel2,Geo14,False,2022-11-21,2022-12-12,4
Channel2,Geo14,True,2022-12-19,2022-12-19,1
Channel2,Geo14,False,2022-12-26,2022-12-26,1
Channel2,Geo14,True,2023-01-02,2023-01-09,2
Channel2,Geo14,False,2023-01-16,2023-01-16,1
Channel2,Geo14,True,2023-01-23,2023-01-23,1
Channel2,Geo14,False,2023-01-30,2023-02-06,2
Channel2,Geo14,True,2023-02-13,2023-02-13,1
Channel2,Geo14,False,2023-02-20,2023-02-20,1
Channel2,Geo14,True,2023-02-27,2023-02-27,1
Channel2,Geo14,False,2023-03-06,2023-05-22,12
Channel2,Geo14,True,2023-05-29,2023-06-05,2
Channel2,Geo14,False,2023-06-12,2023-06-19,2
Channel2,Geo14,True,2023-06-26,2023-06-26,1
Channel2,Geo14,False,2023-07-03,2023-07-10,2
Channel2,Geo14,True,2023-07-17,2023-07-17,1
Channel2,Geo14,False,2023-07-24,2023-08-07,3
Channel2,Geo14,True,2023-08-14,2023-08-14,1
Channel2,Geo14,False,2023-08-21,2023-08-21,1
Channel2,Geo14,True,2023-08-28,2023-09-11,3
Channel2,Geo14,False,2023-09-18,2023-09-18,1
Channel2,Geo14,True,2023-09-25,2023-10-23,5
Channel2,Geo14,False,2023-10-30,2023-11-06,2
Channel2,Geo14,True,2023-11-13,2023-11-13,1
Channel2,Geo14,False,2023-11-20,2023-11-20,1
Channel2,Geo14,True,2023-11-27,2023-12-04,2
Channel2,Geo14,False,2023-12-11,2023-12-25,3
Channel2,Geo14,True,2024-01-01,2024-01-01,1
Channel2,Geo14,False,2024-01-08,2024-01-08,1
Channel2,Geo14,True,2024-01-15,2024-01-15,1
Channel2,Geo15,False,2021-01-25,2021-03-15,8
Channel2,Geo15,True,2021-03-22,2021-03-22,1
Channel2,Geo15,False,2021-03-29,2021-03-29,1
Channel2,Geo15,True,2021-04-05,2021-04-12,2
Channel2,Geo15,False,2021-04-19,2021-04-26,2
Channel2,Geo15,True,2021-05-03,2021-05-03,1
Channel2,Geo15,False,2021-05-10,2021-05-24,3
Channel2,Geo15,True,2021-05-31,2021-05-31,1
Channel2,Geo15,False,2021-06-07,2021-06-07,1
Channel2,Geo15,True,2021-06-14,2021-06-14,1
Channel2,Geo15,False,2021-06-21,2021-07-05,3
Channel2,Geo15,True,2021-07-12,2021-07-19,2
Channel2,Geo15,False,2021-07-26,2021-08-02,2
Channel2,Geo15,True,2021-08-09,2021-08-09,1
Channel2,Geo15,False,2021-08-16,2021-08-23,2
Channel2,Geo15,True,2021-08-30,2021-08-30,1
Channel2,Geo15,False,2021-09-06,2021-09-27,4
Channel2,Geo15,True,2021-10-04,2021-10-04,1
Channel2,Geo15,False,2021-10-11,2021-10-25,3
Channel2,Geo15,True,2021-11-01,2021-11-01,1
Channel2,Geo15,False,2021-11-08,2021-11-15,2
Channel2,Geo15,True,2021-11-22,2021-12-20,5
Channel2,Geo15,False,2021-12-27,2021-12-27,1
Channel2,Geo15,True,2022-01-03,2022-01-03,1
Channel2,Geo15,False,2022-01-10,2022-01-10,1
Channel2,Geo15,True,2022-01-17,2022-01-24,2
Channel2,Geo15,False,2022-01-31,2022-02-07,2
Channel2,Geo15,True,2022-02-14,2022-02-21,2
Channel2,Geo15,False,2022-02-28,2022-03-14,3
Channel2,Geo15,True,2022-03-21,2022-03-21,1
Channel2,Geo15,False,2022-03-28,2022-04-25,5
Channel2,Geo15,True,2022-05-02,2022-05-09,2
Channel2,Geo15,False,2022-05-16,2022-05-16,1
Channel2,Geo15,True,2022-05-23,2022-05-23,1
Channel2,Geo15,False,2022-05-30,2022-05-30,1
Channel2,Geo15,True,2022-06-06,2022-06-06,1
Channel2,Geo15,False,2022-06-13,2022-06-13,1
Channel2,Geo15,True,2022-06-20,2022-06-20,1
Channel2,Geo15,False,2022-06-27,2022-06-27,1
Channel2,Geo15,True,2022-07-04,2022-07-11,2
Channel2,Geo15,False,2022-07-18,2022-07-25,2
Channel2,Geo15,True,2022-08-01,2022-08-01,1
Channel2,Geo15,False,2022-08-08,2022-08-22,3
Channel2,Geo15,True,2022-08-29,2022-09-26,5
Channel2,Geo15,False,2022-10-03,2022-10-03,1
Channel2,Geo15,True,2022-10-10,2022-10-24,3
Channel2,Geo15,False,2022-10-31,2022-10-31,1
Channel2,Geo15,True,2022-11-07,2022-11-07,1
Channel2,Geo15,False,2022-11-14,2022-11-14,1
Channel2,Geo15,True,2022-11-21,2022-12-05,3
Channel2,Geo15,False,2022-12-12,2022-12-12,1
Channel2,Geo15,True,2022-12-19,2023-01-02,3
Channel2,Geo15,False,2023-01-09,2023-02-06,5
Channel2,Geo15,True,2023-02-13,2023-02-13,1
Channel2,Geo15,False,2023-02-20,2023-02-20,1
Channel2,Geo15,True,2023-02-27,2023-02-27,1
Channel2,Geo15,False,2023-03-06,2023-04-03,5
Channel2,Geo15,True,2023-04-10,2023-04-10,1
Channel2,Geo15,False,2023-04-17,2023-04-17,1
Channel2,Geo15,True,2023-04-24,2023-04-24,1
Channel2,Geo15,False,2023-05-01,2023-06-19,8
Channel2,Geo15,True,2023-06-26,2023-06-26,1
Channel2,Geo15,False,2023-07-03,2023-07-03,1
Channel2,Geo15,True,2023-07-10,2023-07-10,1
Channel2,Geo15,False,2023-07-17,2023-07-24,2
Channel2,Geo15,True,2023-07-31,2023-08-21,4
Channel2,Geo15,False,2023-08-28,2023-09-04,2
Channel2,Geo15,True,2023-09-11,2023-09-11,1
Channel2,Geo15,False,2023-09-18,2023-09-18,1
Channel2,Geo15,True,2023-09-25,2023-10-02,2
Channel2,Geo15,False,2023-10-09,2023-10-09,1
Channel2,Geo15,True,2023-10-16,2023-10-30,3
Channel2,Geo15,False,2023-11-06,2023-11-06,1
Channel2,Geo15,True,2023-11-13,2023-11-20,2
Channel2,Geo15,False,2023-11-27,2023-11-27,1
Channel2,Geo15,True,2023-12-04,2023-12-11,2
Channel2,Geo15,False,2023-12-18,2024-01-08,4
Channel2,Geo15,True,2024-01-15,2024-01-15,1
Channel2,Geo16,False,2021-01-25,2021-02-08,3
Channel2,Geo16,True,2021-02-15,2021-02-22,2
Channel2,Geo16,False,2021-03-01,2021-03-01,1
Channel2,Geo16,True,2021-03-08,2021-03-15,2
Channel2,Geo16,False,2021-03-22,2021-03-29,2
Channel2,Geo16,True,2021-04-05,2021-04-05,1
Channel2,Geo16,False,2021-04-12,2021-05-10,5
Channel2,Geo16,True,2021-05-17,2021-05-17,1
Channel2,Geo16,False,2021-05-24,2021-05-24,1
Channel2,Geo16,True,2021-05-31,2021-06-07,2
Channel2,Geo16,False,2021-06-14,2021-07-19,6
Channel2,Geo16,True,2021-07-26,2021-07-26,1
Channel2,Geo16,False,2021-08-02,2021-09-06,6
Channel2,Geo16,True,2021-09-13,2021-09-20,2
Channel2,Geo16,False,2021-09-27,2021-10-04,2
Channel2,Geo16,True,2021-10-11,2021-10-11,1
Channel2,Geo16,False,2021-10-18,2021-11-01,3
Channel2,Geo16,True,2021-11-08,2021-11-22,3
Channel2,Geo16,False,2021-11-29,2021-12-06,2
Channel2,Geo16,True,2021-12-13,2021-12-13,1
Channel2,Geo16,False,2021-12-20,2022-01-03,3
Channel2,Geo16,True,2022-01-10,2022-01-10,1
Channel2,Geo16,False,2022-01-17,2022-02-07,4
Channel2,Geo16,True,2022-02-14,2022-02-14,1
Channel2,Geo16,False,2022-02-21,2022-03-07,3
Channel2,Geo16,True,2022-03-14,2022-03-14,1
Channel2,Geo16,False,2022-03-21,2022-04-04,3
Channel2,Geo16,True,2022-04-11,2022-04-11,1
Channel2,Geo16,False,2022-04-18,2022-05-09,4
Channel2,Geo16,True,2022-05-16,2022-05-23,2
Channel2,Geo16,False,2022-05-30,2022-06-06,2
Channel2,Geo16,True,2022-06-13,2022-06-13,1
Channel2,Geo16,False,2022-06-20,2022-07-04,3
Channel2,Geo16,True,2022-07-11,2022-07-18,2
Channel2,Geo16,False,2022-07-25,2022-07-25,1
Channel2,Geo16,True,2022-08-01,2022-08-01,1
Channel2,Geo16,False,2022-08-08,2022-08-22,3
Channel2,Geo16,True,2022-08-29,2022-08-29,1
Channel2,Geo16,False,2022-09-05,2022-09-05,1
Channel2,Geo16,True,2022-09-12,2022-09-12,1
Channel2,Geo16,False,2022-09-19,2022-09-19,1
Channel2,Geo16,True,2022-09-26,2022-10-03,2
Channel2,Geo16,False,2022-10-10,2022-10-10,1
Channel2,Geo16,True,2022-10-17,2022-10-17,1
Channel2,Geo16,False,2022-10-24,2022-11-07,3
Channel2,Geo16,True,2022-11-14,2022-11-21,2
Channel2,Geo16,False,2022-11-28,2022-12-12,3
Channel2,Geo16,True,2022-12-19,2022-12-26,2
Channel2,Geo16,False,2023-01-02,2023-01-16,3
Channel2,Geo16,True,2023-01-23,2023-01-23,1
Channel2,Geo16,False,2023-01-30,2023-01-30,1
Channel2,Geo16,True,2023-02-06,2023-02-06,1
Channel2,Geo16,False,2023-02-13,2023-02-13,1
Channel2,Geo16,True,2023-02-20,2023-02-20,1
Channel2,Geo16,False,2023-02-27,2023-03-20,4
Channel2,Geo16,True,2023-03-27,2023-03-27,1
Channel2,Geo16,False,2023-04-03,2023-06-19,12
Channel2,Geo16,True,2023-06-26,2023-06-26,1
Channel2,Geo16,False,2023-07-03,2023-08-07,6
Channel2,Geo16,True,2023-08-14,2023-08-21,2
Channel2,Geo16,False,2023-08-28,2023-08-28,1
Channel2,Geo16,True,2023-09-04,2023-09-11,2
Channel2,Geo16,False,2023-09-18,2023-09-18,1
Channel2,Geo16,True,2023-09-25,2023-10-02,2
Channel2,Geo16,False,2023-10-09,2023-10-09,1
Channel2,Geo16,True,2023-10-16,2023-10-23,2
Channel2,Geo16,False,2023-10-30,2023-11-06,2
Channel2,Geo16,True,2023-11-13,2023-12-04,4
Channel2,Geo16,False,2023-12-11,2023-12-25,3
Channel2,Geo16,True,2024-01-01,2024-01-01,1
Channel2,Geo16,False,2024-01-08,2024-01-08,1
Channel2,Geo16,True,2024-01-15,2024-01-15,1
Channel2,Geo17,False,2021-01-25,2021-03-08,7
Channel2,Geo17,True,2021-03-15,2021-03-15,1
Channel2,Geo17,False,2021-03-22,2021-04-05,3
Channel2,Geo17,True,2021-04-12,2021-04-12,1
Channel2,Geo17,False,2021-04-19,2021-05-10,4
Channel2,Geo17,True,2021-05-17,2021-05-24,2
Channel2,Geo17,False,2021-05-31,2021-06-07,2
Channel2,Geo17,True,2021-06-14,2021-06-14,1
Channel2,Geo17,False,2021-06-21,2021-06-21,1
Channel2,Geo17,True,2021-06-28,2021-06-28,1
Channel2,Geo17,False,2021-07-05,2021-07-19,3
Channel2,Geo17,True,2021-07-26,2021-08-02,2
Channel2,Geo17,False,2021-08-09,2021-08-23,3
Channel2,Geo17,True,2021-08-30,2021-08-30,1
Channel2,Geo17,False,2021-09-06,2021-09-06,1
Channel2,Geo17,True,2021-09-13,2021-09-13,1
Channel2,Geo17,False,2021-09-20,2021-09-27,2
Channel2,Geo17,True,2021-10-04,2021-10-04,1
Channel2,Geo17,False,2021-10-11,2021-10-11,1
Channel2,Geo17,True,2021-10-18,2021-10-18,1
Channel2,Geo17,False,2021-10-25,2021-10-25,1
Channel2,Geo17,True,2021-11-01,2021-11-01,1
Channel2,Geo17,False,2021-11-08,2021-11-22,3
Channel2,Geo17,True,2021-11-29,2021-11-29,1
Channel2,Geo17,False,2021-12-06,2022-06-06,27
Channel2,Geo17,True,2022-06-13,2022-06-20,2
Channel2,Geo17,False,2022-06-27,2022-07-04,2
Channel2,Geo17,True,2022-07-11,2022-07-18,2
Channel2,Geo17,False,2022-07-25,2022-08-15,4
Channel2,Geo17,True,2022-08-22,2022-08-29,2
Channel2,Geo17,False,2022-09-05,2022-09-12,2
Channel2,Geo17,True,2022-09-19,2022-09-19,1
Channel2,Geo17,False,2022-09-26,2022-09-26,1
Channel2,Geo17,True,2022-10-03,2022-10-03,1
Channel2,Geo17,False,2022-10-10,2022-10-10,1
Channel2,Geo17,True,2022-10-17,2022-10-17,1
Channel2,Geo17,False,2022-10-24,2022-10-24,1
Channel2,Geo17,True,2022-10-31,2022-10-31,1
Channel2,Geo17,False,2022-11-07,2022-11-07,1
Channel2,Geo17,True,2022-11-14,2022-11-14,1
Channel2,Geo17,False,2022-11-21,2022-12-05,3
Channel2,Geo17,True,2022-12-12,2022-12-19,2
Channel2,Geo17,False,2022-12-26,2023-01-02,2
Channel2,Geo17,True,2023-01-09,2023-01-09,1
Channel2,Geo17,False,2023-01-16,2023-02-13,5
Channel2,Geo17,True,2023-02-20,2023-02-27,2
Channel2,Geo17,False,2023-03-06,2023-03-20,3
Channel2,Geo17,True,2023-03-27,2023-03-27,1
Channel2,Geo17,False,2023-04-03,2023-04-24,4
Channel2,Geo17,True,2023-05-01,2023-05-01,1
Channel2,Geo17,False,2023-05-08,2023-06-05,5
Channel2,Geo17,True,2023-06-12,2023-06-12,1
Channel2,Geo17,False,2023-06-19,2023-06-19,1
Channel2,Geo17,True,2023-06-26,2023-06-26,1
Channel2,Geo17,False,2023-07-03,2023-07-17,3
Channel2,Geo17,True,2023-07-24,2023-07-31,2
Channel2,Geo17,False,2023-08-07,2023-08-14,2
Channel2,Geo17,True,2023-08-21,2023-09-04,3
Channel2,Geo17,False,2023-09-11,2023-09-18,2
Channel2,Geo17,True,2023-09-25,2023-10-09,3
Channel2,Geo17,False,2023-10-16,2023-11-06,4
Channel2,Geo17,True,2023-11-13,2023-12-04,4
Channel2,Geo17,False,2023-12-11,2023-12-18,2
Channel2,Geo17,True,2023-12-25,2024-01-15,4
Channel2,Geo18,False,2021-01-25,2021-02-08,3
Channel2,Geo18,True,2021-02-15,2021-02-15,1
Channel2,Geo18,False,2021-02-22,2021-02-22,1
Channel2,Geo18,True,2021-03-01,2021-03-01,1
Channel2,Geo18,False,2021-03-08,2021-03-08,1
Channel2,Geo18,True,2021-03-15,2021-03-15,1
Channel2,Geo18,False,2021-03-22,2021-03-22,1
Channel2,Geo18,True,2021-03-29,2021-04-05,2
Channel2,Geo18,False,2021-04-12,2021-04-26,3
Channel2,Geo18,True,2021-05-03,2021-05-10,2
Channel2,Geo18,False,2021-05-17,2021-05-31,3
Channel2,Geo18,True,2021-06-07,2021-06-07,1
Channel2,Geo18,False,2021-06-14,2021-07-05,4
Channel2,Geo18,True,2021-07-12,2021-07-12,1
Channel2,Geo18,False,2021-07-19,2021-07-19,1
Channel2,Geo18,True,2021-07-26,2021-07-26,1
Channel2,Geo18,False,2021-08-02,2021-08-02,1
Channel2,Geo18,True,2021-08-09,2021-08-09,1
Channel2,Geo18,False,2021-08-16,2021-08-30,3
Channel2,Geo18,True,2021-09-06,2021-09-06,1
Channel2,Geo18,False,2021-09-13,2021-09-27,3
Channel2,Geo18,True,2021-10-04,2021-10-04,1
Channel2,Geo18,False,2021-10-11,2021-10-11,1
Channel2,Geo18,True,2021-10-18,2021-10-18,1
Channel2,Geo18,False,2021-10-25,2021-11-01,2
Channel2,Geo18,True,2021-11-08,2021-11-08,1
Channel2,Geo18,False,2021-11-15,2021-11-15,1
Channel2,Geo18,True,2021-11-22,2021-11-29,2
Channel2,Geo18,False,2021-12-06,2021-12-06,1
Channel2,Geo18,True,2021-12-13,2021-12-13,1
Channel2,Geo18,False,2021-12-20,2021-12-27,2
Channel2,Geo18,True,2022-01-03,2022-01-03,1
Channel2,Geo18,False,2022-01-10,2022-01-10,1
Channel2,Geo18,True,2022-01-17,2022-01-31,3
Channel2,Geo18,False,2022-02-07,2022-02-14,2
Channel2,Geo18,True,2022-02-21,2022-02-21,1
Channel2,Geo18,False,2022-02-28,2022-03-28,5
Channel2,Geo18,True,2022-04-04,2022-04-11,2
Channel2,Geo18,False,2022-04-18,2022-04-18,1
Channel2,Geo18,True,2022-04-25,2022-04-25,1
Channel2,Geo18,False,2022-05-02,2022-06-27,9
Channel2,Geo18,True,2022-07-04,2022-07-18,3
Channel2,Geo18,False,2022-07-25,2022-07-25,1
Channel2,Geo18,True,2022-08-01,2022-08-01,1
Channel2,Geo18,False,2022-08-08,2022-08-22,3
Channel2,Geo18,True,2022-08-29,2022-08-29,1
Channel2,Geo18,False,2022-09-05,2022-09-12,2
Channel2,Geo18,True,2022-09-19,2022-09-26,2
Channel2,Geo18,False,2022-10-03,2022-10-03,1
Channel2,Geo18,True,2022-10-10,2022-10-24,3
Channel2,Geo18,False,2022-10-31,2022-12-12,7
Channel2,Geo18,True,2022-12-19,2023-01-09,4
Channel2,Geo18,False,2023-01-16,2023-01-16,1
Channel2,Geo18,True,2023-01-23,2023-01-23,1
Channel2,Geo18,False,2023-01-30,2023-02-13,3
Channel2,Geo18,True,2023-02-20,2023-02-20,1
Channel2,Geo18,False,2023-02-27,2023-04-24,9
Channel2,Geo18,True,2023-05-01,2023-05-01,1
Channel2,Geo18,False,2023-05-08,2023-05-15,2
Channel2,Geo18,True,2023-05-22,2023-05-22,1
Channel2,Geo18,False,2023-05-29,2023-06-26,5
Channel2,Geo18,True,2023-07-03,2023-07-10,2
Channel2,Geo18,False,2023-07-17,2023-07-17,1
Channel2,Geo18,True,2023-07-24,2023-07-24,1
Channel2,Geo18,False,2023-07-31,2023-08-28,5
Channel2,Geo18,True,2023-09-04,2023-09-04,1
Channel2,Geo18,False,2023-09-11,2023-09-18,2
Channel2,Geo18,True,2023-09-25,2023-09-25,1
Channel2,Geo18,False,2023-10-02,2023-10-02,1
Channel2,Geo18,True,2023-10-09,2023-10-09,1
Channel2,Geo18,False,2023-10-16,2023-10-16,1
Channel2,Geo18,True,2023-10-23,2023-10-23,1
Channel2,Geo18,False,2023-10-30,2023-10-30,1
Channel2,Geo18,True,2023-11-06,2023-11-06,1
Channel2,Geo18,False,2023-11-13,2023-11-13,1
Channel2,Geo18,True,2023-11-20,2023-12-04,3
Channel2,Geo18,False,2023-12-11,2024-01-08,5
Channel2,Geo18,True,2024-01-15,2024-01-15,1
Channel2,Geo19,False,2021-01-25,2021-01-25,1
Channel2,Geo19,True,2021-02-01,2021-02-01,1
Channel2,Geo19,False,2021-02-08,2021-02-15,2
Channel2,Geo19,True,2021-02-22,2021-02-22,1
Channel2,Geo19,False,2021-03-01,2021-03-15,3
Channel2,Geo19,True,2021-03-22,2021-03-22,1
Channel2,Geo19,False,2021-03-29,2021-03-29,1
Channel2,Geo19,True,2021-04-05,2021-04-12,2
Channel2,Geo19,False,2021-04-19,2021-05-03,3
Channel2,Geo19,True,2021-05-10,2021-05-17,2
Channel2,Geo19,False,2021-05-24,2021-05-24,1
Channel2,Geo19,True,2021-05-31,2021-06-14,3
Channel2,Geo19,False,2021-06-21,2021-07-19,5
Channel2,Geo19,True,2021-07-26,2021-08-09,3
Channel2,Geo19,False,2021-08-16,2021-08-30,3
Channel2,Geo19,True,2021-09-06,2021-09-20,3
Channel2,Geo19,False,2021-09-27,2021-09-27,1
Channel2,Geo19,True,2021-10-04,2021-10-18,3
Channel2,Geo19,False,2021-10-25,2021-11-08,3
Channel2,Geo19,True,2021-11-15,2021-11-29,3
Channel2,Geo19,False,2021-12-06,2021-12-06,1
Channel2,Geo19,True,2021-12-13,2021-12-13,1
Channel2,Geo19,False,2021-12-20,2022-02-21,10
Channel2,Geo19,True,2022-02-28,2022-02-28,1
Channel2,Geo19,False,2022-03-07,2022-03-28,4
Channel2,Geo19,True,2022-04-04,2022-04-04,1
Channel2,Geo19,False,2022-04-11,2022-05-02,4
Channel2,Geo19,True,2022-05-09,2022-05-09,1
Channel2,Geo19,False,2022-05-16,2022-05-23,2
Channel2,Geo19,True,2022-05-30,2022-05-30,1
Channel2,Geo19,False,2022-06-06,2022-06-13,2
Channel2,Geo19,True,2022-06-20,2022-06-20,1
Channel2,Geo19,False,2022-06-27,2022-07-04,2
Channel2,Geo19,True,2022-07-11,2022-07-18,2
Channel2,Geo19,False,2022-07-25,2022-07-25,1
Channel2,Geo19,True,2022-08-01,2022-08-01,1
Channel2,Geo19,False,2022-08-08,2022-08-29,4
Channel2,Geo19,True,2022-09-05,2022-09-19,3
Channel2,Geo19,False,2022-09-26,2022-10-03,2
Channel2,Geo19,True,2022-10-10,2022-10-31,4
Channel2,Geo19,False,2022-11-07,2022-11-07,1
Channel2,Geo19,True,2022-11-14,2022-11-21,2
Channel2,Geo19,False,2022-11-28,2022-12-05,2
Channel2,Geo19,True,2022-12-12,2022-12-12,1
Channel2,Geo19,False,2022-12-19,2022-12-26,2
Channel2,Geo19,True,2023-01-02,2023-01-02,1
Channel2,Geo19,False,2023-01-09,2023-02-13,6
Channel2,Geo19,True,2023-02-20,2023-02-20,1
Channel2,Geo19,False,2023-02-27,2023-04-03,6
Channel2,Geo19,True,2023-04-10,2023-04-10,1
Channel2,Geo19,False,2023-04-17,2023-07-10,13
Channel2,Geo19,True,2023-07-17,2023-07-24,2
Channel2,Geo19,False,2023-07-31,2023-07-31,1
Channel2,Geo19,True,2023-08-07,2023-08-07,1
Channel2,Geo19,False,2023-08-14,2023-08-14,1
Channel2,Geo19,True,2023-08-21,2023-09-11,4
Channel2,Geo19,False,2023-09-18,2023-09-25,2
Channel2,Geo19,True,2023-10-02,2023-10-02,1
Channel2,Geo19,False,2023-10-09,2023-10-23,3
Channel2,Geo19,True,2023-10-30,2023-10-30,1
Channel2,Geo19,False,2023-11-06,2023-11-06,1
Channel2,Geo19,True,2023-11-13,2023-12-04,4
Channel2,Geo19,False,2023-12-11,2023-12-18,2
Channel2,Geo19,True,2023-12-25,2024-01-08,3
Channel2,Geo19,False,2024-01-15,2024-01-15,1
Channel2,Geo2,False,2021-01-25,2021-02-01,2
Channel2,Geo2,True,2021-02-08,2021-02-08,1
Channel2,Geo2,False,2021-02-15,2021-02-15,1
Channel2,Geo2,True,2021-02-22,2021-02-22,1
Channel2,Geo2,False,2021-03-01,2021-03-01,1
Channel2,Geo2,True,2021-03-08,2021-03-15,2
Channel2,Geo2,False,2021-03-22,2021-03-22,1
Channel2,Geo2,True,2021-03-29,2021-04-12,3
Channel2,Geo2,False,2021-04-19,2021-05-10,4
Channel2,Geo2,True,2021-05-17,2021-05-17,1
Channel2,Geo2,False,2021-05-24,2021-05-31,2
Channel2,Geo2,True,2021-06-07,2021-06-14,2
Channel2,Geo2,False,2021-06-21,2021-07-19,5
Channel2,Geo2,True,2021-07-26,2021-07-26,1
Channel2,Geo2,False,2021-08-02,2021-08-02,1
Channel2,Geo2,True,2021-08-09,2021-08-09,1
Channel2,Geo2,False,2021-08-16,2021-08-23,2
Channel2,Geo2,True,2021-08-30,2021-08-30,1
Channel2,Geo2,False,2021-09-06,2021-09-06,1
Channel2,Geo2,True,2021-09-13,2021-09-20,2
Channel2,Geo2,False,2021-09-27,2021-10-04,2
Channel2,Geo2,True,2021-10-11,2021-10-11,1
Channel2,Geo2,False,2021-10-18,2021-11-08,4
Channel2,Geo2,True,2021-11-15,2021-12-13,5
Channel2,Geo2,False,2021-12-20,2021-12-20,1
Channel2,Geo2,True,2021-12-27,2021-12-27,1
Channel2,Geo2,False,2022-01-03,2022-01-03,1
Channel2,Geo2,True,2022-01-10,2022-01-17,2
Channel2,Geo2,False,2022-01-24,2022-01-24,1
Channel2,Geo2,True,2022-01-31,2022-01-31,1
Channel2,Geo2,False,2022-02-07,2022-02-14,2
Channel2,Geo2,True,2022-02-21,2022-02-21,1
Channel2,Geo2,False,2022-02-28,2022-03-07,2
Channel2,Geo2,True,2022-03-14,2022-03-14,1
Channel2,Geo2,False,2022-03-21,2022-04-04,3
Channel2,Geo2,True,2022-04-11,2022-04-25,3
Channel2,Geo2,False,2022-05-02,2022-05-16,3
Channel2,Geo2,True,2022-05-23,2022-05-30,2
Channel2,Geo2,False,2022-06-06,2022-06-06,1
Channel2,Geo2,True,2022-06-13,2022-06-13,1
Channel2,Geo2,False,2022-06-20,2022-06-27,2
Channel2,Geo2,True,2022-07-04,2022-07-18,3
Channel2,Geo2,False,2022-07-25,2022-07-25,1
Channel2,Geo2,True,2022-08-01,2022-08-08,2
Channel2,Geo2,False,2022-08-15,2022-08-22,2
Channel2,Geo2,True,2022-08-29,2022-08-29,1
Channel2,Geo2,False,2022-09-05,2022-09-05,1
Channel2,Geo2,True,2022-09-12,2022-09-12,1
Channel2,Geo2,False,2022-09-19,2022-09-19,1
Channel2,Geo2,True,2022-09-26,2022-09-26,1
Channel2,Geo2,False,2022-10-03,2022-10-03,1
Channel2,Geo2,True,2022-10-10,2022-10-17,2
Channel2,Geo2,False,2022-10-24,2022-10-31,2
Channel2,Geo2,True,2022-11-07,2022-11-14,2
Channel2,Geo2,False,2022-11-21,2022-11-21,1
Channel2,Geo2,True,2022-11-28,2022-12-05,2
Channel2,Geo2,False,2022-12-12,2023-01-16,6
Channel2,Geo2,True,2023-01-23,2023-01-23,1
Channel2,Geo2,False,2023-01-30,2023-02-13,3
Channel2,Geo2,True,2023-02-20,2023-02-20,1
Channel2,Geo2,False,2023-02-27,2023-03-06,2
Channel2,Geo2,True,2023-03-13,2023-03-13,1
Channel2,Geo2,False,2023-03-20,2023-05-29,11
Channel2,Geo2,True,2023-06-05,2023-06-05,1
Channel2,Geo2,False,2023-06-12,2023-06-19,2
Channel2,Geo2,True,2023-06-26,2023-06-26,1
Channel2,Geo2,False,2023-07-03,2023-07-10,2
Channel2,Geo2,True,2023-07-17,2023-07-31,3
Channel2,Geo2,False,2023-08-07,2023-08-21,3
Channel2,Geo2,True,2023-08-28,2023-08-28,1
Channel2,Geo2,False,2023-09-04,2023-09-04,1
Channel2,Geo2,True,2023-09-11,2023-09-11,1
Channel2,Geo2,False,2023-09-18,2023-09-18,1
Channel2,Geo2,True,2023-09-25,2023-09-25,1
Channel2,Geo2,False,2023-10-02,2023-10-02,1
Channel2,Geo2,True,2023-10-09,2023-10-30,4
Channel2,Geo2,False,2023-11-06,2023-11-13,2
Channel2,Geo2,True,2023-11-20,2023-12-11,4
Channel2,Geo2,False,2023-12-18,2023-12-18,1
Channel2,Geo2,True,2023-12-25,2024-01-01,2
Channel2,Geo2,False,2024-01-08,2024-01-08,1
Channel2,Geo2,True,2024-01-15,2024-01-15,1
Channel2,Geo20,True,2021-01-25,2021-02-01,2
Channel2,Geo20,False,2021-02-08,2021-03-29,8
Channel2,Geo20,True,2021-04-05,2021-04-05,1
Channel2,Geo20,False,2021-04-12,2021-04-12,1
Channel2,Geo20,True,2021-04-19,2021-04-19,1
Channel2,Geo20,False,2021-04-26,2021-05-10,3
Channel2,Geo20,True,2021-05-17,2021-05-17,1
Channel2,Geo20,False,2021-05-24,2021-05-31,2
Channel2,Geo20,True,2021-06-07,2021-06-28,4
Channel2,Geo20,False,2021-07-05,2021-07-19,3
Channel2,Geo20,True,2021-07-26,2021-08-09,3
Channel2,Geo20,False,2021-08-16,2021-08-23,2
Channel2,Geo20,True,2021-08-30,2021-08-30,1
Channel2,Geo20,False,2021-09-06,2021-10-04,5
Channel2,Geo20,True,2021-10-11,2021-10-11,1
Channel2,Geo20,False,2021-10-18,2021-11-08,4
Channel2,Geo20,True,2021-11-15,2021-11-29,3
Channel2,Geo20,False,2021-12-06,2021-12-06,1
Channel2,Geo20,True,2021-12-13,2021-12-13,1
Channel2,Geo20,False,2021-12-20,2021-12-20,1
Channel2,Geo20,True,2021-12-27,2021-12-27,1
Channel2,Geo20,False,2022-01-03,2022-01-17,3
Channel2,Geo20,True,2022-01-24,2022-01-24,1
Channel2,Geo20,False,2022-01-31,2022-02-28,5
Channel2,Geo20,True,2022-03-07,2022-03-21,3
Channel2,Geo20,False,2022-03-28,2022-04-25,5
Channel2,Geo20,True,2022-05-02,2022-05-02,1
Channel2,Geo20,False,2022-05-09,2022-05-16,2
Channel2,Geo20,True,2022-05-23,2022-05-30,2
Channel2,Geo20,False,2022-06-06,2022-07-04,5
Channel2,Geo20,True,2022-07-11,2022-07-18,2
Channel2,Geo20,False,2022-07-25,2022-08-01,2
Channel2,Geo20,True,2022-08-08,2022-08-08,1
Channel2,Geo20,False,2022-08-15,2022-08-22,2
Channel2,Geo20,True,2022-08-29,2022-09-05,2
Channel2,Geo20,False,2022-09-12,2022-09-12,1
Channel2,Geo20,True,2022-09-19,2022-10-31,7
Channel2,Geo20,False,2022-11-07,2022-11-07,1
Channel2,Geo20,True,2022-11-14,2022-11-14,1
Channel2,Geo20,False,2022-11-21,2022-12-12,4
Channel2,Geo20,True,2022-12-19,2023-01-02,3
Channel2,Geo20,False,2023-01-09,2023-03-20,11
Channel2,Geo20,True,2023-03-27,2023-03-27,1
Channel2,Geo20,False,2023-04-03,2023-06-19,12
Channel2,Geo20,True,2023-06-26,2023-06-26,1
Channel2,Geo20,False,2023-07-03,2023-07-17,3
Channel2,Geo20,True,2023-07-24,2023-07-24,1
Channel2,Geo20,False,2023-07-31,2023-09-04,6
Channel2,Geo20,True,2023-09-11,2023-09-11,1
Channel2,Geo20,False,2023-09-18,2023-09-18,1
Channel2,Geo20,True,2023-09-25,2023-09-25,1
Channel2,Geo20,False,2023-10-02,2023-10-02,1
Channel2,Geo20,True,2023-10-09,2023-10-23,3
Channel2,Geo20,False,2023-10-30,2023-11-27,5
Channel2,Geo20,True,2023-12-04,2023-12-04,1
Channel2,Geo20,False,2023-12-11,2023-12-18,2
Channel2,Geo20,True,2023-12-25,2024-01-01,2
Channel2,Geo20,False,2024-01-08,2024-01-15,2
Channel2,Geo21,False,2021-01-25,2021-02-15,4
Channel2,Geo21,True,2021-02-22,2021-02-22,1
Channel2,Geo21,False,2021-03-01,2021-03-22,4
Channel2,Geo21,True,2021-03-29,2021-03-29,1
Channel2,Geo21,False,2021-04-05,2021-04-05,1
Channel2,Geo21,True,2021-04-12,2021-04-12,1
Channel2,Geo21,False,2021-04-19,2021-05-17,5
Channel2,Geo21,True,2021-05-24,2021-05-31,2
Channel2,Geo21,False,2021-06-07,2021-06-07,1
Channel2,Geo21,True,2021-06-14,2021-06-14,1
Channel2,Geo21,False,2021-06-21,2021-06-28,2
Channel2,Geo21,True,2021-07-05,2021-07-05,1
Channel2,Geo21,False,2021-07-12,2021-07-19,2
Channel2,Geo21,True,2021-07-26,2021-08-02,2
Channel2,Geo21,False,2021-08-09,2021-08-09,1
Channel2,Geo21,True,2021-08-16,2021-08-16,1
Channel2,Geo21,False,2021-08-23,2021-08-23,1
Channel2,Geo21,True,2021-08-30,2021-08-30,1
Channel2,Geo21,False,2021-09-06,2021-09-06,1
Channel2,Geo21,True,2021-09-13,2021-09-20,2
Channel2,Geo21,False,2021-09-27,2021-10-04,2
Channel2,Geo21,True,2021-10-11,2021-10-11,1
Channel2,Geo21,False,2021-10-18,2021-11-01,3
Channel2,Geo21,True,2021-11-08,2021-11-15,2
Channel2,Geo21,False,2021-11-22,2021-11-22,1
Channel2,Geo21,True,2021-11-29,2021-11-29,1
Channel2,Geo21,False,2021-12-06,2021-12-20,3
Channel2,Geo21,True,2021-12-27,2021-12-27,1
Channel2,Geo21,False,2022-01-03,2022-01-03,1
Channel2,Geo21,True,2022-01-10,2022-01-10,1
Channel2,Geo21,False,2022-01-17,2022-01-17,1
Channel2,Geo21,True,2022-01-24,2022-01-24,1
Channel2,Geo21,False,2022-01-31,2022-04-18,12
Channel2,Geo21,True,2022-04-25,2022-04-25,1
Channel2,Geo21,False,2022-05-02,2022-06-06,6
Channel2,Geo21,True,2022-06-13,2022-06-20,2
Channel2,Geo21,False,2022-06-27,2022-08-08,7
Channel2,Geo21,True,2022-08-15,2022-08-15,1
Channel2,Geo21,False,2022-08-22,2022-08-22,1
Channel2,Geo21,True,2022-08-29,2022-08-29,1
Channel2,Geo21,False,2022-09-05,2022-09-19,3
Channel2,Geo21,True,2022-09-26,2022-09-26,1
Channel2,Geo21,False,2022-10-03,2022-10-03,1
Channel2,Geo21,True,2022-10-10,2022-10-10,1
Channel2,Geo21,False,2022-10-17,2022-10-24,2
Channel2,Geo21,True,2022-10-31,2022-10-31,1
Channel2,Geo21,False,2022-11-07,2022-11-28,4
Channel2,Geo21,True,2022-12-05,2022-12-12,2
Channel2,Geo21,False,2022-12-19,2022-12-26,2
Channel2,Geo21,True,2023-01-02,2023-01-09,2
Channel2,Geo21,False,2023-01-16,2023-01-16,1
Channel2,Geo21,True,2023-01-23,2023-01-23,1
Channel2,Geo21,False,2023-01-30,2023-01-30,1
Channel2,Geo21,True,2023-02-06,2023-02-06,1
Channel2,Geo21,False,2023-02-13,2023-02-13,1
Channel2,Geo21,True,2023-02-20,2023-02-20,1
Channel2,Geo21,False,2023-02-27,2023-05-15,12
Channel2,Geo21,True,2023-05-22,2023-05-22,1
Channel2,Geo21,False,2023-05-29,2023-05-29,1
Channel2,Geo21,True,2023-06-05,2023-06-05,1
Channel2,Geo21,False,2023-06-12,2023-07-17,6
Channel2,Geo21,True,2023-07-24,2023-07-24,1
Channel2,Geo21,False,2023-07-31,2023-08-21,4
Channel2,Geo21,True,2023-08-28,2023-09-25,5
Channel2,Geo21,False,2023-10-02,2023-10-02,1
Channel2,Geo21,True,2023-10-09,2023-10-23,3
Channel2,Geo21,False,2023-10-30,2023-11-06,2
Channel2,Geo21,True,2023-11-13,2023-11-20,2
Channel2,Geo21,False,2023-11-27,2023-11-27,1
Channel2,Geo21,True,2023-12-04,2023-12-04,1
Channel2,Geo21,False,2023-12-11,2023-12-25,3
Channel2,Geo21,True,2024-01-01,2024-01-01,1
Channel2,Geo21,False,2024-01-08,2024-01-15,2
Channel2,Geo22,True,2021-01-25,2021-01-25,1
Channel2,Geo22,False,2021-02-01,2021-03-22,8
Channel2,Geo22,True,2021-03-29,2021-03-29,1
Channel2,Geo22,False,2021-04-05,2021-06-07,10
Channel2,Geo22,True,2021-06-14,2021-06-14,1
Channel2,Geo22,False,2021-06-21,2021-07-26,6
Channel2,Geo22,True,2021-08-02,2021-08-02,1
Channel2,Geo22,False,2021-08-09,2021-08-23,3
Channel2,Geo22,True,2021-08-30,2021-08-30,1
Channel2,Geo22,False,2021-09-06,2021-09-06,1
Channel2,Geo22,True,2021-09-13,2021-09-13,1
Channel2,Geo22,False,2021-09-20,2021-09-27,2
Channel2,Geo22,True,2021-10-04,2021-10-18,3
Channel2,Geo22,False,2021-10-25,2021-11-01,2
Channel2,Geo22,True,2021-11-08,2021-11-08,1
Channel2,Geo22,False,2021-11-15,2021-11-15,1
Channel2,Geo22,True,2021-11-22,2021-11-29,2
Channel2,Geo22,False,2021-12-06,2021-12-06,1
Channel2,Geo22,True,2021-12-13,2021-12-13,1
Channel2,Geo22,False,2021-12-20,2022-01-17,5
Channel2,Geo22,True,2022-01-24,2022-01-24,1
Channel2,Geo22,False,2022-01-31,2022-03-07,6
Channel2,Geo22,True,2022-03-14,2022-03-14,1
Channel2,Geo22,False,2022-03-21,2022-03-21,1
Channel2,Geo22,True,2022-03-28,2022-03-28,1
Channel2,Geo22,False,2022-04-04,2022-05-02,5
Channel2,Geo22,True,2022-05-09,2022-05-09,1
Channel2,Geo22,False,2022-05-16,2022-05-23,2
Channel2,Geo22,True,2022-05-30,2022-05-30,1
Channel2,Geo22,False,2022-06-06,2022-06-27,4
Channel2,Geo22,True,2022-07-04,2022-07-04,1
Channel2,Geo22,False,2022-07-11,2022-07-11,1
Channel2,Geo22,True,2022-07-18,2022-07-18,1
Channel2,Geo22,False,2022-07-25,2022-07-25,1
Channel2,Geo22,True,2022-08-01,2022-08-01,1
Channel2,Geo22,False,2022-08-08,2022-08-15,2
Channel2,Geo22,True,2022-08-22,2022-09-12,4
Channel2,Geo22,False,2022-09-19,2022-09-19,1
Channel2,Geo22,True,2022-09-26,2022-09-26,1
Channel2,Geo22,False,2022-10-03,2022-10-03,1
Channel2,Geo22,True,2022-10-10,2022-10-17,2
Channel2,Geo22,False,2022-10-24,2022-10-31,2
Channel2,Geo22,True,2022-11-07,2022-11-07,1
Channel2,Geo22,False,2022-11-14,2022-11-21,2
Channel2,Geo22,True,2022-11-28,2022-11-28,1
Channel2,Geo22,False,2022-12-05,2022-12-05,1
Channel2,Geo22,True,2022-12-12,2022-12-19,2
Channel2,Geo22,False,2022-12-26,2022-12-26,1
Channel2,Geo22,True,2023-01-02,2023-01-02,1
Channel2,Geo22,False,2023-01-09,2023-04-03,13
Channel2,Geo22,True,2023-04-10,2023-04-10,1
Channel2,Geo22,False,2023-04-17,2023-05-15,5
Channel2,Geo22,True,2023-05-22,2023-05-22,1
Channel2,Geo22,False,2023-05-29,2023-06-19,4
Channel2,Geo22,True,2023-06-26,2023-06-26,1
Channel2,Geo22,False,2023-07-03,2023-07-03,1
Channel2,Geo22,True,2023-07-10,2023-07-10,1
Channel2,Geo22,False,2023-07-17,2023-07-31,3
Channel2,Geo22,True,2023-08-07,2023-08-07,1
Channel2,Geo22,False,2023-08-14,2023-08-14,1
Channel2,Geo22,True,2023-08-21,2023-08-21,1
Channel2,Geo22,False,2023-08-28,2023-08-28,1
Channel2,Geo22,True,2023-09-04,2023-09-04,1
Channel2,Geo22,False,2023-09-11,2023-09-11,1
Channel2,Geo22,True,2023-09-18,2023-10-09,4
Channel2,Geo22,False,2023-10-16,2023-11-06,4
Channel2,Geo22,True,2023-11-13,2023-11-20,2
Channel2,Geo22,False,2023-11-27,2023-11-27,1
Channel2,Geo22,True,2023-12-04,2023-12-04,1
Channel2,Geo22,False,2023-12-11,2023-12-18,2
Channel2,Geo22,True,2023-12-25,2024-01-01,2
Channel2,Geo22,False,2024-01-08,2024-01-08,1
Channel2,Geo22,True,2024-01-15,2024-01-15,1
Channel2,Geo23,False,2021-01-25,2021-02-22,5
Channel2,Geo23,True,2021-03-01,2021-03-01,1
Channel2,Geo23,False,2021-03-08,2021-03-29,4
Channel2,Geo23,True,2021-04-05,2021-04-05,1
Channel2,Geo23,False,2021-04-12,2021-05-10,5
Channel2,Geo23,True,2021-05-17,2021-05-17,1
Channel2,Geo23,False,2021-05-24,2021-06-07,3
Channel2,Geo23,True,2021-06-14,2021-06-21,2
Channel2,Geo23,False,2021-06-28,2021-07-26,5
Channel2,Geo23,True,2021-08-02,2021-08-09,2
Channel2,Geo23,False,2021-08-16,2021-08-23,2
Channel2,Geo23,True,2021-08-30,2021-08-30,1
Channel2,Geo23,False,2021-09-06,2021-10-04,5
Channel2,Geo23,True,2021-10-11,2021-10-18,2
Channel2,Geo23,False,2021-10-25,2021-11-08,3
Channel2,Geo23,True,2021-11-15,2021-12-06,4
Channel2,Geo23,False,2021-12-13,2021-12-27,3
Channel2,Geo23,True,2022-01-03,2022-01-03,1
Channel2,Geo23,False,2022-01-10,2022-01-17,2
Channel2,Geo23,True,2022-01-24,2022-01-24,1
Channel2,Geo23,False,2022-01-31,2022-02-14,3
Channel2,Geo23,True,2022-02-21,2022-02-21,1
Channel2,Geo23,False,2022-02-28,2022-03-14,3
Channel2,Geo23,True,2022-03-21,2022-03-21,1
Channel2,Geo23,False,2022-03-28,2022-06-27,14
Channel2,Geo23,True,2022-07-04,2022-07-18,3
Channel2,Geo23,False,2022-07-25,2022-08-15,4
Channel2,Geo23,True,2022-08-22,2022-08-29,2
Channel2,Geo23,False,2022-09-05,2022-09-05,1
Channel2,Geo23,True,2022-09-12,2022-11-14,10
Channel2,Geo23,False,2022-11-21,2022-11-21,1
Channel2,Geo23,True,2022-11-28,2022-12-05,2
Channel2,Geo23,False,2022-12-12,2022-12-12,1
Channel2,Geo23,True,2022-12-19,2022-12-19,1
Channel2,Geo23,False,2022-12-26,2022-12-26,1
Channel2,Geo23,True,2023-01-02,2023-01-02,1
Channel2,Geo23,False,2023-01-09,2023-01-30,4
Channel2,Geo23,True,2023-02-06,2023-02-06,1
Channel2,Geo23,False,2023-02-13,2023-02-13,1
Channel2,Geo23,True,2023-02-20,2023-02-20,1
Channel2,Geo23,False,2023-02-27,2023-03-20,4
Channel2,Geo23,True,2023-03-27,2023-03-27,1
Channel2,Geo23,False,2023-04-03,2023-04-17,3
Channel2,Geo23,True,2023-04-24,2023-05-01,2
Channel2,Geo23,False,2023-05-08,2023-05-15,2
Channel2,Geo23,True,2023-05-22,2023-05-22,1
Channel2,Geo23,False,2023-05-29,2023-07-10,7
Channel2,Geo23,True,2023-07-17,2023-07-24,2
Channel2,Geo23,False,2023-07-31,2023-08-14,3
Channel2,Geo23,True,2023-08-21,2023-09-04,3
Channel2,Geo23,False,2023-09-11,2023-09-18,2
Channel2,Geo23,True,2023-09-25,2023-10-02,2
Channel2,Geo23,False,2023-10-09,2023-10-16,2
Channel2,Geo23,True,2023-10-23,2023-10-23,1
Channel2,Geo23,False,2023-10-30,2023-10-30,1
Channel2,Geo23,True,2023-11-06,2023-11-06,1
Channel2,Geo23,False,2023-11-13,2023-11-13,1
Channel2,Geo23,True,2023-11-20,2023-12-11,4
Channel2,Geo23,False,2023-12-18,2023-12-18,1
Channel2,Geo23,True,2023-12-25,2024-01-01,2
Channel2,Geo23,False,2024-01-08,2024-01-15,2
Channel2,Geo24,True,2021-01-25,2021-01-25,1
Channel2,Geo24,False,2021-02-01,2021-03-01,5
Channel2,Geo24,True,2021-03-08,2021-03-15,2
Channel2,Geo24,False,2021-03-22,2021-04-05,3
Channel2,Geo24,True,2021-04-12,2021-04-12,1
Channel2,Geo24,False,2021-04-19,2021-04-26,2
Channel2,Geo24,True,2021-05-03,2021-05-03,1
Channel2,Geo24,False,2021-05-10,2021-05-17,2
Channel2,Geo24,True,2021-05-24,2021-05-24,1
Channel2,Geo24,False,2021-05-31,2021-05-31,1
Channel2,Geo24,True,2021-06-07,2021-06-14,2
Channel2,Geo24,False,2021-06-21,2021-06-21,1
Channel2,Geo24,True,2021-06-28,2021-06-28,1
Channel2,Geo24,False,2021-07-05,2021-07-05,1
Channel2,Geo24,True,2021-07-12,2021-07-26,3
Channel2,Geo24,False,2021-08-02,2021-08-09,2
Channel2,Geo24,True,2021-08-16,2021-08-16,1
Channel2,Geo24,False,2021-08-23,2021-08-23,1
Channel2,Geo24,True,2021-08-30,2021-08-30,1
Channel2,Geo24,False,2021-09-06,2021-09-06,1
Channel2,Geo24,True,2021-09-13,2021-09-13,1
Channel2,Geo24,False,2021-09-20,2021-09-27,2
Channel2,Geo24,True,2021-10-04,2021-10-04,1
Channel2,Geo24,False,2021-10-11,2021-10-11,1
Channel2,Geo24,True,2021-10-18,2021-10-18,1
Channel2,Geo24,False,2021-10-25,2021-11-01,2
Channel2,Geo24,True,2021-11-08,2021-11-22,3
Channel2,Geo24,False,2021-11-29,2021-12-06,2
Channel2,Geo24,True,2021-12-13,2021-12-13,1
Channel2,Geo24,False,2021-12-20,2022-01-10,4
Channel2,Geo24,True,2022-01-17,2022-01-24,2
Channel2,Geo24,False,2022-01-31,2022-03-14,7
Channel2,Geo24,True,2022-03-21,2022-03-21,1
Channel2,Geo24,False,2022-03-28,2022-04-11,3
Channel2,Geo24,True,2022-04-18,2022-04-18,1
Channel2,Geo24,False,2022-04-25,2022-04-25,1
Channel2,Geo24,True,2022-05-02,2022-05-02,1
Channel2,Geo24,False,2022-05-09,2022-05-30,4
Channel2,Geo24,True,2022-06-06,2022-06-13,2
Channel2,Geo24,False,2022-06-20,2022-06-27,2
Channel2,Geo24,True,2022-07-04,2022-07-04,1
Channel2,Geo24,False,2022-07-11,2022-07-25,3
Channel2,Geo24,True,2022-08-01,2022-08-01,1
Channel2,Geo24,False,2022-08-08,2022-08-15,2
Channel2,Geo24,True,2022-08-22,2022-09-19,5
Channel2,Geo24,False,2022-09-26,2022-10-03,2
Channel2,Geo24,True,2022-10-10,2022-10-24,3
Channel2,Geo24,False,2022-10-31,2022-10-31,1
Channel2,Geo24,True,2022-11-07,2022-11-14,2
Channel2,Geo24,False,2022-11-21,2022-12-26,6
Channel2,Geo24,True,2023-01-02,2023-01-09,2
Channel2,Geo24,False,2023-01-16,2023-01-23,2
Channel2,Geo24,True,2023-01-30,2023-02-06,2
Channel2,Geo24,False,2023-02-13,2023-02-27,3
Channel2,Geo24,True,2023-03-06,2023-03-06,1
Channel2,Geo24,False,2023-03-13,2023-03-20,2
Channel2,Geo24,True,2023-03-27,2023-04-03,2
Channel2,Geo24,False,2023-04-10,2023-04-10,1
Channel2,Geo24,True,2023-04-17,2023-04-17,1
Channel2,Geo24,False,2023-04-24,2023-05-22,5
Channel2,Geo24,True,2023-05-29,2023-05-29,1
Channel2,Geo24,False,2023-06-05,2023-06-26,4
Channel2,Geo24,True,2023-07-03,2023-07-10,2
Channel2,Geo24,False,2023-07-17,2023-07-17,1
Channel2,Geo24,True,2023-07-24,2023-07-24,1
Channel2,Geo24,False,2023-07-31,2023-07-31,1
Channel2,Geo24,True,2023-08-07,2023-08-07,1
Channel2,Geo24,False,2023-08-14,2023-08-28,3
Channel2,Geo24,True,2023-09-04,2023-09-11,2
Channel2,Geo24,False,2023-09-18,2023-10-02,3
Channel2,Geo24,True,2023-10-09,2023-10-09,1
Channel2,Geo24,False,2023-10-16,2023-10-16,1
Channel2,Geo24,True,2023-10-23,2023-10-30,2
Channel2,Geo24,False,2023-11-06,2023-11-06,1
Channel2,Geo24,True,2023-11-13,2023-12-04,4
Channel2,Geo24,False,2023-12-11,2023-12-25,3
Channel2,Geo24,True,2024-01-01,2024-01-01,1
Channel2,Geo24,False,2024-01-08,2024-01-15,2
Channel2,Geo25,False,2021-01-25,2021-03-15,8
Channel2,Geo25,True,2021-03-22,2021-03-22,1
Channel2,Geo25,False,2021-03-29,2021-04-05,2
Channel2,Geo25,True,2021-04-12,2021-04-12,1
Channel2,Geo25,False,2021-04-19,2021-04-26,2
Channel2,Geo25,True,2021-05-03,2021-05-03,1
Channel2,Geo25,False,2021-05-10,2021-05-10,1
Channel2,Geo25,True,2021-05-17,2021-05-17,1
Channel2,Geo25,False,2021-05-24,2021-05-31,2
Channel2,Geo25,True,2021-06-07,2021-06-07,1
Channel2,Geo25,False,2021-06-14,2021-07-19,6
Channel2,Geo25,True,2021-07-26,2021-08-02,2
Channel2,Geo25,False,2021-08-09,2021-08-23,3
Channel2,Geo25,True,2021-08-30,2021-09-20,4
Channel2,Geo25,False,2021-09-27,2021-10-11,3
Channel2,Geo25,True,2021-10-18,2021-10-25,2
Channel2,Geo25,False,2021-11-01,2021-11-15,3
Channel2,Geo25,True,2021-11-22,2021-11-22,1
Channel2,Geo25,False,2021-11-29,2021-12-06,2
Channel2,Geo25,True,2021-12-13,2021-12-13,1
Channel2,Geo25,False,2021-12-20,2021-12-27,2
Channel2,Geo25,True,2022-01-03,2022-01-10,2
Channel2,Geo25,False,2022-01-17,2022-01-17,1
Channel2,Geo25,True,2022-01-24,2022-01-24,1
Channel2,Geo25,False,2022-01-31,2022-01-31,1
Channel2,Geo25,True,2022-02-07,2022-02-14,2
Channel2,Geo25,False,2022-02-21,2022-04-11,8
Channel2,Geo25,True,2022-04-18,2022-04-18,1
Channel2,Geo25,False,2022-04-25,2022-05-16,4
Channel2,Geo25,True,2022-05-23,2022-05-23,1
Channel2,Geo25,False,2022-05-30,2022-06-13,3
Channel2,Geo25,True,2022-06-20,2022-06-20,1
Channel2,Geo25,False,2022-06-27,2022-07-25,5
Channel2,Geo25,True,2022-08-01,2022-08-01,1
Channel2,Geo25,False,2022-08-08,2022-08-08,1
Channel2,Geo25,True,2022-08-15,2022-08-29,3
Channel2,Geo25,False,2022-09-05,2022-09-19,3
Channel2,Geo25,True,2022-09-26,2022-09-26,1
Channel2,Geo25,False,2022-10-03,2022-10-03,1
Channel2,Geo25,True,2022-10-10,2022-10-10,1
Channel2,Geo25,False,2022-10-17,2022-10-17,1
Channel2,Geo25,True,2022-10-24,2022-11-07,3
Channel2,Geo25,False,2022-11-14,2022-11-21,2
Channel2,Geo25,True,2022-11-28,2022-12-12,3
Channel2,Geo25,False,2022-12-19,2022-12-19,1
Channel2,Geo25,True,2022-12-26,2022-12-26,1
Channel2,Geo25,False,2023-01-02,2023-01-02,1
Channel2,Geo25,True,2023-01-09,2023-01-09,1
Channel2,Geo25,False,2023-01-16,2023-02-13,5
Channel2,Geo25,True,2023-02-20,2023-02-27,2
Channel2,Geo25,False,2023-03-06,2023-04-24,8
Channel2,Geo25,True,2023-05-01,2023-05-01,1
Channel2,Geo25,False,2023-05-08,2023-05-15,2
Channel2,Geo25,True,2023-05-22,2023-05-22,1
Channel2,Geo25,False,2023-05-29,2023-05-29,1
Channel2,Geo25,True,2023-06-05,2023-06-12,2
Channel2,Geo25,False,2023-06-19,2023-06-19,1
Channel2,Geo25,True,2023-06-26,2023-06-26,1
Channel2,Geo25,False,2023-07-03,2023-07-17,3
Channel2,Geo25,True,2023-07-24,2023-07-31,2
Channel2,Geo25,False,2023-08-07,2023-08-07,1
Channel2,Geo25,True,2023-08-14,2023-08-14,1
Channel2,Geo25,False,2023-08-21,2023-08-21,1
Channel2,Geo25,True,2023-08-28,2023-09-11,3
Channel2,Geo25,False,2023-09-18,2023-09-18,1
Channel2,Geo25,True,2023-09-25,2023-10-23,5
Channel2,Geo25,False,2023-10-30,2023-11-13,3
Channel2,Geo25,True,2023-11-20,2023-11-20,1
Channel2,Geo25,False,2023-11-27,2023-11-27,1
Channel2,Geo25,True,2023-12-04,2023-12-11,2
Channel2,Geo25,False,2023-12-18,2023-12-25,2
Channel2,Geo25,True,2024-01-01,2024-01-01,1
Channel2,Geo25,False,2024-01-08,2024-01-15,2
Channel2,Geo26,False,2021-01-25,2021-02-15,4
Channel2,Geo26,True,2021-02-22,2021-02-22,1
Channel2,Geo26,False,2021-03-01,2021-03-01,1
Channel2,Geo26,True,2021-03-08,2021-03-15,2
Channel2,Geo26,False,2021-03-22,2021-05-24,10
Channel2,Geo26,True,2021-05-31,2021-05-31,1
Channel2,Geo26,False,2021-06-07,2021-07-19,7
Channel2,Geo26,True,2021-07-26,2021-07-26,1
Channel2,Geo26,False,2021-08-02,2021-08-02,1
Channel2,Geo26,True,2021-08-09,2021-08-09,1
Channel2,Geo26,False,2021-08-16,2021-08-16,1
Channel2,Geo26,True,2021-08-23,2021-09-13,4
Channel2,Geo26,False,2021-09-20,2021-09-20,1
Channel2,Geo26,True,2021-09-27,2021-10-11,3
Channel2,Geo26,False,2021-10-18,2021-10-25,2
Channel2,Geo26,True,2021-11-01,2021-11-15,3
Channel2,Geo26,False,2021-11-22,2021-12-27,6
Channel2,Geo26,True,2022-01-03,2022-01-03,1
Channel2,Geo26,False,2022-01-10,2022-01-10,1
Channel2,Geo26,True,2022-01-17,2022-01-17,1
Channel2,Geo26,False,2022-01-24,2022-02-14,4
Channel2,Geo26,True,2022-02-21,2022-02-28,2
Channel2,Geo26,False,2022-03-07,2022-04-04,5
Channel2,Geo26,True,2022-04-11,2022-04-25,3
Channel2,Geo26,False,2022-05-02,2022-05-02,1
Channel2,Geo26,True,2022-05-09,2022-05-09,1
Channel2,Geo26,False,2022-05-16,2022-06-27,7
Channel2,Geo26,True,2022-07-04,2022-07-04,1
Channel2,Geo26,False,2022-07-11,2022-08-01,4
Channel2,Geo26,True,2022-08-08,2022-08-08,1
Channel2,Geo26,False,2022-08-15,2022-08-29,3
Channel2,Geo26,True,2022-09-05,2022-10-03,5
Channel2,Geo26,False,2022-10-10,2022-10-10,1
Channel2,Geo26,True,2022-10-17,2022-10-24,2
Channel2,Geo26,False,2022-10-31,2022-11-07,2
Channel2,Geo26,True,2022-11-14,2022-11-14,1
Channel2,Geo26,False,2022-11-21,2022-12-12,4
Channel2,Geo26,True,2022-12-19,2022-12-19,1
Channel2,Geo26,False,2022-12-26,2022-12-26,1
Channel2,Geo26,True,2023-01-02,2023-01-02,1
Channel2,Geo26,False,2023-01-09,2023-01-09,1
Channel2,Geo26,True,2023-01-16,2023-01-16,1
Channel2,Geo26,False,2023-01-23,2023-02-13,4
Channel2,Geo26,True,2023-02-20,2023-02-20,1
Channel2,Geo26,False,2023-02-27,2023-04-24,9
Channel2,Geo26,True,2023-05-01,2023-05-01,1
Channel2,Geo26,False,2023-05-08,2023-06-26,8
Channel2,Geo26,True,2023-07-03,2023-07-03,1
Channel2,Geo26,False,2023-07-10,2023-07-31,4
Channel2,Geo26,True,2023-08-07,2023-08-07,1
Channel2,Geo26,False,2023-08-14,2023-08-14,1
Channel2,Geo26,True,2023-08-21,2023-08-21,1
Channel2,Geo26,False,2023-08-28,2023-08-28,1
Channel2,Geo26,True,2023-09-04,2023-09-04,1
Channel2,Geo26,False,2023-09-11,2023-09-18,2
Channel2,Geo26,True,2023-09-25,2023-09-25,1
Channel2,Geo26,False,2023-10-02,2023-10-16,3
Channel2,Geo26,True,2023-10-23,2023-10-23,1
Channel2,Geo26,False,2023-10-30,2023-11-20,4
Channel2,Geo26,True,2023-11-27,2023-11-27,1
Channel2,Geo26,False,2023-12-04,2023-12-04,1
Channel2,Geo26,True,2023-12-11,2023-12-11,1
Channel2,Geo26,False,2023-12-18,2023-12-18,1
Channel2,Geo26,True,2023-12-25,2023-12-25,1
Channel2,Geo26,False,2024-01-01,2024-01-15,3
Channel2,Geo27,False,2021-01-25,2021-02-01,2
Channel2,Geo27,True,2021-02-08,2021-03-15,6
Channel2,Geo27,False,2021-03-22,2021-04-05,3
Channel2,Geo27,True,2021-04-12,2021-04-12,1
Channel2,Geo27,False,2021-04-19,2021-05-10,4
Channel2,Geo27,True,2021-05-17,2021-05-17,1
Channel2,Geo27,False,2021-05-24,2021-06-07,3
Channel2,Geo27,True,2021-06-14,2021-06-14,1
Channel2,Geo27,False,2021-06-21,2021-07-05,3
Channel2,Geo27,True,2021-07-12,2021-07-12,1
Channel2,Geo27,False,2021-07-19,2021-08-23,6
Channel2,Geo27,True,2021-08-30,2021-08-30,1
Channel2,Geo27,False,2021-09-06,2021-09-06,1
Channel2,Geo27,True,2021-09-13,2021-09-13,1
Channel2,Geo27,False,2021-09-20,2021-10-04,3
Channel2,Geo27,True,2021-10-11,2021-10-18,2
Channel2,Geo27,False,2021-10-25,2021-10-25,1
Channel2,Geo27,True,2021-11-01,2021-11-01,1
Channel2,Geo27,False,2021-11-08,2021-11-22,3
Channel2,Geo27,True,2021-11-29,2021-12-13,3
Channel2,Geo27,False,2021-12-20,2022-01-24,6
Channel2,Geo27,True,2022-01-31,2022-02-07,2
Channel2,Geo27,False,2022-02-14,2022-02-14,1
Channel2,Geo27,True,2022-02-21,2022-02-21,1
Channel2,Geo27,False,2022-02-28,2022-02-28,1
Channel2,Geo27,True,2022-03-07,2022-03-21,3
Channel2,Geo27,False,2022-03-28,2022-03-28,1
Channel2,Geo27,True,2022-04-04,2022-04-04,1
Channel2,Geo27,False,2022-04-11,2022-06-27,12
Channel2,Geo27,True,2022-07-04,2022-07-11,2
Channel2,Geo27,False,2022-07-18,2022-07-25,2
Channel2,Geo27,True,2022-08-01,2022-08-01,1
Channel2,Geo27,False,2022-08-08,2022-08-15,2
Channel2,Geo27,True,2022-08-22,2022-08-22,1
Channel2,Geo27,False,2022-08-29,2022-08-29,1
Channel2,Geo27,True,2022-09-05,2022-09-12,2
Channel2,Geo27,False,2022-09-19,2022-09-19,1
Channel2,Geo27,True,2022-09-26,2022-10-10,3
Channel2,Geo27,False,2022-10-17,2022-10-17,1
Channel2,Geo27,True,2022-10-24,2022-11-07,3
Channel2,Geo27,False,2022-11-14,2022-12-05,4
Channel2,Geo27,True,2022-12-12,2022-12-12,1
Channel2,Geo27,False,2022-12-19,2022-12-26,2
Channel2,Geo27,True,2023-01-02,2023-01-09,2
Channel2,Geo27,False,2023-01-16,2023-02-06,4
Channel2,Geo27,True,2023-02-13,2023-02-20,2
Channel2,Geo27,False,2023-02-27,2023-03-20,4
Channel2,Geo27,True,2023-03-27,2023-04-10,3
Channel2,Geo27,False,2023-04-17,2023-04-24,2
Channel2,Geo27,True,2023-05-01,2023-05-01,1
Channel2,Geo27,False,2023-05-08,2023-06-19,7
Channel2,Geo27,True,2023-06-26,2023-06-26,1
Channel2,Geo27,False,2023-07-03,2023-07-03,1
Channel2,Geo27,True,2023-07-10,2023-07-10,1
Channel2,Geo27,False,2023-07-17,2023-07-17,1
Channel2,Geo27,True,2023-07-24,2023-07-24,1
Channel2,Geo27,False,2023-07-31,2023-08-14,3
Channel2,Geo27,True,2023-08-21,2023-08-28,2
Channel2,Geo27,False,2023-09-04,2023-09-11,2
Channel2,Geo27,True,2023-09-18,2023-09-18,1
Channel2,Geo27,False,2023-09-25,2023-09-25,1
Channel2,Geo27,True,2023-10-02,2023-10-02,1
Channel2,Geo27,False,2023-10-09,2023-10-16,2
Channel2,Geo27,True,2023-10-23,2023-11-06,3
Channel2,Geo27,False,2023-11-13,2023-11-13,1
Channel2,Geo27,True,2023-11-20,2023-12-04,3
Channel2,Geo27,False,2023-12-11,2023-12-25,3
Channel2,Geo27,True,2024-01-01,2024-01-01,1
Channel2,Geo27,False,2024-01-08,2024-01-08,1
Channel2,Geo27,True,2024-01-15,2024-01-15,1
Channel2,Geo28,True,2021-01-25,2021-01-25,1
Channel2,Geo28,False,2021-02-01,2021-03-08,6
Channel2,Geo28,True,2021-03-15,2021-03-15,1
Channel2,Geo28,False,2021-03-22,2021-03-22,1
Channel2,Geo28,True,2021-03-29,2021-04-05,2
Channel2,Geo28,False,2021-04-12,2021-04-26,3
Channel2,Geo28,True,2021-05-03,2021-05-03,1
Channel2,Geo28,False,2021-05-10,2021-06-07,5
Channel2,Geo28,True,2021-06-14,2021-06-14,1
Channel2,Geo28,False,2021-06-21,2021-06-21,1
Channel2,Geo28,True,2021-06-28,2021-07-05,2
Channel2,Geo28,False,2021-07-12,2021-07-26,3
Channel2,Geo28,True,2021-08-02,2021-08-09,2
Channel2,Geo28,False,2021-08-16,2021-08-23,2
Channel2,Geo28,True,2021-08-30,2021-09-13,3
Channel2,Geo28,False,2021-09-20,2021-09-20,1
Channel2,Geo28,True,2021-09-27,2021-10-11,3
Channel2,Geo28,False,2021-10-18,2021-11-01,3
Channel2,Geo28,True,2021-11-08,2021-11-08,1
Channel2,Geo28,False,2021-11-15,2021-11-15,1
Channel2,Geo28,True,2021-11-22,2021-11-22,1
Channel2,Geo28,False,2021-11-29,2021-11-29,1
Channel2,Geo28,True,2021-12-06,2021-12-13,2
Channel2,Geo28,False,2021-12-20,2021-12-20,1
Channel2,Geo28,True,2021-12-27,2021-12-27,1
Channel2,Geo28,False,2022-01-03,2022-02-14,7
Channel2,Geo28,True,2022-02-21,2022-02-21,1
Channel2,Geo28,False,2022-02-28,2022-03-28,5
Channel2,Geo28,True,2022-04-04,2022-04-04,1
Channel2,Geo28,False,2022-04-11,2022-04-18,2
Channel2,Geo28,True,2022-04-25,2022-05-02,2
Channel2,Geo28,False,2022-05-09,2022-05-16,2
Channel2,Geo28,True,2022-05-23,2022-05-23,1
Channel2,Geo28,False,2022-05-30,2022-06-13,3
Channel2,Geo28,True,2022-06-20,2022-06-20,1
Channel2,Geo28,False,2022-06-27,2022-07-04,2
Channel2,Geo28,True,2022-07-11,2022-07-18,2
Channel2,Geo28,False,2022-07-25,2022-08-08,3
Channel2,Geo28,True,2022-08-15,2022-08-15,1
Channel2,Geo28,False,2022-08-22,2022-09-05,3
Channel2,Geo28,True,2022-09-12,2022-09-12,1
Channel2,Geo28,False,2022-09-19,2022-09-26,2
Channel2,Geo28,True,2022-10-03,2022-10-03,1
Channel2,Geo28,False,2022-10-10,2022-10-10,1
Channel2,Geo28,True,2022-10-17,2022-10-17,1
Channel2,Geo28,False,2022-10-24,2022-10-24,1
Channel2,Geo28,True,2022-10-31,2022-11-21,4
Channel2,Geo28,False,2022-11-28,2022-12-12,3
Channel2,Geo28,True,2022-12-19,2022-12-19,1
Channel2,Geo28,False,2022-12-26,2022-12-26,1
Channel2,Geo28,True,2023-01-02,2023-01-09,2
Channel2,Geo28,False,2023-01-16,2023-01-16,1
Channel2,Geo28,True,2023-01-23,2023-01-23,1
Channel2,Geo28,False,2023-01-30,2023-01-30,1
Channel2,Geo28,True,2023-02-06,2023-02-06,1
Channel2,Geo28,False,2023-02-13,2023-02-13,1
Channel2,Geo28,True,2023-02-20,2023-02-20,1
Channel2,Geo28,False,2023-02-27,2023-04-24,9
Channel2,Geo28,True,2023-05-01,2023-05-01,1
Channel2,Geo28,False,2023-05-08,2023-06-19,7
Channel2,Geo28,True,2023-06-26,2023-06-26,1
Channel2,Geo28,False,2023-07-03,2023-07-24,4
Channel2,Geo28,True,2023-07-31,2023-07-31,1
Channel2,Geo28,False,2023-08-07,2023-08-07,1
Channel2,Geo28,True,2023-08-14,2023-08-14,1
Channel2,Geo28,False,2023-08-21,2023-08-21,1
Channel2,Geo28,True,2023-08-28,2023-09-11,3
Channel2,Geo28,False,2023-09-18,2023-09-18,1
Channel2,Geo28,True,2023-09-25,2023-10-23,5
Channel2,Geo28,False,2023-10-30,2023-11-06,2
Channel2,Geo28,True,2023-11-13,2023-11-13,1
Channel2,Geo28,False,2023-11-20,2023-11-20,1
Channel2,Geo28,True,2023-11-27,2023-12-04,2
Channel2,Geo28,False,2023-12-11,2024-01-01,4
Channel2,Geo28,True,2024-01-08,2024-01-08,1
Channel2,Geo28,False,2024-01-15,2024-01-15,1
Channel2,Geo29,False,2021-01-25,2021-02-01,2
Channel2,Geo29,True,2021-02-08,2021-02-08,1
Channel2,Geo29,False,2021-02-15,2021-02-15,1
Channel2,Geo29,True,2021-02-22,2021-02-22,1
Channel2,Geo29,False,2021-03-01,2021-04-26,9
Channel2,Geo29,True,2021-05-03,2021-05-03,1
Channel2,Geo29,False,2021-05-10,2021-05-17,2
Channel2,Geo29,True,2021-05-24,2021-05-24,1
Channel2,Geo29,False,2021-05-31,2021-06-14,3
Channel2,Geo29,True,2021-06-21,2021-06-21,1
Channel2,Geo29,False,2021-06-28,2021-07-26,5
Channel2,Geo29,True,2021-08-02,2021-08-09,2
Channel2,Geo29,False,2021-08-16,2021-08-23,2
Channel2,Geo29,True,2021-08-30,2021-08-30,1
Channel2,Geo29,False,2021-09-06,2021-09-20,3
Channel2,Geo29,True,2021-09-27,2021-09-27,1
Channel2,Geo29,False,2021-10-04,2021-10-04,1
Channel2,Geo29,True,2021-10-11,2021-11-01,4
Channel2,Geo29,False,2021-11-08,2021-11-08,1
Channel2,Geo29,True,2021-11-15,2021-11-29,3
Channel2,Geo29,False,2021-12-06,2021-12-06,1
Channel2,Geo29,True,2021-12-13,2021-12-13,1
Channel2,Geo29,False,2021-12-20,2022-01-10,4
Channel2,Geo29,True,2022-01-17,2022-01-17,1
Channel2,Geo29,False,2022-01-24,2022-02-14,4
Channel2,Geo29,True,2022-02-21,2022-02-21,1
Channel2,Geo29,False,2022-02-28,2022-03-07,2
Channel2,Geo29,True,2022-03-14,2022-03-14,1
Channel2,Geo29,False,2022-03-21,2022-06-27,15
Channel2,Geo29,True,2022-07-04,2022-07-04,1
Channel2,Geo29,False,2022-07-11,2022-07-25,3
Channel2,Geo29,True,2022-08-01,2022-08-01,1
Channel2,Geo29,False,2022-08-08,2022-08-15,2
Channel2,Geo29,True,2022-08-22,2022-08-22,1
Channel2,Geo29,False,2022-08-29,2022-09-05,2
Channel2,Geo29,True,2022-09-12,2022-09-19,2
Channel2,Geo29,False,2022-09-26,2022-10-03,2
Channel2,Geo29,True,2022-10-10,2022-11-07,5
Channel2,Geo29,False,2022-11-14,2022-11-14,1
Channel2,Geo29,True,2022-11-21,2022-11-21,1
Channel2,Geo29,False,2022-11-28,2022-12-05,2
Channel2,Geo29,True,2022-12-12,2023-01-02,4
Channel2,Geo29,False,2023-01-09,2023-02-13,6
Channel2,Geo29,True,2023-02-20,2023-02-20,1
Channel2,Geo29,False,2023-02-27,2023-06-05,15
Channel2,Geo29,True,2023-06-12,2023-06-12,1
Channel2,Geo29,False,2023-06-19,2023-06-19,1
Channel2,Geo29,True,2023-06-26,2023-06-26,1
Channel2,Geo29,False,2023-07-03,2023-07-03,1
Channel2,Geo29,True,2023-07-10,2023-07-10,1
Channel2,Geo29,False,2023-07-17,2023-07-31,3
Channel2,Geo29,True,2023-08-07,2023-08-07,1
Channel2,Geo29,False,2023-08-14,2023-08-14,1
Channel2,Geo29,True,2023-08-21,2023-08-28,2
Channel2,Geo29,False,2023-09-04,2023-09-18,3
Channel2,Geo29,True,2023-09-25,2023-10-02,2
Channel2,Geo29,False,2023-10-09,2023-10-23,3
Channel2,Geo29,True,2023-10-30,2023-11-06,2
Channel2,Geo29,False,2023-11-13,2023-11-13,1
Channel2,Geo29,True,2023-11-20,2023-12-04,3
Channel2,Geo29,False,2023-12-11,2023-12-18,2
Channel2,Geo29,True,2023-12-25,2024-01-01,2
Channel2,Geo29,False,2024-01-08,2024-01-15,2
Channel2,Geo3,False,2021-01-25,2021-01-25,1
Channel2,Geo3,True,2021-02-01,2021-02-15,3
Channel2,Geo3,False,2021-02-22,2021-03-22,5
Channel2,Geo3,True,2021-03-29,2021-04-05,2
Channel2,Geo3,False,2021-04-12,2021-05-03,4
Channel2,Geo3,True,2021-05-10,2021-05-17,2
Channel2,Geo3,False,2021-05-24,2021-06-21,5
Channel2,Geo3,True,2021-06-28,2021-07-05,2
Channel2,Geo3,False,2021-07-12,2021-07-19,2
Channel2,Geo3,True,2021-07-26,2021-08-09,3
Channel2,Geo3,False,2021-08-16,2021-08-23,2
Channel2,Geo3,True,2021-08-30,2021-08-30,1
Channel2,Geo3,False,2021-09-06,2021-09-06,1
Channel2,Geo3,True,2021-09-13,2021-09-13,1
Channel2,Geo3,False,2021-09-20,2021-09-27,2
Channel2,Geo3,True,2021-10-04,2021-10-18,3
Channel2,Geo3,False,2021-10-25,2021-11-22,5
Channel2,Geo3,True,2021-11-29,2021-11-29,1
Channel2,Geo3,False,2021-12-06,2021-12-13,2
Channel2,Geo3,True,2021-12-20,2021-12-20,1
Channel2,Geo3,False,2021-12-27,2022-02-14,8
Channel2,Geo3,True,2022-02-21,2022-02-28,2
Channel2,Geo3,False,2022-03-07,2022-04-18,7
Channel2,Geo3,True,2022-04-25,2022-05-02,2
Channel2,Geo3,False,2022-05-09,2022-06-13,6
Channel2,Geo3,True,2022-06-20,2022-06-20,1
Channel2,Geo3,False,2022-06-27,2022-06-27,1
Channel2,Geo3,True,2022-07-04,2022-07-04,1
Channel2,Geo3,False,2022-07-11,2022-08-15,6
Channel2,Geo3,True,2022-08-22,2022-08-29,2
Channel2,Geo3,False,2022-09-05,2022-09-05,1
Channel2,Geo3,True,2022-09-12,2022-10-17,6
Channel2,Geo3,False,2022-10-24,2022-10-31,2
Channel2,Geo3,True,2022-11-07,2022-11-21,3
Channel2,Geo3,False,2022-11-28,2022-11-28,1
Channel2,Geo3,True,2022-12-05,2022-12-05,1
Channel2,Geo3,False,2022-12-12,2022-12-12,1
Channel2,Geo3,True,2022-12-19,2023-01-02,3
Channel2,Geo3,False,2023-01-09,2023-01-09,1
Channel2,Geo3,True,2023-01-16,2023-01-16,1
Channel2,Geo3,False,2023-01-23,2023-03-20,9
Channel2,Geo3,True,2023-03-27,2023-03-27,1
Channel2,Geo3,False,2023-04-03,2023-04-17,3
Channel2,Geo3,True,2023-04-24,2023-05-01,2
Channel2,Geo3,False,2023-05-08,2023-06-19,7
Channel2,Geo3,True,2023-06-26,2023-06-26,1
Channel2,Geo3,False,2023-07-03,2023-07-03,1
Channel2,Geo3,True,2023-07-10,2023-07-10,1
Channel2,Geo3,False,2023-07-17,2023-07-17,1
Channel2,Geo3,True,2023-07-24,2023-07-24,1
Channel2,Geo3,False,2023-07-31,2023-07-31,1
Channel2,Geo3,True,2023-08-07,2023-08-07,1
Channel2,Geo3,False,2023-08-14,2023-09-18,6
Channel2,Geo3,True,2023-09-25,2023-10-09,3
Channel2,Geo3,False,2023-10-16,2023-11-06,4
Channel2,Geo3,True,2023-11-13,2023-12-04,4
Channel2,Geo3,False,2023-12-11,2024-01-08,5
Channel2,Geo3,True,2024-01-15,2024-01-15,1
Channel2,Geo30,False,2021-01-25,2021-01-25,1
Channel2,Geo30,True,2021-02-01,2021-02-01,1
Channel2,Geo30,False,2021-02-08,2021-02-15,2
Channel2,Geo30,True,2021-02-22,2021-02-22,1
Channel2,Geo30,False,2021-03-01,2021-03-01,1
Channel2,Geo30,True,2021-03-08,2021-03-08,1
Channel2,Geo30,False,2021-03-15,2021-03-29,3
Channel2,Geo30,True,2021-04-05,2021-04-05,1
Channel2,Geo30,False,2021-04-12,2021-05-10,5
Channel2,Geo30,True,2021-05-17,2021-05-17,1
Channel2,Geo30,False,2021-05-24,2021-06-28,6
Channel2,Geo30,True,2021-07-05,2021-07-05,1
Channel2,Geo30,False,2021-07-12,2021-08-23,7
Channel2,Geo30,True,2021-08-30,2021-08-30,1
Channel2,Geo30,False,2021-09-06,2021-09-06,1
Channel2,Geo30,True,2021-09-13,2021-09-13,1
Channel2,Geo30,False,2021-09-20,2021-09-20,1
Channel2,Geo30,True,2021-09-27,2021-10-04,2
Channel2,Geo30,False,2021-10-11,2021-10-11,1
Channel2,Geo30,True,2021-10-18,2021-10-18,1
Channel2,Geo30,False,2021-10-25,2021-11-01,2
Channel2,Geo30,True,2021-11-08,2021-12-13,6
Channel2,Geo30,False,2021-12-20,2021-12-27,2
Channel2,Geo30,True,2022-01-03,2022-01-03,1
Channel2,Geo30,False,2022-01-10,2022-01-10,1
Channel2,Geo30,True,2022-01-17,2022-01-17,1
Channel2,Geo30,False,2022-01-24,2022-06-27,23
Channel2,Geo30,True,2022-07-04,2022-07-04,1
Channel2,Geo30,False,2022-07-11,2022-07-11,1
Channel2,Geo30,True,2022-07-18,2022-07-18,1
Channel2,Geo30,False,2022-07-25,2022-09-12,8
Channel2,Geo30,True,2022-09-19,2022-10-03,3
Channel2,Geo30,False,2022-10-10,2022-10-10,1
Channel2,Geo30,True,2022-10-17,2022-10-17,1
Channel2,Geo30,False,2022-10-24,2022-10-24,1
Channel2,Geo30,True,2022-10-31,2022-10-31,1
Channel2,Geo30,False,2022-11-07,2022-11-07,1
Channel2,Geo30,True,2022-11-14,2022-11-14,1
Channel2,Geo30,False,2022-11-21,2022-11-21,1
Channel2,Geo30,True,2022-11-28,2022-11-28,1
Channel2,Geo30,False,2022-12-05,2022-12-12,2
Channel2,Geo30,True,2022-12-19,2022-12-19,1
Channel2,Geo30,False,2022-12-26,2023-01-16,4
Channel2,Geo30,True,2023-01-23,2023-01-23,1
Channel2,Geo30,False,2023-01-30,2023-01-30,1
Channel2,Geo30,True,2023-02-06,2023-02-06,1
Channel2,Geo30,False,2023-02-13,2023-02-13,1
Channel2,Geo30,True,2023-02-20,2023-02-20,1
Channel2,Geo30,False,2023-02-27,2023-06-19,17
Channel2,Geo30,True,2023-06-26,2023-07-03,2
Channel2,Geo30,False,2023-07-10,2023-07-24,3
Channel2,Geo30,True,2023-07-31,2023-07-31,1
Channel2,Geo30,False,2023-08-07,2023-08-07,1
Channel2,Geo30,True,2023-08-14,2023-08-21,2
Channel2,Geo30,False,2023-08-28,2023-08-28,1
Channel2,Geo30,True,2023-09-04,2023-09-11,2
Channel2,Geo30,False,2023-09-18,2023-09-18,1
Channel2,Geo30,True,2023-09-25,2023-10-23,5
Channel2,Geo30,False,2023-10-30,2023-10-30,1
Channel2,Geo30,True,2023-11-06,2023-11-13,2
Channel2,Geo30,False,2023-11-20,2023-11-20,1
Channel2,Geo30,True,2023-11-27,2023-12-11,3
Channel2,Geo30,False,2023-12-18,2023-12-25,2
Channel2,Geo30,True,2024-01-01,2024-01-01,1
Channel2,Geo30,False,2024-01-08,2024-01-08,1
Channel2,Geo30,True,2024-01-15,2024-01-15,1
Channel2,Geo31,False,2021-01-25,2021-01-25,1
Channel2,Geo31,True,2021-02-01,2021-02-08,2
Channel2,Geo31,False,2021-02-15,2021-05-03,12
Channel2,Geo31,True,2021-05-10,2021-05-10,1
Channel2,Geo31,False,2021-05-17,2021-06-07,4
Channel2,Geo31,True,2021-06-14,2021-06-21,2
Channel2,Geo31,False,2021-06-28,2021-07-19,4
Channel2,Geo31,True,2021-07-26,2021-08-02,2
Channel2,Geo31,False,2021-08-09,2021-08-16,2
Channel2,Geo31,True,2021-08-23,2021-08-30,2
Channel2,Geo31,False,2021-09-06,2021-09-06,1
Channel2,Geo31,True,2021-09-13,2021-09-13,1
Channel2,Geo31,False,2021-09-20,2021-09-20,1
Channel2,Geo31,True,2021-09-27,2021-09-27,1
Channel2,Geo31,False,2021-10-04,2021-11-01,5
Channel2,Geo31,True,2021-11-08,2021-11-08,1
Channel2,Geo31,False,2021-11-15,2021-11-22,2
Channel2,Geo31,True,2021-11-29,2021-12-06,2
Channel2,Geo31,False,2021-12-13,2021-12-20,2
Channel2,Geo31,True,2021-12-27,2021-12-27,1
Channel2,Geo31,False,2022-01-03,2022-01-31,5
Channel2,Geo31,True,2022-02-07,2022-02-07,1
Channel2,Geo31,False,2022-02-14,2022-02-14,1
Channel2,Geo31,True,2022-02-21,2022-02-21,1
Channel2,Geo31,False,2022-02-28,2022-04-04,6
Channel2,Geo31,True,2022-04-11,2022-04-11,1
Channel2,Geo31,False,2022-04-18,2022-06-13,9
Channel2,Geo31,True,2022-06-20,2022-06-20,1
Channel2,Geo31,False,2022-06-27,2022-07-25,5
Channel2,Geo31,True,2022-08-01,2022-08-01,1
Channel2,Geo31,False,2022-08-08,2022-08-22,3
Channel2,Geo31,True,2022-08-29,2022-09-19,4
Channel2,Geo31,False,2022-09-26,2022-10-03,2
Channel2,Geo31,True,2022-10-10,2022-10-24,3
Channel2,Geo31,False,2022-10-31,2022-11-07,2
Channel2,Geo31,True,2022-11-14,2022-11-14,1
Channel2,Geo31,False,2022-11-21,2022-11-28,2
Channel2,Geo31,True,2022-12-05,2022-12-05,1
Channel2,Geo31,False,2022-12-12,2022-12-12,1
Channel2,Geo31,True,2022-12-19,2022-12-19,1
Channel2,Geo31,False,2022-12-26,2022-12-26,1
Channel2,Geo31,True,2023-01-02,2023-01-09,2
Channel2,Geo31,False,2023-01-16,2023-01-16,1
Channel2,Geo31,True,2023-01-23,2023-01-23,1
Channel2,Geo31,False,2023-01-30,2023-02-13,3
Channel2,Geo31,True,2023-02-20,2023-02-20,1
Channel2,Geo31,False,2023-02-27,2023-04-10,7
Channel2,Geo31,True,2023-04-17,2023-04-17,1
Channel2,Geo31,False,2023-04-24,2023-06-05,7
Channel2,Geo31,True,2023-06-12,2023-06-12,1
Channel2,Geo31,False,2023-06-19,2023-07-17,5
Channel2,Geo31,True,2023-07-24,2023-07-24,1
Channel2,Geo31,False,2023-07-31,2023-07-31,1
Channel2,Geo31,True,2023-08-07,2023-08-07,1
Channel2,Geo31,False,2023-08-14,2023-08-28,3
Channel2,Geo31,True,2023-09-04,2023-09-04,1
Channel2,Geo31,False,2023-09-11,2023-09-25,3
Channel2,Geo31,True,2023-10-02,2023-10-09,2
Channel2,Geo31,False,2023-10-16,2023-11-20,6
Channel2,Geo31,True,2023-11-27,2023-12-04,2
Channel2,Geo31,False,2023-12-11,2023-12-18,2
Channel2,Geo31,True,2023-12-25,2023-12-25,1
Channel2,Geo31,False,2024-01-01,2024-01-15,3
Channel2,Geo32,True,2021-01-25,2021-01-25,1
Channel2,Geo32,False,2021-02-01,2021-02-01,1
Channel2,Geo32,True,2021-02-08,2021-02-08,1
Channel2,Geo32,False,2021-02-15,2021-03-22,6
Channel2,Geo32,True,2021-03-29,2021-03-29,1
Channel2,Geo32,False,2021-04-05,2021-05-03,5
Channel2,Geo32,True,2021-05-10,2021-05-17,2
Channel2,Geo32,False,2021-05-24,2021-05-31,2
Channel2,Geo32,True,2021-06-07,2021-06-07,1
Channel2,Geo32,False,2021-06-14,2021-06-28,3
Channel2,Geo32,True,2021-07-05,2021-07-05,1
Channel2,Geo32,False,2021-07-12,2021-07-19,2
Channel2,Geo32,True,2021-07-26,2021-08-16,4
Channel2,Geo32,False,2021-08-23,2021-09-06,3
Channel2,Geo32,True,2021-09-13,2021-09-13,1
Channel2,Geo32,False,2021-09-20,2021-09-27,2
Channel2,Geo32,True,2021-10-04,2021-10-18,3
Channel2,Geo32,False,2021-10-25,2021-11-01,2
Channel2,Geo32,True,2021-11-08,2021-11-22,3
Channel2,Geo32,False,2021-11-29,2021-11-29,1
Channel2,Geo32,True,2021-12-06,2021-12-13,2
Channel2,Geo32,False,2021-12-20,2021-12-27,2
Channel2,Geo32,True,2022-01-03,2022-01-03,1
Channel2,Geo32,False,2022-01-10,2022-03-07,9
Channel2,Geo32,True,2022-03-14,2022-03-14,1
Channel2,Geo32,False,2022-03-21,2022-04-18,5
Channel2,Geo32,True,2022-04-25,2022-05-09,3
Channel2,Geo32,False,2022-05-16,2022-05-23,2
Channel2,Geo32,True,2022-05-30,2022-06-13,3
Channel2,Geo32,False,2022-06-20,2022-06-27,2
Channel2,Geo32,True,2022-07-04,2022-07-04,1
Channel2,Geo32,False,2022-07-11,2022-07-25,3
Channel2,Geo32,True,2022-08-01,2022-08-01,1
Channel2,Geo32,False,2022-08-08,2022-08-15,2
Channel2,Geo32,True,2022-08-22,2022-09-12,4
Channel2,Geo32,False,2022-09-19,2022-09-19,1
Channel2,Geo32,True,2022-09-26,2022-10-17,4
Channel2,Geo32,False,2022-10-24,2022-11-14,4
Channel2,Geo32,True,2022-11-21,2022-11-21,1
Channel2,Geo32,False,2022-11-28,2022-11-28,1
Channel2,Geo32,True,2022-12-05,2022-12-05,1
Channel2,Geo32,False,2022-12-12,2022-12-26,3
Channel2,Geo32,True,2023-01-02,2023-01-02,1
Channel2,Geo32,False,2023-01-09,2023-02-13,6
Channel2,Geo32,True,2023-02-20,2023-02-20,1
Channel2,Geo32,False,2023-02-27,2023-04-03,6
Channel2,Geo32,True,2023-04-10,2023-04-10,1
Channel2,Geo32,False,2023-04-17,2023-04-24,2
Channel2,Geo32,True,2023-05-01,2023-05-01,1
Channel2,Geo32,False,2023-05-08,2023-06-19,7
Channel2,Geo32,True,2023-06-26,2023-06-26,1
Channel2,Geo32,False,2023-07-03,2023-07-17,3
Channel2,Geo32,True,2023-07-24,2023-08-21,5
Channel2,Geo32,False,2023-08-28,2023-08-28,1
Channel2,Geo32,True,2023-09-04,2023-09-11,2
Channel2,Geo32,False,2023-09-18,2023-09-18,1
Channel2,Geo32,True,2023-09-25,2023-10-09,3
Channel2,Geo32,False,2023-10-16,2023-10-16,1
Channel2,Geo32,True,2023-10-23,2023-10-23,1
Channel2,Geo32,False,2023-10-30,2023-10-30,1
Channel2,Geo32,True,2023-11-06,2023-11-06,1
Channel2,Geo32,False,2023-11-13,2023-11-13,1
Channel2,Geo32,True,2023-11-20,2023-12-11,4
Channel2,Geo32,False,2023-12-18,2024-01-08,4
Channel2,Geo32,True,2024-01-15,2024-01-15,1
Channel2,Geo33,False,2021-01-25,2021-01-25,1
Channel2,Geo33,True,2021-02-01,2021-02-01,1
Channel2,Geo33,False,2021-02-08,2021-03-08,5
Channel2,Geo33,True,2021-03-15,2021-03-15,1
Channel2,Geo33,False,2021-03-22,2021-04-05,3
Channel2,Geo33,True,2021-04-12,2021-04-19,2
Channel2,Geo33,False,2021-04-26,2021-06-07,7
Channel2,Geo33,True,2021-06-14,2021-06-21,2
Channel2,Geo33,False,2021-06-28,2021-07-19,4
Channel2,Geo33,True,2021-07-26,2021-08-09,3
Channel2,Geo33,False,2021-08-16,2021-09-06,4
Channel2,Geo33,True,2021-09-13,2021-09-13,1
Channel2,Geo33,False,2021-09-20,2021-09-27,2
Channel2,Geo33,True,2021-10-04,2021-10-04,1
Channel2,Geo33,False,2021-10-11,2021-10-11,1
Channel2,Geo33,True,2021-10-18,2021-10-18,1
Channel2,Geo33,False,2021-10-25,2021-11-01,2
Channel2,Geo33,True,2021-11-08,2021-11-22,3
Channel2,Geo33,False,2021-11-29,2021-11-29,1
Channel2,Geo33,True,2021-12-06,2021-12-13,2
Channel2,Geo33,False,2021-12-20,2021-12-20,1
Channel2,Geo33,True,2021-12-27,2021-12-27,1
Channel2,Geo33,False,2022-01-03,2022-01-10,2
Channel2,Geo33,True,2022-01-17,2022-01-24,2
Channel2,Geo33,False,2022-01-31,2022-02-14,3
Channel2,Geo33,True,2022-02-21,2022-02-21,1
Channel2,Geo33,False,2022-02-28,2022-03-07,2
Channel2,Geo33,True,2022-03-14,2022-03-14,1
Channel2,Geo33,False,2022-03-21,2022-03-28,2
Channel2,Geo33,True,2022-04-04,2022-04-04,1
Channel2,Geo33,False,2022-04-11,2022-04-25,3
Channel2,Geo33,True,2022-05-02,2022-05-02,1
Channel2,Geo33,False,2022-05-09,2022-05-09,1
Channel2,Geo33,True,2022-05-16,2022-05-16,1
Channel2,Geo33,False,2022-05-23,2022-05-23,1
Channel2,Geo33,True,2022-05-30,2022-05-30,1
Channel2,Geo33,False,2022-06-06,2022-06-06,1
Channel2,Geo33,True,2022-06-13,2022-06-13,1
Channel2,Geo33,False,2022-06-20,2022-07-11,4
Channel2,Geo33,True,2022-07-18,2022-07-18,1
Channel2,Geo33,False,2022-07-25,2022-07-25,1
Channel2,Geo33,True,2022-08-01,2022-08-01,1
Channel2,Geo33,False,2022-08-08,2022-08-22,3
Channel2,Geo33,True,2022-08-29,2022-09-05,2
Channel2,Geo33,False,2022-09-12,2022-09-12,1
Channel2,Geo33,True,2022-09-19,2022-09-19,1
Channel2,Geo33,False,2022-09-26,2022-09-26,1
Channel2,Geo33,True,2022-10-03,2022-10-17,3
Channel2,Geo33,False,2022-10-24,2022-10-31,2
Channel2,Geo33,True,2022-11-07,2022-11-07,1
Channel2,Geo33,False,2022-11-14,2022-11-28,3
Channel2,Geo33,True,2022-12-05,2022-12-05,1
Channel2,Geo33,False,2022-12-12,2022-12-12,1
Channel2,Geo33,True,2022-12-19,2023-01-02,3
Channel2,Geo33,False,2023-01-09,2023-01-16,2
Channel2,Geo33,True,2023-01-23,2023-01-30,2
Channel2,Geo33,False,2023-02-06,2023-02-13,2
Channel2,Geo33,True,2023-02-20,2023-02-20,1
Channel2,Geo33,False,2023-02-27,2023-04-03,6
Channel2,Geo33,True,2023-04-10,2023-04-17,2
Channel2,Geo33,False,2023-04-24,2023-05-01,2
Channel2,Geo33,True,2023-05-08,2023-05-08,1
Channel2,Geo33,False,2023-05-15,2023-06-19,6
Channel2,Geo33,True,2023-06-26,2023-06-26,1
Channel2,Geo33,False,2023-07-03,2023-07-17,3
Channel2,Geo33,True,2023-07-24,2023-07-24,1
Channel2,Geo33,False,2023-07-31,2023-08-14,3
Channel2,Geo33,True,2023-08-21,2023-08-28,2
Channel2,Geo33,False,2023-09-04,2023-09-04,1
Channel2,Geo33,True,2023-09-11,2023-09-11,1
Channel2,Geo33,False,2023-09-18,2023-09-18,1
Channel2,Geo33,True,2023-09-25,2023-10-09,3
Channel2,Geo33,False,2023-10-16,2023-10-16,1
Channel2,Geo33,True,2023-10-23,2023-10-23,1
Channel2,Geo33,False,2023-10-30,2023-11-06,2
Channel2,Geo33,True,2023-11-13,2023-12-11,5
Channel2,Geo33,False,2023-12-18,2023-12-18,1
Channel2,Geo33,True,2023-12-25,2024-01-01,2
Channel2,Geo33,False,2024-01-08,2024-01-15,2
Channel2,Geo34,False,2021-01-25,2021-02-01,2
Channel2,Geo34,True,2021-02-08,2021-02-08,1
Channel2,Geo34,False,2021-02-15,2021-02-22,2
Channel2,Geo34,True,2021-03-01,2021-03-08,2
Channel2,Geo34,False,2021-03-15,2021-03-22,2
Channel2,Geo34,True,2021-03-29,2021-04-12,3
Channel2,Geo34,False,2021-04-19,2021-04-26,2
Channel2,Geo34,True,2021-05-03,2021-05-03,1
Channel2,Geo34,False,2021-05-10,2021-05-10,1
Channel2,Geo34,True,2021-05-17,2021-06-07,4
Channel2,Geo34,False,2021-06-14,2021-08-23,11
Channel2,Geo34,True,2021-08-30,2021-08-30,1
Channel2,Geo34,False,2021-09-06,2021-09-20,3
Channel2,Geo34,True,2021-09-27,2021-10-04,2
Channel2,Geo34,False,2021-10-11,2021-10-11,1
Channel2,Geo34,True,2021-10-18,2021-10-18,1
Channel2,Geo34,False,2021-10-25,2021-11-15,4
Channel2,Geo34,True,2021-11-22,2021-11-22,1
Channel2,Geo34,False,2021-11-29,2021-12-20,4
Channel2,Geo34,True,2021-12-27,2021-12-27,1
Channel2,Geo34,False,2022-01-03,2022-02-14,7
Channel2,Geo34,True,2022-02-21,2022-02-21,1
Channel2,Geo34,False,2022-02-28,2022-05-02,10
Channel2,Geo34,True,2022-05-09,2022-05-09,1
Channel2,Geo34,False,2022-05-16,2022-05-23,2
Channel2,Geo34,True,2022-05-30,2022-05-30,1
Channel2,Geo34,False,2022-06-06,2022-06-06,1
Channel2,Geo34,True,2022-06-13,2022-06-13,1
Channel2,Geo34,False,2022-06-20,2022-07-11,4
Channel2,Geo34,True,2022-07-18,2022-07-18,1
Channel2,Geo34,False,2022-07-25,2022-08-15,4
Channel2,Geo34,True,2022-08-22,2022-08-22,1
Channel2,Geo34,False,2022-08-29,2022-09-05,2
Channel2,Geo34,True,2022-09-12,2022-10-03,4
Channel2,Geo34,False,2022-10-10,2022-10-17,2
Channel2,Geo34,True,2022-10-24,2022-10-31,2
Channel2,Geo34,False,2022-11-07,2022-11-14,2
Channel2,Geo34,True,2022-11-21,2022-11-21,1
Channel2,Geo34,False,2022-11-28,2022-11-28,1
Channel2,Geo34,True,2022-12-05,2022-12-05,1
Channel2,Geo34,False,2022-12-12,2022-12-12,1
Channel2,Geo34,True,2022-12-19,2022-12-19,1
Channel2,Geo34,False,2022-12-26,2022-12-26,1
Channel2,Geo34,True,2023-01-02,2023-01-09,2
Channel2,Geo34,False,2023-01-16,2023-01-16,1
Channel2,Geo34,True,2023-01-23,2023-01-30,2
Channel2,Geo34,False,2023-02-06,2023-02-13,2
Channel2,Geo34,True,2023-02-20,2023-02-20,1
Channel2,Geo34,False,2023-02-27,2023-04-24,9
Channel2,Geo34,True,2023-05-01,2023-05-01,1
Channel2,Geo34,False,2023-05-08,2023-06-19,7
Channel2,Geo34,True,2023-06-26,2023-06-26,1
Channel2,Geo34,False,2023-07-03,2023-07-03,1
Channel2,Geo34,True,2023-07-10,2023-07-10,1
Channel2,Geo34,False,2023-07-17,2023-07-17,1
Channel2,Geo34,True,2023-07-24,2023-07-31,2
Channel2,Geo34,False,2023-08-07,2023-09-18,7
Channel2,Geo34,True,2023-09-25,2023-10-09,3
Channel2,Geo34,False,2023-10-16,2023-11-13,5
Channel2,Geo34,True,2023-11-20,2023-12-11,4
Channel2,Geo34,False,2023-12-18,2023-12-25,2
Channel2,Geo34,True,2024-01-01,2024-01-01,1
Channel2,Geo34,False,2024-01-08,2024-01-15,2
Channel2,Geo35,True,2021-01-25,2021-01-25,1
Channel2,Geo35,False,2021-02-01,2021-02-01,1
Channel2,Geo35,True,2021-02-08,2021-02-08,1
Channel2,Geo35,False,2021-02-15,2021-03-01,3
Channel2,Geo35,True,2021-03-08,2021-03-08,1
Channel2,Geo35,False,2021-03-15,2021-03-15,1
Channel2,Geo35,True,2021-03-22,2021-04-05,3
Channel2,Geo35,False,2021-04-12,2021-05-10,5
Channel2,Geo35,True,2021-05-17,2021-05-17,1
Channel2,Geo35,False,2021-05-24,2021-05-31,2
Channel2,Geo35,True,2021-06-07,2021-06-14,2
Channel2,Geo35,False,2021-06-21,2021-06-21,1
Channel2,Geo35,True,2021-06-28,2021-06-28,1
Channel2,Geo35,False,2021-07-05,2021-07-19,3
Channel2,Geo35,True,2021-07-26,2021-07-26,1
Channel2,Geo35,False,2021-08-02,2021-08-23,4
Channel2,Geo35,True,2021-08-30,2021-08-30,1
Channel2,Geo35,False,2021-09-06,2021-09-06,1
Channel2,Geo35,True,2021-09-13,2021-09-13,1
Channel2,Geo35,False,2021-09-20,2021-09-27,2
Channel2,Geo35,True,2021-10-04,2021-10-04,1
Channel2,Geo35,False,2021-10-11,2021-10-11,1
Channel2,Geo35,True,2021-10-18,2021-10-18,1
Channel2,Geo35,False,2021-10-25,2021-10-25,1
Channel2,Geo35,True,2021-11-01,2021-11-08,2
Channel2,Geo35,False,2021-11-15,2021-11-15,1
Channel2,Geo35,True,2021-11-22,2021-11-22,1
Channel2,Geo35,False,2021-11-29,2021-12-06,2
Channel2,Geo35,True,2021-12-13,2021-12-13,1
Channel2,Geo35,False,2021-12-20,2022-01-03,3
Channel2,Geo35,True,2022-01-10,2022-01-24,3
Channel2,Geo35,False,2022-01-31,2022-01-31,1
Channel2,Geo35,True,2022-02-07,2022-02-07,1
Channel2,Geo35,False,2022-02-14,2022-02-14,1
Channel2,Geo35,True,2022-02-21,2022-02-21,1
Channel2,Geo35,False,2022-02-28,2022-05-16,12
Channel2,Geo35,True,2022-05-23,2022-05-23,1
Channel2,Geo35,False,2022-05-30,2022-06-06,2
Channel2,Geo35,True,2022-06-13,2022-06-13,1
Channel2,Geo35,False,2022-06-20,2022-06-27,2
Channel2,Geo35,True,2022-07-04,2022-07-11,2
Channel2,Geo35,False,2022-07-18,2022-07-25,2
Channel2,Geo35,True,2022-08-01,2022-08-01,1
Channel2,Geo35,False,2022-08-08,2022-08-08,1
Channel2,Geo35,True,2022-08-15,2022-08-22,2
Channel2,Geo35,False,2022-08-29,2022-08-29,1
Channel2,Geo35,True,2022-09-05,2022-09-12,2
Channel2,Geo35,False,2022-09-19,2022-09-19,1
Channel2,Geo35,True,2022-09-26,2022-10-17,4
Channel2,Geo35,False,2022-10-24,2022-10-24,1
Channel2,Geo35,True,2022-10-31,2022-11-07,2
Channel2,Geo35,False,2022-11-14,2022-11-14,1
Channel2,Geo35,True,2022-11-21,2022-11-21,1
Channel2,Geo35,False,2022-11-28,2022-11-28,1
Channel2,Geo35,True,2022-12-05,2022-12-05,1
Channel2,Geo35,False,2022-12-12,2022-12-12,1
Channel2,Geo35,True,2022-12-19,2022-12-19,1
Channel2,Geo35,False,2022-12-26,2023-01-02,2
Channel2,Geo35,True,2023-01-09,2023-01-09,1
Channel2,Geo35,False,2023-01-16,2023-01-16,1
Channel2,Geo35,True,2023-01-23,2023-01-23,1
Channel2,Geo35,False,2023-01-30,2023-01-30,1
Channel2,Geo35,True,2023-02-06,2023-02-06,1
Channel2,Geo35,False,2023-02-13,2023-02-20,2
Channel2,Geo35,True,2023-02-27,2023-02-27,1
Channel2,Geo35,False,2023-03-06,2023-04-03,5
Channel2,Geo35,True,2023-04-10,2023-04-10,1
Channel2,Geo35,False,2023-04-17,2023-04-24,2
Channel2,Geo35,True,2023-05-01,2023-05-01,1
Channel2,Geo35,False,2023-05-08,2023-05-15,2
Channel2,Geo35,True,2023-05-22,2023-05-22,1
Channel2,Geo35,False,2023-05-29,2023-06-05,2
Channel2,Geo35,True,2023-06-12,2023-06-12,1
Channel2,Geo35,False,2023-06-19,2023-06-26,2
Channel2,Geo35,True,2023-07-03,2023-07-03,1
Channel2,Geo35,False,2023-07-10,2023-08-28,8
Channel2,Geo35,True,2023-09-04,2023-09-11,2
Channel2,Geo35,False,2023-09-18,2023-09-18,1
Channel2,Geo35,True,2023-09-25,2023-10-09,3
Channel2,Geo35,False,2023-10-16,2023-10-16,1
Channel2,Geo35,True,2023-10-23,2023-10-23,1
Channel2,Geo35,False,2023-10-30,2023-11-06,2
Channel2,Geo35,True,2023-11-13,2023-11-13,1
Channel2,Geo35,False,2023-11-20,2023-11-20,1
Channel2,Geo35,True,2023-11-27,2023-12-18,4
Channel2,Geo35,False,2023-12-25,2024-01-15,4
Channel2,Geo36,False,2021-01-25,2021-02-08,3
Channel2,Geo36,True,2021-02-15,2021-02-22,2
Channel2,Geo36,False,2021-03-01,2021-05-03,10
Channel2,Geo36,True,2021-05-10,2021-05-10,1
Channel2,Geo36,False,2021-05-17,2021-07-19,10
Channel2,Geo36,True,2021-07-26,2021-08-09,3
Channel2,Geo36,False,2021-08-16,2021-08-23,2
Channel2,Geo36,True,2021-08-30,2021-08-30,1
Channel2,Geo36,False,2021-09-06,2021-09-06,1
Channel2,Geo36,True,2021-09-13,2021-09-13,1
Channel2,Geo36,False,2021-09-20,2021-09-27,2
Channel2,Geo36,True,2021-10-04,2021-10-04,1
Channel2,Geo36,False,2021-10-11,2021-10-11,1
Channel2,Geo36,True,2021-10-18,2021-10-18,1
Channel2,Geo36,False,2021-10-25,2021-11-15,4
Channel2,Geo36,True,2021-11-22,2021-11-22,1
Channel2,Geo36,False,2021-11-29,2021-12-06,2
Channel2,Geo36,True,2021-12-13,2021-12-13,1
Channel2,Geo36,False,2021-12-20,2021-12-20,1
Channel2,Geo36,True,2021-12-27,2022-01-03,2
Channel2,Geo36,False,2022-01-10,2022-01-10,1
Channel2,Geo36,True,2022-01-17,2022-01-17,1
Channel2,Geo36,False,2022-01-24,2022-03-07,7
Channel2,Geo36,True,2022-03-14,2022-03-14,1
Channel2,Geo36,False,2022-03-21,2022-03-28,2
Channel2,Geo36,True,2022-04-04,2022-04-04,1
Channel2,Geo36,False,2022-04-11,2022-04-25,3
Channel2,Geo36,True,2022-05-02,2022-05-02,1
Channel2,Geo36,False,2022-05-09,2022-05-16,2
Channel2,Geo36,True,2022-05-23,2022-05-23,1
Channel2,Geo36,False,2022-05-30,2022-06-20,4
Channel2,Geo36,True,2022-06-27,2022-07-04,2
Channel2,Geo36,False,2022-07-11,2022-07-25,3
Channel2,Geo36,True,2022-08-01,2022-08-01,1
Channel2,Geo36,False,2022-08-08,2022-08-22,3
Channel2,Geo36,True,2022-08-29,2022-08-29,1
Channel2,Geo36,False,2022-09-05,2022-09-12,2
Channel2,Geo36,True,2022-09-19,2022-09-26,2
Channel2,Geo36,False,2022-10-03,2022-10-03,1
Channel2,Geo36,True,2022-10-10,2022-10-10,1
Channel2,Geo36,False,2022-10-17,2022-10-17,1
Channel2,Geo36,True,2022-10-24,2022-10-31,2
Channel2,Geo36,False,2022-11-07,2022-11-14,2
Channel2,Geo36,True,2022-11-21,2022-11-21,1
Channel2,Geo36,False,2022-11-28,2022-11-28,1
Channel2,Geo36,True,2022-12-05,2022-12-05,1
Channel2,Geo36,False,2022-12-12,2022-12-12,1
Channel2,Geo36,True,2022-12-19,2022-12-26,2
Channel2,Geo36,False,2023-01-02,2023-01-09,2
Channel2,Geo36,True,2023-01-16,2023-01-23,2
Channel2,Geo36,False,2023-01-30,2023-01-30,1
Channel2,Geo36,True,2023-02-06,2023-02-06,1
Channel2,Geo36,False,2023-02-13,2023-03-20,6
Channel2,Geo36,True,2023-03-27,2023-03-27,1
Channel2,Geo36,False,2023-04-03,2023-04-24,4
Channel2,Geo36,True,2023-05-01,2023-05-01,1
Channel2,Geo36,False,2023-05-08,2023-05-15,2
Channel2,Geo36,True,2023-05-22,2023-05-22,1
Channel2,Geo36,False,2023-05-29,2023-07-03,6
Channel2,Geo36,True,2023-07-10,2023-07-10,1
Channel2,Geo36,False,2023-07-17,2023-07-24,2
Channel2,Geo36,True,2023-07-31,2023-08-14,3
Channel2,Geo36,False,2023-08-21,2023-08-28,2
Channel2,Geo36,True,2023-09-04,2023-09-11,2
Channel2,Geo36,False,2023-09-18,2023-09-18,1
Channel2,Geo36,True,2023-09-25,2023-10-09,3
Channel2,Geo36,False,2023-10-16,2023-10-16,1
Channel2,Geo36,True,2023-10-23,2023-10-23,1
Channel2,Geo36,False,2023-10-30,2023-11-13,3
Channel2,Geo36,True,2023-11-20,2023-11-20,1
Channel2,Geo36,False,2023-11-27,2023-11-27,1
Channel2,Geo36,True,2023-12-04,2023-12-04,1
Channel2,Geo36,False,2023-12-11,2023-12-18,2
Channel2,Geo36,True,2023-12-25,2024-01-01,2
Channel2,Geo36,False,2024-01-08,2024-01-15,2
Channel2,Geo37,True,2021-01-25,2021-02-08,3
Channel2,Geo37,False,2021-02-15,2021-02-15,1
Channel2,Geo37,True,2021-02-22,2021-02-22,1
Channel2,Geo37,False,2021-03-01,2021-03-08,2
Channel2,Geo37,True,2021-03-15,2021-03-15,1
Channel2,Geo37,False,2021-03-22,2021-03-29,2
Channel2,Geo37,True,2021-04-05,2021-04-12,2
Channel2,Geo37,False,2021-04-19,2021-05-31,7
Channel2,Geo37,True,2021-06-07,2021-06-07,1
Channel2,Geo37,False,2021-06-14,2021-06-14,1
Channel2,Geo37,True,2021-06-21,2021-06-28,2
Channel2,Geo37,False,2021-07-05,2021-07-19,3
Channel2,Geo37,True,2021-07-26,2021-07-26,1
Channel2,Geo37,False,2021-08-02,2021-08-02,1
Channel2,Geo37,True,2021-08-09,2021-08-09,1
Channel2,Geo37,False,2021-08-16,2021-08-23,2
Channel2,Geo37,True,2021-08-30,2021-08-30,1
Channel2,Geo37,False,2021-09-06,2021-09-06,1
Channel2,Geo37,True,2021-09-13,2021-09-13,1
Channel2,Geo37,False,2021-09-20,2021-09-27,2
Channel2,Geo37,True,2021-10-04,2021-11-29,9
Channel2,Geo37,False,2021-12-06,2021-12-06,1
Channel2,Geo37,True,2021-12-13,2021-12-13,1
Channel2,Geo37,False,2021-12-20,2022-02-14,9
Channel2,Geo37,True,2022-02-21,2022-02-21,1
Channel2,Geo37,False,2022-02-28,2022-02-28,1
Channel2,Geo37,True,2022-03-07,2022-03-07,1
Channel2,Geo37,False,2022-03-14,2022-05-02,8
Channel2,Geo37,True,2022-05-09,2022-05-09,1
Channel2,Geo37,False,2022-05-16,2022-06-13,5
Channel2,Geo37,True,2022-06-20,2022-07-04,3
Channel2,Geo37,False,2022-07-11,2022-07-25,3
Channel2,Geo37,True,2022-08-01,2022-08-01,1
Channel2,Geo37,False,2022-08-08,2022-08-15,2
Channel2,Geo37,True,2022-08-22,2022-08-22,1
Channel2,Geo37,False,2022-08-29,2022-08-29,1
Channel2,Geo37,True,2022-09-05,2022-09-05,1
Channel2,Geo37,False,2022-09-12,2022-10-03,4
Channel2,Geo37,True,2022-10-10,2022-11-21,7
Channel2,Geo37,False,2022-11-28,2022-11-28,1
Channel2,Geo37,True,2022-12-05,2022-12-05,1
Channel2,Geo37,False,2022-12-12,2022-12-12,1
Channel2,Geo37,True,2022-12-19,2022-12-19,1
Channel2,Geo37,False,2022-12-26,2023-01-16,4
Channel2,Geo37,True,2023-01-23,2023-01-23,1
Channel2,Geo37,False,2023-01-30,2023-02-13,3
Channel2,Geo37,True,2023-02-20,2023-02-27,2
Channel2,Geo37,False,2023-03-06,2023-03-20,3
Channel2,Geo37,True,2023-03-27,2023-03-27,1
Channel2,Geo37,False,2023-04-03,2023-04-24,4
Channel2,Geo37,True,2023-05-01,2023-05-01,1
Channel2,Geo37,False,2023-05-08,2023-06-05,5
Channel2,Geo37,True,2023-06-12,2023-06-12,1
Channel2,Geo37,False,2023-06-19,2023-07-03,3
Channel2,Geo37,True,2023-07-10,2023-07-17,2
Channel2,Geo37,False,2023-07-24,2023-07-31,2
Channel2,Geo37,True,2023-08-07,2023-08-07,1
Channel2,Geo37,False,2023-08-14,2023-08-28,3
Channel2,Geo37,True,2023-09-04,2023-09-04,1
Channel2,Geo37,False,2023-09-11,2023-09-18,2
Channel2,Geo37,True,2023-09-25,2023-10-02,2
Channel2,Geo37,False,2023-10-09,2023-10-09,1
Channel2,Geo37,True,2023-10-16,2023-10-16,1
Channel2,Geo37,False,2023-10-23,2023-11-13,4
Channel2,Geo37,True,2023-11-20,2023-11-27,2
Channel2,Geo37,False,2023-12-04,2024-01-15,7
Channel2,Geo38,False,2021-01-25,2021-01-25,1
Channel2,Geo38,True,2021-02-01,2021-02-01,1
Channel2,Geo38,False,2021-02-08,2021-02-15,2
Channel2,Geo38,True,2021-02-22,2021-03-01,2
Channel2,Geo38,False,2021-03-08,2021-03-08,1
Channel2,Geo38,True,2021-03-15,2021-03-15,1
Channel2,Geo38,False,2021-03-22,2021-03-29,2
Channel2,Geo38,True,2021-04-05,2021-04-05,1
Channel2,Geo38,False,2021-04-12,2021-04-26,3
Channel2,Geo38,True,2021-05-03,2021-05-03,1
Channel2,Geo38,False,2021-05-10,2021-06-21,7
Channel2,Geo38,True,2021-06-28,2021-07-05,2
Channel2,Geo38,False,2021-07-12,2021-07-26,3
Channel2,Geo38,True,2021-08-02,2021-08-02,1
Channel2,Geo38,False,2021-08-09,2021-08-30,4
Channel2,Geo38,True,2021-09-06,2021-09-06,1
Channel2,Geo38,False,2021-09-13,2021-09-27,3
Channel2,Geo38,True,2021-10-04,2021-10-11,2
Channel2,Geo38,False,2021-10-18,2021-11-01,3
Channel2,Geo38,True,2021-11-08,2021-11-08,1
Channel2,Geo38,False,2021-11-15,2021-11-22,2
Channel2,Geo38,True,2021-11-29,2021-11-29,1
Channel2,Geo38,False,2021-12-06,2021-12-06,1
Channel2,Geo38,True,2021-12-13,2021-12-13,1
Channel2,Geo38,False,2021-12-20,2021-12-27,2
Channel2,Geo38,True,2022-01-03,2022-01-17,3
Channel2,Geo38,False,2022-01-24,2022-02-07,3
Channel2,Geo38,True,2022-02-14,2022-02-14,1
Channel2,Geo38,False,2022-02-21,2022-02-21,1
Channel2,Geo38,True,2022-02-28,2022-02-28,1
Channel2,Geo38,False,2022-03-07,2022-04-25,8
Channel2,Geo38,True,2022-05-02,2022-05-02,1
Channel2,Geo38,False,2022-05-09,2022-05-23,3
Channel2,Geo38,True,2022-05-30,2022-06-06,2
Channel2,Geo38,False,2022-06-13,2022-06-13,1
Channel2,Geo38,True,2022-06-20,2022-06-20,1
Channel2,Geo38,False,2022-06-27,2022-06-27,1
Channel2,Geo38,True,2022-07-04,2022-07-04,1
Channel2,Geo38,False,2022-07-11,2022-08-01,4
Channel2,Geo38,True,2022-08-08,2022-08-22,3
Channel2,Geo38,False,2022-08-29,2022-09-05,2
Channel2,Geo38,True,2022-09-12,2022-09-12,1
Channel2,Geo38,False,2022-09-19,2022-09-26,2
Channel2,Geo38,True,2022-10-03,2022-10-17,3
Channel2,Geo38,False,2022-10-24,2022-10-24,1
Channel2,Geo38,True,2022-10-31,2022-10-31,1
Channel2,Geo38,False,2022-11-07,2022-11-07,1
Channel2,Geo38,True,2022-11-14,2022-11-14,1
Channel2,Geo38,False,2022-11-21,2022-12-12,4
Channel2,Geo38,True,2022-12-19,2022-12-26,2
Channel2,Geo38,False,2023-01-02,2023-02-13,7
Channel2,Geo38,True,2023-02-20,2023-02-20,1
Channel2,Geo38,False,2023-02-27,2023-03-20,4
Channel2,Geo38,True,2023-03-27,2023-03-27,1
Channel2,Geo38,False,2023-04-03,2023-04-24,4
Channel2,Geo38,True,2023-05-01,2023-05-01,1
Channel2,Geo38,False,2023-05-08,2023-06-05,5
Channel2,Geo38,True,2023-06-12,2023-06-12,1
Channel2,Geo38,False,2023-06-19,2023-06-19,1
Channel2,Geo38,True,2023-06-26,2023-06-26,1
Channel2,Geo38,False,2023-07-03,2023-07-31,5
Channel2,Geo38,True,2023-08-07,2023-08-21,3
Channel2,Geo38,False,2023-08-28,2023-09-04,2
Channel2,Geo38,True,2023-09-11,2023-09-11,1
Channel2,Geo38,False,2023-09-18,2023-09-18,1
Channel2,Geo38,True,2023-09-25,2023-09-25,1
Channel2,Geo38,False,2023-10-02,2023-10-09,2
Channel2,Geo38,True,2023-10-16,2023-10-30,3
Channel2,Geo38,False,2023-11-06,2023-11-06,1
Channel2,Geo38,True,2023-11-13,2023-11-13,1
Channel2,Geo38,False,2023-11-20,2023-11-20,1
Channel2,Geo38,True,2023-11-27,2023-12-11,3
Channel2,Geo38,False,2023-12-18,2023-12-18,1
Channel2,Geo38,True,2023-12-25,2024-01-08,3
Channel2,Geo38,False,2024-01-15,2024-01-15,1
Channel2,Geo39,False,2021-01-25,2021-02-15,4
Channel2,Geo39,True,2021-02-22,2021-02-22,1
Channel2,Geo39,False,2021-03-01,2021-03-22,4
Channel2,Geo39,True,2021-03-29,2021-03-29,1
Channel2,Geo39,False,2021-04-05,2021-04-05,1
Channel2,Geo39,True,2021-04-12,2021-04-19,2
Channel2,Geo39,False,2021-04-26,2021-05-10,3
Channel2,Geo39,True,2021-05-17,2021-05-17,1
Channel2,Geo39,False,2021-05-24,2021-06-28,6
Channel2,Geo39,True,2021-07-05,2021-07-05,1
Channel2,Geo39,False,2021-07-12,2021-07-26,3
Channel2,Geo39,True,2021-08-02,2021-08-02,1
Channel2,Geo39,False,2021-08-09,2021-08-23,3
Channel2,Geo39,True,2021-08-30,2021-08-30,1
Channel2,Geo39,False,2021-09-06,2021-09-06,1
Channel2,Geo39,True,2021-09-13,2021-09-13,1
Channel2,Geo39,False,2021-09-20,2021-10-04,3
Channel2,Geo39,True,2021-10-11,2021-10-18,2
Channel2,Geo39,False,2021-10-25,2021-11-08,3
Channel2,Geo39,True,2021-11-15,2021-11-22,2
Channel2,Geo39,False,2021-11-29,2021-11-29,1
Channel2,Geo39,True,2021-12-06,2021-12-06,1
Channel2,Geo39,False,2021-12-13,2021-12-13,1
Channel2,Geo39,True,2021-12-20,2021-12-20,1
Channel2,Geo39,False,2021-12-27,2022-01-31,6
Channel2,Geo39,True,2022-02-07,2022-02-07,1
Channel2,Geo39,False,2022-02-14,2022-02-14,1
Channel2,Geo39,True,2022-02-21,2022-02-21,1
Channel2,Geo39,False,2022-02-28,2022-05-23,13
Channel2,Geo39,True,2022-05-30,2022-05-30,1
Channel2,Geo39,False,2022-06-06,2022-06-13,2
Channel2,Geo39,True,2022-06-20,2022-07-04,3
Channel2,Geo39,False,2022-07-11,2022-07-11,1
Channel2,Geo39,True,2022-07-18,2022-07-18,1
Channel2,Geo39,False,2022-07-25,2022-07-25,1
Channel2,Geo39,True,2022-08-01,2022-08-01,1
Channel2,Geo39,False,2022-08-08,2022-08-22,3
Channel2,Geo39,True,2022-08-29,2022-08-29,1
Channel2,Geo39,False,2022-09-05,2022-09-12,2
Channel2,Geo39,True,2022-09-19,2022-09-19,1
Channel2,Geo39,False,2022-09-26,2022-10-03,2
Channel2,Geo39,True,2022-10-10,2022-10-17,2
Channel2,Geo39,False,2022-10-24,2022-10-24,1
Channel2,Geo39,True,2022-10-31,2022-11-14,3
Channel2,Geo39,False,2022-11-21,2022-11-28,2
Channel2,Geo39,True,2022-12-05,2022-12-05,1
Channel2,Geo39,False,2022-12-12,2022-12-12,1
Channel2,Geo39,True,2022-12-19,2022-12-26,2
Channel2,Geo39,False,2023-01-02,2023-01-02,1
Channel2,Geo39,True,2023-01-09,2023-01-09,1
Channel2,Geo39,False,2023-01-16,2023-01-23,2
Channel2,Geo39,True,2023-01-30,2023-01-30,1
Channel2,Geo39,False,2023-02-06,2023-04-24,12
Channel2,Geo39,True,2023-05-01,2023-05-01,1
Channel2,Geo39,False,2023-05-08,2023-05-15,2
Channel2,Geo39,True,2023-05-22,2023-05-29,2
Channel2,Geo39,False,2023-06-05,2023-06-19,3
Channel2,Geo39,True,2023-06-26,2023-06-26,1
Channel2,Geo39,False,2023-07-03,2023-08-14,7
Channel2,Geo39,True,2023-08-21,2023-08-21,1
Channel2,Geo39,False,2023-08-28,2023-08-28,1
Channel2,Geo39,True,2023-09-04,2023-09-11,2
Channel2,Geo39,False,2023-09-18,2023-09-18,1
Channel2,Geo39,True,2023-09-25,2023-10-02,2
Channel2,Geo39,False,2023-10-09,2023-10-09,1
Channel2,Geo39,True,2023-10-16,2023-10-23,2
Channel2,Geo39,False,2023-10-30,2023-11-06,2
Channel2,Geo39,True,2023-11-13,2023-11-27,3
Channel2,Geo39,False,2023-12-04,2023-12-25,4
Channel2,Geo39,True,2024-01-01,2024-01-01,1
Channel2,Geo39,False,2024-01-08,2024-01-08,1
Channel2,Geo39,True,2024-01-15,2024-01-15,1
Channel2,Geo4,True,2021-01-25,2021-01-25,1
Channel2,Geo4,False,2021-02-01,2021-03-22,8
Channel2,Geo4,True,2021-03-29,2021-04-05,2
Channel2,Geo4,False,2021-04-12,2021-06-14,10
Channel2,Geo4,True,2021-06-21,2021-06-28,2
Channel2,Geo4,False,2021-07-05,2021-07-12,2
Channel2,Geo4,True,2021-07-19,2021-07-19,1
Channel2,Geo4,False,2021-07-26,2021-07-26,1
Channel2,Geo4,True,2021-08-02,2021-08-02,1
Channel2,Geo4,False,2021-08-09,2021-08-16,2
Channel2,Geo4,True,2021-08-23,2021-08-23,1
Channel2,Geo4,False,2021-08-30,2021-09-20,4
Channel2,Geo4,True,2021-09-27,2021-10-04,2
Channel2,Geo4,False,2021-10-11,2021-11-01,4
Channel2,Geo4,True,2021-11-08,2021-11-08,1
Channel2,Geo4,False,2021-11-15,2021-11-15,1
Channel2,Geo4,True,2021-11-22,2021-11-22,1
Channel2,Geo4,False,2021-11-29,2021-12-06,2
Channel2,Geo4,True,2021-12-13,2021-12-13,1
Channel2,Geo4,False,2021-12-20,2021-12-20,1
Channel2,Geo4,True,2021-12-27,2022-01-03,2
Channel2,Geo4,False,2022-01-10,2022-02-14,6
Channel2,Geo4,True,2022-02-21,2022-02-21,1
Channel2,Geo4,False,2022-02-28,2022-06-06,15
Channel2,Geo4,True,2022-06-13,2022-06-13,1
Channel2,Geo4,False,2022-06-20,2022-06-27,2
Channel2,Geo4,True,2022-07-04,2022-07-04,1
Channel2,Geo4,False,2022-07-11,2022-07-25,3
Channel2,Geo4,True,2022-08-01,2022-08-01,1
Channel2,Geo4,False,2022-08-08,2022-08-15,2
Channel2,Geo4,True,2022-08-22,2022-09-05,3
Channel2,Geo4,False,2022-09-12,2022-09-12,1
Channel2,Geo4,True,2022-09-19,2022-09-19,1
Channel2,Geo4,False,2022-09-26,2022-10-24,5
Channel2,Geo4,True,2022-10-31,2022-10-31,1
Channel2,Geo4,False,2022-11-07,2022-11-07,1
Channel2,Geo4,True,2022-11-14,2022-11-21,2
Channel2,Geo4,False,2022-11-28,2022-11-28,1
Channel2,Geo4,True,2022-12-05,2022-12-05,1
Channel2,Geo4,False,2022-12-12,2022-12-12,1
Channel2,Geo4,True,2022-12-19,2022-12-19,1
Channel2,Geo4,False,2022-12-26,2023-01-02,2
Channel2,Geo4,True,2023-01-09,2023-01-09,1
Channel2,Geo4,False,2023-01-16,2023-01-16,1
Channel2,Geo4,True,2023-01-23,2023-01-23,1
Channel2,Geo4,False,2023-01-30,2023-02-20,4
Channel2,Geo4,True,2023-02-27,2023-02-27,1
Channel2,Geo4,False,2023-03-06,2023-03-20,3
Channel2,Geo4,True,2023-03-27,2023-03-27,1
Channel2,Geo4,False,2023-04-03,2023-06-19,12
Channel2,Geo4,True,2023-06-26,2023-06-26,1
Channel2,Geo4,False,2023-07-03,2023-07-17,3
Channel2,Geo4,True,2023-07-24,2023-07-31,2
Channel2,Geo4,False,2023-08-07,2023-08-14,2
Channel2,Geo4,True,2023-08-21,2023-09-11,4
Channel2,Geo4,False,2023-09-18,2023-09-18,1
Channel2,Geo4,True,2023-09-25,2023-10-09,3
Channel2,Geo4,False,2023-10-16,2023-10-23,2
Channel2,Geo4,True,2023-10-30,2023-11-06,2
Channel2,Geo4,False,2023-11-13,2023-11-20,2
Channel2,Geo4,True,2023-11-27,2023-12-04,2
Channel2,Geo4,False,2023-12-11,2023-12-18,2
Channel2,Geo4,True,2023-12-25,2023-12-25,1
Channel2,Geo4,False,2024-01-01,2024-01-01,1
Channel2,Geo4,True,2024-01-08,2024-01-15,2
Channel2,Geo5,False,2021-01-25,2021-03-01,6
Channel2,Geo5,True,2021-03-08,2021-03-29,4
Channel2,Geo5,False,2021-04-05,2021-05-31,9
Channel2,Geo5,True,2021-06-07,2021-06-07,1
Channel2,Geo5,False,2021-06-14,2021-06-21,2
Channel2,Geo5,True,2021-06-28,2021-06-28,1
Channel2,Geo5,False,2021-07-05,2021-07-19,3
Channel2,Geo5,True,2021-07-26,2021-08-02,2
Channel2,Geo5,False,2021-08-09,2021-08-23,3
Channel2,Geo5,True,2021-08-30,2021-08-30,1
Channel2,Geo5,False,2021-09-06,2021-09-06,1
Channel2,Geo5,True,2021-09-13,2021-09-20,2
Channel2,Geo5,False,2021-09-27,2021-09-27,1
Channel2,Geo5,True,2021-10-04,2021-10-11,2
Channel2,Geo5,False,2021-10-18,2021-11-01,3
Channel2,Geo5,True,2021-11-08,2021-11-08,1
Channel2,Geo5,False,2021-11-15,2021-11-15,1
Channel2,Geo5,True,2021-11-22,2021-11-29,2
Channel2,Geo5,False,2021-12-06,2021-12-20,3
Channel2,Geo5,True,2021-12-27,2022-01-03,2
Channel2,Geo5,False,2022-01-10,2022-03-28,12
Channel2,Geo5,True,2022-04-04,2022-04-04,1
Channel2,Geo5,False,2022-04-11,2022-05-02,4
Channel2,Geo5,True,2022-05-09,2022-05-09,1
Channel2,Geo5,False,2022-05-16,2022-07-11,9
Channel2,Geo5,True,2022-07-18,2022-07-18,1
Channel2,Geo5,False,2022-07-25,2022-08-01,2
Channel2,Geo5,True,2022-08-08,2022-08-08,1
Channel2,Geo5,False,2022-08-15,2022-08-29,3
Channel2,Geo5,True,2022-09-05,2022-09-26,4
Channel2,Geo5,False,2022-10-03,2022-10-03,1
Channel2,Geo5,True,2022-10-10,2022-10-17,2
Channel2,Geo5,False,2022-10-24,2022-10-24,1
Channel2,Geo5,True,2022-10-31,2022-12-05,6
Channel2,Geo5,False,2022-12-12,2022-12-12,1
Channel2,Geo5,True,2022-12-19,2022-12-19,1
Channel2,Geo5,False,2022-12-26,2023-01-30,6
Channel2,Geo5,True,2023-02-06,2023-02-13,2
Channel2,Geo5,False,2023-02-20,2023-04-17,9
Channel2,Geo5,True,2023-04-24,2023-05-01,2
Channel2,Geo5,False,2023-05-08,2023-06-05,5
Channel2,Geo5,True,2023-06-12,2023-06-12,1
Channel2,Geo5,False,2023-06-19,2023-06-26,2
Channel2,Geo5,True,2023-07-03,2023-07-03,1
Channel2,Geo5,False,2023-07-10,2023-07-17,2
Channel2,Geo5,True,2023-07-24,2023-07-24,1
Channel2,Geo5,False,2023-07-31,2023-09-04,6
Channel2,Geo5,True,2023-09-11,2023-10-02,4
Channel2,Geo5,False,2023-10-09,2023-10-09,1
Channel2,Geo5,True,2023-10-16,2023-10-23,2
Channel2,Geo5,False,2023-10-30,2023-11-06,2
Channel2,Geo5,True,2023-11-13,2023-12-04,4
Channel2,Geo5,False,2023-12-11,2023-12-25,3
Channel2,Geo5,True,2024-01-01,2024-01-15,3
Channel2,Geo6,False,2021-01-25,2021-05-03,15
Channel2,Geo6,True,2021-05-10,2021-05-10,1
Channel2,Geo6,False,2021-05-17,2021-05-31,3
Channel2,Geo6,True,2021-06-07,2021-06-07,1
Channel2,Geo6,False,2021-06-14,2021-06-21,2
Channel2,Geo6,True,2021-06-28,2021-06-28,1
Channel2,Geo6,False,2021-07-05,2021-07-19,3
Channel2,Geo6,True,2021-07-26,2021-08-02,2
Channel2,Geo6,False,2021-08-09,2021-08-23,3
Channel2,Geo6,True,2021-08-30,2021-08-30,1
Channel2,Geo6,False,2021-09-06,2021-09-27,4
Channel2,Geo6,True,2021-10-04,2021-10-04,1
Channel2,Geo6,False,2021-10-11,2021-10-11,1
Channel2,Geo6,True,2021-10-18,2021-10-18,1
Channel2,Geo6,False,2021-10-25,2021-11-15,4
Channel2,Geo6,True,2021-11-22,2021-12-06,3
Channel2,Geo6,False,2021-12-13,2022-01-03,4
Channel2,Geo6,True,2022-01-10,2022-01-10,1
Channel2,Geo6,False,2022-01-17,2022-01-17,1
Channel2,Geo6,True,2022-01-24,2022-01-24,1
Channel2,Geo6,False,2022-01-31,2022-02-07,2
Channel2,Geo6,True,2022-02-14,2022-02-21,2
Channel2,Geo6,False,2022-02-28,2022-06-06,15
Channel2,Geo6,True,2022-06-13,2022-06-13,1
Channel2,Geo6,False,2022-06-20,2022-07-04,3
Channel2,Geo6,True,2022-07-11,2022-07-11,1
Channel2,Geo6,False,2022-07-18,2022-07-25,2
Channel2,Geo6,True,2022-08-01,2022-08-01,1
Channel2,Geo6,False,2022-08-08,2022-08-22,3
Channel2,Geo6,True,2022-08-29,2022-09-05,2
Channel2,Geo6,False,2022-09-12,2022-09-12,1
Channel2,Geo6,True,2022-09-19,2022-10-03,3
Channel2,Geo6,False,2022-10-10,2022-10-10,1
Channel2,Geo6,True,2022-10-17,2022-10-17,1
Channel2,Geo6,False,2022-10-24,2022-10-31,2
Channel2,Geo6,True,2022-11-07,2022-12-05,5
Channel2,Geo6,False,2022-12-12,2022-12-19,2
Channel2,Geo6,True,2022-12-26,2022-12-26,1
Channel2,Geo6,False,2023-01-02,2023-01-16,3
Channel2,Geo6,True,2023-01-23,2023-01-30,2
Channel2,Geo6,False,2023-02-06,2023-02-27,4
Channel2,Geo6,True,2023-03-06,2023-03-06,1
Channel2,Geo6,False,2023-03-13,2023-04-24,7
Channel2,Geo6,True,2023-05-01,2023-05-01,1
Channel2,Geo6,False,2023-05-08,2023-06-05,5
Channel2,Geo6,True,2023-06-12,2023-06-12,1
Channel2,Geo6,False,2023-06-19,2023-07-10,4
Channel2,Geo6,True,2023-07-17,2023-07-24,2
Channel2,Geo6,False,2023-07-31,2023-07-31,1
Channel2,Geo6,True,2023-08-07,2023-08-07,1
Channel2,Geo6,False,2023-08-14,2023-08-14,1
Channel2,Geo6,True,2023-08-21,2023-09-04,3
Channel2,Geo6,False,2023-09-11,2023-09-11,1
Channel2,Geo6,True,2023-09-18,2023-10-09,4
Channel2,Geo6,False,2023-10-16,2023-10-16,1
Channel2,Geo6,True,2023-10-23,2023-10-23,1
Channel2,Geo6,False,2023-10-30,2023-10-30,1
Channel2,Geo6,True,2023-11-06,2023-11-13,2
Channel2,Geo6,False,2023-11-20,2023-11-27,2
Channel2,Geo6,True,2023-12-04,2023-12-11,2
Channel2,Geo6,False,2023-12-18,2023-12-25,2
Channel2,Geo6,True,2024-01-01,2024-01-01,1
Channel2,Geo6,False,2024-01-08,2024-01-15,2
Channel2,Geo7,True,2021-01-25,2021-01-25,1
Channel2,Geo7,False,2021-02-01,2021-02-15,3
Channel2,Geo7,True,2021-02-22,2021-02-22,1
Channel2,Geo7,False,2021-03-01,2021-03-01,1
Channel2,Geo7,True,2021-03-08,2021-03-08,1
Channel2,Geo7,False,2021-03-15,2021-03-15,1
Channel2,Geo7,True,2021-03-22,2021-03-29,2
Channel2,Geo7,False,2021-04-05,2021-05-03,5
Channel2,Geo7,True,2021-05-10,2021-05-17,2
Channel2,Geo7,False,2021-05-24,2021-05-31,2
Channel2,Geo7,True,2021-06-07,2021-06-07,1
Channel2,Geo7,False,2021-06-14,2021-06-21,2
Channel2,Geo7,True,2021-06-28,2021-06-28,1
Channel2,Geo7,False,2021-07-05,2021-07-19,3
Channel2,Geo7,True,2021-07-26,2021-08-09,3
Channel2,Geo7,False,2021-08-16,2021-08-23,2
Channel2,Geo7,True,2021-08-30,2021-09-13,3
Channel2,Geo7,False,2021-09-20,2021-09-20,1
Channel2,Geo7,True,2021-09-27,2021-09-27,1
Channel2,Geo7,False,2021-10-04,2021-10-11,2
Channel2,Geo7,True,2021-10-18,2021-10-25,2
Channel2,Geo7,False,2021-11-01,2021-11-01,1
Channel2,Geo7,True,2021-11-08,2021-11-22,3
Channel2,Geo7,False,2021-11-29,2021-11-29,1
Channel2,Geo7,True,2021-12-06,2021-12-13,2
Channel2,Geo7,False,2021-12-20,2021-12-27,2
Channel2,Geo7,True,2022-01-03,2022-01-03,1
Channel2,Geo7,False,2022-01-10,2022-01-10,1
Channel2,Geo7,True,2022-01-17,2022-01-17,1
Channel2,Geo7,False,2022-01-24,2022-02-14,4
Channel2,Geo7,True,2022-02-21,2022-02-28,2
Channel2,Geo7,False,2022-03-07,2022-03-14,2
Channel2,Geo7,True,2022-03-21,2022-03-21,1
Channel2,Geo7,False,2022-03-28,2022-05-09,7
Channel2,Geo7,True,2022-05-16,2022-05-30,3
Channel2,Geo7,False,2022-06-06,2022-06-06,1
Channel2,Geo7,True,2022-06-13,2022-06-13,1
Channel2,Geo7,False,2022-06-20,2022-06-27,2
Channel2,Geo7,True,2022-07-04,2022-07-04,1
Channel2,Geo7,False,2022-07-11,2022-07-11,1
Channel2,Geo7,True,2022-07-18,2022-07-18,1
Channel2,Geo7,False,2022-07-25,2022-07-25,1
Channel2,Geo7,True,2022-08-01,2022-08-01,1
Channel2,Geo7,False,2022-08-08,2022-08-22,3
Channel2,Geo7,True,2022-08-29,2022-08-29,1
Channel2,Geo7,False,2022-09-05,2022-09-05,1
Channel2,Geo7,True,2022-09-12,2022-09-19,2
Channel2,Geo7,False,2022-09-26,2022-10-03,2
Channel2,Geo7,True,2022-10-10,2022-10-17,2
Channel2,Geo7,False,2022-10-24,2022-10-24,1
Channel2,Geo7,True,2022-10-31,2022-11-07,2
Channel2,Geo7,False,2022-11-14,2022-11-14,1
Channel2,Geo7,True,2022-11-21,2022-11-21,1
Channel2,Geo7,False,2022-11-28,2022-11-28,1
Channel2,Geo7,True,2022-12-05,2022-12-12,2
Channel2,Geo7,False,2022-12-19,2023-01-02,3
Channel2,Geo7,True,2023-01-09,2023-01-09,1
Channel2,Geo7,False,2023-01-16,2023-01-16,1
Channel2,Geo7,True,2023-01-23,2023-01-23,1
Channel2,Geo7,False,2023-01-30,2023-02-13,3
Channel2,Geo7,True,2023-02-20,2023-02-27,2
Channel2,Geo7,False,2023-03-06,2023-03-27,4
Channel2,Geo7,True,2023-04-03,2023-04-03,1
Channel2,Geo7,False,2023-04-10,2023-05-01,4
Channel2,Geo7,True,2023-05-08,2023-05-08,1
Channel2,Geo7,False,2023-05-15,2023-05-15,1
Channel2,Geo7,True,2023-05-22,2023-05-22,1
Channel2,Geo7,False,2023-05-29,2023-06-19,4
Channel2,Geo7,True,2023-06-26,2023-06-26,1
Channel2,Geo7,False,2023-07-03,2023-07-10,2
Channel2,Geo7,True,2023-07-17,2023-07-24,2
Channel2,Geo7,False,2023-07-31,2023-08-28,5
Channel2,Geo7,True,2023-09-04,2023-09-11,2
Channel2,Geo7,False,2023-09-18,2023-09-18,1
Channel2,Geo7,True,2023-09-25,2023-10-30,6
Channel2,Geo7,False,2023-11-06,2023-11-06,1
Channel2,Geo7,True,2023-11-13,2023-11-27,3
Channel2,Geo7,False,2023-12-04,2023-12-18,3
Channel2,Geo7,True,2023-12-25,2023-12-25,1
Channel2,Geo7,False,2024-01-01,2024-01-15,3
Channel2,Geo8,False,2021-01-25,2021-03-01,6
Channel2,Geo8,True,2021-03-08,2021-03-08,1
Channel2,Geo8,False,2021-03-15,2021-03-22,2
Channel2,Geo8,True,2021-03-29,2021-03-29,1
Channel2,Geo8,False,2021-04-05,2021-05-03,5
Channel2,Geo8,True,2021-05-10,2021-05-10,1
Channel2,Geo8,False,2021-05-17,2021-06-07,4
Channel2,Geo8,True,2021-06-14,2021-06-14,1
Channel2,Geo8,False,2021-06-21,2021-06-21,1
Channel2,Geo8,True,2021-06-28,2021-06-28,1
Channel2,Geo8,False,2021-07-05,2021-07-26,4
Channel2,Geo8,True,2021-08-02,2021-08-09,2
Channel2,Geo8,False,2021-08-16,2021-09-06,4
Channel2,Geo8,True,2021-09-13,2021-09-13,1
Channel2,Geo8,False,2021-09-20,2021-09-20,1
Channel2,Geo8,True,2021-09-27,2021-09-27,1
Channel2,Geo8,False,2021-10-04,2021-10-04,1
Channel2,Geo8,True,2021-10-11,2021-10-11,1
Channel2,Geo8,False,2021-10-18,2021-11-08,4
Channel2,Geo8,True,2021-11-15,2021-11-29,3
Channel2,Geo8,False,2021-12-06,2022-01-10,6
Channel2,Geo8,True,2022-01-17,2022-01-24,2
Channel2,Geo8,False,2022-01-31,2022-01-31,1
Channel2,Geo8,True,2022-02-07,2022-02-07,1
Channel2,Geo8,False,2022-02-14,2022-02-14,1
Channel2,Geo8,True,2022-02-21,2022-02-21,1
Channel2,Geo8,False,2022-02-28,2022-03-14,3
Channel2,Geo8,True,2022-03-21,2022-03-21,1
Channel2,Geo8,False,2022-03-28,2022-04-04,2
Channel2,Geo8,True,2022-04-11,2022-04-11,1
Channel2,Geo8,False,2022-04-18,2022-04-25,2
Channel2,Geo8,True,2022-05-02,2022-05-02,1
Channel2,Geo8,False,2022-05-09,2022-06-13,6
Channel2,Geo8,True,2022-06-20,2022-06-20,1
Channel2,Geo8,False,2022-06-27,2022-07-04,2
Channel2,Geo8,True,2022-07-11,2022-07-11,1
Channel2,Geo8,False,2022-07-18,2022-08-22,6
Channel2,Geo8,True,2022-08-29,2022-08-29,1
Channel2,Geo8,False,2022-09-05,2022-09-05,1
Channel2,Geo8,True,2022-09-12,2022-10-10,5
Channel2,Geo8,False,2022-10-17,2022-10-17,1
Channel2,Geo8,True,2022-10-24,2022-10-24,1
Channel2,Geo8,False,2022-10-31,2022-11-07,2
Channel2,Geo8,True,2022-11-14,2022-11-14,1
Channel2,Geo8,False,2022-11-21,2022-11-28,2
Channel2,Geo8,True,2022-12-05,2022-12-05,1
Channel2,Geo8,False,2022-12-12,2022-12-19,2
Channel2,Geo8,True,2022-12-26,2023-01-02,2
Channel2,Geo8,False,2023-01-09,2023-02-06,5
Channel2,Geo8,True,2023-02-13,2023-02-13,1
Channel2,Geo8,False,2023-02-20,2023-02-20,1
Channel2,Geo8,True,2023-02-27,2023-02-27,1
Channel2,Geo8,False,2023-03-06,2023-05-15,11
Channel2,Geo8,True,2023-05-22,2023-05-22,1
Channel2,Geo8,False,2023-05-29,2023-07-17,8
Channel2,Geo8,True,2023-07-24,2023-07-24,1
Channel2,Geo8,False,2023-07-31,2023-08-21,4
Channel2,Geo8,True,2023-08-28,2023-08-28,1
Channel2,Geo8,False,2023-09-04,2023-09-25,4
Channel2,Geo8,True,2023-10-02,2023-10-09,2
Channel2,Geo8,False,2023-10-16,2023-10-16,1
Channel2,Geo8,True,2023-10-23,2023-10-23,1
Channel2,Geo8,False,2023-10-30,2023-10-30,1
Channel2,Geo8,True,2023-11-06,2023-11-27,4
Channel2,Geo8,False,2023-12-04,2023-12-18,3
Channel2,Geo8,True,2023-12-25,2024-01-01,2
Channel2,Geo8,False,2024-01-08,2024-01-15,2
Channel2,Geo9,False,2021-01-25,2021-01-25,1
Channel2,Geo9,True,2021-02-01,2021-02-01,1
Channel2,Geo9,False,2021-02-08,2021-02-15,2
Channel2,Geo9,True,2021-02-22,2021-02-22,1
Channel2,Geo9,False,2021-03-01,2021-03-29,5
Channel2,Geo9,True,2021-04-05,2021-04-05,1
Channel2,Geo9,False,2021-04-12,2021-06-07,9
Channel2,Geo9,True,2021-06-14,2021-06-14,1
Channel2,Geo9,False,2021-06-21,2021-07-26,6
Channel2,Geo9,True,2021-08-02,2021-08-09,2
Channel2,Geo9,False,2021-08-16,2021-08-23,2
Channel2,Geo9,True,2021-08-30,2021-08-30,1
Channel2,Geo9,False,2021-09-06,2021-10-04,5
Channel2,Geo9,True,2021-10-11,2021-10-18,2
Channel2,Geo9,False,2021-10-25,2021-10-25,1
Channel2,Geo9,True,2021-11-01,2021-11-01,1
Channel2,Geo9,False,2021-11-08,2021-11-15,2
Channel2,Geo9,True,2021-11-22,2021-11-22,1
Channel2,Geo9,False,2021-11-29,2021-11-29,1
Channel2,Geo9,True,2021-12-06,2021-12-06,1
Channel2,Geo9,False,2021-12-13,2021-12-20,2
Channel2,Geo9,True,2021-12-27,2022-01-03,2
Channel2,Geo9,False,2022-01-10,2022-07-11,27
Channel2,Geo9,True,2022-07-18,2022-07-18,1
Channel2,Geo9,False,2022-07-25,2022-08-01,2
Channel2,Geo9,True,2022-08-08,2022-08-08,1
Channel2,Geo9,False,2022-08-15,2022-08-15,1
Channel2,Geo9,True,2022-08-22,2022-08-22,1
Channel2,Geo9,False,2022-08-29,2022-09-12,3
Channel2,Geo9,True,2022-09-19,2022-10-17,5
Channel2,Geo9,False,2022-10-24,2022-10-24,1
Channel2,Geo9,True,2022-10-31,2022-10-31,1
Channel2,Geo9,False,2022-11-07,2022-11-07,1
Channel2,Geo9,True,2022-11-14,2022-11-14,1
Channel2,Geo9,False,2022-11-21,2022-11-21,1
Channel2,Geo9,True,2022-11-28,2022-12-05,2
Channel2,Geo9,False,2022-12-12,2022-12-26,3
Channel2,Geo9,True,2023-01-02,2023-01-02,1
Channel2,Geo9,False,2023-01-09,2023-01-09,1
Channel2,Geo9,True,2023-01-16,2023-01-16,1
Channel2,Geo9,False,2023-01-23,2023-01-23,1
Channel2,Geo9,True,2023-01-30,2023-01-30,1
Channel2,Geo9,False,2023-02-06,2023-04-03,9
Channel2,Geo9,True,2023-04-10,2023-04-10,1
Channel2,Geo9,False,2023-04-17,2023-04-24,2
Channel2,Geo9,True,2023-05-01,2023-05-01,1
Channel2,Geo9,False,2023-05-08,2023-05-29,4
Channel2,Geo9,True,2023-06-05,2023-06-12,2
Channel2,Geo9,False,2023-06-19,2023-06-19,1
Channel2,Geo9,True,2023-06-26,2023-07-03,2
Channel2,Geo9,False,2023-07-10,2023-07-17,2
Channel2,Geo9,True,2023-07-24,2023-07-24,1
Channel2,Geo9,False,2023-07-31,2023-07-31,1
Channel2,Geo9,True,2023-08-07,2023-08-07,1
Channel2,Geo9,False,2023-08-14,2023-08-14,1
Channel2,Geo9,True,2023-08-21,2023-09-11,4
Channel2,Geo9,False,2023-09-18,2023-09-25,2
Channel2,Geo9,True,2023-10-02,2023-10-09,2
Channel2,Geo9,False,2023-10-16,2023-10-16,1
Channel2,Geo9,True,2023-10-23,2023-10-23,1
Channel2,Geo9,False,2023-10-30,2023-10-30,1
Channel2,Geo9,True,2023-11-06,2023-11-06,1
Channel2,Geo9,False,2023-11-13,2023-11-20,2
Channel2,Geo9,True,2023-11-27,2023-12-11,3
Channel2,Geo9,False,2023-12-18,2023-12-25,2
Channel2,Geo9,True,2024-01-01,2024-01-01,1
Channel2,Geo9,False,2024-01-08,2024-01-08,1
Channel2,Geo9,True,2024-01-15,2024-01-15,1
Channel3,Geo0,True,2021-01-25,2021-06-14,21
Channel3,Geo0,False,2021-06-21,2021-06-21,1
Channel3,Geo0,True,2021-06-28,2023-02-13,86
Channel3,Geo0,False,2023-02-20,2023-02-20,1
Channel3,Geo0,True,2023-02-27,2024-01-01,45
Channel3,Geo0,False,2024-01-08,2024-01-08,1
Channel3,Geo0,True,2024-01-15,2024-01-15,1
Channel3,Geo1,True,2021-01-25,2021-11-29,45
Channel3,Geo1,False,2021-12-06,2021-12-06,1
Channel3,Geo1,True,2021-12-13,2022-02-21,11
Channel3,Geo1,False,2022-02-28,2022-02-28,1
Channel3,Geo1,True,2022-03-07,2022-03-21,3
Channel3,Geo1,False,2022-03-28,2022-03-28,1
Channel3,Geo1,True,2022-04-04,2022-07-18,16
Channel3,Geo1,False,2022-07-25,2022-07-25,1
Channel3,Geo1,True,2022-08-01,2022-08-01,1
Channel3,Geo1,False,2022-08-08,2022-08-08,1
Channel3,Geo1,True,2022-08-15,2023-02-06,26
Channel3,Geo1,False,2023-02-13,2023-02-13,1
Channel3,Geo1,True,2023-02-20,2024-01-15,48
Channel3,Geo10,True,2021-01-25,2022-08-01,80
Channel3,Geo10,False,2022-08-08,2022-08-08,1
Channel3,Geo10,True,2022-08-15,2023-02-06,26
Channel3,Geo10,False,2023-02-13,2023-02-13,1
Channel3,Geo10,True,2023-02-20,2023-02-20,1
Channel3,Geo10,False,2023-02-27,2023-02-27,1
Channel3,Geo10,True,2023-03-06,2024-01-15,46
Channel3,Geo11,True,2021-01-25,2021-05-10,16
Channel3,Geo11,False,2021-05-17,2021-05-17,1
Channel3,Geo11,True,2021-05-24,2022-07-18,61
Channel3,Geo11,False,2022-07-25,2022-07-25,1
Channel3,Geo11,True,2022-08-01,2023-06-05,45
Channel3,Geo11,False,2023-06-12,2023-06-12,1
Channel3,Geo11,True,2023-06-19,2024-01-15,31
Channel3,Geo12,True,2021-01-25,2021-05-24,18
Channel3,Geo12,False,2021-05-31,2021-05-31,1
Channel3,Geo12,True,2021-06-07,2022-02-28,39
Channel3,Geo12,False,2022-03-07,2022-03-07,1
Channel3,Geo12,True,2022-03-14,2022-03-21,2
Channel3,Geo12,False,2022-03-28,2022-03-28,1
Channel3,Geo12,True,2022-04-04,2024-01-15,94
Channel3,Geo13,True,2021-01-25,2021-02-22,5
Channel3,Geo13,False,2021-03-01,2021-03-01,1
Channel3,Geo13,True,2021-03-08,2022-02-14,50
Channel3,Geo13,False,2022-02-21,2022-02-21,1
Channel3,Geo13,True,2022-02-28,2024-01-15,99
Channel3,Geo14,True,2021-01-25,2022-02-28,58
Channel3,Geo14,False,2022-03-07,2022-03-07,1
Channel3,Geo14,True,2022-03-14,2022-04-11,5
Channel3,Geo14,False,2022-04-18,2022-04-18,1
Channel3,Geo14,True,2022-04-25,2022-06-20,9
Channel3,Geo14,False,2022-06-27,2022-06-27,1
Channel3,Geo14,True,2022-07-04,2023-10-30,70
Channel3,Geo14,False,2023-11-06,2023-11-06,1
Channel3,Geo14,True,2023-11-13,2024-01-15,10
Channel3,Geo15,False,2021-01-25,2021-01-25,1
Channel3,Geo15,True,2021-02-01,2022-07-11,76
Channel3,Geo15,False,2022-07-18,2022-07-18,1
Channel3,Geo15,True,2022-07-25,2023-02-27,32
Channel3,Geo15,False,2023-03-06,2023-03-06,1
Channel3,Geo15,True,2023-03-13,2023-03-13,1
Channel3,Geo15,False,2023-03-20,2023-03-20,1
Channel3,Geo15,True,2023-03-27,2024-01-15,43
Channel3,Geo16,True,2021-01-25,2021-09-20,35
Channel3,Geo16,False,2021-09-27,2021-09-27,1
Channel3,Geo16,True,2021-10-04,2022-02-28,22
Channel3,Geo16,False,2022-03-07,2022-03-07,1
Channel3,Geo16,True,2022-03-14,2022-07-18,19
Channel3,Geo16,False,2022-07-25,2022-07-25,1
Channel3,Geo16,True,2022-08-01,2023-03-13,33
Channel3,Geo16,False,2023-03-20,2023-03-20,1
Channel3,Geo16,True,2023-03-27,2024-01-15,43
Channel3,Geo17,True,2021-01-25,2021-04-12,12
Channel3,Geo17,False,2021-04-19,2021-04-19,1
Channel3,Geo17,True,2021-04-26,2022-02-07,42
Channel3,Geo17,False,2022-02-14,2022-02-14,1
Channel3,Geo17,True,2022-02-21,2022-03-21,5
Channel3,Geo17,False,2022-03-28,2022-03-28,1
Channel3,Geo17,True,2022-04-04,2022-04-11,2
Channel3,Geo17,False,2022-04-18,2022-04-18,1
Channel3,Geo17,True,2022-04-25,2022-05-16,4
Channel3,Geo17,False,2022-05-23,2022-05-23,1
Channel3,Geo17,True,2022-05-30,2024-01-15,86
Channel3,Geo18,False,2021-01-25,2021-01-25,1
Channel3,Geo18,True,2021-02-01,2022-06-20,73
Channel3,Geo18,False,2022-06-27,2022-06-27,1
Channel3,Geo18,True,2022-07-04,2024-01-15,81
Channel3,Geo19,True,2021-01-25,2023-03-13,112
Channel3,Geo19,False,2023-03-20,2023-03-20,1
Channel3,Geo19,True,2023-03-27,2023-05-08,7
Channel3,Geo19,False,2023-05-15,2023-05-15,1
Channel3,Geo19,True,2023-05-22,2024-01-15,35
Channel3,Geo2,True,2021-01-25,2023-06-26,127
Channel3,Geo2,False,2023-07-03,2023-07-03,1
Channel3,Geo2,True,2023-07-10,2023-09-11,10
Channel3,Geo2,False,2023-09-18,2023-09-18,1
Channel3,Geo2,True,2023-09-25,2024-01-15,17
Channel3,Geo20,True,2021-01-25,2022-04-18,65
Channel3,Geo20,False,2022-04-25,2022-04-25,1
Channel3,Geo20,True,2022-05-02,2023-01-16,38
Channel3,Geo20,False,2023-01-23,2023-01-23,1
Channel3,Geo20,True,2023-01-30,2024-01-15,51
Channel3,Geo21,True,2021-01-25,2022-01-31,54
Channel3,Geo21,False,2022-02-07,2022-02-07,1
Channel3,Geo21,True,2022-02-14,2022-03-07,4
Channel3,Geo21,False,2022-03-14,2022-03-21,2
Channel3,Geo21,True,2022-03-28,2023-02-27,49
Channel3,Geo21,False,2023-03-06,2023-03-06,1
Channel3,Geo21,True,2023-03-13,2023-04-17,6
Channel3,Geo21,False,2023-04-24,2023-04-24,1
Channel3,Geo21,True,2023-05-01,2023-05-01,1
Channel3,Geo21,False,2023-05-08,2023-05-08,1
Channel3,Geo21,True,2023-05-15,2023-06-05,4
Channel3,Geo21,False,2023-06-12,2023-06-12,1
Channel3,Geo21,True,2023-06-19,2024-01-15,31
Channel3,Geo22,True,2021-01-25,2022-03-28,62
Channel3,Geo22,False,2022-04-04,2022-04-04,1
Channel3,Geo22,True,2022-04-11,2022-05-16,6
Channel3,Geo22,False,2022-05-23,2022-05-23,1
Channel3,Geo22,True,2022-05-30,2023-02-27,40
Channel3,Geo22,False,2023-03-06,2023-03-06,1
Channel3,Geo22,True,2023-03-13,2023-06-05,13
Channel3,Geo22,False,2023-06-12,2023-06-12,1
Channel3,Geo22,True,2023-06-19,2024-01-15,31
Channel3,Geo23,True,2021-01-25,2022-02-28,58
Channel3,Geo23,False,2022-03-07,2022-03-07,1
Channel3,Geo23,True,2022-03-14,2023-03-13,53
Channel3,Geo23,False,2023-03-20,2023-03-20,1
Channel3,Geo23,True,2023-03-27,2023-05-01,6
Channel3,Geo23,False,2023-05-08,2023-05-08,1
Channel3,Geo23,True,2023-05-15,2023-06-12,5
Channel3,Geo23,False,2023-06-19,2023-06-19,1
Channel3,Geo23,True,2023-06-26,2023-07-03,2
Channel3,Geo23,False,2023-07-10,2023-07-10,1
Channel3,Geo23,True,2023-07-17,2024-01-15,27
Channel3,Geo24,True,2021-01-25,2021-04-19,13
Channel3,Geo24,False,2021-04-26,2021-04-26,1
Channel3,Geo24,True,2021-05-03,2022-12-19,86
Channel3,Geo24,False,2022-12-26,2022-12-26,1
Channel3,Geo24,True,2023-01-02,2023-02-06,6
Channel3,Geo24,False,2023-02-13,2023-02-13,1
Channel3,Geo24,True,2023-02-20,2024-01-15,48
Channel3,Geo25,True,2021-01-25,2021-07-05,24
Channel3,Geo25,False,2021-07-12,2021-07-12,1
Channel3,Geo25,True,2021-07-19,2023-02-06,82
Channel3,Geo25,False,2023-02-13,2023-02-13,1
Channel3,Geo25,True,2023-02-20,2024-01-15,48
Channel3,Geo26,True,2021-01-25,2021-03-15,8
Channel3,Geo26,False,2021-03-22,2021-03-22,1
Channel3,Geo26,True,2021-03-29,2021-06-14,12
Channel3,Geo26,False,2021-06-21,2021-06-21,1
Channel3,Geo26,True,2021-06-28,2021-07-12,3
Channel3,Geo26,False,2021-07-19,2021-07-19,1
Channel3,Geo26,True,2021-07-26,2023-03-06,85
Channel3,Geo26,False,2023-03-13,2023-03-13,1
Channel3,Geo26,True,2023-03-20,2024-01-15,44
Channel3,Geo27,True,2021-01-25,2022-01-17,52
Channel3,Geo27,False,2022-01-24,2022-01-24,1
Channel3,Geo27,True,2022-01-31,2023-03-06,58
Channel3,Geo27,False,2023-03-13,2023-03-13,1
Channel3,Geo27,True,2023-03-20,2024-01-01,42
Channel3,Geo27,False,2024-01-08,2024-01-08,1
Channel3,Geo27,True,2024-01-15,2024-01-15,1
Channel3,Geo28,True,2021-01-25,2021-04-12,12
Channel3,Geo28,False,2021-04-19,2021-04-19,1
Channel3,Geo28,True,2021-04-26,2021-05-24,5
Channel3,Geo28,False,2021-05-31,2021-05-31,1
Channel3,Geo28,True,2021-06-07,2021-07-12,6
Channel3,Geo28,False,2021-07-19,2021-07-19,1
Channel3,Geo28,True,2021-07-26,2022-03-14,34
Channel3,Geo28,False,2022-03-21,2022-03-21,1
Channel3,Geo28,True,2022-03-28,2023-03-13,51
Channel3,Geo28,False,2023-03-20,2023-03-20,1
Channel3,Geo28,True,2023-03-27,2023-04-17,4
Channel3,Geo28,False,2023-04-24,2023-04-24,1
Channel3,Geo28,True,2023-05-01,2024-01-15,38
Channel3,Geo29,True,2021-01-25,2021-04-12,12
Channel3,Geo29,False,2021-04-19,2021-04-19,1
Channel3,Geo29,True,2021-04-26,2021-06-28,10
Channel3,Geo29,False,2021-07-05,2021-07-05,1
Channel3,Geo29,True,2021-07-12,2022-05-09,44
Channel3,Geo29,False,2022-05-16,2022-05-16,1
Channel3,Geo29,True,2022-05-23,2023-03-06,42
Channel3,Geo29,False,2023-03-13,2023-03-20,2
Channel3,Geo29,True,2023-03-27,2024-01-15,43
Channel3,Geo3,True,2021-01-25,2021-11-29,45
Channel3,Geo3,False,2021-12-06,2021-12-06,1
Channel3,Geo3,True,2021-12-13,2022-01-03,4
Channel3,Geo3,False,2022-01-10,2022-01-10,1
Channel3,Geo3,True,2022-01-17,2022-07-18,27
Channel3,Geo3,False,2022-07-25,2022-07-25,1
Channel3,Geo3,True,2022-08-01,2024-01-01,75
Channel3,Geo3,False,2024-01-08,2024-01-08,1
Channel3,Geo3,True,2024-01-15,2024-01-15,1
Channel3,Geo30,False,2021-01-25,2021-01-25,1
Channel3,Geo30,True,2021-02-01,2021-07-26,26
Channel3,Geo30,False,2021-08-02,2021-08-02,1
Channel3,Geo30,True,2021-08-09,2022-02-21,29
Channel3,Geo30,False,2022-02-28,2022-02-28,1
Channel3,Geo30,True,2022-03-07,2023-02-20,51
Channel3,Geo30,False,2023-02-27,2023-02-27,1
Channel3,Geo30,True,2023-03-06,2023-05-08,10
Channel3,Geo30,False,2023-05-15,2023-05-15,1
Channel3,Geo30,True,2023-05-22,2024-01-15,35
Channel3,Geo31,True,2021-01-25,2021-08-09,29
Channel3,Geo31,False,2021-08-16,2021-08-16,1
Channel3,Geo31,True,2021-08-23,2022-01-24,23
Channel3,Geo31,False,2022-01-31,2022-01-31,1
Channel3,Geo31,True,2022-02-07,2022-03-07,5
Channel3,Geo31,False,2022-03-14,2022-03-14,1
Channel3,Geo31,True,2022-03-21,2022-05-09,8
Channel3,Geo31,False,2022-05-16,2022-05-16,1
Channel3,Geo31,True,2022-05-23,2022-07-18,9
Channel3,Geo31,False,2022-07-25,2022-07-25,1
Channel3,Geo31,True,2022-08-01,2023-01-23,26
Channel3,Geo31,False,2023-01-30,2023-01-30,1
Channel3,Geo31,True,2023-02-06,2023-02-20,3
Channel3,Geo31,False,2023-02-27,2023-02-27,1
Channel3,Geo31,True,2023-03-06,2023-03-13,2
Channel3,Geo31,False,2023-03-20,2023-03-20,1
Channel3,Geo31,True,2023-03-27,2024-01-15,43
Channel3,Geo32,True,2021-01-25,2022-03-14,60
Channel3,Geo32,False,2022-03-21,2022-03-21,1
Channel3,Geo32,True,2022-03-28,2022-06-13,12
Channel3,Geo32,False,2022-06-20,2022-06-20,1
Channel3,Geo32,True,2022-06-27,2023-03-13,38
Channel3,Geo32,False,2023-03-20,2023-03-20,1
Channel3,Geo32,True,2023-03-27,2023-06-26,14
Channel3,Geo32,False,2023-07-03,2023-07-03,1
Channel3,Geo32,True,2023-07-10,2024-01-15,28
Channel3,Geo33,True,2021-01-25,2021-05-10,16
Channel3,Geo33,False,2021-05-17,2021-05-17,1
Channel3,Geo33,True,2021-05-24,2022-06-20,57
Channel3,Geo33,False,2022-06-27,2022-06-27,1
Channel3,Geo33,True,2022-07-04,2023-02-06,32
Channel3,Geo33,False,2023-02-13,2023-02-13,1
Channel3,Geo33,True,2023-02-20,2023-03-13,4
Channel3,Geo33,False,2023-03-20,2023-03-20,1
Channel3,Geo33,True,2023-03-27,2023-03-27,1
Channel3,Geo33,False,2023-04-03,2023-04-03,1
Channel3,Geo33,True,2023-04-10,2024-01-15,41
Channel3,Geo34,True,2021-01-25,2021-06-14,21
Channel3,Geo34,False,2021-06-21,2021-06-21,1
Channel3,Geo34,True,2021-06-28,2022-01-24,31
Channel3,Geo34,False,2022-01-31,2022-01-31,1
Channel3,Geo34,True,2022-02-07,2023-03-13,58
Channel3,Geo34,False,2023-03-20,2023-03-20,1
Channel3,Geo34,True,2023-03-27,2024-01-15,43
Channel3,Geo35,True,2021-01-25,2022-07-11,77
Channel3,Geo35,False,2022-07-18,2022-07-18,1
Channel3,Geo35,True,2022-07-25,2023-01-23,27
Channel3,Geo35,False,2023-01-30,2023-01-30,1
Channel3,Geo35,True,2023-02-06,2023-03-13,6
Channel3,Geo35,False,2023-03-20,2023-03-20,1
Channel3,Geo35,True,2023-03-27,2024-01-15,43
Channel3,Geo36,True,2021-01-25,2021-04-12,12
Channel3,Geo36,False,2021-04-19,2021-04-19,1
Channel3,Geo36,True,2021-04-26,2021-05-17,4
Channel3,Geo36,False,2021-05-24,2021-05-24,1
Channel3,Geo36,True,2021-05-31,2022-04-18,47
Channel3,Geo36,False,2022-04-25,2022-04-25,1
Channel3,Geo36,True,2022-05-02,2022-05-30,5
Channel3,Geo36,False,2022-06-06,2022-06-06,1
Channel3,Geo36,True,2022-06-13,2023-07-10,57
Channel3,Geo36,False,2023-07-17,2023-07-17,1
Channel3,Geo36,True,2023-07-24,2024-01-15,26
Channel3,Geo37,True,2021-01-25,2021-11-29,45
Channel3,Geo37,False,2021-12-06,2021-12-06,1
Channel3,Geo37,True,2021-12-13,2022-05-16,23
Channel3,Geo37,False,2022-05-23,2022-05-23,1
Channel3,Geo37,True,2022-05-30,2023-04-17,47
Channel3,Geo37,False,2023-04-24,2023-04-24,1
Channel3,Geo37,True,2023-05-01,2023-05-01,1
Channel3,Geo37,False,2023-05-08,2023-05-08,1
Channel3,Geo37,True,2023-05-15,2024-01-15,36
Channel3,Geo38,True,2021-01-25,2022-01-17,52
Channel3,Geo38,False,2022-01-24,2022-01-24,1
Channel3,Geo38,True,2022-01-31,2022-02-28,5
Channel3,Geo38,False,2022-03-07,2022-03-07,1
Channel3,Geo38,True,2022-03-14,2023-01-09,44
Channel3,Geo38,False,2023-01-16,2023-01-16,1
Channel3,Geo38,True,2023-01-23,2023-07-10,25
Channel3,Geo38,False,2023-07-17,2023-07-17,1
Channel3,Geo38,True,2023-07-24,2024-01-15,26
Channel3,Geo39,True,2021-01-25,2021-05-17,17
Channel3,Geo39,False,2021-05-24,2021-05-24,1
Channel3,Geo39,True,2021-05-31,2022-03-07,41
Channel3,Geo39,False,2022-03-14,2022-03-14,1
Channel3,Geo39,True,2022-03-21,2022-05-02,7
Channel3,Geo39,False,2022-05-09,2022-05-09,1
Channel3,Geo39,True,2022-05-16,2023-01-30,38
Channel3,Geo39,False,2023-02-06,2023-02-13,2
Channel3,Geo39,True,2023-02-20,2023-03-13,4
Channel3,Geo39,False,2023-03-20,2023-03-20,1
Channel3,Geo39,True,2023-03-27,2023-04-17,4
Channel3,Geo39,False,2023-04-24,2023-04-24,1
Channel3,Geo39,True,2023-05-01,2023-05-08,2
Channel3,Geo39,False,2023-05-15,2023-05-15,1
Channel3,Geo39,True,2023-05-22,2023-06-26,6
Channel3,Geo39,False,2023-07-03,2023-07-03,1
Channel3,Geo39,True,2023-07-10,2024-01-15,28
Channel3,Geo4,True,2021-01-25,2022-02-28,58
Channel3,Geo4,False,2022-03-07,2022-03-07,1
Channel3,Geo4,True,2022-03-14,2022-04-25,7
Channel3,Geo4,False,2022-05-02,2022-05-02,1
Channel3,Geo4,True,2022-05-09,2022-05-30,4
Channel3,Geo4,False,2022-06-06,2022-06-06,1
Channel3,Geo4,True,2022-06-13,2022-07-18,6
Channel3,Geo4,False,2022-07-25,2022-07-25,1
Channel3,Geo4,True,2022-08-01,2023-02-06,28
Channel3,Geo4,False,2023-02-13,2023-02-13,1
Channel3,Geo4,True,2023-02-20,2023-04-17,9
Channel3,Geo4,False,2023-04-24,2023-04-24,1
Channel3,Geo4,True,2023-05-01,2023-05-01,1
Channel3,Geo4,False,2023-05-08,2023-05-08,1
Channel3,Geo4,True,2023-05-15,2023-07-10,9
Channel3,Geo4,False,2023-07-17,2023-07-17,1
Channel3,Geo4,True,2023-07-24,2024-01-15,26
Channel3,Geo5,False,2021-01-25,2021-01-25,1
Channel3,Geo5,True,2021-02-01,2021-02-15,3
Channel3,Geo5,False,2021-02-22,2021-02-22,1
Channel3,Geo5,True,2021-03-01,2022-02-28,53
Channel3,Geo5,False,2022-03-07,2022-03-07,1
Channel3,Geo5,True,2022-03-14,2024-01-15,97
Channel3,Geo6,True,2021-01-25,2022-03-07,59
Channel3,Geo6,False,2022-03-14,2022-03-14,1
Channel3,Geo6,True,2022-03-21,2022-04-04,3
Channel3,Geo6,False,2022-04-11,2022-04-11,1
Channel3,Geo6,True,2022-04-18,2022-05-16,5
Channel3,Geo6,False,2022-05-23,2022-05-23,1
Channel3,Geo6,True,2022-05-30,2023-03-13,42
Channel3,Geo6,False,2023-03-20,2023-03-20,1
Channel3,Geo6,True,2023-03-27,2023-05-08,7
Channel3,Geo6,False,2023-05-15,2023-05-15,1
Channel3,Geo6,True,2023-05-22,2024-01-15,35
Channel3,Geo7,True,2021-01-25,2021-04-12,12
Channel3,Geo7,False,2021-04-19,2021-04-19,1
Channel3,Geo7,True,2021-04-26,2023-01-09,90
Channel3,Geo7,False,2023-01-16,2023-01-16,1
Channel3,Geo7,True,2023-01-23,2023-03-13,8
Channel3,Geo7,False,2023-03-20,2023-03-20,1
Channel3,Geo7,True,2023-03-27,2023-04-17,4
Channel3,Geo7,False,2023-04-24,2023-04-24,1
Channel3,Geo7,True,2023-05-01,2024-01-15,38
Channel3,Geo8,True,2021-01-25,2021-03-15,8
Channel3,Geo8,False,2021-03-22,2021-03-22,1
Channel3,Geo8,True,2021-03-29,2022-02-21,48
Channel3,Geo8,False,2022-02-28,2022-03-07,2
Channel3,Geo8,True,2022-03-14,2022-03-21,2
Channel3,Geo8,False,2022-03-28,2022-03-28,1
Channel3,Geo8,True,2022-04-04,2022-07-18,16
Channel3,Geo8,False,2022-07-25,2022-07-25,1
Channel3,Geo8,True,2022-08-01,2023-01-30,27
Channel3,Geo8,False,2023-02-06,2023-02-06,1
Channel3,Geo8,True,2023-02-13,2023-07-24,24
Channel3,Geo8,False,2023-07-31,2023-07-31,1
Channel3,Geo8,True,2023-08-07,2024-01-15,24
Channel3,Geo9,True,2021-01-25,2022-03-21,61
Channel3,Geo9,False,2022-03-28,2022-03-28,1
Channel3,Geo9,True,2022-04-04,2022-04-18,3
Channel3,Geo9,False,2022-04-25,2022-04-25,1
Channel3,Geo9,True,2022-05-02,2022-12-19,34
Channel3,Geo9,False,2022-12-26,2022-12-26,1
Channel3,Geo9,True,2023-01-02,2023-03-13,11
Channel3,Geo9,False,2023-03-20,2023-03-20,1
Channel3,Geo9,True,2023-03-27,2024-01-15,43
Channel4,Geo0,True,2021-01-25,2021-04-19,13
Channel4,Geo0,False,2021-04-26,2021-04-26,1
Channel4,Geo0,True,2021-05-03,2021-07-12,11
Channel4,Geo0,False,2021-07-19,2021-07-19,1
Channel4,Geo0,True,2021-07-26,2021-10-25,14
Channel4,Geo0,False,2021-11-01,2021-11-01,1
Channel4,Geo0,True,2021-11-08,2022-01-17,11
Channel4,Geo0,False,2022-01-24,2022-01-31,2
Channel4,Geo0,True,2022-02-07,2022-02-07,1
Channel4,Geo0,False,2022-02-14,2022-02-14,1
Channel4,Geo0,True,2022-02-21,2022-02-21,1
Channel4,Geo0,False,2022-02-28,2022-02-28,1
Channel4,Geo0,True,2022-03-07,2022-03-21,3
Channel4,Geo0,False,2022-03-28,2022-03-28,1
Channel4,Geo0,True,2022-04-04,2022-04-18,3
Channel4,Geo0,False,2022-04-25,2022-05-02,2
Channel4,Geo0,True,2022-05-09,2023-01-02,35
Channel4,Geo0,False,2023-01-09,2023-01-09,1
Channel4,Geo0,True,2023-01-16,2023-02-13,5
Channel4,Geo0,False,2023-02-20,2023-02-20,1
Channel4,Geo0,True,2023-02-27,2023-03-06,2
Channel4,Geo0,False,2023-03-13,2023-03-20,2
Channel4,Geo0,True,2023-03-27,2023-03-27,1
Channel4,Geo0,False,2023-04-03,2023-04-03,1
Channel4,Geo0,True,2023-04-10,2023-05-08,5
Channel4,Geo0,False,2023-05-15,2023-05-15,1
Channel4,Geo0,True,2023-05-22,2023-06-12,4
Channel4,Geo0,False,2023-06-19,2023-06-19,1
Channel4,Geo0,True,2023-06-26,2023-11-13,21
Channel4,Geo0,False,2023-11-20,2023-11-27,2
Channel4,Geo0,True,2023-12-04,2024-01-08,6
Channel4,Geo0,False,2024-01-15,2024-01-15,1
Channel4,Geo1,True,2021-01-25,2021-05-10,16
Channel4,Geo1,False,2021-05-17,2021-05-24,2
Channel4,Geo1,True,2021-05-31,2021-09-13,16
Channel4,Geo1,False,2021-09-20,2021-09-20,1
Channel4,Geo1,True,2021-09-27,2021-10-25,5
Channel4,Geo1,False,2021-11-01,2021-11-01,1
Channel4,Geo1,True,2021-11-08,2021-12-13,6
Channel4,Geo1,False,2021-12-20,2021-12-20,1
Channel4,Geo1,True,2021-12-27,2022-01-31,6
Channel4,Geo1,False,2022-02-07,2022-02-14,2
Channel4,Geo1,True,2022-02-21,2022-02-21,1
Channel4,Geo1,False,2022-02-28,2022-02-28,1
Channel4,Geo1,True,2022-03-07,2022-03-14,2
Channel4,Geo1,False,2022-03-21,2022-04-04,3
Channel4,Geo1,True,2022-04-11,2022-05-23,7
Channel4,Geo1,False,2022-05-30,2022-05-30,1
Channel4,Geo1,True,2022-06-06,2022-06-13,2
Channel4,Geo1,False,2022-06-20,2022-06-20,1
Channel4,Geo1,True,2022-06-27,2022-07-18,4
Channel4,Geo1,False,2022-07-25,2022-07-25,1
Channel4,Geo1,True,2022-08-01,2022-12-12,20
Channel4,Geo1,False,2022-12-19,2022-12-19,1
Channel4,Geo1,True,2022-12-26,2023-01-09,3
Channel4,Geo1,False,2023-01-16,2023-01-16,1
Channel4,Geo1,True,2023-01-23,2023-06-12,21
Channel4,Geo1,False,2023-06-19,2023-06-19,1
Channel4,Geo1,True,2023-06-26,2023-07-03,2
Channel4,Geo1,False,2023-07-10,2023-07-10,1
Channel4,Geo1,True,2023-07-17,2023-10-23,15
Channel4,Geo1,False,2023-10-30,2023-10-30,1
Channel4,Geo1,True,2023-11-06,2023-12-11,6
Channel4,Geo1,False,2023-12-18,2023-12-18,1
Channel4,Geo1,True,2023-12-25,2024-01-15,4
Channel4,Geo10,True,2021-01-25,2021-02-01,2
Channel4,Geo10,False,2021-02-08,2021-02-08,1
Channel4,Geo10,True,2021-02-15,2021-02-22,2
Channel4,Geo10,False,2021-03-01,2021-03-01,1
Channel4,Geo10,True,2021-03-08,2021-06-14,15
Channel4,Geo10,False,2021-06-21,2021-06-21,1
Channel4,Geo10,True,2021-06-28,2021-06-28,1
Channel4,Geo10,False,2021-07-05,2021-07-05,1
Channel4,Geo10,True,2021-07-12,2021-10-11,14
Channel4,Geo10,False,2021-10-18,2021-10-18,1
Channel4,Geo10,True,2021-10-25,2021-10-25,1
Channel4,Geo10,False,2021-11-01,2021-11-01,1
Channel4,Geo10,True,2021-11-08,2022-02-07,14
Channel4,Geo10,False,2022-02-14,2022-02-14,1
Channel4,Geo10,True,2022-02-21,2022-03-28,6
Channel4,Geo10,False,2022-04-04,2022-04-04,1
Channel4,Geo10,True,2022-04-11,2022-04-25,3
Channel4,Geo10,False,2022-05-02,2022-05-02,1
Channel4,Geo10,True,2022-05-09,2022-12-12,32
Channel4,Geo10,False,2022-12-19,2022-12-19,1
Channel4,Geo10,True,2022-12-26,2023-02-13,8
Channel4,Geo10,False,2023-02-20,2023-02-20,1
Channel4,Geo10,True,2023-02-27,2023-03-13,3
Channel4,Geo10,False,2023-03-20,2023-03-27,2
Channel4,Geo10,True,2023-04-03,2023-05-15,7
Channel4,Geo10,False,2023-05-22,2023-05-22,1
Channel4,Geo10,True,2023-05-29,2023-06-05,2
Channel4,Geo10,False,2023-06-12,2023-06-19,2
Channel4,Geo10,True,2023-06-26,2023-07-03,2
Channel4,Geo10,False,2023-07-10,2023-07-10,1
Channel4,Geo10,True,2023-07-17,2023-09-11,9
Channel4,Geo10,False,2023-09-18,2023-09-18,1
Channel4,Geo10,True,2023-09-25,2023-10-23,5
Channel4,Geo10,False,2023-10-30,2023-10-30,1
Channel4,Geo10,True,2023-11-06,2024-01-15,11
Channel4,Geo11,True,2021-01-25,2021-03-08,7
Channel4,Geo11,False,2021-03-15,2021-03-15,1
Channel4,Geo11,True,2021-03-22,2022-01-10,43
Channel4,Geo11,False,2022-01-17,2022-01-24,2
Channel4,Geo11,True,2022-01-31,2022-02-07,2
Channel4,Geo11,False,2022-02-14,2022-02-14,1
Channel4,Geo11,True,2022-02-21,2022-03-21,5
Channel4,Geo11,False,2022-03-28,2022-03-28,1
Channel4,Geo11,True,2022-04-04,2022-04-04,1
Channel4,Geo11,False,2022-04-11,2022-04-18,2
Channel4,Geo11,True,2022-04-25,2022-06-20,9
Channel4,Geo11,False,2022-06-27,2022-06-27,1
Channel4,Geo11,True,2022-07-04,2022-12-26,26
Channel4,Geo11,False,2023-01-02,2023-01-02,1
Channel4,Geo11,True,2023-01-09,2023-01-09,1
Channel4,Geo11,False,2023-01-16,2023-01-16,1
Channel4,Geo11,True,2023-01-23,2023-02-20,5
Channel4,Geo11,False,2023-02-27,2023-02-27,1
Channel4,Geo11,True,2023-03-06,2023-04-03,5
Channel4,Geo11,False,2023-04-10,2023-04-10,1
Channel4,Geo11,True,2023-04-17,2023-07-03,12
Channel4,Geo11,False,2023-07-10,2023-07-17,2
Channel4,Geo11,True,2023-07-24,2023-08-21,5
Channel4,Geo11,False,2023-08-28,2023-08-28,1
Channel4,Geo11,True,2023-09-04,2023-12-11,15
Channel4,Geo11,False,2023-12-18,2023-12-18,1
Channel4,Geo11,True,2023-12-25,2024-01-01,2
Channel4,Geo11,False,2024-01-08,2024-01-08,1
Channel4,Geo11,True,2024-01-15,2024-01-15,1
Channel4,Geo12,True,2021-01-25,2021-02-22,5
Channel4,Geo12,False,2021-03-01,2021-03-08,2
Channel4,Geo12,True,2021-03-15,2021-07-19,19
Channel4,Geo12,False,2021-07-26,2021-07-26,1
Channel4,Geo12,True,2021-08-02,2021-08-02,1
Channel4,Geo12,False,2021-08-09,2021-08-16,2
Channel4,Geo12,True,2021-08-23,2022-01-17,22
Channel4,Geo12,False,2022-01-24,2022-01-31,2
Channel4,Geo12,True,2022-02-07,2022-03-14,6
Channel4,Geo12,False,2022-03-21,2022-03-28,2
Channel4,Geo12,True,2022-04-04,2022-04-25,4
Channel4,Geo12,False,2022-05-02,2022-05-09,2
Channel4,Geo12,True,2022-05-16,2022-05-30,3
Channel4,Geo12,False,2022-06-06,2022-06-06,1
Channel4,Geo12,True,2022-06-13,2022-06-20,2
Channel4,Geo12,False,2022-06-27,2022-06-27,1
Channel4,Geo12,True,2022-07-04,2022-10-17,16
Channel4,Geo12,False,2022-10-24,2022-10-24,1
Channel4,Geo12,True,2022-10-31,2023-01-30,14
Channel4,Geo12,False,2023-02-06,2023-02-06,1
Channel4,Geo12,True,2023-02-13,2023-03-27,7
Channel4,Geo12,False,2023-04-03,2023-04-03,1
Channel4,Geo12,True,2023-04-10,2023-05-08,5
Channel4,Geo12,False,2023-05-15,2023-05-15,1
Channel4,Geo12,True,2023-05-22,2023-07-10,8
Channel4,Geo12,False,2023-07-17,2023-07-17,1
Channel4,Geo12,True,2023-07-24,2023-10-09,12
Channel4,Geo12,False,2023-10-16,2023-10-16,1
Channel4,Geo12,True,2023-10-23,2023-10-23,1
Channel4,Geo12,False,2023-10-30,2023-10-30,1
Channel4,Geo12,True,2023-11-06,2023-11-20,3
Channel4,Geo12,False,2023-11-27,2023-11-27,1
Channel4,Geo12,True,2023-12-04,2023-12-18,3
Channel4,Geo12,False,2023-12-25,2023-12-25,1
Channel4,Geo12,True,2024-01-01,2024-01-15,3
Channel4,Geo13,True,2021-01-25,2021-03-01,6
Channel4,Geo13,False,2021-03-08,2021-03-08,1
Channel4,Geo13,True,2021-03-15,2021-08-30,25
Channel4,Geo13,False,2021-09-06,2021-09-06,1
Channel4,Geo13,True,2021-09-13,2022-01-17,19
Channel4,Geo13,False,2022-01-24,2022-01-24,1
Channel4,Geo13,True,2022-01-31,2022-02-14,3
Channel4,Geo13,False,2022-02-21,2022-02-21,1
Channel4,Geo13,True,2022-02-28,2022-03-21,4
Channel4,Geo13,False,2022-03-28,2022-03-28,1
Channel4,Geo13,True,2022-04-04,2022-04-11,2
Channel4,Geo13,False,2022-04-18,2022-04-18,1
Channel4,Geo13,True,2022-04-25,2022-04-25,1
Channel4,Geo13,False,2022-05-02,2022-05-02,1
Channel4,Geo13,True,2022-05-09,2022-06-20,7
Channel4,Geo13,False,2022-06-27,2022-06-27,1
Channel4,Geo13,True,2022-07-04,2022-11-28,22
Channel4,Geo13,False,2022-12-05,2022-12-05,1
Channel4,Geo13,True,2022-12-12,2023-01-09,5
Channel4,Geo13,False,2023-01-16,2023-01-16,1
Channel4,Geo13,True,2023-01-23,2023-02-13,4
Channel4,Geo13,False,2023-02-20,2023-02-20,1
Channel4,Geo13,True,2023-02-27,2023-03-06,2
Channel4,Geo13,False,2023-03-13,2023-03-13,1
Channel4,Geo13,True,2023-03-20,2023-03-27,2
Channel4,Geo13,False,2023-04-03,2023-04-03,1
Channel4,Geo13,True,2023-04-10,2023-05-08,5
Channel4,Geo13,False,2023-05-15,2023-05-22,2
Channel4,Geo13,True,2023-05-29,2023-06-05,2
Channel4,Geo13,False,2023-06-12,2023-06-12,1
Channel4,Geo13,True,2023-06-19,2023-06-26,2
Channel4,Geo13,False,2023-07-03,2023-07-10,2
Channel4,Geo13,True,2023-07-17,2023-12-11,22
Channel4,Geo13,False,2023-12-18,2023-12-18,1
Channel4,Geo13,True,2023-12-25,2024-01-08,3
Channel4,Geo13,False,2024-01-15,2024-01-15,1
Channel4,Geo14,True,2021-01-25,2021-03-22,9
Channel4,Geo14,False,2021-03-29,2021-03-29,1
Channel4,Geo14,True,2021-04-05,2021-04-19,3
Channel4,Geo14,False,2021-04-26,2021-04-26,1
Channel4,Geo14,True,2021-05-03,2021-05-24,4
Channel4,Geo14,False,2021-05-31,2021-05-31,1
Channel4,Geo14,True,2021-06-07,2021-08-09,10
Channel4,Geo14,False,2021-08-16,2021-08-16,1
Channel4,Geo14,True,2021-08-23,2021-10-11,8
Channel4,Geo14,False,2021-10-18,2021-10-18,1
Channel4,Geo14,True,2021-10-25,2022-01-17,13
Channel4,Geo14,False,2022-01-24,2022-01-24,1
Channel4,Geo14,True,2022-01-31,2022-03-28,9
Channel4,Geo14,False,2022-04-04,2022-04-04,1
Channel4,Geo14,True,2022-04-11,2022-04-11,1
Channel4,Geo14,False,2022-04-18,2022-04-18,1
Channel4,Geo14,True,2022-04-25,2022-05-09,3
Channel4,Geo14,False,2022-05-16,2022-05-23,2
Channel4,Geo14,True,2022-05-30,2022-06-20,4
Channel4,Geo14,False,2022-06-27,2022-06-27,1
Channel4,Geo14,True,2022-07-04,2022-10-17,16
Channel4,Geo14,False,2022-10-24,2022-10-24,1
Channel4,Geo14,True,2022-10-31,2023-01-30,14
Channel4,Geo14,False,2023-02-06,2023-02-06,1
Channel4,Geo14,True,2023-02-13,2023-03-13,5
Channel4,Geo14,False,2023-03-20,2023-03-27,2
Channel4,Geo14,True,2023-04-03,2023-04-17,3
Channel4,Geo14,False,2023-04-24,2023-04-24,1
Channel4,Geo14,True,2023-05-01,2023-05-08,2
Channel4,Geo14,False,2023-05-15,2023-05-15,1
Channel4,Geo14,True,2023-05-22,2023-06-12,4
Channel4,Geo14,False,2023-06-19,2023-06-19,1
Channel4,Geo14,True,2023-06-26,2023-07-31,6
Channel4,Geo14,False,2023-08-07,2023-08-07,1
Channel4,Geo14,True,2023-08-14,2023-10-30,12
Channel4,Geo14,False,2023-11-06,2023-11-06,1
Channel4,Geo14,True,2023-11-13,2023-11-13,1
Channel4,Geo14,False,2023-11-20,2023-11-20,1
Channel4,Geo14,True,2023-11-27,2024-01-15,8
Channel4,Geo15,True,2021-01-25,2021-01-25,1
Channel4,Geo15,False,2021-02-01,2021-02-01,1
Channel4,Geo15,True,2021-02-08,2021-03-08,5
Channel4,Geo15,False,2021-03-15,2021-03-15,1
Channel4,Geo15,True,2021-03-22,2021-05-03,7
Channel4,Geo15,False,2021-05-10,2021-05-10,1
Channel4,Geo15,True,2021-05-17,2021-05-31,3
Channel4,Geo15,False,2021-06-07,2021-06-07,1
Channel4,Geo15,True,2021-06-14,2021-06-14,1
Channel4,Geo15,False,2021-06-21,2021-06-21,1
Channel4,Geo15,True,2021-06-28,2021-10-11,16
Channel4,Geo15,False,2021-10-18,2021-10-18,1
Channel4,Geo15,True,2021-10-25,2022-03-21,22
Channel4,Geo15,False,2022-03-28,2022-03-28,1
Channel4,Geo15,True,2022-04-04,2022-04-11,2
Channel4,Geo15,False,2022-04-18,2022-04-18,1
Channel4,Geo15,True,2022-04-25,2022-08-08,16
Channel4,Geo15,False,2022-08-15,2022-08-15,1
Channel4,Geo15,True,2022-08-22,2022-12-12,17
Channel4,Geo15,False,2022-12-19,2022-12-19,1
Channel4,Geo15,True,2022-12-26,2023-03-13,12
Channel4,Geo15,False,2023-03-20,2023-03-20,1
Channel4,Geo15,True,2023-03-27,2023-05-08,7
Channel4,Geo15,False,2023-05-15,2023-05-15,1
Channel4,Geo15,True,2023-05-22,2023-07-10,8
Channel4,Geo15,False,2023-07-17,2023-07-17,1
Channel4,Geo15,True,2023-07-24,2023-12-04,20
Channel4,Geo15,False,2023-12-11,2023-12-25,3
Channel4,Geo15,True,2024-01-01,2024-01-15,3
Channel4,Geo16,True,2021-01-25,2021-05-17,17
Channel4,Geo16,False,2021-05-24,2021-05-24,1
Channel4,Geo16,True,2021-05-31,2021-06-07,2
Channel4,Geo16,False,2021-06-14,2021-06-14,1
Channel4,Geo16,True,2021-06-21,2021-08-09,8
Channel4,Geo16,False,2021-08-16,2021-08-16,1
Channel4,Geo16,True,2021-08-23,2021-10-11,8
Channel4,Geo16,False,2021-10-18,2021-10-18,1
Channel4,Geo16,True,2021-10-25,2022-01-24,14
Channel4,Geo16,False,2022-01-31,2022-01-31,1
Channel4,Geo16,True,2022-02-07,2022-02-07,1
Channel4,Geo16,False,2022-02-14,2022-02-14,1
Channel4,Geo16,True,2022-02-21,2022-02-21,1
Channel4,Geo16,False,2022-02-28,2022-03-07,2
Channel4,Geo16,True,2022-03-14,2022-03-21,2
Channel4,Geo16,False,2022-03-28,2022-03-28,1
Channel4,Geo16,True,2022-04-04,2022-04-11,2
Channel4,Geo16,False,2022-04-18,2022-04-18,1
Channel4,Geo16,True,2022-04-25,2022-06-13,8
Channel4,Geo16,False,2022-06-20,2022-06-20,1
Channel4,Geo16,True,2022-06-27,2022-08-01,6
Channel4,Geo16,False,2022-08-08,2022-08-08,1
Channel4,Geo16,True,2022-08-15,2023-01-30,25
Channel4,Geo16,False,2023-02-06,2023-02-06,1
Channel4,Geo16,True,2023-02-13,2023-02-20,2
Channel4,Geo16,False,2023-02-27,2023-02-27,1
Channel4,Geo16,True,2023-03-06,2023-03-13,2
Channel4,Geo16,False,2023-03-20,2023-03-20,1
Channel4,Geo16,True,2023-03-27,2023-04-03,2
Channel4,Geo16,False,2023-04-10,2023-04-10,1
Channel4,Geo16,True,2023-04-17,2023-04-17,1
Channel4,Geo16,False,2023-04-24,2023-04-24,1
Channel4,Geo16,True,2023-05-01,2023-05-08,2
Channel4,Geo16,False,2023-05-15,2023-05-15,1
Channel4,Geo16,True,2023-05-22,2023-07-03,7
Channel4,Geo16,False,2023-07-10,2023-07-10,1
Channel4,Geo16,True,2023-07-17,2023-09-18,10
Channel4,Geo16,False,2023-09-25,2023-09-25,1
Channel4,Geo16,True,2023-10-02,2024-01-15,16
Channel4,Geo17,True,2021-01-25,2021-02-01,2
Channel4,Geo17,False,2021-02-08,2021-02-08,1
Channel4,Geo17,True,2021-02-15,2021-03-22,6
Channel4,Geo17,False,2021-03-29,2021-03-29,1
Channel4,Geo17,True,2021-04-05,2021-04-19,3
Channel4,Geo17,False,2021-04-26,2021-04-26,1
Channel4,Geo17,True,2021-05-03,2021-05-03,1
Channel4,Geo17,False,2021-05-10,2021-05-10,1
Channel4,Geo17,True,2021-05-17,2021-05-17,1
Channel4,Geo17,False,2021-05-24,2021-05-24,1
Channel4,Geo17,True,2021-05-31,2021-05-31,1
Channel4,Geo17,False,2021-06-07,2021-06-07,1
Channel4,Geo17,True,2021-06-14,2021-07-05,4
Channel4,Geo17,False,2021-07-12,2021-07-12,1
Channel4,Geo17,True,2021-07-19,2022-01-17,27
Channel4,Geo17,False,2022-01-24,2022-01-31,2
Channel4,Geo17,True,2022-02-07,2022-02-07,1
Channel4,Geo17,False,2022-02-14,2022-02-14,1
Channel4,Geo17,True,2022-02-21,2022-03-21,5
Channel4,Geo17,False,2022-03-28,2022-03-28,1
Channel4,Geo17,True,2022-04-04,2022-04-11,2
Channel4,Geo17,False,2022-04-18,2022-04-18,1
Channel4,Geo17,True,2022-04-25,2022-09-05,20
Channel4,Geo17,False,2022-09-12,2022-09-12,1
Channel4,Geo17,True,2022-09-19,2022-12-12,13
Channel4,Geo17,False,2022-12-19,2022-12-19,1
Channel4,Geo17,True,2022-12-26,2023-03-06,11
Channel4,Geo17,False,2023-03-13,2023-03-13,1
Channel4,Geo17,True,2023-03-20,2023-04-17,5
Channel4,Geo17,False,2023-04-24,2023-05-01,2
Channel4,Geo17,True,2023-05-08,2023-06-12,6
Channel4,Geo17,False,2023-06-19,2023-06-19,1
Channel4,Geo17,True,2023-06-26,2024-01-15,30
Channel4,Geo18,True,2021-01-25,2021-03-15,8
Channel4,Geo18,False,2021-03-22,2021-03-22,1
Channel4,Geo18,True,2021-03-29,2021-06-14,12
Channel4,Geo18,False,2021-06-21,2021-06-21,1
Channel4,Geo18,True,2021-06-28,2021-07-05,2
Channel4,Geo18,False,2021-07-12,2021-07-12,1
Channel4,Geo18,True,2021-07-19,2021-10-25,15
Channel4,Geo18,False,2021-11-01,2021-11-01,1
Channel4,Geo18,True,2021-11-08,2022-02-07,14
Channel4,Geo18,False,2022-02-14,2022-02-14,1
Channel4,Geo18,True,2022-02-21,2022-03-14,4
Channel4,Geo18,False,2022-03-21,2022-03-28,2
Channel4,Geo18,True,2022-04-04,2022-04-11,2
Channel4,Geo18,False,2022-04-18,2022-04-18,1
Channel4,Geo18,True,2022-04-25,2022-04-25,1
Channel4,Geo18,False,2022-05-02,2022-05-02,1
Channel4,Geo18,True,2022-05-09,2022-07-18,11
Channel4,Geo18,False,2022-07-25,2022-07-25,1
Channel4,Geo18,True,2022-08-01,2022-08-08,2
Channel4,Geo18,False,2022-08-15,2022-08-15,1
Channel4,Geo18,True,2022-08-22,2023-01-23,23
Channel4,Geo18,False,2023-01-30,2023-02-06,2
Channel4,Geo18,True,2023-02-13,2023-02-27,3
Channel4,Geo18,False,2023-03-06,2023-03-13,2
Channel4,Geo18,True,2023-03-20,2023-04-03,3
Channel4,Geo18,False,2023-04-10,2023-04-10,1
Channel4,Geo18,True,2023-04-17,2023-05-08,4
Channel4,Geo18,False,2023-05-15,2023-05-15,1
Channel4,Geo18,True,2023-05-22,2024-01-15,35
Channel4,Geo19,True,2021-01-25,2021-02-22,5
Channel4,Geo19,False,2021-03-01,2021-03-01,1
Channel4,Geo19,True,2021-03-08,2021-03-08,1
Channel4,Geo19,False,2021-03-15,2021-03-15,1
Channel4,Geo19,True,2021-03-22,2021-04-19,5
Channel4,Geo19,False,2021-04-26,2021-04-26,1
Channel4,Geo19,True,2021-05-03,2021-05-17,3
Channel4,Geo19,False,2021-05-24,2021-05-24,1
Channel4,Geo19,True,2021-05-31,2021-07-05,6
Channel4,Geo19,False,2021-07-12,2021-07-12,1
Channel4,Geo19,True,2021-07-19,2021-12-13,22
Channel4,Geo19,False,2021-12-20,2021-12-20,1
Channel4,Geo19,True,2021-12-27,2022-01-17,4
Channel4,Geo19,False,2022-01-24,2022-01-31,2
Channel4,Geo19,True,2022-02-07,2022-03-28,8
Channel4,Geo19,False,2022-04-04,2022-04-04,1
Channel4,Geo19,True,2022-04-11,2022-04-25,3
Channel4,Geo19,False,2022-05-02,2022-05-02,1
Channel4,Geo19,True,2022-05-09,2022-06-20,7
Channel4,Geo19,False,2022-06-27,2022-06-27,1
Channel4,Geo19,True,2022-07-04,2022-11-28,22
Channel4,Geo19,False,2022-12-05,2022-12-19,3
Channel4,Geo19,True,2022-12-26,2023-01-09,3
Channel4,Geo19,False,2023-01-16,2023-01-16,1
Channel4,Geo19,True,2023-01-23,2023-01-30,2
Channel4,Geo19,False,2023-02-06,2023-02-06,1
Channel4,Geo19,True,2023-02-13,2023-02-20,2
Channel4,Geo19,False,2023-02-27,2023-02-27,1
Channel4,Geo19,True,2023-03-06,2023-03-13,2
Channel4,Geo19,False,2023-03-20,2023-03-20,1
Channel4,Geo19,True,2023-03-27,2023-03-27,1
Channel4,Geo19,False,2023-04-03,2023-04-03,1
Channel4,Geo19,True,2023-04-10,2023-05-08,5
Channel4,Geo19,False,2023-05-15,2023-05-15,1
Channel4,Geo19,True,2023-05-22,2023-06-12,4
Channel4,Geo19,False,2023-06-19,2023-06-19,1
Channel4,Geo19,True,2023-06-26,2023-06-26,1
Channel4,Geo19,False,2023-07-03,2023-07-10,2
Channel4,Geo19,True,2023-07-17,2023-08-07,4
Channel4,Geo19,False,2023-08-14,2023-08-14,1
Channel4,Geo19,True,2023-08-21,2023-10-30,11
Channel4,Geo19,False,2023-11-06,2023-11-06,1
Channel4,Geo19,True,2023-11-13,2023-12-11,5
Channel4,Geo19,False,2023-12-18,2023-12-18,1
Channel4,Geo19,True,2023-12-25,2024-01-15,4
Channel4,Geo2,True,2021-01-25,2021-02-22,5
Channel4,Geo2,False,2021-03-01,2021-03-01,1
Channel4,Geo2,True,2021-03-08,2021-03-22,3
Channel4,Geo2,False,2021-03-29,2021-03-29,1
Channel4,Geo2,True,2021-04-05,2021-07-05,14
Channel4,Geo2,False,2021-07-12,2021-07-12,1
Channel4,Geo2,True,2021-07-19,2021-07-26,2
Channel4,Geo2,False,2021-08-02,2021-08-02,1
Channel4,Geo2,True,2021-08-09,2021-08-30,4
Channel4,Geo2,False,2021-09-06,2021-09-06,1
Channel4,Geo2,True,2021-09-13,2021-10-25,7
Channel4,Geo2,False,2021-11-01,2021-11-01,1
Channel4,Geo2,True,2021-11-08,2022-01-17,11
Channel4,Geo2,False,2022-01-24,2022-01-24,1
Channel4,Geo2,True,2022-01-31,2022-02-21,4
Channel4,Geo2,False,2022-02-28,2022-03-07,2
Channel4,Geo2,True,2022-03-14,2022-03-21,2
Channel4,Geo2,False,2022-03-28,2022-04-04,2
Channel4,Geo2,True,2022-04-11,2022-05-09,5
Channel4,Geo2,False,2022-05-16,2022-05-16,1
Channel4,Geo2,True,2022-05-23,2022-06-20,5
Channel4,Geo2,False,2022-06-27,2022-06-27,1
Channel4,Geo2,True,2022-07-04,2022-07-18,3
Channel4,Geo2,False,2022-07-25,2022-07-25,1
Channel4,Geo2,True,2022-08-01,2022-10-17,12
Channel4,Geo2,False,2022-10-24,2022-10-24,1
Channel4,Geo2,True,2022-10-31,2022-11-28,5
Channel4,Geo2,False,2022-12-05,2022-12-05,1
Channel4,Geo2,True,2022-12-12,2022-12-19,2
Channel4,Geo2,False,2022-12-26,2022-12-26,1
Channel4,Geo2,True,2023-01-02,2023-01-30,5
Channel4,Geo2,False,2023-02-06,2023-02-06,1
Channel4,Geo2,True,2023-02-13,2023-02-20,2
Channel4,Geo2,False,2023-02-27,2023-02-27,1
Channel4,Geo2,True,2023-03-06,2023-03-13,2
Channel4,Geo2,False,2023-03-20,2023-03-27,2
Channel4,Geo2,True,2023-04-03,2023-04-17,3
Channel4,Geo2,False,2023-04-24,2023-04-24,1
Channel4,Geo2,True,2023-05-01,2023-06-05,6
Channel4,Geo2,False,2023-06-12,2023-06-19,2
Channel4,Geo2,True,2023-06-26,2023-07-03,2
Channel4,Geo2,False,2023-07-10,2023-07-10,1
Channel4,Geo2,True,2023-07-17,2023-09-11,9
Channel4,Geo2,False,2023-09-18,2023-09-18,1
Channel4,Geo2,True,2023-09-25,2023-12-04,11
Channel4,Geo2,False,2023-12-11,2023-12-11,1
Channel4,Geo2,True,2023-12-18,2024-01-15,5
Channel4,Geo20,True,2021-01-25,2021-03-15,8
Channel4,Geo20,False,2021-03-22,2021-03-22,1
Channel4,Geo20,True,2021-03-29,2021-04-19,4
Channel4,Geo20,False,2021-04-26,2021-04-26,1
Channel4,Geo20,True,2021-05-03,2021-05-10,2
Channel4,Geo20,False,2021-05-17,2021-05-17,1
Channel4,Geo20,True,2021-05-24,2021-08-09,12
Channel4,Geo20,False,2021-08-16,2021-08-23,2
Channel4,Geo20,True,2021-08-30,2022-01-24,22
Channel4,Geo20,False,2022-01-31,2022-01-31,1
Channel4,Geo20,True,2022-02-07,2022-02-07,1
Channel4,Geo20,False,2022-02-14,2022-02-14,1
Channel4,Geo20,True,2022-02-21,2022-02-21,1
Channel4,Geo20,False,2022-02-28,2022-02-28,1
Channel4,Geo20,True,2022-03-07,2022-03-21,3
Channel4,Geo20,False,2022-03-28,2022-03-28,1
Channel4,Geo20,True,2022-04-04,2022-04-11,2
Channel4,Geo20,False,2022-04-18,2022-04-25,2
Channel4,Geo20,True,2022-05-02,2022-05-09,2
Channel4,Geo20,False,2022-05-16,2022-05-16,1
Channel4,Geo20,True,2022-05-23,2022-08-01,11
Channel4,Geo20,False,2022-08-08,2022-08-08,1
Channel4,Geo20,True,2022-08-15,2023-01-23,24
Channel4,Geo20,False,2023-01-30,2023-01-30,1
Channel4,Geo20,True,2023-02-06,2023-02-20,3
Channel4,Geo20,False,2023-02-27,2023-03-06,2
Channel4,Geo20,True,2023-03-13,2023-03-13,1
Channel4,Geo20,False,2023-03-20,2023-03-20,1
Channel4,Geo20,True,2023-03-27,2023-04-03,2
Channel4,Geo20,False,2023-04-10,2023-04-10,1
Channel4,Geo20,True,2023-04-17,2023-05-08,4
Channel4,Geo20,False,2023-05-15,2023-05-15,1
Channel4,Geo20,True,2023-05-22,2023-06-12,4
Channel4,Geo20,False,2023-06-19,2023-06-19,1
Channel4,Geo20,True,2023-06-26,2023-06-26,1
Channel4,Geo20,False,2023-07-03,2023-07-03,1
Channel4,Geo20,True,2023-07-10,2023-10-23,16
Channel4,Geo20,False,2023-10-30,2023-10-30,1
Channel4,Geo20,True,2023-11-06,2024-01-01,9
Channel4,Geo20,False,2024-01-08,2024-01-08,1
Channel4,Geo20,True,2024-01-15,2024-01-15,1
Channel4,Geo21,True,2021-01-25,2021-01-25,1
Channel4,Geo21,False,2021-02-01,2021-02-01,1
Channel4,Geo21,True,2021-02-08,2021-05-17,15
Channel4,Geo21,False,2021-05-24,2021-05-24,1
Channel4,Geo21,True,2021-05-31,2021-08-16,12
Channel4,Geo21,False,2021-08-23,2021-08-23,1
Channel4,Geo21,True,2021-08-30,2021-08-30,1
Channel4,Geo21,False,2021-09-06,2021-09-06,1
Channel4,Geo21,True,2021-09-13,2021-10-11,5
Channel4,Geo21,False,2021-10-18,2021-10-18,1
Channel4,Geo21,True,2021-10-25,2021-10-25,1
Channel4,Geo21,False,2021-11-01,2021-11-01,1
Channel4,Geo21,True,2021-11-08,2021-12-13,6
Channel4,Geo21,False,2021-12-20,2021-12-20,1
Channel4,Geo21,True,2021-12-27,2022-02-07,7
Channel4,Geo21,False,2022-02-14,2022-02-21,2
Channel4,Geo21,True,2022-02-28,2022-03-07,2
Channel4,Geo21,False,2022-03-14,2022-03-14,1
Channel4,Geo21,True,2022-03-21,2022-04-25,6
Channel4,Geo21,False,2022-05-02,2022-05-02,1
Channel4,Geo21,True,2022-05-09,2022-05-09,1
Channel4,Geo21,False,2022-05-16,2022-05-16,1
Channel4,Geo21,True,2022-05-23,2022-07-18,9
Channel4,Geo21,False,2022-07-25,2022-07-25,1
Channel4,Geo21,True,2022-08-01,2022-09-19,8
Channel4,Geo21,False,2022-09-26,2022-10-03,2
Channel4,Geo21,True,2022-10-10,2022-10-17,2
Channel4,Geo21,False,2022-10-24,2022-10-24,1
Channel4,Geo21,True,2022-10-31,2022-12-19,8
Channel4,Geo21,False,2022-12-26,2022-12-26,1
Channel4,Geo21,True,2023-01-02,2023-03-06,10
Channel4,Geo21,False,2023-03-13,2023-03-20,2
Channel4,Geo21,True,2023-03-27,2023-04-03,2
Channel4,Geo21,False,2023-04-10,2023-04-10,1
Channel4,Geo21,True,2023-04-17,2023-04-17,1
Channel4,Geo21,False,2023-04-24,2023-04-24,1
Channel4,Geo21,True,2023-05-01,2023-05-01,1
Channel4,Geo21,False,2023-05-08,2023-05-15,2
Channel4,Geo21,True,2023-05-22,2023-06-12,4
Channel4,Geo21,False,2023-06-19,2023-06-19,1
Channel4,Geo21,True,2023-06-26,2023-07-03,2
Channel4,Geo21,False,2023-07-10,2023-07-10,1
Channel4,Geo21,True,2023-07-17,2023-12-11,22
Channel4,Geo21,False,2023-12-18,2023-12-18,1
Channel4,Geo21,True,2023-12-25,2024-01-15,4
Channel4,Geo22,True,2021-01-25,2021-02-01,2
Channel4,Geo22,False,2021-02-08,2021-02-08,1
Channel4,Geo22,True,2021-02-15,2021-05-10,13
Channel4,Geo22,False,2021-05-17,2021-05-24,2
Channel4,Geo22,True,2021-05-31,2021-07-05,6
Channel4,Geo22,False,2021-07-12,2021-07-12,1
Channel4,Geo22,True,2021-07-19,2021-07-19,1
Channel4,Geo22,False,2021-07-26,2021-07-26,1
Channel4,Geo22,True,2021-08-02,2021-08-09,2
Channel4,Geo22,False,2021-08-16,2021-08-16,1
Channel4,Geo22,True,2021-08-23,2022-02-28,28
Channel4,Geo22,False,2022-03-07,2022-03-07,1
Channel4,Geo22,True,2022-03-14,2022-04-18,6
Channel4,Geo22,False,2022-04-25,2022-04-25,1
Channel4,Geo22,True,2022-05-02,2022-06-20,8
Channel4,Geo22,False,2022-06-27,2022-06-27,1
Channel4,Geo22,True,2022-07-04,2022-07-04,1
Channel4,Geo22,False,2022-07-11,2022-07-11,1
Channel4,Geo22,True,2022-07-18,2022-08-08,4
Channel4,Geo22,False,2022-08-15,2022-08-15,1
Channel4,Geo22,True,2022-08-22,2022-09-26,6
Channel4,Geo22,False,2022-10-03,2022-10-03,1
Channel4,Geo22,True,2022-10-10,2023-02-27,21
Channel4,Geo22,False,2023-03-06,2023-03-06,1
Channel4,Geo22,True,2023-03-13,2023-06-05,13
Channel4,Geo22,False,2023-06-12,2023-06-12,1
Channel4,Geo22,True,2023-06-19,2023-07-10,4
Channel4,Geo22,False,2023-07-17,2023-07-17,1
Channel4,Geo22,True,2023-07-24,2023-08-07,3
Channel4,Geo22,False,2023-08-14,2023-08-21,2
Channel4,Geo22,True,2023-08-28,2023-10-23,9
Channel4,Geo22,False,2023-10-30,2023-10-30,1
Channel4,Geo22,True,2023-11-06,2023-12-11,6
Channel4,Geo22,False,2023-12-18,2023-12-18,1
Channel4,Geo22,True,2023-12-25,2024-01-15,4
Channel4,Geo23,True,2021-01-25,2021-02-01,2
Channel4,Geo23,False,2021-02-08,2021-02-08,1
Channel4,Geo23,True,2021-02-15,2021-05-03,12
Channel4,Geo23,False,2021-05-10,2021-05-10,1
Channel4,Geo23,True,2021-05-17,2021-05-17,1
Channel4,Geo23,False,2021-05-24,2021-05-24,1
Channel4,Geo23,True,2021-05-31,2021-07-05,6
Channel4,Geo23,False,2021-07-12,2021-07-12,1
Channel4,Geo23,True,2021-07-19,2021-09-27,11
Channel4,Geo23,False,2021-10-04,2021-10-04,1
Channel4,Geo23,True,2021-10-11,2021-10-25,3
Channel4,Geo23,False,2021-11-01,2021-11-01,1
Channel4,Geo23,True,2021-11-08,2022-02-07,14
Channel4,Geo23,False,2022-02-14,2022-02-14,1
Channel4,Geo23,True,2022-02-21,2022-02-21,1
Channel4,Geo23,False,2022-02-28,2022-02-28,1
Channel4,Geo23,True,2022-03-07,2022-04-04,5
Channel4,Geo23,False,2022-04-11,2022-05-02,4
Channel4,Geo23,True,2022-05-09,2022-05-30,4
Channel4,Geo23,False,2022-06-06,2022-06-06,1
Channel4,Geo23,True,2022-06-13,2022-07-18,6
Channel4,Geo23,False,2022-07-25,2022-07-25,1
Channel4,Geo23,True,2022-08-01,2022-08-08,2
Channel4,Geo23,False,2022-08-15,2022-08-15,1
Channel4,Geo23,True,2022-08-22,2022-08-29,2
Channel4,Geo23,False,2022-09-05,2022-09-05,1
Channel4,Geo23,True,2022-09-12,2022-12-19,15
Channel4,Geo23,False,2022-12-26,2022-12-26,1
Channel4,Geo23,True,2023-01-02,2023-01-02,1
Channel4,Geo23,False,2023-01-09,2023-01-09,1
Channel4,Geo23,True,2023-01-16,2023-02-06,4
Channel4,Geo23,False,2023-02-13,2023-02-13,1
Channel4,Geo23,True,2023-02-20,2023-03-13,4
Channel4,Geo23,False,2023-03-20,2023-03-20,1
Channel4,Geo23,True,2023-03-27,2023-04-10,3
Channel4,Geo23,False,2023-04-17,2023-04-17,1
Channel4,Geo23,True,2023-04-24,2023-07-03,11
Channel4,Geo23,False,2023-07-10,2023-07-10,1
Channel4,Geo23,True,2023-07-17,2023-10-09,13
Channel4,Geo23,False,2023-10-16,2023-10-16,1
Channel4,Geo23,True,2023-10-23,2024-01-15,13
Channel4,Geo24,True,2021-01-25,2021-02-01,2
Channel4,Geo24,False,2021-02-08,2021-02-08,1
Channel4,Geo24,True,2021-02-15,2021-04-12,9
Channel4,Geo24,False,2021-04-19,2021-04-26,2
Channel4,Geo24,True,2021-05-03,2021-05-24,4
Channel4,Geo24,False,2021-05-31,2021-05-31,1
Channel4,Geo24,True,2021-06-07,2021-07-26,8
Channel4,Geo24,False,2021-08-02,2021-08-02,1
Channel4,Geo24,True,2021-08-09,2021-09-13,6
Channel4,Geo24,False,2021-09-20,2021-09-20,1
Channel4,Geo24,True,2021-09-27,2021-10-04,2
Channel4,Geo24,False,2021-10-11,2021-10-11,1
Channel4,Geo24,True,2021-10-18,2021-10-25,2
Channel4,Geo24,False,2021-11-01,2021-11-01,1
Channel4,Geo24,True,2021-11-08,2022-01-24,12
Channel4,Geo24,False,2022-01-31,2022-01-31,1
Channel4,Geo24,True,2022-02-07,2022-03-21,7
Channel4,Geo24,False,2022-03-28,2022-04-18,4
Channel4,Geo24,True,2022-04-25,2022-05-09,3
Channel4,Geo24,False,2022-05-16,2022-05-16,1
Channel4,Geo24,True,2022-05-23,2022-06-20,5
Channel4,Geo24,False,2022-06-27,2022-06-27,1
Channel4,Geo24,True,2022-07-04,2022-08-08,6
Channel4,Geo24,False,2022-08-15,2022-08-15,1
Channel4,Geo24,True,2022-08-22,2022-09-19,5
Channel4,Geo24,False,2022-09-26,2022-09-26,1
Channel4,Geo24,True,2022-10-03,2023-03-13,24
Channel4,Geo24,False,2023-03-20,2023-03-20,1
Channel4,Geo24,True,2023-03-27,2023-04-24,5
Channel4,Geo24,False,2023-05-01,2023-05-01,1
Channel4,Geo24,True,2023-05-08,2023-06-05,5
Channel4,Geo24,False,2023-06-12,2023-06-19,2
Channel4,Geo24,True,2023-06-26,2023-07-24,5
Channel4,Geo24,False,2023-07-31,2023-08-07,2
Channel4,Geo24,True,2023-08-14,2023-08-21,2
Channel4,Geo24,False,2023-08-28,2023-08-28,1
Channel4,Geo24,True,2023-09-04,2023-12-18,16
Channel4,Geo24,False,2023-12-25,2023-12-25,1
Channel4,Geo24,True,2024-01-01,2024-01-08,2
Channel4,Geo24,False,2024-01-15,2024-01-15,1
Channel4,Geo25,True,2021-01-25,2021-02-22,5
Channel4,Geo25,False,2021-03-01,2021-03-01,1
Channel4,Geo25,True,2021-03-08,2021-05-17,11
Channel4,Geo25,False,2021-05-24,2021-05-24,1
Channel4,Geo25,True,2021-05-31,2021-12-13,29
Channel4,Geo25,False,2021-12-20,2021-12-20,1
Channel4,Geo25,True,2021-12-27,2022-01-17,4
Channel4,Geo25,False,2022-01-24,2022-01-24,1
Channel4,Geo25,True,2022-01-31,2022-03-21,8
Channel4,Geo25,False,2022-03-28,2022-03-28,1
Channel4,Geo25,True,2022-04-04,2022-04-04,1
Channel4,Geo25,False,2022-04-11,2022-04-11,1
Channel4,Geo25,True,2022-04-18,2022-06-20,10
Channel4,Geo25,False,2022-06-27,2022-06-27,1
Channel4,Geo25,True,2022-07-04,2022-07-11,2
Channel4,Geo25,False,2022-07-18,2022-07-18,1
Channel4,Geo25,True,2022-07-25,2022-09-05,7
Channel4,Geo25,False,2022-09-12,2022-09-12,1
Channel4,Geo25,True,2022-09-19,2023-02-20,23
Channel4,Geo25,False,2023-02-27,2023-02-27,1
Channel4,Geo25,True,2023-03-06,2023-05-08,10
Channel4,Geo25,False,2023-05-15,2023-05-15,1
Channel4,Geo25,True,2023-05-22,2023-08-14,13
Channel4,Geo25,False,2023-08-21,2023-08-21,1
Channel4,Geo25,True,2023-08-28,2023-12-11,16
Channel4,Geo25,False,2023-12-18,2023-12-18,1
Channel4,Geo25,True,2023-12-25,2024-01-15,4
Channel4,Geo26,True,2021-01-25,2021-04-19,13
Channel4,Geo26,False,2021-04-26,2021-04-26,1
Channel4,Geo26,True,2021-05-03,2021-05-31,5
Channel4,Geo26,False,2021-06-07,2021-06-07,1
Channel4,Geo26,True,2021-06-14,2021-07-12,5
Channel4,Geo26,False,2021-07-19,2021-07-19,1
Channel4,Geo26,True,2021-07-26,2021-12-13,21
Channel4,Geo26,False,2021-12-20,2021-12-20,1
Channel4,Geo26,True,2021-12-27,2022-01-17,4
Channel4,Geo26,False,2022-01-24,2022-01-31,2
Channel4,Geo26,True,2022-02-07,2022-02-07,1
Channel4,Geo26,False,2022-02-14,2022-02-14,1
Channel4,Geo26,True,2022-02-21,2022-03-21,5
Channel4,Geo26,False,2022-03-28,2022-04-04,2
Channel4,Geo26,True,2022-04-11,2022-06-20,11
Channel4,Geo26,False,2022-06-27,2022-06-27,1
Channel4,Geo26,True,2022-07-04,2023-02-06,32
Channel4,Geo26,False,2023-02-13,2023-02-13,1
Channel4,Geo26,True,2023-02-20,2023-04-03,7
Channel4,Geo26,False,2023-04-10,2023-04-10,1
Channel4,Geo26,True,2023-04-17,2023-05-15,5
Channel4,Geo26,False,2023-05-22,2023-05-22,1
Channel4,Geo26,True,2023-05-29,2023-06-12,3
Channel4,Geo26,False,2023-06-19,2023-06-19,1
Channel4,Geo26,True,2023-06-26,2023-07-03,2
Channel4,Geo26,False,2023-07-10,2023-07-10,1
Channel4,Geo26,True,2023-07-17,2023-10-23,15
Channel4,Geo26,False,2023-10-30,2023-10-30,1
Channel4,Geo26,True,2023-11-06,2023-12-11,6
Channel4,Geo26,False,2023-12-18,2023-12-18,1
Channel4,Geo26,True,2023-12-25,2024-01-15,4
Channel4,Geo27,True,2021-01-25,2021-01-25,1
Channel4,Geo27,False,2021-02-01,2021-02-01,1
Channel4,Geo27,True,2021-02-08,2021-06-14,19
Channel4,Geo27,False,2021-06-21,2021-06-21,1
Channel4,Geo27,True,2021-06-28,2021-08-02,6
Channel4,Geo27,False,2021-08-09,2021-08-09,1
Channel4,Geo27,True,2021-08-16,2021-10-11,9
Channel4,Geo27,False,2021-10-18,2021-10-18,1
Channel4,Geo27,True,2021-10-25,2021-12-13,8
Channel4,Geo27,False,2021-12-20,2021-12-20,1
Channel4,Geo27,True,2021-12-27,2022-01-17,4
Channel4,Geo27,False,2022-01-24,2022-01-24,1
Channel4,Geo27,True,2022-01-31,2022-05-09,15
Channel4,Geo27,False,2022-05-16,2022-05-16,1
Channel4,Geo27,True,2022-05-23,2022-07-25,10
Channel4,Geo27,False,2022-08-01,2022-08-01,1
Channel4,Geo27,True,2022-08-08,2022-09-12,6
Channel4,Geo27,False,2022-09-19,2022-09-19,1
Channel4,Geo27,True,2022-09-26,2023-03-06,24
Channel4,Geo27,False,2023-03-13,2023-03-13,1
Channel4,Geo27,True,2023-03-20,2023-05-01,7
Channel4,Geo27,False,2023-05-08,2023-05-08,1
Channel4,Geo27,True,2023-05-15,2023-08-07,13
Channel4,Geo27,False,2023-08-14,2023-08-14,1
Channel4,Geo27,True,2023-08-21,2023-10-09,8
Channel4,Geo27,False,2023-10-16,2023-10-16,1
Channel4,Geo27,True,2023-10-23,2024-01-15,13
Channel4,Geo28,True,2021-01-25,2021-01-25,1
Channel4,Geo28,False,2021-02-01,2021-02-08,2
Channel4,Geo28,True,2021-02-15,2021-04-12,9
Channel4,Geo28,False,2021-04-19,2021-04-26,2
Channel4,Geo28,True,2021-05-03,2021-05-17,3
Channel4,Geo28,False,2021-05-24,2021-05-31,2
Channel4,Geo28,True,2021-06-07,2021-07-12,6
Channel4,Geo28,False,2021-07-19,2021-07-19,1
Channel4,Geo28,True,2021-07-26,2022-01-24,27
Channel4,Geo28,False,2022-01-31,2022-02-07,2
Channel4,Geo28,True,2022-02-14,2022-03-14,5
Channel4,Geo28,False,2022-03-21,2022-03-28,2
Channel4,Geo28,True,2022-04-04,2022-05-09,6
Channel4,Geo28,False,2022-05-16,2022-05-16,1
Channel4,Geo28,True,2022-05-23,2022-09-19,18
Channel4,Geo28,False,2022-09-26,2022-09-26,1
Channel4,Geo28,True,2022-10-03,2022-12-12,11
Channel4,Geo28,False,2022-12-19,2022-12-19,1
Channel4,Geo28,True,2022-12-26,2023-02-27,10
Channel4,Geo28,False,2023-03-06,2023-03-20,3
Channel4,Geo28,True,2023-03-27,2023-04-17,4
Channel4,Geo28,False,2023-04-24,2023-04-24,1
Channel4,Geo28,True,2023-05-01,2023-05-15,3
Channel4,Geo28,False,2023-05-22,2023-05-22,1
Channel4,Geo28,True,2023-05-29,2023-06-05,2
Channel4,Geo28,False,2023-06-12,2023-06-19,2
Channel4,Geo28,True,2023-06-26,2023-07-03,2
Channel4,Geo28,False,2023-07-10,2023-07-10,1
Channel4,Geo28,True,2023-07-17,2023-12-11,22
Channel4,Geo28,False,2023-12-18,2023-12-18,1
Channel4,Geo28,True,2023-12-25,2024-01-15,4
Channel4,Geo29,True,2021-01-25,2021-04-12,12
Channel4,Geo29,False,2021-04-19,2021-04-19,1
Channel4,Geo29,True,2021-04-26,2021-08-02,15
Channel4,Geo29,False,2021-08-09,2021-08-09,1
Channel4,Geo29,True,2021-08-16,2022-01-24,24
Channel4,Geo29,False,2022-01-31,2022-01-31,1
Channel4,Geo29,True,2022-02-07,2022-02-07,1
Channel4,Geo29,False,2022-02-14,2022-02-14,1
Channel4,Geo29,True,2022-02-21,2022-02-21,1
Channel4,Geo29,False,2022-02-28,2022-02-28,1
Channel4,Geo29,True,2022-03-07,2022-04-11,6
Channel4,Geo29,False,2022-04-18,2022-04-25,2
Channel4,Geo29,True,2022-05-02,2022-05-02,1
Channel4,Geo29,False,2022-05-09,2022-05-16,2
Channel4,Geo29,True,2022-05-23,2022-06-20,5
Channel4,Geo29,False,2022-06-27,2022-06-27,1
Channel4,Geo29,True,2022-07-04,2022-10-17,16
Channel4,Geo29,False,2022-10-24,2022-10-24,1
Channel4,Geo29,True,2022-10-31,2023-01-02,10
Channel4,Geo29,False,2023-01-09,2023-01-09,1
Channel4,Geo29,True,2023-01-16,2023-02-06,4
Channel4,Geo29,False,2023-02-13,2023-02-13,1
Channel4,Geo29,True,2023-02-20,2023-03-06,3
Channel4,Geo29,False,2023-03-13,2023-03-20,2
Channel4,Geo29,True,2023-03-27,2023-05-01,6
Channel4,Geo29,False,2023-05-08,2023-05-08,1
Channel4,Geo29,True,2023-05-15,2023-05-15,1
Channel4,Geo29,False,2023-05-22,2023-05-22,1
Channel4,Geo29,True,2023-05-29,2023-11-06,24
Channel4,Geo29,False,2023-11-13,2023-11-13,1
Channel4,Geo29,True,2023-11-20,2023-12-11,4
Channel4,Geo29,False,2023-12-18,2023-12-18,1
Channel4,Geo29,True,2023-12-25,2024-01-08,3
Channel4,Geo29,False,2024-01-15,2024-01-15,1
Channel4,Geo3,True,2021-01-25,2021-02-01,2
Channel4,Geo3,False,2021-02-08,2021-02-08,1
Channel4,Geo3,True,2021-02-15,2021-07-12,22
Channel4,Geo3,False,2021-07-19,2021-07-19,1
Channel4,Geo3,True,2021-07-26,2021-10-25,14
Channel4,Geo3,False,2021-11-01,2021-11-01,1
Channel4,Geo3,True,2021-11-08,2022-01-24,12
Channel4,Geo3,False,2022-01-31,2022-02-14,3
Channel4,Geo3,True,2022-02-21,2022-03-21,5
Channel4,Geo3,False,2022-03-28,2022-03-28,1
Channel4,Geo3,True,2022-04-04,2022-05-09,6
Channel4,Geo3,False,2022-05-16,2022-05-16,1
Channel4,Geo3,True,2022-05-23,2022-06-20,5
Channel4,Geo3,False,2022-06-27,2022-06-27,1
Channel4,Geo3,True,2022-07-04,2022-07-18,3
Channel4,Geo3,False,2022-07-25,2022-07-25,1
Channel4,Geo3,True,2022-08-01,2022-09-05,6
Channel4,Geo3,False,2022-09-12,2022-09-12,1
Channel4,Geo3,True,2022-09-19,2022-10-17,5
Channel4,Geo3,False,2022-10-24,2022-10-24,1
Channel4,Geo3,True,2022-10-31,2022-11-07,2
Channel4,Geo3,False,2022-11-14,2022-11-14,1
Channel4,Geo3,True,2022-11-21,2023-03-13,17
Channel4,Geo3,False,2023-03-20,2023-03-20,1
Channel4,Geo3,True,2023-03-27,2023-03-27,1
Channel4,Geo3,False,2023-04-03,2023-04-03,1
Channel4,Geo3,True,2023-04-10,2023-05-08,5
Channel4,Geo3,False,2023-05-15,2023-05-22,2
Channel4,Geo3,True,2023-05-29,2023-06-05,2
Channel4,Geo3,False,2023-06-12,2023-06-12,1
Channel4,Geo3,True,2023-06-19,2023-07-03,3
Channel4,Geo3,False,2023-07-10,2023-07-10,1
Channel4,Geo3,True,2023-07-17,2023-08-07,4
Channel4,Geo3,False,2023-08-14,2023-08-14,1
Channel4,Geo3,True,2023-08-21,2024-01-01,20
Channel4,Geo3,False,2024-01-08,2024-01-08,1
Channel4,Geo3,True,2024-01-15,2024-01-15,1
Channel4,Geo30,True,2021-01-25,2021-02-01,2
Channel4,Geo30,False,2021-02-08,2021-02-08,1
Channel4,Geo30,True,2021-02-15,2021-04-05,8
Channel4,Geo30,False,2021-04-12,2021-04-19,2
Channel4,Geo30,True,2021-04-26,2021-10-11,25
Channel4,Geo30,False,2021-10-18,2021-10-18,1
Channel4,Geo30,True,2021-10-25,2021-10-25,1
Channel4,Geo30,False,2021-11-01,2021-11-01,1
Channel4,Geo30,True,2021-11-08,2022-02-21,16
Channel4,Geo30,False,2022-02-28,2022-02-28,1
Channel4,Geo30,True,2022-03-07,2022-03-21,3
Channel4,Geo30,False,2022-03-28,2022-03-28,1
Channel4,Geo30,True,2022-04-04,2022-04-11,2
Channel4,Geo30,False,2022-04-18,2022-04-18,1
Channel4,Geo30,True,2022-04-25,2022-05-23,5
Channel4,Geo30,False,2022-05-30,2022-05-30,1
Channel4,Geo30,True,2022-06-06,2022-06-20,3
Channel4,Geo30,False,2022-06-27,2022-06-27,1
Channel4,Geo30,True,2022-07-04,2022-07-18,3
Channel4,Geo30,False,2022-07-25,2022-08-01,2
Channel4,Geo30,True,2022-08-08,2022-08-08,1
Channel4,Geo30,False,2022-08-15,2022-08-15,1
Channel4,Geo30,True,2022-08-22,2022-10-17,9
Channel4,Geo30,False,2022-10-24,2022-10-24,1
Channel4,Geo30,True,2022-10-31,2022-11-14,3
Channel4,Geo30,False,2022-11-21,2022-11-21,1
Channel4,Geo30,True,2022-11-28,2022-12-26,5
Channel4,Geo30,False,2023-01-02,2023-01-02,1
Channel4,Geo30,True,2023-01-09,2023-03-06,9
Channel4,Geo30,False,2023-03-13,2023-03-20,2
Channel4,Geo30,True,2023-03-27,2023-03-27,1
Channel4,Geo30,False,2023-04-03,2023-04-10,2
Channel4,Geo30,True,2023-04-17,2023-05-15,5
Channel4,Geo30,False,2023-05-22,2023-05-22,1
Channel4,Geo30,True,2023-05-29,2023-06-05,2
Channel4,Geo30,False,2023-06-12,2023-06-19,2
Channel4,Geo30,True,2023-06-26,2023-07-03,2
Channel4,Geo30,False,2023-07-10,2023-07-10,1
Channel4,Geo30,True,2023-07-17,2024-01-15,27
Channel4,Geo31,True,2021-01-25,2021-01-25,1
Channel4,Geo31,False,2021-02-01,2021-02-01,1
Channel4,Geo31,True,2021-02-08,2021-05-10,14
Channel4,Geo31,False,2021-05-17,2021-05-24,2
Channel4,Geo31,True,2021-05-31,2021-08-02,10
Channel4,Geo31,False,2021-08-09,2021-08-16,2
Channel4,Geo31,True,2021-08-23,2021-10-11,8
Channel4,Geo31,False,2021-10-18,2021-10-18,1
Channel4,Geo31,True,2021-10-25,2022-01-24,14
Channel4,Geo31,False,2022-01-31,2022-01-31,1
Channel4,Geo31,True,2022-02-07,2022-02-28,4
Channel4,Geo31,False,2022-03-07,2022-03-07,1
Channel4,Geo31,True,2022-03-14,2022-03-21,2
Channel4,Geo31,False,2022-03-28,2022-04-04,2
Channel4,Geo31,True,2022-04-11,2022-04-11,1
Channel4,Geo31,False,2022-04-18,2022-04-18,1
Channel4,Geo31,True,2022-04-25,2022-07-18,13
Channel4,Geo31,False,2022-07-25,2022-07-25,1
Channel4,Geo31,True,2022-08-01,2023-01-30,27
Channel4,Geo31,False,2023-02-06,2023-02-06,1
Channel4,Geo31,True,2023-02-13,2023-05-22,15
Channel4,Geo31,False,2023-05-29,2023-05-29,1
Channel4,Geo31,True,2023-06-05,2023-06-12,2
Channel4,Geo31,False,2023-06-19,2023-06-19,1
Channel4,Geo31,True,2023-06-26,2023-10-09,16
Channel4,Geo31,False,2023-10-16,2023-10-16,1
Channel4,Geo31,True,2023-10-23,2023-12-18,9
Channel4,Geo31,False,2023-12-25,2023-12-25,1
Channel4,Geo31,True,2024-01-01,2024-01-15,3
Channel4,Geo32,True,2021-01-25,2021-02-22,5
Channel4,Geo32,False,2021-03-01,2021-03-01,1
Channel4,Geo32,True,2021-03-08,2021-03-29,4
Channel4,Geo32,False,2021-04-05,2021-04-05,1
Channel4,Geo32,True,2021-04-12,2021-04-19,2
Channel4,Geo32,False,2021-04-26,2021-04-26,1
Channel4,Geo32,True,2021-05-03,2021-05-17,3
Channel4,Geo32,False,2021-05-24,2021-05-24,1
Channel4,Geo32,True,2021-05-31,2021-06-14,3
Channel4,Geo32,False,2021-06-21,2021-06-21,1
Channel4,Geo32,True,2021-06-28,2021-07-12,3
Channel4,Geo32,False,2021-07-19,2021-07-19,1
Channel4,Geo32,True,2021-07-26,2021-08-30,6
Channel4,Geo32,False,2021-09-06,2021-09-06,1
Channel4,Geo32,True,2021-09-13,2021-12-13,14
Channel4,Geo32,False,2021-12-20,2021-12-20,1
Channel4,Geo32,True,2021-12-27,2022-01-17,4
Channel4,Geo32,False,2022-01-24,2022-01-24,1
Channel4,Geo32,True,2022-01-31,2022-01-31,1
Channel4,Geo32,False,2022-02-07,2022-02-14,2
Channel4,Geo32,True,2022-02-21,2022-03-21,5
Channel4,Geo32,False,2022-03-28,2022-03-28,1
Channel4,Geo32,True,2022-04-04,2022-04-11,2
Channel4,Geo32,False,2022-04-18,2022-04-18,1
Channel4,Geo32,True,2022-04-25,2023-01-02,37
Channel4,Geo32,False,2023-01-09,2023-01-09,1
Channel4,Geo32,True,2023-01-16,2023-02-20,6
Channel4,Geo32,False,2023-02-27,2023-02-27,1
Channel4,Geo32,True,2023-03-06,2023-03-06,1
Channel4,Geo32,False,2023-03-13,2023-03-20,2
Channel4,Geo32,True,2023-03-27,2023-05-08,7
Channel4,Geo32,False,2023-05-15,2023-05-15,1
Channel4,Geo32,True,2023-05-22,2023-06-12,4
Channel4,Geo32,False,2023-06-19,2023-06-19,1
Channel4,Geo32,True,2023-06-26,2023-07-03,2
Channel4,Geo32,False,2023-07-10,2023-07-10,1
Channel4,Geo32,True,2023-07-17,2023-09-11,9
Channel4,Geo32,False,2023-09-18,2023-09-18,1
Channel4,Geo32,True,2023-09-25,2023-12-11,12
Channel4,Geo32,False,2023-12-18,2023-12-18,1
Channel4,Geo32,True,2023-12-25,2024-01-08,3
Channel4,Geo32,False,2024-01-15,2024-01-15,1
Channel4,Geo33,True,2021-01-25,2021-02-01,2
Channel4,Geo33,False,2021-02-08,2021-02-08,1
Channel4,Geo33,True,2021-02-15,2021-04-19,10
Channel4,Geo33,False,2021-04-26,2021-04-26,1
Channel4,Geo33,True,2021-05-03,2021-05-10,2
Channel4,Geo33,False,2021-05-17,2021-05-17,1
Channel4,Geo33,True,2021-05-24,2022-01-17,35
Channel4,Geo33,False,2022-01-24,2022-01-24,1
Channel4,Geo33,True,2022-01-31,2022-04-11,11
Channel4,Geo33,False,2022-04-18,2022-04-18,1
Channel4,Geo33,True,2022-04-25,2022-05-16,4
Channel4,Geo33,False,2022-05-23,2022-05-23,1
Channel4,Geo33,True,2022-05-30,2022-06-20,4
Channel4,Geo33,False,2022-06-27,2022-06-27,1
Channel4,Geo33,True,2022-07-04,2022-09-05,10
Channel4,Geo33,False,2022-09-12,2022-09-12,1
Channel4,Geo33,True,2022-09-19,2022-10-17,5
Channel4,Geo33,False,2022-10-24,2022-10-24,1
Channel4,Geo33,True,2022-10-31,2022-11-07,2
Channel4,Geo33,False,2022-11-14,2022-11-14,1
Channel4,Geo33,True,2022-11-21,2023-03-13,17
Channel4,Geo33,False,2023-03-20,2023-03-20,1
Channel4,Geo33,True,2023-03-27,2023-03-27,1
Channel4,Geo33,False,2023-04-03,2023-04-03,1
Channel4,Geo33,True,2023-04-10,2023-05-08,5
Channel4,Geo33,False,2023-05-15,2023-05-15,1
Channel4,Geo33,True,2023-05-22,2023-06-05,3
Channel4,Geo33,False,2023-06-12,2023-06-12,1
Channel4,Geo33,True,2023-06-19,2023-07-03,3
Channel4,Geo33,False,2023-07-10,2023-07-10,1
Channel4,Geo33,True,2023-07-17,2023-10-09,13
Channel4,Geo33,False,2023-10-16,2023-10-16,1
Channel4,Geo33,True,2023-10-23,2023-12-11,8
Channel4,Geo33,False,2023-12-18,2023-12-25,2
Channel4,Geo33,True,2024-01-01,2024-01-15,3
Channel4,Geo34,True,2021-01-25,2021-02-01,2
Channel4,Geo34,False,2021-02-08,2021-02-08,1
Channel4,Geo34,True,2021-02-15,2021-03-01,3
Channel4,Geo34,False,2021-03-08,2021-03-08,1
Channel4,Geo34,True,2021-03-15,2021-06-14,14
Channel4,Geo34,False,2021-06-21,2021-06-21,1
Channel4,Geo34,True,2021-06-28,2021-08-02,6
Channel4,Geo34,False,2021-08-09,2021-08-09,1
Channel4,Geo34,True,2021-08-16,2021-09-27,7
Channel4,Geo34,False,2021-10-04,2021-10-04,1
Channel4,Geo34,True,2021-10-11,2021-11-01,4
Channel4,Geo34,False,2021-11-08,2021-11-08,1
Channel4,Geo34,True,2021-11-15,2022-01-17,10
Channel4,Geo34,False,2022-01-24,2022-02-14,4
Channel4,Geo34,True,2022-02-21,2022-03-14,4
Channel4,Geo34,False,2022-03-21,2022-03-21,1
Channel4,Geo34,True,2022-03-28,2022-04-11,3
Channel4,Geo34,False,2022-04-18,2022-04-18,1
Channel4,Geo34,True,2022-04-25,2022-07-18,13
Channel4,Geo34,False,2022-07-25,2022-07-25,1
Channel4,Geo34,True,2022-08-01,2022-08-29,5
Channel4,Geo34,False,2022-09-05,2022-09-05,1
Channel4,Geo34,True,2022-09-12,2023-02-20,24
Channel4,Geo34,False,2023-02-27,2023-02-27,1
Channel4,Geo34,True,2023-03-06,2023-03-20,3
Channel4,Geo34,False,2023-03-27,2023-03-27,1
Channel4,Geo34,True,2023-04-03,2023-05-15,7
Channel4,Geo34,False,2023-05-22,2023-05-22,1
Channel4,Geo34,True,2023-05-29,2023-06-12,3
Channel4,Geo34,False,2023-06-19,2023-06-19,1
Channel4,Geo34,True,2023-06-26,2023-08-28,10
Channel4,Geo34,False,2023-09-04,2023-09-04,1
Channel4,Geo34,True,2023-09-11,2023-10-09,5
Channel4,Geo34,False,2023-10-16,2023-10-16,1
Channel4,Geo34,True,2023-10-23,2024-01-08,12
Channel4,Geo34,False,2024-01-15,2024-01-15,1
Channel4,Geo35,True,2021-01-25,2022-01-24,53
Channel4,Geo35,False,2022-01-31,2022-01-31,1
Channel4,Geo35,True,2022-02-07,2022-02-07,1
Channel4,Geo35,False,2022-02-14,2022-02-14,1
Channel4,Geo35,True,2022-02-21,2022-03-21,5
Channel4,Geo35,False,2022-03-28,2022-03-28,1
Channel4,Geo35,True,2022-04-04,2022-06-20,12
Channel4,Geo35,False,2022-06-27,2022-06-27,1
Channel4,Geo35,True,2022-07-04,2023-01-23,30
Channel4,Geo35,False,2023-01-30,2023-01-30,1
Channel4,Geo35,True,2023-02-06,2023-02-13,2
Channel4,Geo35,False,2023-02-20,2023-02-20,1
Channel4,Geo35,True,2023-02-27,2023-04-10,7
Channel4,Geo35,False,2023-04-17,2023-04-17,1
Channel4,Geo35,True,2023-04-24,2023-07-03,11
Channel4,Geo35,False,2023-07-10,2023-07-10,1
Channel4,Geo35,True,2023-07-17,2023-12-18,23
Channel4,Geo35,False,2023-12-25,2023-12-25,1
Channel4,Geo35,True,2024-01-01,2024-01-08,2
Channel4,Geo35,False,2024-01-15,2024-01-15,1
Channel4,Geo36,True,2021-01-25,2021-02-22,5
Channel4,Geo36,False,2021-03-01,2021-03-01,1
Channel4,Geo36,True,2021-03-08,2021-04-26,8
Channel4,Geo36,False,2021-05-03,2021-05-03,1
Channel4,Geo36,True,2021-05-10,2021-05-10,1
Channel4,Geo36,False,2021-05-17,2021-05-17,1
Channel4,Geo36,True,2021-05-24,2021-05-31,2
Channel4,Geo36,False,2021-06-07,2021-06-07,1
Channel4,Geo36,True,2021-06-14,2021-06-28,3
Channel4,Geo36,False,2021-07-05,2021-07-05,1
Channel4,Geo36,True,2021-07-12,2021-10-11,14
Channel4,Geo36,False,2021-10-18,2021-10-18,1
Channel4,Geo36,True,2021-10-25,2021-11-01,2
Channel4,Geo36,False,2021-11-08,2021-11-08,1
Channel4,Geo36,True,2021-11-15,2022-01-17,10
Channel4,Geo36,False,2022-01-24,2022-01-24,1
Channel4,Geo36,True,2022-01-31,2022-02-21,4
Channel4,Geo36,False,2022-02-28,2022-02-28,1
Channel4,Geo36,True,2022-03-07,2022-03-21,3
Channel4,Geo36,False,2022-03-28,2022-04-04,2
Channel4,Geo36,True,2022-04-11,2022-04-11,1
Channel4,Geo36,False,2022-04-18,2022-04-18,1
Channel4,Geo36,True,2022-04-25,2022-05-02,2
Channel4,Geo36,False,2022-05-09,2022-05-09,1
Channel4,Geo36,True,2022-05-16,2022-07-18,10
Channel4,Geo36,False,2022-07-25,2022-07-25,1
Channel4,Geo36,True,2022-08-01,2022-08-08,2
Channel4,Geo36,False,2022-08-15,2022-08-15,1
Channel4,Geo36,True,2022-08-22,2022-09-05,3
Channel4,Geo36,False,2022-09-12,2022-09-12,1
Channel4,Geo36,True,2022-09-19,2022-10-24,6
Channel4,Geo36,False,2022-10-31,2022-10-31,1
Channel4,Geo36,True,2022-11-07,2022-12-12,6
Channel4,Geo36,False,2022-12-19,2022-12-19,1
Channel4,Geo36,True,2022-12-26,2023-02-20,9
Channel4,Geo36,False,2023-02-27,2023-02-27,1
Channel4,Geo36,True,2023-03-06,2023-03-06,1
Channel4,Geo36,False,2023-03-13,2023-03-20,2
Channel4,Geo36,True,2023-03-27,2023-05-01,6
Channel4,Geo36,False,2023-05-08,2023-05-15,2
Channel4,Geo36,True,2023-05-22,2023-06-05,3
Channel4,Geo36,False,2023-06-12,2023-06-19,2
Channel4,Geo36,True,2023-06-26,2023-07-17,4
Channel4,Geo36,False,2023-07-24,2023-07-24,1
Channel4,Geo36,True,2023-07-31,2024-01-15,25
Channel4,Geo37,True,2021-01-25,2021-04-12,12
Channel4,Geo37,False,2021-04-19,2021-04-19,1
Channel4,Geo37,True,2021-04-26,2021-05-03,2
Channel4,Geo37,False,2021-05-10,2021-05-10,1
Channel4,Geo37,True,2021-05-17,2021-05-17,1
Channel4,Geo37,False,2021-05-24,2021-05-24,1
Channel4,Geo37,True,2021-05-31,2021-07-12,7
Channel4,Geo37,False,2021-07-19,2021-07-26,2
Channel4,Geo37,True,2021-08-02,2021-08-30,5
Channel4,Geo37,False,2021-09-06,2021-09-06,1
Channel4,Geo37,True,2021-09-13,2021-11-29,12
Channel4,Geo37,False,2021-12-06,2021-12-06,1
Channel4,Geo37,True,2021-12-13,2021-12-13,1
Channel4,Geo37,False,2021-12-20,2021-12-20,1
Channel4,Geo37,True,2021-12-27,2022-02-07,7
Channel4,Geo37,False,2022-02-14,2022-02-14,1
Channel4,Geo37,True,2022-02-21,2022-05-16,13
Channel4,Geo37,False,2022-05-23,2022-05-23,1
Channel4,Geo37,True,2022-05-30,2022-07-11,7
Channel4,Geo37,False,2022-07-18,2022-07-25,2
Channel4,Geo37,True,2022-08-01,2022-08-01,1
Channel4,Geo37,False,2022-08-08,2022-08-08,1
Channel4,Geo37,True,2022-08-15,2022-09-19,6
Channel4,Geo37,False,2022-09-26,2022-09-26,1
Channel4,Geo37,True,2022-10-03,2023-01-23,17
Channel4,Geo37,False,2023-01-30,2023-02-06,2
Channel4,Geo37,True,2023-02-13,2023-03-06,4
Channel4,Geo37,False,2023-03-13,2023-03-20,2
Channel4,Geo37,True,2023-03-27,2023-03-27,1
Channel4,Geo37,False,2023-04-03,2023-04-03,1
Channel4,Geo37,True,2023-04-10,2023-05-08,5
Channel4,Geo37,False,2023-05-15,2023-05-15,1
Channel4,Geo37,True,2023-05-22,2023-05-29,2
Channel4,Geo37,False,2023-06-05,2023-06-05,1
Channel4,Geo37,True,2023-06-12,2023-06-12,1
Channel4,Geo37,False,2023-06-19,2023-06-19,1
Channel4,Geo37,True,2023-06-26,2023-07-03,2
Channel4,Geo37,False,2023-07-10,2023-07-10,1
Channel4,Geo37,True,2023-07-17,2023-09-04,8
Channel4,Geo37,False,2023-09-11,2023-09-11,1
Channel4,Geo37,True,2023-09-18,2024-01-15,18
Channel4,Geo38,True,2021-01-25,2021-02-01,2
Channel4,Geo38,False,2021-02-08,2021-02-08,1
Channel4,Geo38,True,2021-02-15,2021-03-22,6
Channel4,Geo38,False,2021-03-29,2021-03-29,1
Channel4,Geo38,True,2021-04-05,2021-07-12,15
Channel4,Geo38,False,2021-07-19,2021-07-19,1
Channel4,Geo38,True,2021-07-26,2022-01-17,26
Channel4,Geo38,False,2022-01-24,2022-01-24,1
Channel4,Geo38,True,2022-01-31,2022-03-21,8
Channel4,Geo38,False,2022-03-28,2022-03-28,1
Channel4,Geo38,True,2022-04-04,2022-04-04,1
Channel4,Geo38,False,2022-04-11,2022-04-18,2
Channel4,Geo38,True,2022-04-25,2023-01-09,38
Channel4,Geo38,False,2023-01-16,2023-01-16,1
Channel4,Geo38,True,2023-01-23,2023-03-06,7
Channel4,Geo38,False,2023-03-13,2023-03-20,2
Channel4,Geo38,True,2023-03-27,2023-06-12,12
Channel4,Geo38,False,2023-06-19,2023-06-19,1
Channel4,Geo38,True,2023-06-26,2023-07-03,2
Channel4,Geo38,False,2023-07-10,2023-07-10,1
Channel4,Geo38,True,2023-07-17,2023-08-07,4
Channel4,Geo38,False,2023-08-14,2023-08-14,1
Channel4,Geo38,True,2023-08-21,2023-09-18,5
Channel4,Geo38,False,2023-09-25,2023-09-25,1
Channel4,Geo38,True,2023-10-02,2023-12-11,11
Channel4,Geo38,False,2023-12-18,2023-12-18,1
Channel4,Geo38,True,2023-12-25,2024-01-15,4
Channel4,Geo39,True,2021-01-25,2021-02-01,2
Channel4,Geo39,False,2021-02-08,2021-02-08,1
Channel4,Geo39,True,2021-02-15,2021-03-01,3
Channel4,Geo39,False,2021-03-08,2021-03-08,1
Channel4,Geo39,True,2021-03-15,2021-04-19,6
Channel4,Geo39,False,2021-04-26,2021-04-26,1
Channel4,Geo39,True,2021-05-03,2021-05-17,3
Channel4,Geo39,False,2021-05-24,2021-05-24,1
Channel4,Geo39,True,2021-05-31,2021-12-20,30
Channel4,Geo39,False,2021-12-27,2021-12-27,1
Channel4,Geo39,True,2022-01-03,2022-03-14,11
Channel4,Geo39,False,2022-03-21,2022-03-21,1
Channel4,Geo39,True,2022-03-28,2022-03-28,1
Channel4,Geo39,False,2022-04-04,2022-04-04,1
Channel4,Geo39,True,2022-04-11,2022-04-18,2
Channel4,Geo39,False,2022-04-25,2022-05-02,2
Channel4,Geo39,True,2022-05-09,2022-07-25,12
Channel4,Geo39,False,2022-08-01,2022-08-01,1
Channel4,Geo39,True,2022-08-08,2022-08-29,4
Channel4,Geo39,False,2022-09-05,2022-09-05,1
Channel4,Geo39,True,2022-09-12,2022-09-19,2
Channel4,Geo39,False,2022-09-26,2022-09-26,1
Channel4,Geo39,True,2022-10-03,2022-11-21,8
Channel4,Geo39,False,2022-11-28,2022-11-28,1
Channel4,Geo39,True,2022-12-05,2022-12-05,1
Channel4,Geo39,False,2022-12-12,2022-12-12,1
Channel4,Geo39,True,2022-12-19,2023-01-30,7
Channel4,Geo39,False,2023-02-06,2023-02-06,1
Channel4,Geo39,True,2023-02-13,2023-02-27,3
Channel4,Geo39,False,2023-03-06,2023-03-06,1
Channel4,Geo39,True,2023-03-13,2023-03-13,1
Channel4,Geo39,False,2023-03-20,2023-03-20,1
Channel4,Geo39,True,2023-03-27,2023-04-17,4
Channel4,Geo39,False,2023-04-24,2023-04-24,1
Channel4,Geo39,True,2023-05-01,2023-05-08,2
Channel4,Geo39,False,2023-05-15,2023-05-15,1
Channel4,Geo39,True,2023-05-22,2023-06-12,4
Channel4,Geo39,False,2023-06-19,2023-06-19,1
Channel4,Geo39,True,2023-06-26,2023-07-03,2
Channel4,Geo39,False,2023-07-10,2023-07-10,1
Channel4,Geo39,True,2023-07-17,2023-12-18,23
Channel4,Geo39,False,2023-12-25,2023-12-25,1
Channel4,Geo39,True,2024-01-01,2024-01-15,3
Channel4,Geo4,True,2021-01-25,2021-01-25,1
Channel4,Geo4,False,2021-02-01,2021-02-01,1
Channel4,Geo4,True,2021-02-08,2021-05-17,15
Channel4,Geo4,False,2021-05-24,2021-05-24,1
Channel4,Geo4,True,2021-05-31,2021-07-05,6
Channel4,Geo4,False,2021-07-12,2021-07-12,1
Channel4,Geo4,True,2021-07-19,2021-08-02,3
Channel4,Geo4,False,2021-08-09,2021-08-09,1
Channel4,Geo4,True,2021-08-16,2021-10-11,9
Channel4,Geo4,False,2021-10-18,2021-10-18,1
Channel4,Geo4,True,2021-10-25,2021-11-22,5
Channel4,Geo4,False,2021-11-29,2021-11-29,1
Channel4,Geo4,True,2021-12-06,2022-01-03,5
Channel4,Geo4,False,2022-01-10,2022-01-10,1
Channel4,Geo4,True,2022-01-17,2022-01-17,1
Channel4,Geo4,False,2022-01-24,2022-01-24,1
Channel4,Geo4,True,2022-01-31,2022-02-07,2
Channel4,Geo4,False,2022-02-14,2022-02-14,1
Channel4,Geo4,True,2022-02-21,2022-02-28,2
Channel4,Geo4,False,2022-03-07,2022-03-07,1
Channel4,Geo4,True,2022-03-14,2022-03-14,1
Channel4,Geo4,False,2022-03-21,2022-03-21,1
Channel4,Geo4,True,2022-03-28,2022-04-25,5
Channel4,Geo4,False,2022-05-02,2022-05-02,1
Channel4,Geo4,True,2022-05-09,2022-05-09,1
Channel4,Geo4,False,2022-05-16,2022-05-16,1
Channel4,Geo4,True,2022-05-23,2022-05-30,2
Channel4,Geo4,False,2022-06-06,2022-06-06,1
Channel4,Geo4,True,2022-06-13,2022-08-08,9
Channel4,Geo4,False,2022-08-15,2022-08-15,1
Channel4,Geo4,True,2022-08-22,2022-12-05,16
Channel4,Geo4,False,2022-12-12,2022-12-12,1
Channel4,Geo4,True,2022-12-19,2023-01-09,4
Channel4,Geo4,False,2023-01-16,2023-01-16,1
Channel4,Geo4,True,2023-01-23,2023-03-13,8
Channel4,Geo4,False,2023-03-20,2023-03-20,1
Channel4,Geo4,True,2023-03-27,2023-04-17,4
Channel4,Geo4,False,2023-04-24,2023-05-01,2
Channel4,Geo4,True,2023-05-08,2023-05-15,2
Channel4,Geo4,False,2023-05-22,2023-05-22,1
Channel4,Geo4,True,2023-05-29,2023-07-03,6
Channel4,Geo4,False,2023-07-10,2023-07-17,2
Channel4,Geo4,True,2023-07-24,2024-01-15,26
Channel4,Geo5,True,2021-01-25,2021-07-12,25
Channel4,Geo5,False,2021-07-19,2021-07-19,1
Channel4,Geo5,True,2021-07-26,2021-08-30,6
Channel4,Geo5,False,2021-09-06,2021-09-06,1
Channel4,Geo5,True,2021-09-13,2021-10-11,5
Channel4,Geo5,False,2021-10-18,2021-10-18,1
Channel4,Geo5,True,2021-10-25,2022-01-17,13
Channel4,Geo5,False,2022-01-24,2022-01-24,1
Channel4,Geo5,True,2022-01-31,2022-02-07,2
Channel4,Geo5,False,2022-02-14,2022-02-28,3
Channel4,Geo5,True,2022-03-07,2022-03-07,1
Channel4,Geo5,False,2022-03-14,2022-03-14,1
Channel4,Geo5,True,2022-03-21,2022-04-18,5
Channel4,Geo5,False,2022-04-25,2022-04-25,1
Channel4,Geo5,True,2022-05-02,2022-05-09,2
Channel4,Geo5,False,2022-05-16,2022-05-16,1
Channel4,Geo5,True,2022-05-23,2022-06-06,3
Channel4,Geo5,False,2022-06-13,2022-06-20,2
Channel4,Geo5,True,2022-06-27,2022-10-17,17
Channel4,Geo5,False,2022-10-24,2022-10-24,1
Channel4,Geo5,True,2022-10-31,2022-12-12,7
Channel4,Geo5,False,2022-12-19,2022-12-19,1
Channel4,Geo5,True,2022-12-26,2023-01-09,3
Channel4,Geo5,False,2023-01-16,2023-01-16,1
Channel4,Geo5,True,2023-01-23,2023-03-13,8
Channel4,Geo5,False,2023-03-20,2023-03-20,1
Channel4,Geo5,True,2023-03-27,2023-04-03,2
Channel4,Geo5,False,2023-04-10,2023-04-10,1
Channel4,Geo5,True,2023-04-17,2023-04-17,1
Channel4,Geo5,False,2023-04-24,2023-04-24,1
Channel4,Geo5,True,2023-05-01,2023-05-15,3
Channel4,Geo5,False,2023-05-22,2023-05-22,1
Channel4,Geo5,True,2023-05-29,2023-05-29,1
Channel4,Geo5,False,2023-06-05,2023-06-05,1
Channel4,Geo5,True,2023-06-12,2023-07-10,5
Channel4,Geo5,False,2023-07-17,2023-07-17,1
Channel4,Geo5,True,2023-07-24,2024-01-15,26
Channel4,Geo6,True,2021-01-25,2021-02-22,5
Channel4,Geo6,False,2021-03-01,2021-03-01,1
Channel4,Geo6,True,2021-03-08,2021-03-08,1
Channel4,Geo6,False,2021-03-15,2021-03-15,1
Channel4,Geo6,True,2021-03-22,2021-05-10,8
Channel4,Geo6,False,2021-05-17,2021-05-24,2
Channel4,Geo6,True,2021-05-31,2021-07-19,8
Channel4,Geo6,False,2021-07-26,2021-07-26,1
Channel4,Geo6,True,2021-08-02,2021-11-01,14
Channel4,Geo6,False,2021-11-08,2021-11-08,1
Channel4,Geo6,True,2021-11-15,2022-01-17,10
Channel4,Geo6,False,2022-01-24,2022-01-31,2
Channel4,Geo6,True,2022-02-07,2022-04-11,10
Channel4,Geo6,False,2022-04-18,2022-04-18,1
Channel4,Geo6,True,2022-04-25,2022-06-20,9
Channel4,Geo6,False,2022-06-27,2022-06-27,1
Channel4,Geo6,True,2022-07-04,2022-07-18,3
Channel4,Geo6,False,2022-07-25,2022-07-25,1
Channel4,Geo6,True,2022-08-01,2022-10-24,13
Channel4,Geo6,False,2022-10-31,2022-10-31,1
Channel4,Geo6,True,2022-11-07,2023-01-09,10
Channel4,Geo6,False,2023-01-16,2023-01-16,1
Channel4,Geo6,True,2023-01-23,2023-02-20,5
Channel4,Geo6,False,2023-02-27,2023-02-27,1
Channel4,Geo6,True,2023-03-06,2023-03-13,2
Channel4,Geo6,False,2023-03-20,2023-03-20,1
Channel4,Geo6,True,2023-03-27,2023-04-10,3
Channel4,Geo6,False,2023-04-17,2023-04-17,1
Channel4,Geo6,True,2023-04-24,2023-05-08,3
Channel4,Geo6,False,2023-05-15,2023-05-15,1
Channel4,Geo6,True,2023-05-22,2023-08-07,12
Channel4,Geo6,False,2023-08-14,2023-08-14,1
Channel4,Geo6,True,2023-08-21,2023-11-20,14
Channel4,Geo6,False,2023-11-27,2023-11-27,1
Channel4,Geo6,True,2023-12-04,2024-01-15,7
Channel4,Geo7,True,2021-01-25,2021-04-19,13
Channel4,Geo7,False,2021-04-26,2021-05-17,4
Channel4,Geo7,True,2021-05-24,2021-07-05,7
Channel4,Geo7,False,2021-07-12,2021-07-12,1
Channel4,Geo7,True,2021-07-19,2021-11-22,19
Channel4,Geo7,False,2021-11-29,2021-11-29,1
Channel4,Geo7,True,2021-12-06,2022-01-24,8
Channel4,Geo7,False,2022-01-31,2022-01-31,1
Channel4,Geo7,True,2022-02-07,2022-03-28,8
Channel4,Geo7,False,2022-04-04,2022-04-11,2
Channel4,Geo7,True,2022-04-18,2022-04-25,2
Channel4,Geo7,False,2022-05-02,2022-05-02,1
Channel4,Geo7,True,2022-05-09,2022-06-20,7
Channel4,Geo7,False,2022-06-27,2022-06-27,1
Channel4,Geo7,True,2022-07-04,2022-07-18,3
Channel4,Geo7,False,2022-07-25,2022-07-25,1
Channel4,Geo7,True,2022-08-01,2022-10-24,13
Channel4,Geo7,False,2022-10-31,2022-10-31,1
Channel4,Geo7,True,2022-11-07,2022-12-19,7
Channel4,Geo7,False,2022-12-26,2022-12-26,1
Channel4,Geo7,True,2023-01-02,2023-02-27,9
Channel4,Geo7,False,2023-03-06,2023-03-06,1
Channel4,Geo7,True,2023-03-13,2023-03-13,1
Channel4,Geo7,False,2023-03-20,2023-03-20,1
Channel4,Geo7,True,2023-03-27,2023-04-17,4
Channel4,Geo7,False,2023-04-24,2023-04-24,1
Channel4,Geo7,True,2023-05-01,2023-05-08,2
Channel4,Geo7,False,2023-05-15,2023-05-22,2
Channel4,Geo7,True,2023-05-29,2023-05-29,1
Channel4,Geo7,False,2023-06-05,2023-06-12,2
Channel4,Geo7,True,2023-06-19,2023-08-14,9
Channel4,Geo7,False,2023-08-21,2023-08-21,1
Channel4,Geo7,True,2023-08-28,2024-01-15,21
Channel4,Geo8,True,2021-01-25,2021-02-08,3
Channel4,Geo8,False,2021-02-15,2021-02-22,2
Channel4,Geo8,True,2021-03-01,2021-05-10,11
Channel4,Geo8,False,2021-05-17,2021-05-17,1
Channel4,Geo8,True,2021-05-24,2021-07-05,7
Channel4,Geo8,False,2021-07-12,2021-07-12,1
Channel4,Geo8,True,2021-07-19,2021-10-25,15
Channel4,Geo8,False,2021-11-01,2021-11-01,1
Channel4,Geo8,True,2021-11-08,2022-02-21,16
Channel4,Geo8,False,2022-02-28,2022-03-07,2
Channel4,Geo8,True,2022-03-14,2022-04-11,5
Channel4,Geo8,False,2022-04-18,2022-04-18,1
Channel4,Geo8,True,2022-04-25,2022-05-09,3
Channel4,Geo8,False,2022-05-16,2022-05-16,1
Channel4,Geo8,True,2022-05-23,2022-06-06,3
Channel4,Geo8,False,2022-06-13,2022-06-13,1
Channel4,Geo8,True,2022-06-20,2023-01-30,33
Channel4,Geo8,False,2023-02-06,2023-02-06,1
Channel4,Geo8,True,2023-02-13,2023-03-27,7
Channel4,Geo8,False,2023-04-03,2023-04-03,1
Channel4,Geo8,True,2023-04-10,2023-04-17,2
Channel4,Geo8,False,2023-04-24,2023-04-24,1
Channel4,Geo8,True,2023-05-01,2023-05-01,1
Channel4,Geo8,False,2023-05-08,2023-05-15,2
Channel4,Geo8,True,2023-05-22,2023-07-03,7
Channel4,Geo8,False,2023-07-10,2023-07-24,3
Channel4,Geo8,True,2023-07-31,2023-08-07,2
Channel4,Geo8,False,2023-08-14,2023-08-14,1
Channel4,Geo8,True,2023-08-21,2023-08-21,1
Channel4,Geo8,False,2023-08-28,2023-08-28,1
Channel4,Geo8,True,2023-09-04,2023-12-11,15
Channel4,Geo8,False,2023-12-18,2023-12-18,1
Channel4,Geo8,True,2023-12-25,2024-01-15,4
Channel4,Geo9,True,2021-01-25,2021-02-08,3
Channel4,Geo9,False,2021-02-15,2021-02-15,1
Channel4,Geo9,True,2021-02-22,2021-03-22,5
Channel4,Geo9,False,2021-03-29,2021-03-29,1
Channel4,Geo9,True,2021-04-05,2021-05-17,7
Channel4,Geo9,False,2021-05-24,2021-05-24,1
Channel4,Geo9,True,2021-05-31,2021-07-05,6
Channel4,Geo9,False,2021-07-12,2021-07-12,1
Channel4,Geo9,True,2021-07-19,2021-08-09,4
Channel4,Geo9,False,2021-08-16,2021-08-16,1
Channel4,Geo9,True,2021-08-23,2021-09-06,3
Channel4,Geo9,False,2021-09-13,2021-09-13,1
Channel4,Geo9,True,2021-09-20,2021-11-01,7
Channel4,Geo9,False,2021-11-08,2021-11-08,1
Channel4,Geo9,True,2021-11-15,2022-01-17,10
Channel4,Geo9,False,2022-01-24,2022-01-24,1
Channel4,Geo9,True,2022-01-31,2022-02-07,2
Channel4,Geo9,False,2022-02-14,2022-02-14,1
Channel4,Geo9,True,2022-02-21,2022-03-21,5
Channel4,Geo9,False,2022-03-28,2022-04-04,2
Channel4,Geo9,True,2022-04-11,2022-04-11,1
Channel4,Geo9,False,2022-04-18,2022-05-02,3
Channel4,Geo9,True,2022-05-09,2022-05-09,1
Channel4,Geo9,False,2022-05-16,2022-05-16,1
Channel4,Geo9,True,2022-05-23,2022-09-05,16
Channel4,Geo9,False,2022-09-12,2022-09-12,1
Channel4,Geo9,True,2022-09-19,2022-10-17,5
Channel4,Geo9,False,2022-10-24,2022-10-24,1
Channel4,Geo9,True,2022-10-31,2022-12-05,6
Channel4,Geo9,False,2022-12-12,2022-12-12,1
Channel4,Geo9,True,2022-12-19,2022-12-19,1
Channel4,Geo9,False,2022-12-26,2022-12-26,1
Channel4,Geo9,True,2023-01-02,2023-01-30,5
Channel4,Geo9,False,2023-02-06,2023-02-06,1
Channel4,Geo9,True,2023-02-13,2023-03-13,5
Channel4,Geo9,False,2023-03-20,2023-03-20,1
Channel4,Geo9,True,2023-03-27,2023-04-03,2
Channel4,Geo9,False,2023-04-10,2023-04-10,1
Channel4,Geo9,True,2023-04-17,2023-05-15,5
Channel4,Geo9,False,2023-05-22,2023-05-22,1
Channel4,Geo9,True,2023-05-29,2023-07-10,7
Channel4,Geo9,False,2023-07-17,2023-07-17,1
Channel4,Geo9,True,2023-07-24,2023-08-07,3
Channel4,Geo9,False,2023-08-14,2023-08-14,1
Channel4,Geo9,True,2023-08-21,2023-12-11,17
Channel4,Geo9,False,2023-12-18,2023-12-25,2
Channel4,Geo9,True,2024-01-01,2024-01-15,3
