geo,var1,var2,corr_matrix
Geo0,Channel0,Channel0,1.0000000000000002
Geo0,Channel0,Channel1,0.0949867408050372
Geo0,Channel0,Channel2,0.1639005884128069
Geo0,Channel0,Channel3,0.31045365524963836
Geo0,Channel0,Channel4,0.1301792315765062
Geo0,Channel0,Organic_channel0,0.3428646704853626
Geo0,Channel0,competitor_sales_control,0.028828728367130286
Geo0,Channel0,sentiment_score_control,0.40256447367838727
Geo0,Channel0,Promo,0.451706363518686
Geo0,Channel1,Channel0,0.0949867408050372
Geo0,Channel1,Channel1,1.0
Geo0,Channel1,Channel2,0.2673162447565113
Geo0,Channel1,Channel3,0.2787806129455455
Geo0,Channel1,Channel4,0.30700512765625476
Geo0,Channel1,Organic_channel0,0.26284853758348703
Geo0,Channel1,competitor_sales_control,0.17855545182300542
Geo0,Channel1,sentiment_score_control,0.4742303620966738
Geo0,Channel1,Promo,-0.03931252968436487
Geo0,Channel2,Channel0,0.1639005884128069
Geo0,Channel2,Channel1,0.2673162447565113
Geo0,Channel2,Channel2,1.0
Geo0,Channel2,Channel3,0.48849982660015934
Geo0,Channel2,Channel4,0.4463493625007836
Geo0,Channel2,Organic_channel0,0.33540146058308656
Geo0,Channel2,competitor_sales_control,0.47809204453416826
Geo0,Channel2,sentiment_score_control,0.3999159605446446
Geo0,Channel2,Promo,0.1453285630845951
Geo0,Channel3,Channel0,0.31045365524963836
Geo0,Channel3,Channel1,0.2787806129455455
Geo0,Channel3,Channel2,0.48849982660015934
Geo0,Channel3,Channel3,0.9999999999999999
Geo0,Channel3,Channel4,0.4362688087441307
Geo0,Channel3,Organic_channel0,0.4311496830823517
Geo0,Channel3,competitor_sales_control,0.5327578035599785
Geo0,Channel3,sentiment_score_control,0.5210564242721332
Geo0,Channel3,Promo,0.17658396134744897
Geo0,Channel4,Channel0,0.1301792315765062
Geo0,Channel4,Channel1,0.30700512765625476
Geo0,Channel4,Channel2,0.4463493625007836
Geo0,Channel4,Channel3,0.4362688087441307
Geo0,Channel4,Channel4,1.0
Geo0,Channel4,Organic_channel0,0.37213075120609246
Geo0,Channel4,competitor_sales_control,0.5586471572902212
Geo0,Channel4,sentiment_score_control,0.3031255808839165
Geo0,Channel4,Promo,0.12725566370017488
Geo0,Organic_channel0,Channel0,0.3428646704853626
Geo0,Organic_channel0,Channel1,0.26284853758348703
Geo0,Organic_channel0,Channel2,0.33540146058308656
Geo0,Organic_channel0,Channel3,0.4311496830823517
Geo0,Organic_channel0,Channel4,0.37213075120609246
Geo0,Organic_channel0,Organic_channel0,1.0
Geo0,Organic_channel0,competitor_sales_control,0.22681651333687802
Geo0,Organic_channel0,sentiment_score_control,0.5279357846449552
Geo0,Organic_channel0,Promo,0.2988156345833161
Geo0,competitor_sales_control,Channel0,0.028828728367130286
Geo0,competitor_sales_control,Channel1,0.17855545182300542
Geo0,competitor_sales_control,Channel2,0.47809204453416826
Geo0,competitor_sales_control,Channel3,0.5327578035599785
Geo0,competitor_sales_control,Channel4,0.5586471572902212
Geo0,competitor_sales_control,Organic_channel0,0.22681651333687802
Geo0,competitor_sales_control,competitor_sales_control,0.9999999999999999
Geo0,competitor_sales_control,sentiment_score_control,0.09263717466994155
Geo0,competitor_sales_control,Promo,-0.14408466731566802
Geo0,sentiment_score_control,Channel0,0.40256447367838727
Geo0,sentiment_score_control,Channel1,0.4742303620966738
Geo0,sentiment_score_control,Channel2,0.3999159605446446
Geo0,sentiment_score_control,Channel3,0.5210564242721332
Geo0,sentiment_score_control,Channel4,0.3031255808839165
Geo0,sentiment_score_control,Organic_channel0,0.5279357846449552
Geo0,sentiment_score_control,competitor_sales_control,0.09263717466994155
Geo0,sentiment_score_control,sentiment_score_control,1.0000000000000002
Geo0,sentiment_score_control,Promo,0.05175595435541326
Geo0,Promo,Channel0,0.451706363518686
Geo0,Promo,Channel1,-0.03931252968436487
Geo0,Promo,Channel2,0.1453285630845951
Geo0,Promo,Channel3,0.17658396134744897
Geo0,Promo,Channel4,0.12725566370017488
Geo0,Promo,Organic_channel0,0.2988156345833161
Geo0,Promo,competitor_sales_control,-0.14408466731566802
Geo0,Promo,sentiment_score_control,0.05175595435541326
Geo0,Promo,Promo,0.9999999999999999
Geo1,Channel0,Channel0,1.0
Geo1,Channel0,Channel1,0.18654323962252137
Geo1,Channel0,Channel2,0.3075740638950552
Geo1,Channel0,Channel3,0.37459403965490656
Geo1,Channel0,Channel4,0.2914328715717472
Geo1,Channel0,Organic_channel0,0.35213530837494694
Geo1,Channel0,competitor_sales_control,0.06807413554194612
Geo1,Channel0,sentiment_score_control,0.4600361688395476
Geo1,Channel0,Promo,0.43095617455954527
Geo1,Channel1,Channel0,0.18654323962252137
Geo1,Channel1,Channel1,1.0
Geo1,Channel1,Channel2,0.3096035110188185
Geo1,Channel1,Channel3,0.36760589086198164
Geo1,Channel1,Channel4,0.2755480530117997
Geo1,Channel1,Organic_channel0,0.29850953643322653
Geo1,Channel1,competitor_sales_control,0.22801337458336196
Geo1,Channel1,sentiment_score_control,0.48619847043741976
Geo1,Channel1,Promo,0.10838185370237553
Geo1,Channel2,Channel0,0.3075740638950552
Geo1,Channel2,Channel1,0.3096035110188185
Geo1,Channel2,Channel2,1.0
Geo1,Channel2,Channel3,0.5877585529824251
Geo1,Channel2,Channel4,0.5483094754497099
Geo1,Channel2,Organic_channel0,0.5396668969834397
Geo1,Channel2,competitor_sales_control,0.5267376568865573
Geo1,Channel2,sentiment_score_control,0.451455195919839
Geo1,Channel2,Promo,0.27132848319533437
Geo1,Channel3,Channel0,0.37459403965490656
Geo1,Channel3,Channel1,0.36760589086198164
Geo1,Channel3,Channel2,0.5877585529824251
Geo1,Channel3,Channel3,1.0000000000000002
Geo1,Channel3,Channel4,0.5576219388653628
Geo1,Channel3,Organic_channel0,0.5478584339850073
Geo1,Channel3,competitor_sales_control,0.5282607349490742
Geo1,Channel3,sentiment_score_control,0.5711535874987812
Geo1,Channel3,Promo,0.3862070119823419
Geo1,Channel4,Channel0,0.2914328715717472
Geo1,Channel4,Channel1,0.2755480530117997
Geo1,Channel4,Channel2,0.5483094754497099
Geo1,Channel4,Channel3,0.5576219388653628
Geo1,Channel4,Channel4,1.0000000000000002
Geo1,Channel4,Organic_channel0,0.4337380354795657
Geo1,Channel4,competitor_sales_control,0.6328921800048457
Geo1,Channel4,sentiment_score_control,0.30722137783304276
Geo1,Channel4,Promo,0.2981285993361696
Geo1,Organic_channel0,Channel0,0.35213530837494694
Geo1,Organic_channel0,Channel1,0.29850953643322653
Geo1,Organic_channel0,Channel2,0.5396668969834397
Geo1,Organic_channel0,Channel3,0.5478584339850073
Geo1,Organic_channel0,Channel4,0.4337380354795657
Geo1,Organic_channel0,Organic_channel0,0.9999999999999999
Geo1,Organic_channel0,competitor_sales_control,0.2886538700444692
Geo1,Organic_channel0,sentiment_score_control,0.6001169778225981
Geo1,Organic_channel0,Promo,0.34819834917490367
Geo1,competitor_sales_control,Channel0,0.06807413554194612
Geo1,competitor_sales_control,Channel1,0.22801337458336196
Geo1,competitor_sales_control,Channel2,0.5267376568865573
Geo1,competitor_sales_control,Channel3,0.5282607349490742
Geo1,competitor_sales_control,Channel4,0.6328921800048457
Geo1,competitor_sales_control,Organic_channel0,0.2886538700444692
Geo1,competitor_sales_control,competitor_sales_control,0.9999999999999998
Geo1,competitor_sales_control,sentiment_score_control,0.14345642847965645
Geo1,competitor_sales_control,Promo,0.040320394393142
Geo1,sentiment_score_control,Channel0,0.4600361688395476
Geo1,sentiment_score_control,Channel1,0.48619847043741976
Geo1,sentiment_score_control,Channel2,0.451455195919839
Geo1,sentiment_score_control,Channel3,0.5711535874987812
Geo1,sentiment_score_control,Channel4,0.30722137783304276
Geo1,sentiment_score_control,Organic_channel0,0.6001169778225981
Geo1,sentiment_score_control,competitor_sales_control,0.14345642847965645
Geo1,sentiment_score_control,sentiment_score_control,1.0
Geo1,sentiment_score_control,Promo,0.07460873123946138
Geo1,Promo,Channel0,0.43095617455954527
Geo1,Promo,Channel1,0.10838185370237553
Geo1,Promo,Channel2,0.27132848319533437
Geo1,Promo,Channel3,0.3862070119823419
Geo1,Promo,Channel4,0.2981285993361696
Geo1,Promo,Organic_channel0,0.34819834917490367
Geo1,Promo,competitor_sales_control,0.040320394393142
Geo1,Promo,sentiment_score_control,0.07460873123946138
Geo1,Promo,Promo,0.9999999999999999
Geo2,Channel0,Channel0,0.9999999999999999
Geo2,Channel0,Channel1,0.25820598351097934
Geo2,Channel0,Channel2,0.17918825398961113
Geo2,Channel0,Channel3,0.23452619460578483
Geo2,Channel0,Channel4,0.08857268974619835
Geo2,Channel0,Organic_channel0,0.28350664664618935
Geo2,Channel0,competitor_sales_control,-0.13274988977762914
Geo2,Channel0,sentiment_score_control,0.40608661447895233
Geo2,Channel0,Promo,0.2507596038257688
Geo2,Channel1,Channel0,0.25820598351097934
Geo2,Channel1,Channel1,1.0
Geo2,Channel1,Channel2,0.1581599694336798
Geo2,Channel1,Channel3,0.2554894500440844
Geo2,Channel1,Channel4,0.16421143003438193
Geo2,Channel1,Organic_channel0,0.26965072944428725
Geo2,Channel1,competitor_sales_control,0.06061735853695611
Geo2,Channel1,sentiment_score_control,0.4412499492014332
Geo2,Channel1,Promo,0.08791715654955509
Geo2,Channel2,Channel0,0.17918825398961113
Geo2,Channel2,Channel1,0.1581599694336798
Geo2,Channel2,Channel2,1.0
Geo2,Channel2,Channel3,0.5330152816647843
Geo2,Channel2,Channel4,0.4998881109752585
Geo2,Channel2,Organic_channel0,0.3660296694940239
Geo2,Channel2,competitor_sales_control,0.5050371546799263
Geo2,Channel2,sentiment_score_control,0.44223262276382214
Geo2,Channel2,Promo,0.10253049791821116
Geo2,Channel3,Channel0,0.23452619460578483
Geo2,Channel3,Channel1,0.2554894500440844
Geo2,Channel3,Channel2,0.5330152816647843
Geo2,Channel3,Channel3,1.0000000000000002
Geo2,Channel3,Channel4,0.5773509473281477
Geo2,Channel3,Organic_channel0,0.3510653635592214
Geo2,Channel3,competitor_sales_control,0.5738173648266836
Geo2,Channel3,sentiment_score_control,0.41003447610273025
Geo2,Channel3,Promo,0.18593866805475132
Geo2,Channel4,Channel0,0.08857268974619835
Geo2,Channel4,Channel1,0.16421143003438193
Geo2,Channel4,Channel2,0.4998881109752585
Geo2,Channel4,Channel3,0.5773509473281477
Geo2,Channel4,Channel4,1.0
Geo2,Channel4,Organic_channel0,0.39236662636253855
Geo2,Channel4,competitor_sales_control,0.6627980432330991
Geo2,Channel4,sentiment_score_control,0.22011725438058205
Geo2,Channel4,Promo,0.1719043670227537
Geo2,Organic_channel0,Channel0,0.28350664664618935
Geo2,Organic_channel0,Channel1,0.26965072944428725
Geo2,Organic_channel0,Channel2,0.3660296694940239
Geo2,Organic_channel0,Channel3,0.3510653635592214
Geo2,Organic_channel0,Channel4,0.39236662636253855
Geo2,Organic_channel0,Organic_channel0,1.0
Geo2,Organic_channel0,competitor_sales_control,0.20777863131498975
Geo2,Organic_channel0,sentiment_score_control,0.5432158029573338
Geo2,Organic_channel0,Promo,0.23232307338283487
Geo2,competitor_sales_control,Channel0,-0.13274988977762914
Geo2,competitor_sales_control,Channel1,0.06061735853695611
Geo2,competitor_sales_control,Channel2,0.5050371546799263
Geo2,competitor_sales_control,Channel3,0.5738173648266836
Geo2,competitor_sales_control,Channel4,0.6627980432330991
Geo2,competitor_sales_control,Organic_channel0,0.20777863131498975
Geo2,competitor_sales_control,competitor_sales_control,1.0
Geo2,competitor_sales_control,sentiment_score_control,-0.0018987689231042668
Geo2,competitor_sales_control,Promo,-0.059166183013087466
Geo2,sentiment_score_control,Channel0,0.40608661447895233
Geo2,sentiment_score_control,Channel1,0.4412499492014332
Geo2,sentiment_score_control,Channel2,0.44223262276382214
Geo2,sentiment_score_control,Channel3,0.41003447610273025
Geo2,sentiment_score_control,Channel4,0.22011725438058205
Geo2,sentiment_score_control,Organic_channel0,0.5432158029573338
Geo2,sentiment_score_control,competitor_sales_control,-0.0018987689231042668
Geo2,sentiment_score_control,sentiment_score_control,1.0000000000000002
Geo2,sentiment_score_control,Promo,-0.04954527364525482
Geo2,Promo,Channel0,0.2507596038257688
Geo2,Promo,Channel1,0.08791715654955509
Geo2,Promo,Channel2,0.10253049791821116
Geo2,Promo,Channel3,0.18593866805475132
Geo2,Promo,Channel4,0.1719043670227537
Geo2,Promo,Organic_channel0,0.23232307338283487
Geo2,Promo,competitor_sales_control,-0.059166183013087466
Geo2,Promo,sentiment_score_control,-0.04954527364525482
Geo2,Promo,Promo,1.0
Geo3,Channel0,Channel0,1.0
Geo3,Channel0,Channel1,0.3082385384935722
Geo3,Channel0,Channel2,0.33058644381742913
Geo3,Channel0,Channel3,0.3640480146255326
Geo3,Channel0,Channel4,0.19349765459522159
Geo3,Channel0,Organic_channel0,0.3270396070695075
Geo3,Channel0,competitor_sales_control,0.21655585246814452
Geo3,Channel0,sentiment_score_control,0.44103998446592485
Geo3,Channel0,Promo,0.31370814715094647
Geo3,Channel1,Channel0,0.3082385384935722
Geo3,Channel1,Channel1,1.0
Geo3,Channel1,Channel2,0.3293235539529446
Geo3,Channel1,Channel3,0.3257291705258882
Geo3,Channel1,Channel4,0.24496794116961554
Geo3,Channel1,Organic_channel0,0.3061005500937705
Geo3,Channel1,competitor_sales_control,0.2462676149356762
Geo3,Channel1,sentiment_score_control,0.41763216664751807
Geo3,Channel1,Promo,0.09729274575431165
Geo3,Channel2,Channel0,0.33058644381742913
Geo3,Channel2,Channel1,0.3293235539529446
Geo3,Channel2,Channel2,1.0
Geo3,Channel2,Channel3,0.4163609349695349
Geo3,Channel2,Channel4,0.45263604635945925
Geo3,Channel2,Organic_channel0,0.317337430237424
Geo3,Channel2,competitor_sales_control,0.5229668378371137
Geo3,Channel2,sentiment_score_control,0.41410801467833486
Geo3,Channel2,Promo,0.2072709246970521
Geo3,Channel3,Channel0,0.3640480146255326
Geo3,Channel3,Channel1,0.3257291705258882
Geo3,Channel3,Channel2,0.4163609349695349
Geo3,Channel3,Channel3,1.0
Geo3,Channel3,Channel4,0.532850107183144
Geo3,Channel3,Organic_channel0,0.3974072275239484
Geo3,Channel3,competitor_sales_control,0.5588463062700278
Geo3,Channel3,sentiment_score_control,0.5013624023979171
Geo3,Channel3,Promo,0.1709131645643578
Geo3,Channel4,Channel0,0.19349765459522159
Geo3,Channel4,Channel1,0.24496794116961554
Geo3,Channel4,Channel2,0.45263604635945925
Geo3,Channel4,Channel3,0.532850107183144
Geo3,Channel4,Channel4,1.0
Geo3,Channel4,Organic_channel0,0.2938848456969796
Geo3,Channel4,competitor_sales_control,0.6269898223739865
Geo3,Channel4,sentiment_score_control,0.2643181445787704
Geo3,Channel4,Promo,0.17552098213352618
Geo3,Organic_channel0,Channel0,0.3270396070695075
Geo3,Organic_channel0,Channel1,0.3061005500937705
Geo3,Organic_channel0,Channel2,0.317337430237424
Geo3,Organic_channel0,Channel3,0.3974072275239484
Geo3,Organic_channel0,Channel4,0.2938848456969796
Geo3,Organic_channel0,Organic_channel0,0.9999999999999999
Geo3,Organic_channel0,competitor_sales_control,0.2707838448821936
Geo3,Organic_channel0,sentiment_score_control,0.5192738429839747
Geo3,Organic_channel0,Promo,0.17652766256957536
Geo3,competitor_sales_control,Channel0,0.21655585246814452
Geo3,competitor_sales_control,Channel1,0.2462676149356762
Geo3,competitor_sales_control,Channel2,0.5229668378371137
Geo3,competitor_sales_control,Channel3,0.5588463062700278
Geo3,competitor_sales_control,Channel4,0.6269898223739865
Geo3,competitor_sales_control,Organic_channel0,0.2707838448821936
Geo3,competitor_sales_control,competitor_sales_control,1.0
Geo3,competitor_sales_control,sentiment_score_control,0.15623572825125626
Geo3,competitor_sales_control,Promo,0.10924528673859618
Geo3,sentiment_score_control,Channel0,0.44103998446592485
Geo3,sentiment_score_control,Channel1,0.41763216664751807
Geo3,sentiment_score_control,Channel2,0.41410801467833486
Geo3,sentiment_score_control,Channel3,0.5013624023979171
Geo3,sentiment_score_control,Channel4,0.2643181445787704
Geo3,sentiment_score_control,Organic_channel0,0.5192738429839747
Geo3,sentiment_score_control,competitor_sales_control,0.15623572825125626
Geo3,sentiment_score_control,sentiment_score_control,0.9999999999999999
Geo3,sentiment_score_control,Promo,-0.11509872554380592
Geo3,Promo,Channel0,0.31370814715094647
Geo3,Promo,Channel1,0.09729274575431165
Geo3,Promo,Channel2,0.2072709246970521
Geo3,Promo,Channel3,0.1709131645643578
Geo3,Promo,Channel4,0.17552098213352618
Geo3,Promo,Organic_channel0,0.17652766256957536
Geo3,Promo,competitor_sales_control,0.10924528673859618
Geo3,Promo,sentiment_score_control,-0.11509872554380592
Geo3,Promo,Promo,1.0000000000000002
Geo4,Channel0,Channel0,1.0000000000000002
Geo4,Channel0,Channel1,0.28297049610858716
Geo4,Channel0,Channel2,0.3481876277676882
Geo4,Channel0,Channel3,0.39568503161333884
Geo4,Channel0,Channel4,0.2685907937194114
Geo4,Channel0,Organic_channel0,0.2796491548826414
Geo4,Channel0,competitor_sales_control,0.13647325056269452
Geo4,Channel0,sentiment_score_control,0.49027949504822227
Geo4,Channel0,Promo,0.43665335943132055
Geo4,Channel1,Channel0,0.28297049610858716
Geo4,Channel1,Channel1,1.0
Geo4,Channel1,Channel2,0.2259039008442808
Geo4,Channel1,Channel3,0.3068714336963594
Geo4,Channel1,Channel4,0.3026081054413706
Geo4,Channel1,Organic_channel0,0.2596186807197199
Geo4,Channel1,competitor_sales_control,0.1356066508717842
Geo4,Channel1,sentiment_score_control,0.3797253155824055
Geo4,Channel1,Promo,0.19405718222423668
Geo4,Channel2,Channel0,0.3481876277676882
Geo4,Channel2,Channel1,0.2259039008442808
Geo4,Channel2,Channel2,1.0
Geo4,Channel2,Channel3,0.5427162274057945
Geo4,Channel2,Channel4,0.47140903513755233
Geo4,Channel2,Organic_channel0,0.4381551769660401
Geo4,Channel2,competitor_sales_control,0.46990801045675556
Geo4,Channel2,sentiment_score_control,0.44793397277561214
Geo4,Channel2,Promo,0.141532485417277
Geo4,Channel3,Channel0,0.39568503161333884
Geo4,Channel3,Channel1,0.3068714336963594
Geo4,Channel3,Channel2,0.5427162274057945
Geo4,Channel3,Channel3,0.9999999999999998
Geo4,Channel3,Channel4,0.5147970740279483
Geo4,Channel3,Organic_channel0,0.575382339990537
Geo4,Channel3,competitor_sales_control,0.5783234816644159
Geo4,Channel3,sentiment_score_control,0.6238648957614745
Geo4,Channel3,Promo,0.2635128962472984
Geo4,Channel4,Channel0,0.2685907937194114
Geo4,Channel4,Channel1,0.3026081054413706
Geo4,Channel4,Channel2,0.47140903513755233
Geo4,Channel4,Channel3,0.5147970740279483
Geo4,Channel4,Channel4,1.0
Geo4,Channel4,Organic_channel0,0.44621240341335666
Geo4,Channel4,competitor_sales_control,0.686481379827029
Geo4,Channel4,sentiment_score_control,0.42611913647375693
Geo4,Channel4,Promo,0.10737552027999446
Geo4,Organic_channel0,Channel0,0.2796491548826414
Geo4,Organic_channel0,Channel1,0.2596186807197199
Geo4,Organic_channel0,Channel2,0.4381551769660401
Geo4,Organic_channel0,Channel3,0.575382339990537
Geo4,Organic_channel0,Channel4,0.44621240341335666
Geo4,Organic_channel0,Organic_channel0,1.0
Geo4,Organic_channel0,competitor_sales_control,0.4820757721238547
Geo4,Organic_channel0,sentiment_score_control,0.47055696811700176
Geo4,Organic_channel0,Promo,0.2710412019876278
Geo4,competitor_sales_control,Channel0,0.13647325056269452
Geo4,competitor_sales_control,Channel1,0.1356066508717842
Geo4,competitor_sales_control,Channel2,0.46990801045675556
Geo4,competitor_sales_control,Channel3,0.5783234816644159
Geo4,competitor_sales_control,Channel4,0.686481379827029
Geo4,competitor_sales_control,Organic_channel0,0.4820757721238547
Geo4,competitor_sales_control,competitor_sales_control,1.0
Geo4,competitor_sales_control,sentiment_score_control,0.21036185538535512
Geo4,competitor_sales_control,Promo,0.04259188454691909
Geo4,sentiment_score_control,Channel0,0.49027949504822227
Geo4,sentiment_score_control,Channel1,0.3797253155824055
Geo4,sentiment_score_control,Channel2,0.44793397277561214
Geo4,sentiment_score_control,Channel3,0.6238648957614745
Geo4,sentiment_score_control,Channel4,0.42611913647375693
Geo4,sentiment_score_control,Organic_channel0,0.47055696811700176
Geo4,sentiment_score_control,competitor_sales_control,0.21036185538535512
Geo4,sentiment_score_control,sentiment_score_control,0.9999999999999999
Geo4,sentiment_score_control,Promo,0.07756589907174123
Geo4,Promo,Channel0,0.43665335943132055
Geo4,Promo,Channel1,0.19405718222423668
Geo4,Promo,Channel2,0.141532485417277
Geo4,Promo,Channel3,0.2635128962472984
Geo4,Promo,Channel4,0.10737552027999446
Geo4,Promo,Organic_channel0,0.2710412019876278
Geo4,Promo,competitor_sales_control,0.04259188454691909
Geo4,Promo,sentiment_score_control,0.07756589907174123
Geo4,Promo,Promo,1.0
Geo5,Channel0,Channel0,1.0000000000000002
Geo5,Channel0,Channel1,0.3117916428079316
Geo5,Channel0,Channel2,0.37169780875757813
Geo5,Channel0,Channel3,0.3776705500123784
Geo5,Channel0,Channel4,0.25397878539555707
Geo5,Channel0,Organic_channel0,0.4392074030346958
Geo5,Channel0,competitor_sales_control,0.25452462183574576
Geo5,Channel0,sentiment_score_control,0.4766295671384444
Geo5,Channel0,Promo,0.41659470213408223
Geo5,Channel1,Channel0,0.3117916428079316
Geo5,Channel1,Channel1,0.9999999999999998
Geo5,Channel1,Channel2,0.27188761153525237
Geo5,Channel1,Channel3,0.32439883703687805
Geo5,Channel1,Channel4,0.09126499738543445
Geo5,Channel1,Organic_channel0,0.19533487194773555
Geo5,Channel1,competitor_sales_control,0.21139701433894986
Geo5,Channel1,sentiment_score_control,0.3820057439997351
Geo5,Channel1,Promo,0.23598318096615825
Geo5,Channel2,Channel0,0.37169780875757813
Geo5,Channel2,Channel1,0.27188761153525237
Geo5,Channel2,Channel2,0.9999999999999999
Geo5,Channel2,Channel3,0.5306011356089914
Geo5,Channel2,Channel4,0.4868852072752489
Geo5,Channel2,Organic_channel0,0.48294038270653106
Geo5,Channel2,competitor_sales_control,0.5192507257052759
Geo5,Channel2,sentiment_score_control,0.45410064563747893
Geo5,Channel2,Promo,0.3403434375649563
Geo5,Channel3,Channel0,0.3776705500123784
Geo5,Channel3,Channel1,0.32439883703687805
Geo5,Channel3,Channel2,0.5306011356089914
Geo5,Channel3,Channel3,1.0
Geo5,Channel3,Channel4,0.528558526432536
Geo5,Channel3,Organic_channel0,0.49195799127163364
Geo5,Channel3,competitor_sales_control,0.5034658096979184
Geo5,Channel3,sentiment_score_control,0.5301296159971676
Geo5,Channel3,Promo,0.45213047647083937
Geo5,Channel4,Channel0,0.25397878539555707
Geo5,Channel4,Channel1,0.09126499738543445
Geo5,Channel4,Channel2,0.4868852072752489
Geo5,Channel4,Channel3,0.528558526432536
Geo5,Channel4,Channel4,1.0000000000000002
Geo5,Channel4,Organic_channel0,0.44167441701761934
Geo5,Channel4,competitor_sales_control,0.6078642637150641
Geo5,Channel4,sentiment_score_control,0.32139548255311345
Geo5,Channel4,Promo,0.21862010741106055
Geo5,Organic_channel0,Channel0,0.4392074030346958
Geo5,Organic_channel0,Channel1,0.19533487194773555
Geo5,Organic_channel0,Channel2,0.48294038270653106
Geo5,Organic_channel0,Channel3,0.49195799127163364
Geo5,Organic_channel0,Channel4,0.44167441701761934
Geo5,Organic_channel0,Organic_channel0,1.0
Geo5,Organic_channel0,competitor_sales_control,0.36937917082260735
Geo5,Organic_channel0,sentiment_score_control,0.5394861318914156
Geo5,Organic_channel0,Promo,0.39621677391612764
Geo5,competitor_sales_control,Channel0,0.25452462183574576
Geo5,competitor_sales_control,Channel1,0.21139701433894986
Geo5,competitor_sales_control,Channel2,0.5192507257052759
Geo5,competitor_sales_control,Channel3,0.5034658096979184
Geo5,competitor_sales_control,Channel4,0.6078642637150641
Geo5,competitor_sales_control,Organic_channel0,0.36937917082260735
Geo5,competitor_sales_control,competitor_sales_control,0.9999999999999998
Geo5,competitor_sales_control,sentiment_score_control,0.18215796538912324
Geo5,competitor_sales_control,Promo,0.048640790872021916
Geo5,sentiment_score_control,Channel0,0.4766295671384444
Geo5,sentiment_score_control,Channel1,0.3820057439997351
Geo5,sentiment_score_control,Channel2,0.45410064563747893
Geo5,sentiment_score_control,Channel3,0.5301296159971676
Geo5,sentiment_score_control,Channel4,0.32139548255311345
Geo5,sentiment_score_control,Organic_channel0,0.5394861318914156
Geo5,sentiment_score_control,competitor_sales_control,0.18215796538912324
Geo5,sentiment_score_control,sentiment_score_control,1.0
Geo5,sentiment_score_control,Promo,0.2912213227940124
Geo5,Promo,Channel0,0.41659470213408223
Geo5,Promo,Channel1,0.23598318096615825
Geo5,Promo,Channel2,0.3403434375649563
Geo5,Promo,Channel3,0.45213047647083937
Geo5,Promo,Channel4,0.21862010741106055
Geo5,Promo,Organic_channel0,0.39621677391612764
Geo5,Promo,competitor_sales_control,0.048640790872021916
Geo5,Promo,sentiment_score_control,0.2912213227940124
Geo5,Promo,Promo,1.0
Geo6,Channel0,Channel0,1.0000000000000002
Geo6,Channel0,Channel1,0.23641217547025062
Geo6,Channel0,Channel2,0.15841036382171914
Geo6,Channel0,Channel3,0.32941887018841176
Geo6,Channel0,Channel4,0.08175150803560204
Geo6,Channel0,Organic_channel0,0.33284479065221556
Geo6,Channel0,competitor_sales_control,-0.02639473202230376
Geo6,Channel0,sentiment_score_control,0.5044582902932909
Geo6,Channel0,Promo,0.3744293219136914
Geo6,Channel1,Channel0,0.23641217547025062
Geo6,Channel1,Channel1,1.0
Geo6,Channel1,Channel2,0.39143582772089797
Geo6,Channel1,Channel3,0.46163370486431204
Geo6,Channel1,Channel4,0.2883389616330792
Geo6,Channel1,Organic_channel0,0.291305772469025
Geo6,Channel1,competitor_sales_control,0.37359265462729224
Geo6,Channel1,sentiment_score_control,0.46854129438304126
Geo6,Channel1,Promo,0.013564739717556345
Geo6,Channel2,Channel0,0.15841036382171914
Geo6,Channel2,Channel1,0.39143582772089797
Geo6,Channel2,Channel2,1.0000000000000002
Geo6,Channel2,Channel3,0.5442661231715238
Geo6,Channel2,Channel4,0.47256340847389094
Geo6,Channel2,Organic_channel0,0.363616336304005
Geo6,Channel2,competitor_sales_control,0.5190830531623423
Geo6,Channel2,sentiment_score_control,0.36539423002386867
Geo6,Channel2,Promo,0.136771484786472
Geo6,Channel3,Channel0,0.32941887018841176
Geo6,Channel3,Channel1,0.46163370486431204
Geo6,Channel3,Channel2,0.5442661231715238
Geo6,Channel3,Channel3,1.0
Geo6,Channel3,Channel4,0.5096275099379359
Geo6,Channel3,Organic_channel0,0.3537427440884731
Geo6,Channel3,competitor_sales_control,0.5666089298994688
Geo6,Channel3,sentiment_score_control,0.5494348331083019
Geo6,Channel3,Promo,0.14920544960687698
Geo6,Channel4,Channel0,0.08175150803560204
Geo6,Channel4,Channel1,0.2883389616330792
Geo6,Channel4,Channel2,0.47256340847389094
Geo6,Channel4,Channel3,0.5096275099379359
Geo6,Channel4,Channel4,1.0000000000000002
Geo6,Channel4,Organic_channel0,0.21267402028857912
Geo6,Channel4,competitor_sales_control,0.6015031815558831
Geo6,Channel4,sentiment_score_control,0.21752460987218825
Geo6,Channel4,Promo,0.13066801465347483
Geo6,Organic_channel0,Channel0,0.33284479065221556
Geo6,Organic_channel0,Channel1,0.291305772469025
Geo6,Organic_channel0,Channel2,0.363616336304005
Geo6,Organic_channel0,Channel3,0.3537427440884731
Geo6,Organic_channel0,Channel4,0.21267402028857912
Geo6,Organic_channel0,Organic_channel0,0.9999999999999999
Geo6,Organic_channel0,competitor_sales_control,0.17510337460160136
Geo6,Organic_channel0,sentiment_score_control,0.4540352893023468
Geo6,Organic_channel0,Promo,0.24770293424750606
Geo6,competitor_sales_control,Channel0,-0.02639473202230376
Geo6,competitor_sales_control,Channel1,0.37359265462729224
Geo6,competitor_sales_control,Channel2,0.5190830531623423
Geo6,competitor_sales_control,Channel3,0.5666089298994688
Geo6,competitor_sales_control,Channel4,0.6015031815558831
Geo6,competitor_sales_control,Organic_channel0,0.17510337460160136
Geo6,competitor_sales_control,competitor_sales_control,1.0
Geo6,competitor_sales_control,sentiment_score_control,0.08469184030849652
Geo6,competitor_sales_control,Promo,-0.07093342514520719
Geo6,sentiment_score_control,Channel0,0.5044582902932909
Geo6,sentiment_score_control,Channel1,0.46854129438304126
Geo6,sentiment_score_control,Channel2,0.36539423002386867
Geo6,sentiment_score_control,Channel3,0.5494348331083019
Geo6,sentiment_score_control,Channel4,0.21752460987218825
Geo6,sentiment_score_control,Organic_channel0,0.4540352893023468
Geo6,sentiment_score_control,competitor_sales_control,0.08469184030849652
Geo6,sentiment_score_control,sentiment_score_control,1.0000000000000002
Geo6,sentiment_score_control,Promo,0.04752736300152318
Geo6,Promo,Channel0,0.3744293219136914
Geo6,Promo,Channel1,0.013564739717556345
Geo6,Promo,Channel2,0.136771484786472
Geo6,Promo,Channel3,0.14920544960687698
Geo6,Promo,Channel4,0.13066801465347483
Geo6,Promo,Organic_channel0,0.24770293424750606
Geo6,Promo,competitor_sales_control,-0.07093342514520719
Geo6,Promo,sentiment_score_control,0.04752736300152318
Geo6,Promo,Promo,1.0000000000000002
Geo7,Channel0,Channel0,0.9999999999999998
Geo7,Channel0,Channel1,0.1914573226769284
Geo7,Channel0,Channel2,0.2455482445511177
Geo7,Channel0,Channel3,0.3185089541325825
Geo7,Channel0,Channel4,0.1848463634688689
Geo7,Channel0,Organic_channel0,0.2628350316667792
Geo7,Channel0,competitor_sales_control,0.04149834684481788
Geo7,Channel0,sentiment_score_control,0.43022338552014217
Geo7,Channel0,Promo,0.32809138790535275
Geo7,Channel1,Channel0,0.1914573226769284
Geo7,Channel1,Channel1,1.0
Geo7,Channel1,Channel2,0.25002054904701004
Geo7,Channel1,Channel3,0.39978257402544987
Geo7,Channel1,Channel4,0.3252239359684271
Geo7,Channel1,Organic_channel0,0.304930305681618
Geo7,Channel1,competitor_sales_control,0.23608505443553782
Geo7,Channel1,sentiment_score_control,0.47060052783434564
Geo7,Channel1,Promo,0.15187061410809527
Geo7,Channel2,Channel0,0.2455482445511177
Geo7,Channel2,Channel1,0.25002054904701004
Geo7,Channel2,Channel2,1.0
Geo7,Channel2,Channel3,0.41243681840190977
Geo7,Channel2,Channel4,0.5781804840419276
Geo7,Channel2,Organic_channel0,0.3538568406311556
Geo7,Channel2,competitor_sales_control,0.476854610565054
Geo7,Channel2,sentiment_score_control,0.41279156883549395
Geo7,Channel2,Promo,0.30524903486696525
Geo7,Channel3,Channel0,0.3185089541325825
Geo7,Channel3,Channel1,0.39978257402544987
Geo7,Channel3,Channel2,0.41243681840190977
Geo7,Channel3,Channel3,1.0
Geo7,Channel3,Channel4,0.5202720802790222
Geo7,Channel3,Organic_channel0,0.45262420333908876
Geo7,Channel3,competitor_sales_control,0.5191114592654194
Geo7,Channel3,sentiment_score_control,0.6356493594883512
Geo7,Channel3,Promo,0.2736333105748802
Geo7,Channel4,Channel0,0.1848463634688689
Geo7,Channel4,Channel1,0.3252239359684271
Geo7,Channel4,Channel2,0.5781804840419276
Geo7,Channel4,Channel3,0.5202720802790222
Geo7,Channel4,Channel4,1.0
Geo7,Channel4,Organic_channel0,0.34153345602024077
Geo7,Channel4,competitor_sales_control,0.6201171359257897
Geo7,Channel4,sentiment_score_control,0.3828946469651576
Geo7,Channel4,Promo,0.18964814918064204
Geo7,Organic_channel0,Channel0,0.2628350316667792
Geo7,Organic_channel0,Channel1,0.304930305681618
Geo7,Organic_channel0,Channel2,0.3538568406311556
Geo7,Organic_channel0,Channel3,0.45262420333908876
Geo7,Organic_channel0,Channel4,0.34153345602024077
Geo7,Organic_channel0,Organic_channel0,1.0000000000000002
Geo7,Organic_channel0,competitor_sales_control,0.2332699236720899
Geo7,Organic_channel0,sentiment_score_control,0.5340852240320054
Geo7,Organic_channel0,Promo,0.2753096687573535
Geo7,competitor_sales_control,Channel0,0.04149834684481788
Geo7,competitor_sales_control,Channel1,0.23608505443553782
Geo7,competitor_sales_control,Channel2,0.476854610565054
Geo7,competitor_sales_control,Channel3,0.5191114592654194
Geo7,competitor_sales_control,Channel4,0.6201171359257897
Geo7,competitor_sales_control,Organic_channel0,0.2332699236720899
Geo7,competitor_sales_control,competitor_sales_control,1.0
Geo7,competitor_sales_control,sentiment_score_control,0.1197262741279461
Geo7,competitor_sales_control,Promo,0.1185710811131314
Geo7,sentiment_score_control,Channel0,0.43022338552014217
Geo7,sentiment_score_control,Channel1,0.47060052783434564
Geo7,sentiment_score_control,Channel2,0.41279156883549395
Geo7,sentiment_score_control,Channel3,0.6356493594883512
Geo7,sentiment_score_control,Channel4,0.3828946469651576
Geo7,sentiment_score_control,Organic_channel0,0.5340852240320054
Geo7,sentiment_score_control,competitor_sales_control,0.1197262741279461
Geo7,sentiment_score_control,sentiment_score_control,0.9999999999999999
Geo7,sentiment_score_control,Promo,0.1243600404312117
Geo7,Promo,Channel0,0.32809138790535275
Geo7,Promo,Channel1,0.15187061410809527
Geo7,Promo,Channel2,0.30524903486696525
Geo7,Promo,Channel3,0.2736333105748802
Geo7,Promo,Channel4,0.18964814918064204
Geo7,Promo,Organic_channel0,0.2753096687573535
Geo7,Promo,competitor_sales_control,0.1185710811131314
Geo7,Promo,sentiment_score_control,0.1243600404312117
Geo7,Promo,Promo,1.0
Geo8,Channel0,Channel0,1.0000000000000002
Geo8,Channel0,Channel1,0.14836395136768596
Geo8,Channel0,Channel2,0.22670291920506394
Geo8,Channel0,Channel3,0.3568749002681175
Geo8,Channel0,Channel4,0.19409113086947888
Geo8,Channel0,Organic_channel0,0.4029663868781453
Geo8,Channel0,competitor_sales_control,0.05448967840390832
Geo8,Channel0,sentiment_score_control,0.40644525101396084
Geo8,Channel0,Promo,0.546519952104063
Geo8,Channel1,Channel0,0.14836395136768596
Geo8,Channel1,Channel1,1.0
Geo8,Channel1,Channel2,0.34352216987377254
Geo8,Channel1,Channel3,0.35820509158757524
Geo8,Channel1,Channel4,0.15291534774914609
Geo8,Channel1,Organic_channel0,0.2689787831267246
Geo8,Channel1,competitor_sales_control,0.19605377621738054
Geo8,Channel1,sentiment_score_control,0.39706281644609914
Geo8,Channel1,Promo,0.10129817390546415
Geo8,Channel2,Channel0,0.22670291920506394
Geo8,Channel2,Channel1,0.34352216987377254
Geo8,Channel2,Channel2,0.9999999999999999
Geo8,Channel2,Channel3,0.5469017488203669
Geo8,Channel2,Channel4,0.49559018840046115
Geo8,Channel2,Organic_channel0,0.41686321190542963
Geo8,Channel2,competitor_sales_control,0.5364942286270428
Geo8,Channel2,sentiment_score_control,0.3950680593609042
Geo8,Channel2,Promo,0.21015037498672953
Geo8,Channel3,Channel0,0.3568749002681175
Geo8,Channel3,Channel1,0.35820509158757524
Geo8,Channel3,Channel2,0.5469017488203669
Geo8,Channel3,Channel3,1.0
Geo8,Channel3,Channel4,0.5355270047801379
Geo8,Channel3,Organic_channel0,0.5495267510777565
Geo8,Channel3,competitor_sales_control,0.5953474223733076
Geo8,Channel3,sentiment_score_control,0.4996373650451665
Geo8,Channel3,Promo,0.3807682213985904
Geo8,Channel4,Channel0,0.19409113086947888
Geo8,Channel4,Channel1,0.15291534774914609
Geo8,Channel4,Channel2,0.49559018840046115
Geo8,Channel4,Channel3,0.5355270047801379
Geo8,Channel4,Channel4,0.9999999999999999
Geo8,Channel4,Organic_channel0,0.38385413607628976
Geo8,Channel4,competitor_sales_control,0.5882216207329465
Geo8,Channel4,sentiment_score_control,0.31295703210499376
Geo8,Channel4,Promo,0.30554147863043657
Geo8,Organic_channel0,Channel0,0.4029663868781453
Geo8,Organic_channel0,Channel1,0.2689787831267246
Geo8,Organic_channel0,Channel2,0.41686321190542963
Geo8,Organic_channel0,Channel3,0.5495267510777565
Geo8,Organic_channel0,Channel4,0.38385413607628976
Geo8,Organic_channel0,Organic_channel0,1.0
Geo8,Organic_channel0,competitor_sales_control,0.26073372604129197
Geo8,Organic_channel0,sentiment_score_control,0.5690295971792728
Geo8,Organic_channel0,Promo,0.40008130297693395
Geo8,competitor_sales_control,Channel0,0.05448967840390832
Geo8,competitor_sales_control,Channel1,0.19605377621738054
Geo8,competitor_sales_control,Channel2,0.5364942286270428
Geo8,competitor_sales_control,Channel3,0.5953474223733076
Geo8,competitor_sales_control,Channel4,0.5882216207329465
Geo8,competitor_sales_control,Organic_channel0,0.26073372604129197
Geo8,competitor_sales_control,competitor_sales_control,0.9999999999999998
Geo8,competitor_sales_control,sentiment_score_control,0.05142719151968637
Geo8,competitor_sales_control,Promo,0.13907513606720123
Geo8,sentiment_score_control,Channel0,0.40644525101396084
Geo8,sentiment_score_control,Channel1,0.39706281644609914
Geo8,sentiment_score_control,Channel2,0.3950680593609042
Geo8,sentiment_score_control,Channel3,0.4996373650451665
Geo8,sentiment_score_control,Channel4,0.31295703210499376
Geo8,sentiment_score_control,Organic_channel0,0.5690295971792728
Geo8,sentiment_score_control,competitor_sales_control,0.05142719151968637
Geo8,sentiment_score_control,sentiment_score_control,1.0
Geo8,sentiment_score_control,Promo,0.11447860564526308
Geo8,Promo,Channel0,0.546519952104063
Geo8,Promo,Channel1,0.10129817390546415
Geo8,Promo,Channel2,0.21015037498672953
Geo8,Promo,Channel3,0.3807682213985904
Geo8,Promo,Channel4,0.30554147863043657
Geo8,Promo,Organic_channel0,0.40008130297693395
Geo8,Promo,competitor_sales_control,0.13907513606720123
Geo8,Promo,sentiment_score_control,0.11447860564526308
Geo8,Promo,Promo,0.9999999999999999
Geo9,Channel0,Channel0,1.0
Geo9,Channel0,Channel1,0.2477766595933927
Geo9,Channel0,Channel2,0.34102322325948575
Geo9,Channel0,Channel3,0.384366520285328
Geo9,Channel0,Channel4,0.32550521306037855
Geo9,Channel0,Organic_channel0,0.400874287272715
Geo9,Channel0,competitor_sales_control,0.22234653534508664
Geo9,Channel0,sentiment_score_control,0.36501664751282187
Geo9,Channel0,Promo,0.3581826517480058
Geo9,Channel1,Channel0,0.2477766595933927
Geo9,Channel1,Channel1,1.0
Geo9,Channel1,Channel2,0.3330410987338382
Geo9,Channel1,Channel3,0.2842630020085664
Geo9,Channel1,Channel4,0.3142820486256341
Geo9,Channel1,Organic_channel0,0.36185126774815723
Geo9,Channel1,competitor_sales_control,0.24654836886857937
Geo9,Channel1,sentiment_score_control,0.3757111208397153
Geo9,Channel1,Promo,0.1613916126515895
Geo9,Channel2,Channel0,0.34102322325948575
Geo9,Channel2,Channel1,0.3330410987338382
Geo9,Channel2,Channel2,1.0
Geo9,Channel2,Channel3,0.5862304321540063
Geo9,Channel2,Channel4,0.5743022009826977
Geo9,Channel2,Organic_channel0,0.4544881372799957
Geo9,Channel2,competitor_sales_control,0.6016265383623849
Geo9,Channel2,sentiment_score_control,0.4519592942849472
Geo9,Channel2,Promo,0.2934378815574863
Geo9,Channel3,Channel0,0.384366520285328
Geo9,Channel3,Channel1,0.2842630020085664
Geo9,Channel3,Channel2,0.5862304321540063
Geo9,Channel3,Channel3,1.0
Geo9,Channel3,Channel4,0.5938368021661694
Geo9,Channel3,Organic_channel0,0.43949584534930997
Geo9,Channel3,competitor_sales_control,0.6352234230131615
Geo9,Channel3,sentiment_score_control,0.5420875634341237
Geo9,Channel3,Promo,0.39986567846328996
Geo9,Channel4,Channel0,0.32550521306037855
Geo9,Channel4,Channel1,0.3142820486256341
Geo9,Channel4,Channel2,0.5743022009826977
Geo9,Channel4,Channel3,0.5938368021661694
Geo9,Channel4,Channel4,1.0
Geo9,Channel4,Organic_channel0,0.4269537729864446
Geo9,Channel4,competitor_sales_control,0.6665309806829457
Geo9,Channel4,sentiment_score_control,0.35872289442123034
Geo9,Channel4,Promo,0.2697641533071463
Geo9,Organic_channel0,Channel0,0.400874287272715
Geo9,Organic_channel0,Channel1,0.36185126774815723
Geo9,Organic_channel0,Channel2,0.4544881372799957
Geo9,Organic_channel0,Channel3,0.43949584534930997
Geo9,Organic_channel0,Channel4,0.4269537729864446
Geo9,Organic_channel0,Organic_channel0,1.0
Geo9,Organic_channel0,competitor_sales_control,0.32016110647530954
Geo9,Organic_channel0,sentiment_score_control,0.4641728419511063
Geo9,Organic_channel0,Promo,0.3984257324902684
Geo9,competitor_sales_control,Channel0,0.22234653534508664
Geo9,competitor_sales_control,Channel1,0.24654836886857937
Geo9,competitor_sales_control,Channel2,0.6016265383623849
Geo9,competitor_sales_control,Channel3,0.6352234230131615
Geo9,competitor_sales_control,Channel4,0.6665309806829457
Geo9,competitor_sales_control,Organic_channel0,0.32016110647530954
Geo9,competitor_sales_control,competitor_sales_control,0.9999999999999998
Geo9,competitor_sales_control,sentiment_score_control,0.22902160617222336
Geo9,competitor_sales_control,Promo,0.20088482363948815
Geo9,sentiment_score_control,Channel0,0.36501664751282187
Geo9,sentiment_score_control,Channel1,0.3757111208397153
Geo9,sentiment_score_control,Channel2,0.4519592942849472
Geo9,sentiment_score_control,Channel3,0.5420875634341237
Geo9,sentiment_score_control,Channel4,0.35872289442123034
Geo9,sentiment_score_control,Organic_channel0,0.4641728419511063
Geo9,sentiment_score_control,competitor_sales_control,0.22902160617222336
Geo9,sentiment_score_control,sentiment_score_control,1.0000000000000002
Geo9,sentiment_score_control,Promo,0.01623937241793956
Geo9,Promo,Channel0,0.3581826517480058
Geo9,Promo,Channel1,0.1613916126515895
Geo9,Promo,Channel2,0.2934378815574863
Geo9,Promo,Channel3,0.39986567846328996
Geo9,Promo,Channel4,0.2697641533071463
Geo9,Promo,Organic_channel0,0.3984257324902684
Geo9,Promo,competitor_sales_control,0.20088482363948815
Geo9,Promo,sentiment_score_control,0.01623937241793956
Geo9,Promo,Promo,1.0000000000000002
Geo10,Channel0,Channel0,0.9999999999999999
Geo10,Channel0,Channel1,0.16822978103619357
Geo10,Channel0,Channel2,0.2808427803677935
Geo10,Channel0,Channel3,0.36556020366711073
Geo10,Channel0,Channel4,0.19546826861294556
Geo10,Channel0,Organic_channel0,0.37730108042754706
Geo10,Channel0,competitor_sales_control,0.11123839358822908
Geo10,Channel0,sentiment_score_control,0.3967299627938581
Geo10,Channel0,Promo,0.47328207046247445
Geo10,Channel1,Channel0,0.16822978103619357
Geo10,Channel1,Channel1,1.0
Geo10,Channel1,Channel2,0.27535861892381647
Geo10,Channel1,Channel3,0.3012854952160408
Geo10,Channel1,Channel4,0.3525494340347929
Geo10,Channel1,Organic_channel0,0.2778397072903658
Geo10,Channel1,competitor_sales_control,0.27324069696595543
Geo10,Channel1,sentiment_score_control,0.36840585721039765
Geo10,Channel1,Promo,0.07199397080152013
Geo10,Channel2,Channel0,0.2808427803677935
Geo10,Channel2,Channel1,0.27535861892381647
Geo10,Channel2,Channel2,0.9999999999999998
Geo10,Channel2,Channel3,0.5024424561245077
Geo10,Channel2,Channel4,0.45375658986764533
Geo10,Channel2,Organic_channel0,0.40955117605014957
Geo10,Channel2,competitor_sales_control,0.4663593436536599
Geo10,Channel2,sentiment_score_control,0.3641198185126126
Geo10,Channel2,Promo,0.3060296976678012
Geo10,Channel3,Channel0,0.36556020366711073
Geo10,Channel3,Channel1,0.3012854952160408
Geo10,Channel3,Channel2,0.5024424561245077
Geo10,Channel3,Channel3,1.0000000000000002
Geo10,Channel3,Channel4,0.4637633240311356
Geo10,Channel3,Organic_channel0,0.512646502611961
Geo10,Channel3,competitor_sales_control,0.563790077449784
Geo10,Channel3,sentiment_score_control,0.4579437723311855
Geo10,Channel3,Promo,0.33482137475577467
Geo10,Channel4,Channel0,0.19546826861294556
Geo10,Channel4,Channel1,0.3525494340347929
Geo10,Channel4,Channel2,0.45375658986764533
Geo10,Channel4,Channel3,0.4637633240311356
Geo10,Channel4,Channel4,1.0000000000000002
Geo10,Channel4,Organic_channel0,0.22448226349091704
Geo10,Channel4,competitor_sales_control,0.6367961262512201
Geo10,Channel4,sentiment_score_control,0.2305927139156134
Geo10,Channel4,Promo,0.2698201620574959
Geo10,Organic_channel0,Channel0,0.37730108042754706
Geo10,Organic_channel0,Channel1,0.2778397072903658
Geo10,Organic_channel0,Channel2,0.40955117605014957
Geo10,Organic_channel0,Channel3,0.512646502611961
Geo10,Organic_channel0,Channel4,0.22448226349091704
Geo10,Organic_channel0,Organic_channel0,1.0
Geo10,Organic_channel0,competitor_sales_control,0.18958507297349192
Geo10,Organic_channel0,sentiment_score_control,0.39276607872963865
Geo10,Organic_channel0,Promo,0.47797374025355654
Geo10,competitor_sales_control,Channel0,0.11123839358822908
Geo10,competitor_sales_control,Channel1,0.27324069696595543
Geo10,competitor_sales_control,Channel2,0.4663593436536599
Geo10,competitor_sales_control,Channel3,0.563790077449784
Geo10,competitor_sales_control,Channel4,0.6367961262512201
Geo10,competitor_sales_control,Organic_channel0,0.18958507297349192
Geo10,competitor_sales_control,competitor_sales_control,1.0
Geo10,competitor_sales_control,sentiment_score_control,0.059918069348464914
Geo10,competitor_sales_control,Promo,0.10715725878839465
Geo10,sentiment_score_control,Channel0,0.3967299627938581
Geo10,sentiment_score_control,Channel1,0.36840585721039765
Geo10,sentiment_score_control,Channel2,0.3641198185126126
Geo10,sentiment_score_control,Channel3,0.4579437723311855
Geo10,sentiment_score_control,Channel4,0.2305927139156134
Geo10,sentiment_score_control,Organic_channel0,0.39276607872963865
Geo10,sentiment_score_control,competitor_sales_control,0.059918069348464914
Geo10,sentiment_score_control,sentiment_score_control,1.0
Geo10,sentiment_score_control,Promo,0.03507668581500807
Geo10,Promo,Channel0,0.47328207046247445
Geo10,Promo,Channel1,0.07199397080152013
Geo10,Promo,Channel2,0.3060296976678012
Geo10,Promo,Channel3,0.33482137475577467
Geo10,Promo,Channel4,0.2698201620574959
Geo10,Promo,Organic_channel0,0.47797374025355654
Geo10,Promo,competitor_sales_control,0.10715725878839465
Geo10,Promo,sentiment_score_control,0.03507668581500807
Geo10,Promo,Promo,0.9999999999999998
Geo11,Channel0,Channel0,0.9999999999999998
Geo11,Channel0,Channel1,0.14611376048908964
Geo11,Channel0,Channel2,0.2670322243018013
Geo11,Channel0,Channel3,0.3332026983846793
Geo11,Channel0,Channel4,0.2609719732132319
Geo11,Channel0,Organic_channel0,0.3390319357757213
Geo11,Channel0,competitor_sales_control,0.12285455493316638
Geo11,Channel0,sentiment_score_control,0.36044314384977055
Geo11,Channel0,Promo,0.3764582154450509
Geo11,Channel1,Channel0,0.14611376048908964
Geo11,Channel1,Channel1,1.0000000000000002
Geo11,Channel1,Channel2,0.16299915245762794
Geo11,Channel1,Channel3,0.24245023275752914
Geo11,Channel1,Channel4,0.1994899944099089
Geo11,Channel1,Organic_channel0,0.13215313968293985
Geo11,Channel1,competitor_sales_control,0.28376153619964484
Geo11,Channel1,sentiment_score_control,0.19123542440647592
Geo11,Channel1,Promo,0.22514274784095603
Geo11,Channel2,Channel0,0.2670322243018013
Geo11,Channel2,Channel1,0.16299915245762794
Geo11,Channel2,Channel2,1.0
Geo11,Channel2,Channel3,0.49916259851862566
Geo11,Channel2,Channel4,0.4795281893453208
Geo11,Channel2,Organic_channel0,0.36184304813882096
Geo11,Channel2,competitor_sales_control,0.49969927497315214
Geo11,Channel2,sentiment_score_control,0.36297821582810486
Geo11,Channel2,Promo,0.29614144955904376
Geo11,Channel3,Channel0,0.3332026983846793
Geo11,Channel3,Channel1,0.24245023275752914
Geo11,Channel3,Channel2,0.49916259851862566
Geo11,Channel3,Channel3,1.0000000000000002
Geo11,Channel3,Channel4,0.47713854631735414
Geo11,Channel3,Organic_channel0,0.5256192137308998
Geo11,Channel3,competitor_sales_control,0.5381895899738723
Geo11,Channel3,sentiment_score_control,0.5494672838101603
Geo11,Channel3,Promo,0.28026527274177154
Geo11,Channel4,Channel0,0.2609719732132319
Geo11,Channel4,Channel1,0.1994899944099089
Geo11,Channel4,Channel2,0.4795281893453208
Geo11,Channel4,Channel3,0.47713854631735414
Geo11,Channel4,Channel4,0.9999999999999999
Geo11,Channel4,Organic_channel0,0.36649517059462583
Geo11,Channel4,competitor_sales_control,0.5998598522002767
Geo11,Channel4,sentiment_score_control,0.2619538827139146
Geo11,Channel4,Promo,0.28566989212142196
Geo11,Organic_channel0,Channel0,0.3390319357757213
Geo11,Organic_channel0,Channel1,0.13215313968293985
Geo11,Organic_channel0,Channel2,0.36184304813882096
Geo11,Organic_channel0,Channel3,0.5256192137308998
Geo11,Organic_channel0,Channel4,0.36649517059462583
Geo11,Organic_channel0,Organic_channel0,1.0000000000000002
Geo11,Organic_channel0,competitor_sales_control,0.2896923588572104
Geo11,Organic_channel0,sentiment_score_control,0.5124024577628983
Geo11,Organic_channel0,Promo,0.25519680268906325
Geo11,competitor_sales_control,Channel0,0.12285455493316638
Geo11,competitor_sales_control,Channel1,0.28376153619964484
Geo11,competitor_sales_control,Channel2,0.49969927497315214
Geo11,competitor_sales_control,Channel3,0.5381895899738723
Geo11,competitor_sales_control,Channel4,0.5998598522002767
Geo11,competitor_sales_control,Organic_channel0,0.2896923588572104
Geo11,competitor_sales_control,competitor_sales_control,1.0000000000000002
Geo11,competitor_sales_control,sentiment_score_control,0.08089955027658952
Geo11,competitor_sales_control,Promo,0.16924078698453734
Geo11,sentiment_score_control,Channel0,0.36044314384977055
Geo11,sentiment_score_control,Channel1,0.19123542440647592
Geo11,sentiment_score_control,Channel2,0.36297821582810486
Geo11,sentiment_score_control,Channel3,0.5494672838101603
Geo11,sentiment_score_control,Channel4,0.2619538827139146
Geo11,sentiment_score_control,Organic_channel0,0.5124024577628983
Geo11,sentiment_score_control,competitor_sales_control,0.08089955027658952
Geo11,sentiment_score_control,sentiment_score_control,1.0
Geo11,sentiment_score_control,Promo,-0.06213982581744683
Geo11,Promo,Channel0,0.3764582154450509
Geo11,Promo,Channel1,0.22514274784095603
Geo11,Promo,Channel2,0.29614144955904376
Geo11,Promo,Channel3,0.28026527274177154
Geo11,Promo,Channel4,0.28566989212142196
Geo11,Promo,Organic_channel0,0.25519680268906325
Geo11,Promo,competitor_sales_control,0.16924078698453734
Geo11,Promo,sentiment_score_control,-0.06213982581744683
Geo11,Promo,Promo,1.0
Geo12,Channel0,Channel0,0.9999999999999999
Geo12,Channel0,Channel1,0.28568130166429534
Geo12,Channel0,Channel2,0.27259729502191615
Geo12,Channel0,Channel3,0.25104884320400916
Geo12,Channel0,Channel4,0.10953254887738084
Geo12,Channel0,Organic_channel0,0.4518206646557041
Geo12,Channel0,competitor_sales_control,0.03229709064759694
Geo12,Channel0,sentiment_score_control,0.5266338964724667
Geo12,Channel0,Promo,0.3035293419205685
Geo12,Channel1,Channel0,0.28568130166429534
Geo12,Channel1,Channel1,1.0
Geo12,Channel1,Channel2,0.3118145874684419
Geo12,Channel1,Channel3,0.35279564768188937
Geo12,Channel1,Channel4,0.15819372585987673
Geo12,Channel1,Organic_channel0,0.32117468970914786
Geo12,Channel1,competitor_sales_control,0.20449705190941406
Geo12,Channel1,sentiment_score_control,0.384654673273934
Geo12,Channel1,Promo,0.10298904610791161
Geo12,Channel2,Channel0,0.27259729502191615
Geo12,Channel2,Channel1,0.3118145874684419
Geo12,Channel2,Channel2,1.0
Geo12,Channel2,Channel3,0.46891485283108814
Geo12,Channel2,Channel4,0.42285720308377606
Geo12,Channel2,Organic_channel0,0.3159568932945099
Geo12,Channel2,competitor_sales_control,0.525661478979583
Geo12,Channel2,sentiment_score_control,0.43424799853548535
Geo12,Channel2,Promo,0.14292355582885638
Geo12,Channel3,Channel0,0.25104884320400916
Geo12,Channel3,Channel1,0.35279564768188937
Geo12,Channel3,Channel2,0.46891485283108814
Geo12,Channel3,Channel3,1.0
Geo12,Channel3,Channel4,0.3875616834145844
Geo12,Channel3,Organic_channel0,0.4017906238272168
Geo12,Channel3,competitor_sales_control,0.5732126449895171
Geo12,Channel3,sentiment_score_control,0.46102023214432303
Geo12,Channel3,Promo,0.2573294977052283
Geo12,Channel4,Channel0,0.10953254887738084
Geo12,Channel4,Channel1,0.15819372585987673
Geo12,Channel4,Channel2,0.42285720308377606
Geo12,Channel4,Channel3,0.3875616834145844
Geo12,Channel4,Channel4,1.0000000000000002
Geo12,Channel4,Organic_channel0,0.23725081907541512
Geo12,Channel4,competitor_sales_control,0.5277233125407543
Geo12,Channel4,sentiment_score_control,0.07180501861887296
Geo12,Channel4,Promo,0.27562048298002073
Geo12,Organic_channel0,Channel0,0.4518206646557041
Geo12,Organic_channel0,Channel1,0.32117468970914786
Geo12,Organic_channel0,Channel2,0.3159568932945099
Geo12,Organic_channel0,Channel3,0.4017906238272168
Geo12,Organic_channel0,Channel4,0.23725081907541512
Geo12,Organic_channel0,Organic_channel0,0.9999999999999999
Geo12,Organic_channel0,competitor_sales_control,0.19496557609225793
Geo12,Organic_channel0,sentiment_score_control,0.5896342690476681
Geo12,Organic_channel0,Promo,0.33103079903610333
Geo12,competitor_sales_control,Channel0,0.03229709064759694
Geo12,competitor_sales_control,Channel1,0.20449705190941406
Geo12,competitor_sales_control,Channel2,0.525661478979583
Geo12,competitor_sales_control,Channel3,0.5732126449895171
Geo12,competitor_sales_control,Channel4,0.5277233125407543
Geo12,competitor_sales_control,Organic_channel0,0.19496557609225793
Geo12,competitor_sales_control,competitor_sales_control,0.9999999999999999
Geo12,competitor_sales_control,sentiment_score_control,0.09305888799656753
Geo12,competitor_sales_control,Promo,5.951146008178406e-05
Geo12,sentiment_score_control,Channel0,0.5266338964724667
Geo12,sentiment_score_control,Channel1,0.384654673273934
Geo12,sentiment_score_control,Channel2,0.43424799853548535
Geo12,sentiment_score_control,Channel3,0.46102023214432303
Geo12,sentiment_score_control,Channel4,0.07180501861887296
Geo12,sentiment_score_control,Organic_channel0,0.5896342690476681
Geo12,sentiment_score_control,competitor_sales_control,0.09305888799656753
Geo12,sentiment_score_control,sentiment_score_control,1.0000000000000002
Geo12,sentiment_score_control,Promo,0.011056906971478512
Geo12,Promo,Channel0,0.3035293419205685
Geo12,Promo,Channel1,0.10298904610791161
Geo12,Promo,Channel2,0.14292355582885638
Geo12,Promo,Channel3,0.2573294977052283
Geo12,Promo,Channel4,0.27562048298002073
Geo12,Promo,Organic_channel0,0.33103079903610333
Geo12,Promo,competitor_sales_control,5.951146008178406e-05
Geo12,Promo,sentiment_score_control,0.011056906971478512
Geo12,Promo,Promo,1.0
Geo13,Channel0,Channel0,1.0
Geo13,Channel0,Channel1,0.16488868978367896
Geo13,Channel0,Channel2,0.40679683547081824
Geo13,Channel0,Channel3,0.40156004634131043
Geo13,Channel0,Channel4,0.3089960159848529
Geo13,Channel0,Organic_channel0,0.3762319115715648
Geo13,Channel0,competitor_sales_control,0.14608319932950806
Geo13,Channel0,sentiment_score_control,0.45194038338314413
Geo13,Channel0,Promo,0.4811384807965914
Geo13,Channel1,Channel0,0.16488868978367896
Geo13,Channel1,Channel1,1.0000000000000002
Geo13,Channel1,Channel2,0.2666323554224492
Geo13,Channel1,Channel3,0.416723287182822
Geo13,Channel1,Channel4,0.2919423290810754
Geo13,Channel1,Organic_channel0,0.3011091541729559
Geo13,Channel1,competitor_sales_control,0.21178113930312212
Geo13,Channel1,sentiment_score_control,0.5139628311507117
Geo13,Channel1,Promo,-0.0036410949734516007
Geo13,Channel2,Channel0,0.40679683547081824
Geo13,Channel2,Channel1,0.2666323554224492
Geo13,Channel2,Channel2,1.0
Geo13,Channel2,Channel3,0.5836800451344729
Geo13,Channel2,Channel4,0.46249125208359887
Geo13,Channel2,Organic_channel0,0.446982976696113
Geo13,Channel2,competitor_sales_control,0.4687649946074492
Geo13,Channel2,sentiment_score_control,0.4910346775710528
Geo13,Channel2,Promo,0.4093060806045433
Geo13,Channel3,Channel0,0.40156004634131043
Geo13,Channel3,Channel1,0.416723287182822
Geo13,Channel3,Channel2,0.5836800451344729
Geo13,Channel3,Channel3,1.0000000000000002
Geo13,Channel3,Channel4,0.44337814248130875
Geo13,Channel3,Organic_channel0,0.48675989852538154
Geo13,Channel3,competitor_sales_control,0.5756736882691726
Geo13,Channel3,sentiment_score_control,0.5944792192157606
Geo13,Channel3,Promo,0.33877146056068963
Geo13,Channel4,Channel0,0.3089960159848529
Geo13,Channel4,Channel1,0.2919423290810754
Geo13,Channel4,Channel2,0.46249125208359887
Geo13,Channel4,Channel3,0.44337814248130875
Geo13,Channel4,Channel4,1.0000000000000002
Geo13,Channel4,Organic_channel0,0.23777028083234503
Geo13,Channel4,competitor_sales_control,0.5333216268872036
Geo13,Channel4,sentiment_score_control,0.2827501147892751
Geo13,Channel4,Promo,0.3309642800591693
Geo13,Organic_channel0,Channel0,0.3762319115715648
Geo13,Organic_channel0,Channel1,0.3011091541729559
Geo13,Organic_channel0,Channel2,0.446982976696113
Geo13,Organic_channel0,Channel3,0.48675989852538154
Geo13,Organic_channel0,Channel4,0.23777028083234503
Geo13,Organic_channel0,Organic_channel0,1.0000000000000002
Geo13,Organic_channel0,competitor_sales_control,0.2516862074988159
Geo13,Organic_channel0,sentiment_score_control,0.5691801394229642
Geo13,Organic_channel0,Promo,0.19079321320267348
Geo13,competitor_sales_control,Channel0,0.14608319932950806
Geo13,competitor_sales_control,Channel1,0.21178113930312212
Geo13,competitor_sales_control,Channel2,0.4687649946074492
Geo13,competitor_sales_control,Channel3,0.5756736882691726
Geo13,competitor_sales_control,Channel4,0.5333216268872036
Geo13,competitor_sales_control,Organic_channel0,0.2516862074988159
Geo13,competitor_sales_control,competitor_sales_control,1.0000000000000002
Geo13,competitor_sales_control,sentiment_score_control,0.13828771329821105
Geo13,competitor_sales_control,Promo,0.16879297747474412
Geo13,sentiment_score_control,Channel0,0.45194038338314413
Geo13,sentiment_score_control,Channel1,0.5139628311507117
Geo13,sentiment_score_control,Channel2,0.4910346775710528
Geo13,sentiment_score_control,Channel3,0.5944792192157606
Geo13,sentiment_score_control,Channel4,0.2827501147892751
Geo13,sentiment_score_control,Organic_channel0,0.5691801394229642
Geo13,sentiment_score_control,competitor_sales_control,0.13828771329821105
Geo13,sentiment_score_control,sentiment_score_control,0.9999999999999998
Geo13,sentiment_score_control,Promo,0.015417681299563625
Geo13,Promo,Channel0,0.4811384807965914
Geo13,Promo,Channel1,-0.0036410949734516007
Geo13,Promo,Channel2,0.4093060806045433
Geo13,Promo,Channel3,0.33877146056068963
Geo13,Promo,Channel4,0.3309642800591693
Geo13,Promo,Organic_channel0,0.19079321320267348
Geo13,Promo,competitor_sales_control,0.16879297747474412
Geo13,Promo,sentiment_score_control,0.015417681299563625
Geo13,Promo,Promo,0.9999999999999998
Geo14,Channel0,Channel0,1.0
Geo14,Channel0,Channel1,0.1693323591476294
Geo14,Channel0,Channel2,0.34577023060462386
Geo14,Channel0,Channel3,0.39914969081251
Geo14,Channel0,Channel4,0.12801639139594662
Geo14,Channel0,Organic_channel0,0.38157597834269646
Geo14,Channel0,competitor_sales_control,0.132159136495392
Geo14,Channel0,sentiment_score_control,0.43843602830345413
Geo14,Channel0,Promo,0.35336846059373966
Geo14,Channel1,Channel0,0.1693323591476294
Geo14,Channel1,Channel1,0.9999999999999998
Geo14,Channel1,Channel2,0.25884214275121087
Geo14,Channel1,Channel3,0.2652299721176126
Geo14,Channel1,Channel4,0.058512825892932906
Geo14,Channel1,Organic_channel0,0.2526818307919179
Geo14,Channel1,competitor_sales_control,0.13915848294052083
Geo14,Channel1,sentiment_score_control,0.37538137456862586
Geo14,Channel1,Promo,0.09007785034319934
Geo14,Channel2,Channel0,0.34577023060462386
Geo14,Channel2,Channel1,0.25884214275121087
Geo14,Channel2,Channel2,1.0000000000000002
Geo14,Channel2,Channel3,0.5148113806234438
Geo14,Channel2,Channel4,0.4547383730014632
Geo14,Channel2,Organic_channel0,0.2957063722593845
Geo14,Channel2,competitor_sales_control,0.5544649250858378
Geo14,Channel2,sentiment_score_control,0.4789240143691026
Geo14,Channel2,Promo,0.17104695026711603
Geo14,Channel3,Channel0,0.39914969081251
Geo14,Channel3,Channel1,0.2652299721176126
Geo14,Channel3,Channel2,0.5148113806234438
Geo14,Channel3,Channel3,1.0
Geo14,Channel3,Channel4,0.37183090649025896
Geo14,Channel3,Organic_channel0,0.36327646458384677
Geo14,Channel3,competitor_sales_control,0.5205965862384114
Geo14,Channel3,sentiment_score_control,0.5150309301945929
Geo14,Channel3,Promo,0.2878694743377593
Geo14,Channel4,Channel0,0.12801639139594662
Geo14,Channel4,Channel1,0.058512825892932906
Geo14,Channel4,Channel2,0.4547383730014632
Geo14,Channel4,Channel3,0.37183090649025896
Geo14,Channel4,Channel4,0.9999999999999999
Geo14,Channel4,Organic_channel0,0.16612655145974992
Geo14,Channel4,competitor_sales_control,0.5967383286682143
Geo14,Channel4,sentiment_score_control,0.3054239624914591
Geo14,Channel4,Promo,0.03289712021841875
Geo14,Organic_channel0,Channel0,0.38157597834269646
Geo14,Organic_channel0,Channel1,0.2526818307919179
Geo14,Organic_channel0,Channel2,0.2957063722593845
Geo14,Organic_channel0,Channel3,0.36327646458384677
Geo14,Organic_channel0,Channel4,0.16612655145974992
Geo14,Organic_channel0,Organic_channel0,1.0
Geo14,Organic_channel0,competitor_sales_control,0.31699256600387743
Geo14,Organic_channel0,sentiment_score_control,0.43529920389837856
Geo14,Organic_channel0,Promo,0.269816643502258
Geo14,competitor_sales_control,Channel0,0.132159136495392
Geo14,competitor_sales_control,Channel1,0.13915848294052083
Geo14,competitor_sales_control,Channel2,0.5544649250858378
Geo14,competitor_sales_control,Channel3,0.5205965862384114
Geo14,competitor_sales_control,Channel4,0.5967383286682143
Geo14,competitor_sales_control,Organic_channel0,0.31699256600387743
Geo14,competitor_sales_control,competitor_sales_control,1.0
Geo14,competitor_sales_control,sentiment_score_control,0.15946037953841527
Geo14,competitor_sales_control,Promo,-0.011318166577018257
Geo14,sentiment_score_control,Channel0,0.43843602830345413
Geo14,sentiment_score_control,Channel1,0.37538137456862586
Geo14,sentiment_score_control,Channel2,0.4789240143691026
Geo14,sentiment_score_control,Channel3,0.5150309301945929
Geo14,sentiment_score_control,Channel4,0.3054239624914591
Geo14,sentiment_score_control,Organic_channel0,0.43529920389837856
Geo14,sentiment_score_control,competitor_sales_control,0.15946037953841527
Geo14,sentiment_score_control,sentiment_score_control,0.9999999999999998
Geo14,sentiment_score_control,Promo,0.11587870352369677
Geo14,Promo,Channel0,0.35336846059373966
Geo14,Promo,Channel1,0.09007785034319934
Geo14,Promo,Channel2,0.17104695026711603
Geo14,Promo,Channel3,0.2878694743377593
Geo14,Promo,Channel4,0.03289712021841875
Geo14,Promo,Organic_channel0,0.269816643502258
Geo14,Promo,competitor_sales_control,-0.011318166577018257
Geo14,Promo,sentiment_score_control,0.11587870352369677
Geo14,Promo,Promo,1.0000000000000002
Geo15,Channel0,Channel0,1.0000000000000002
Geo15,Channel0,Channel1,0.2025522875300778
Geo15,Channel0,Channel2,0.22363226412480786
Geo15,Channel0,Channel3,0.42158092032114347
Geo15,Channel0,Channel4,0.16972077393734336
Geo15,Channel0,Organic_channel0,0.43193338754650445
Geo15,Channel0,competitor_sales_control,0.04833981973899918
Geo15,Channel0,sentiment_score_control,0.49225225721296956
Geo15,Channel0,Promo,0.41687193414083773
Geo15,Channel1,Channel0,0.2025522875300778
Geo15,Channel1,Channel1,1.0
Geo15,Channel1,Channel2,0.17115631358409775
Geo15,Channel1,Channel3,0.31728950438116177
Geo15,Channel1,Channel4,0.18682444945025042
Geo15,Channel1,Organic_channel0,0.39734003023239434
Geo15,Channel1,competitor_sales_control,0.1333894690236989
Geo15,Channel1,sentiment_score_control,0.46664697465513405
Geo15,Channel1,Promo,0.08742443258193394
Geo15,Channel2,Channel0,0.22363226412480786
Geo15,Channel2,Channel1,0.17115631358409775
Geo15,Channel2,Channel2,1.0
Geo15,Channel2,Channel3,0.5176818875390576
Geo15,Channel2,Channel4,0.4193972796768015
Geo15,Channel2,Organic_channel0,0.5700141022122532
Geo15,Channel2,competitor_sales_control,0.5111972989428942
Geo15,Channel2,sentiment_score_control,0.4624737153047729
Geo15,Channel2,Promo,0.2865201412421256
Geo15,Channel3,Channel0,0.42158092032114347
Geo15,Channel3,Channel1,0.31728950438116177
Geo15,Channel3,Channel2,0.5176818875390576
Geo15,Channel3,Channel3,1.0
Geo15,Channel3,Channel4,0.45733619916968543
Geo15,Channel3,Organic_channel0,0.6122536554234373
Geo15,Channel3,competitor_sales_control,0.4973041268408146
Geo15,Channel3,sentiment_score_control,0.66644582681783
Geo15,Channel3,Promo,0.3974243145766636
Geo15,Channel4,Channel0,0.16972077393734336
Geo15,Channel4,Channel1,0.18682444945025042
Geo15,Channel4,Channel2,0.4193972796768015
Geo15,Channel4,Channel3,0.45733619916968543
Geo15,Channel4,Channel4,1.0000000000000002
Geo15,Channel4,Organic_channel0,0.36630245926616634
Geo15,Channel4,competitor_sales_control,0.5442978574524291
Geo15,Channel4,sentiment_score_control,0.2806509835640163
Geo15,Channel4,Promo,0.17922932262095564
Geo15,Organic_channel0,Channel0,0.43193338754650445
Geo15,Organic_channel0,Channel1,0.39734003023239434
Geo15,Organic_channel0,Channel2,0.5700141022122532
Geo15,Organic_channel0,Channel3,0.6122536554234373
Geo15,Organic_channel0,Channel4,0.36630245926616634
Geo15,Organic_channel0,Organic_channel0,0.9999999999999999
Geo15,Organic_channel0,competitor_sales_control,0.32636285267380966
Geo15,Organic_channel0,sentiment_score_control,0.6582434846400487
Geo15,Organic_channel0,Promo,0.40157084073903615
Geo15,competitor_sales_control,Channel0,0.04833981973899918
Geo15,competitor_sales_control,Channel1,0.1333894690236989
Geo15,competitor_sales_control,Channel2,0.5111972989428942
Geo15,competitor_sales_control,Channel3,0.4973041268408146
Geo15,competitor_sales_control,Channel4,0.5442978574524291
Geo15,competitor_sales_control,Organic_channel0,0.32636285267380966
Geo15,competitor_sales_control,competitor_sales_control,1.0000000000000002
Geo15,competitor_sales_control,sentiment_score_control,0.15075479429299185
Geo15,competitor_sales_control,Promo,0.013075777204998144
Geo15,sentiment_score_control,Channel0,0.49225225721296956
Geo15,sentiment_score_control,Channel1,0.46664697465513405
Geo15,sentiment_score_control,Channel2,0.4624737153047729
Geo15,sentiment_score_control,Channel3,0.66644582681783
Geo15,sentiment_score_control,Channel4,0.2806509835640163
Geo15,sentiment_score_control,Organic_channel0,0.6582434846400487
Geo15,sentiment_score_control,competitor_sales_control,0.15075479429299185
Geo15,sentiment_score_control,sentiment_score_control,1.0000000000000002
Geo15,sentiment_score_control,Promo,0.1331948342433771
Geo15,Promo,Channel0,0.41687193414083773
Geo15,Promo,Channel1,0.08742443258193394
Geo15,Promo,Channel2,0.2865201412421256
Geo15,Promo,Channel3,0.3974243145766636
Geo15,Promo,Channel4,0.17922932262095564
Geo15,Promo,Organic_channel0,0.40157084073903615
Geo15,Promo,competitor_sales_control,0.013075777204998144
Geo15,Promo,sentiment_score_control,0.1331948342433771
Geo15,Promo,Promo,1.0000000000000002
Geo16,Channel0,Channel0,1.0000000000000002
Geo16,Channel0,Channel1,0.24878558075475665
Geo16,Channel0,Channel2,0.2246206196378367
Geo16,Channel0,Channel3,0.363222065184314
Geo16,Channel0,Channel4,0.20158325833952312
Geo16,Channel0,Organic_channel0,0.2786107613370134
Geo16,Channel0,competitor_sales_control,0.14849923439810953
Geo16,Channel0,sentiment_score_control,0.45310320698228945
Geo16,Channel0,Promo,0.36521250193334004
Geo16,Channel1,Channel0,0.24878558075475665
Geo16,Channel1,Channel1,1.0
Geo16,Channel1,Channel2,0.43639322487107407
Geo16,Channel1,Channel3,0.4004030987410659
Geo16,Channel1,Channel4,0.2461020296372253
Geo16,Channel1,Organic_channel0,0.29790313194570456
Geo16,Channel1,competitor_sales_control,0.240033872887717
Geo16,Channel1,sentiment_score_control,0.49202705326257257
Geo16,Channel1,Promo,0.037615454469238696
Geo16,Channel2,Channel0,0.2246206196378367
Geo16,Channel2,Channel1,0.43639322487107407
Geo16,Channel2,Channel2,1.0
Geo16,Channel2,Channel3,0.47455332975682724
Geo16,Channel2,Channel4,0.3400032214649756
Geo16,Channel2,Organic_channel0,0.28834060506657233
Geo16,Channel2,competitor_sales_control,0.4750977542558109
Geo16,Channel2,sentiment_score_control,0.4159655460934517
Geo16,Channel2,Promo,0.10772357359166453
Geo16,Channel3,Channel0,0.363222065184314
Geo16,Channel3,Channel1,0.4004030987410659
Geo16,Channel3,Channel2,0.47455332975682724
Geo16,Channel3,Channel3,0.9999999999999998
Geo16,Channel3,Channel4,0.5052343947824055
Geo16,Channel3,Organic_channel0,0.4959276606930409
Geo16,Channel3,competitor_sales_control,0.5091749396724553
Geo16,Channel3,sentiment_score_control,0.6325193411191401
Geo16,Channel3,Promo,0.179442232555234
Geo16,Channel4,Channel0,0.20158325833952312
Geo16,Channel4,Channel1,0.2461020296372253
Geo16,Channel4,Channel2,0.3400032214649756
Geo16,Channel4,Channel3,0.5052343947824055
Geo16,Channel4,Channel4,1.0000000000000002
Geo16,Channel4,Organic_channel0,0.3063731196158501
Geo16,Channel4,competitor_sales_control,0.6339438453697921
Geo16,Channel4,sentiment_score_control,0.2622201267631367
Geo16,Channel4,Promo,0.11284014088919903
Geo16,Organic_channel0,Channel0,0.2786107613370134
Geo16,Organic_channel0,Channel1,0.29790313194570456
Geo16,Organic_channel0,Channel2,0.28834060506657233
Geo16,Organic_channel0,Channel3,0.4959276606930409
Geo16,Organic_channel0,Channel4,0.3063731196158501
Geo16,Organic_channel0,Organic_channel0,1.0
Geo16,Organic_channel0,competitor_sales_control,0.2197783734702992
Geo16,Organic_channel0,sentiment_score_control,0.5066608719680903
Geo16,Organic_channel0,Promo,0.2689480917878572
Geo16,competitor_sales_control,Channel0,0.14849923439810953
Geo16,competitor_sales_control,Channel1,0.240033872887717
Geo16,competitor_sales_control,Channel2,0.4750977542558109
Geo16,competitor_sales_control,Channel3,0.5091749396724553
Geo16,competitor_sales_control,Channel4,0.6339438453697921
Geo16,competitor_sales_control,Organic_channel0,0.2197783734702992
Geo16,competitor_sales_control,competitor_sales_control,1.0000000000000002
Geo16,competitor_sales_control,sentiment_score_control,0.07418793055221189
Geo16,competitor_sales_control,Promo,0.019704837215585032
Geo16,sentiment_score_control,Channel0,0.45310320698228945
Geo16,sentiment_score_control,Channel1,0.49202705326257257
Geo16,sentiment_score_control,Channel2,0.4159655460934517
Geo16,sentiment_score_control,Channel3,0.6325193411191401
Geo16,sentiment_score_control,Channel4,0.2622201267631367
Geo16,sentiment_score_control,Organic_channel0,0.5066608719680903
Geo16,sentiment_score_control,competitor_sales_control,0.07418793055221189
Geo16,sentiment_score_control,sentiment_score_control,1.0
Geo16,sentiment_score_control,Promo,0.012184295725448761
Geo16,Promo,Channel0,0.36521250193334004
Geo16,Promo,Channel1,0.037615454469238696
Geo16,Promo,Channel2,0.10772357359166453
Geo16,Promo,Channel3,0.179442232555234
Geo16,Promo,Channel4,0.11284014088919903
Geo16,Promo,Organic_channel0,0.2689480917878572
Geo16,Promo,competitor_sales_control,0.019704837215585032
Geo16,Promo,sentiment_score_control,0.012184295725448761
Geo16,Promo,Promo,1.0
Geo17,Channel0,Channel0,1.0
Geo17,Channel0,Channel1,0.1127926388509146
Geo17,Channel0,Channel2,0.1562705663297736
Geo17,Channel0,Channel3,0.23807421110543495
Geo17,Channel0,Channel4,-0.011395823467479367
Geo17,Channel0,Organic_channel0,0.3809172600530622
Geo17,Channel0,competitor_sales_control,0.018074505910886832
Geo17,Channel0,sentiment_score_control,0.3690707126608005
Geo17,Channel0,Promo,0.3861647894503569
Geo17,Channel1,Channel0,0.1127926388509146
Geo17,Channel1,Channel1,1.0
Geo17,Channel1,Channel2,0.14049852559689974
Geo17,Channel1,Channel3,0.2686617263399589
Geo17,Channel1,Channel4,0.14477259393363745
Geo17,Channel1,Organic_channel0,0.2758227360445099
Geo17,Channel1,competitor_sales_control,0.15312134275956302
Geo17,Channel1,sentiment_score_control,0.28125595364617156
Geo17,Channel1,Promo,0.12495352716433411
Geo17,Channel2,Channel0,0.1562705663297736
Geo17,Channel2,Channel1,0.14049852559689974
Geo17,Channel2,Channel2,1.0
Geo17,Channel2,Channel3,0.4563725580472153
Geo17,Channel2,Channel4,0.35647799253240525
Geo17,Channel2,Organic_channel0,0.37913162967423664
Geo17,Channel2,competitor_sales_control,0.37830085299017263
Geo17,Channel2,sentiment_score_control,0.4273297285034093
Geo17,Channel2,Promo,0.08173405292648797
Geo17,Channel3,Channel0,0.23807421110543495
Geo17,Channel3,Channel1,0.2686617263399589
Geo17,Channel3,Channel2,0.4563725580472153
Geo17,Channel3,Channel3,1.0
Geo17,Channel3,Channel4,0.4309219673978844
Geo17,Channel3,Organic_channel0,0.44160141624081517
Geo17,Channel3,competitor_sales_control,0.5219730729059768
Geo17,Channel3,sentiment_score_control,0.4834273328508607
Geo17,Channel3,Promo,0.26487284761725605
Geo17,Channel4,Channel0,-0.011395823467479367
Geo17,Channel4,Channel1,0.14477259393363745
Geo17,Channel4,Channel2,0.35647799253240525
Geo17,Channel4,Channel3,0.4309219673978844
Geo17,Channel4,Channel4,0.9999999999999999
Geo17,Channel4,Organic_channel0,0.24487528049973753
Geo17,Channel4,competitor_sales_control,0.590697191272207
Geo17,Channel4,sentiment_score_control,0.21633942240610696
Geo17,Channel4,Promo,0.19779986802912605
Geo17,Organic_channel0,Channel0,0.3809172600530622
Geo17,Organic_channel0,Channel1,0.2758227360445099
Geo17,Organic_channel0,Channel2,0.37913162967423664
Geo17,Organic_channel0,Channel3,0.44160141624081517
Geo17,Organic_channel0,Channel4,0.24487528049973753
Geo17,Organic_channel0,Organic_channel0,1.0
Geo17,Organic_channel0,competitor_sales_control,0.2652919725831282
Geo17,Organic_channel0,sentiment_score_control,0.5329272064075569
Geo17,Organic_channel0,Promo,0.3026264830206913
Geo17,competitor_sales_control,Channel0,0.018074505910886832
Geo17,competitor_sales_control,Channel1,0.15312134275956302
Geo17,competitor_sales_control,Channel2,0.37830085299017263
Geo17,competitor_sales_control,Channel3,0.5219730729059768
Geo17,competitor_sales_control,Channel4,0.590697191272207
Geo17,competitor_sales_control,Organic_channel0,0.2652919725831282
Geo17,competitor_sales_control,competitor_sales_control,1.0
Geo17,competitor_sales_control,sentiment_score_control,0.08944964597725784
Geo17,competitor_sales_control,Promo,0.01966117266102509
Geo17,sentiment_score_control,Channel0,0.3690707126608005
Geo17,sentiment_score_control,Channel1,0.28125595364617156
Geo17,sentiment_score_control,Channel2,0.4273297285034093
Geo17,sentiment_score_control,Channel3,0.4834273328508607
Geo17,sentiment_score_control,Channel4,0.21633942240610696
Geo17,sentiment_score_control,Organic_channel0,0.5329272064075569
Geo17,sentiment_score_control,competitor_sales_control,0.08944964597725784
Geo17,sentiment_score_control,sentiment_score_control,1.0000000000000002
Geo17,sentiment_score_control,Promo,0.07864137343232667
Geo17,Promo,Channel0,0.3861647894503569
Geo17,Promo,Channel1,0.12495352716433411
Geo17,Promo,Channel2,0.08173405292648797
Geo17,Promo,Channel3,0.26487284761725605
Geo17,Promo,Channel4,0.19779986802912605
Geo17,Promo,Organic_channel0,0.3026264830206913
Geo17,Promo,competitor_sales_control,0.01966117266102509
Geo17,Promo,sentiment_score_control,0.07864137343232667
Geo17,Promo,Promo,1.0
Geo18,Channel0,Channel0,0.9999999999999999
Geo18,Channel0,Channel1,0.21656264377989795
Geo18,Channel0,Channel2,0.1837270769552488
Geo18,Channel0,Channel3,0.2970871207737533
Geo18,Channel0,Channel4,0.099946991821608
Geo18,Channel0,Organic_channel0,0.40977038801836324
Geo18,Channel0,competitor_sales_control,0.05524662579148166
Geo18,Channel0,sentiment_score_control,0.4701755014596663
Geo18,Channel0,Promo,0.2459153993981328
Geo18,Channel1,Channel0,0.21656264377989795
Geo18,Channel1,Channel1,1.0000000000000002
Geo18,Channel1,Channel2,0.13037060956782318
Geo18,Channel1,Channel3,0.23734001021277656
Geo18,Channel1,Channel4,0.16121463973341824
Geo18,Channel1,Organic_channel0,0.24659711047683694
Geo18,Channel1,competitor_sales_control,0.08743640261284968
Geo18,Channel1,sentiment_score_control,0.35672210056524567
Geo18,Channel1,Promo,0.11101345148631805
Geo18,Channel2,Channel0,0.1837270769552488
Geo18,Channel2,Channel1,0.13037060956782318
Geo18,Channel2,Channel2,1.0
Geo18,Channel2,Channel3,0.5532563848201377
Geo18,Channel2,Channel4,0.4068413270130765
Geo18,Channel2,Organic_channel0,0.44816112672478414
Geo18,Channel2,competitor_sales_control,0.46533671306404173
Geo18,Channel2,sentiment_score_control,0.41155246998477574
Geo18,Channel2,Promo,0.14939592455752435
Geo18,Channel3,Channel0,0.2970871207737533
Geo18,Channel3,Channel1,0.23734001021277656
Geo18,Channel3,Channel2,0.5532563848201377
Geo18,Channel3,Channel3,0.9999999999999999
Geo18,Channel3,Channel4,0.45910416178235475
Geo18,Channel3,Organic_channel0,0.4439281539615537
Geo18,Channel3,competitor_sales_control,0.5702036178611802
Geo18,Channel3,sentiment_score_control,0.46796795608671454
Geo18,Channel3,Promo,0.20403374734038748
Geo18,Channel4,Channel0,0.099946991821608
Geo18,Channel4,Channel1,0.16121463973341824
Geo18,Channel4,Channel2,0.4068413270130765
Geo18,Channel4,Channel3,0.45910416178235475
Geo18,Channel4,Channel4,1.0
Geo18,Channel4,Organic_channel0,0.27270802832281943
Geo18,Channel4,competitor_sales_control,0.7068655421685862
Geo18,Channel4,sentiment_score_control,0.1270964529905261
Geo18,Channel4,Promo,0.08743205443073114
Geo18,Organic_channel0,Channel0,0.40977038801836324
Geo18,Organic_channel0,Channel1,0.24659711047683694
Geo18,Organic_channel0,Channel2,0.44816112672478414
Geo18,Organic_channel0,Channel3,0.4439281539615537
Geo18,Organic_channel0,Channel4,0.27270802832281943
Geo18,Organic_channel0,Organic_channel0,0.9999999999999999
Geo18,Organic_channel0,competitor_sales_control,0.2188499249018325
Geo18,Organic_channel0,sentiment_score_control,0.5567946175428434
Geo18,Organic_channel0,Promo,0.3156902292370734
Geo18,competitor_sales_control,Channel0,0.05524662579148166
Geo18,competitor_sales_control,Channel1,0.08743640261284968
Geo18,competitor_sales_control,Channel2,0.46533671306404173
Geo18,competitor_sales_control,Channel3,0.5702036178611802
Geo18,competitor_sales_control,Channel4,0.7068655421685862
Geo18,competitor_sales_control,Organic_channel0,0.2188499249018325
Geo18,competitor_sales_control,competitor_sales_control,0.9999999999999998
Geo18,competitor_sales_control,sentiment_score_control,0.03817925345755046
Geo18,competitor_sales_control,Promo,-0.007981474646920486
Geo18,sentiment_score_control,Channel0,0.4701755014596663
Geo18,sentiment_score_control,Channel1,0.35672210056524567
Geo18,sentiment_score_control,Channel2,0.41155246998477574
Geo18,sentiment_score_control,Channel3,0.46796795608671454
Geo18,sentiment_score_control,Channel4,0.1270964529905261
Geo18,sentiment_score_control,Organic_channel0,0.5567946175428434
Geo18,sentiment_score_control,competitor_sales_control,0.03817925345755046
Geo18,sentiment_score_control,sentiment_score_control,0.9999999999999999
Geo18,sentiment_score_control,Promo,0.019237240667110442
Geo18,Promo,Channel0,0.2459153993981328
Geo18,Promo,Channel1,0.11101345148631805
Geo18,Promo,Channel2,0.14939592455752435
Geo18,Promo,Channel3,0.20403374734038748
Geo18,Promo,Channel4,0.08743205443073114
Geo18,Promo,Organic_channel0,0.3156902292370734
Geo18,Promo,competitor_sales_control,-0.007981474646920486
Geo18,Promo,sentiment_score_control,0.019237240667110442
Geo18,Promo,Promo,0.9999999999999999
Geo19,Channel0,Channel0,1.0
Geo19,Channel0,Channel1,0.2558408625992189
Geo19,Channel0,Channel2,0.2955379212560074
Geo19,Channel0,Channel3,0.39508870769284277
Geo19,Channel0,Channel4,0.15962477842983863
Geo19,Channel0,Organic_channel0,0.38134937728362034
Geo19,Channel0,competitor_sales_control,0.10560520551417212
Geo19,Channel0,sentiment_score_control,0.41673284941053484
Geo19,Channel0,Promo,0.34650908292509064
Geo19,Channel1,Channel0,0.2558408625992189
Geo19,Channel1,Channel1,1.0
Geo19,Channel1,Channel2,0.4440823617848324
Geo19,Channel1,Channel3,0.3192190578548656
Geo19,Channel1,Channel4,0.24268140455234546
Geo19,Channel1,Organic_channel0,0.2700295440640137
Geo19,Channel1,competitor_sales_control,0.24963267702764627
Geo19,Channel1,sentiment_score_control,0.3845590350226831
Geo19,Channel1,Promo,0.09869414821535685
Geo19,Channel2,Channel0,0.2955379212560074
Geo19,Channel2,Channel1,0.4440823617848324
Geo19,Channel2,Channel2,1.0
Geo19,Channel2,Channel3,0.5782496422493245
Geo19,Channel2,Channel4,0.40467553150372515
Geo19,Channel2,Organic_channel0,0.4823022008146538
Geo19,Channel2,competitor_sales_control,0.49804885637751156
Geo19,Channel2,sentiment_score_control,0.40690098898932703
Geo19,Channel2,Promo,0.31572614431949947
Geo19,Channel3,Channel0,0.39508870769284277
Geo19,Channel3,Channel1,0.3192190578548656
Geo19,Channel3,Channel2,0.5782496422493245
Geo19,Channel3,Channel3,1.0
Geo19,Channel3,Channel4,0.48679043741807304
Geo19,Channel3,Organic_channel0,0.45076813708537017
Geo19,Channel3,competitor_sales_control,0.5169747352120414
Geo19,Channel3,sentiment_score_control,0.5068480562787271
Geo19,Channel3,Promo,0.36766909677004245
Geo19,Channel4,Channel0,0.15962477842983863
Geo19,Channel4,Channel1,0.24268140455234546
Geo19,Channel4,Channel2,0.40467553150372515
Geo19,Channel4,Channel3,0.48679043741807304
Geo19,Channel4,Channel4,1.0000000000000002
Geo19,Channel4,Organic_channel0,0.26328503817931304
Geo19,Channel4,competitor_sales_control,0.585563558299558
Geo19,Channel4,sentiment_score_control,0.2523501799032373
Geo19,Channel4,Promo,0.19781069111363708
Geo19,Organic_channel0,Channel0,0.38134937728362034
Geo19,Organic_channel0,Channel1,0.2700295440640137
Geo19,Organic_channel0,Channel2,0.4823022008146538
Geo19,Organic_channel0,Channel3,0.45076813708537017
Geo19,Organic_channel0,Channel4,0.26328503817931304
Geo19,Organic_channel0,Organic_channel0,1.0
Geo19,Organic_channel0,competitor_sales_control,0.2428908377938479
Geo19,Organic_channel0,sentiment_score_control,0.47886866060144095
Geo19,Organic_channel0,Promo,0.40147276341920873
Geo19,competitor_sales_control,Channel0,0.10560520551417212
Geo19,competitor_sales_control,Channel1,0.24963267702764627
Geo19,competitor_sales_control,Channel2,0.49804885637751156
Geo19,competitor_sales_control,Channel3,0.5169747352120414
Geo19,competitor_sales_control,Channel4,0.585563558299558
Geo19,competitor_sales_control,Organic_channel0,0.2428908377938479
Geo19,competitor_sales_control,competitor_sales_control,0.9999999999999999
Geo19,competitor_sales_control,sentiment_score_control,-0.01337650287884489
Geo19,competitor_sales_control,Promo,0.09732855425903335
Geo19,sentiment_score_control,Channel0,0.41673284941053484
Geo19,sentiment_score_control,Channel1,0.3845590350226831
Geo19,sentiment_score_control,Channel2,0.40690098898932703
Geo19,sentiment_score_control,Channel3,0.5068480562787271
Geo19,sentiment_score_control,Channel4,0.2523501799032373
Geo19,sentiment_score_control,Organic_channel0,0.47886866060144095
Geo19,sentiment_score_control,competitor_sales_control,-0.01337650287884489
Geo19,sentiment_score_control,sentiment_score_control,0.9999999999999999
Geo19,sentiment_score_control,Promo,0.07066803319649334
Geo19,Promo,Channel0,0.34650908292509064
Geo19,Promo,Channel1,0.09869414821535685
Geo19,Promo,Channel2,0.31572614431949947
Geo19,Promo,Channel3,0.36766909677004245
Geo19,Promo,Channel4,0.19781069111363708
Geo19,Promo,Organic_channel0,0.40147276341920873
Geo19,Promo,competitor_sales_control,0.09732855425903335
Geo19,Promo,sentiment_score_control,0.07066803319649334
Geo19,Promo,Promo,0.9999999999999998
Geo20,Channel0,Channel0,1.0
Geo20,Channel0,Channel1,0.1311348921962131
Geo20,Channel0,Channel2,0.19079112498327574
Geo20,Channel0,Channel3,0.3962090691442452
Geo20,Channel0,Channel4,0.1942149135625949
Geo20,Channel0,Organic_channel0,0.41550917593877884
Geo20,Channel0,competitor_sales_control,0.007275230871684606
Geo20,Channel0,sentiment_score_control,0.4995946192838582
Geo20,Channel0,Promo,0.43402348990956013
Geo20,Channel1,Channel0,0.1311348921962131
Geo20,Channel1,Channel1,0.9999999999999998
Geo20,Channel1,Channel2,0.22613201002697
Geo20,Channel1,Channel3,0.22681749243312482
Geo20,Channel1,Channel4,0.1789355941118905
Geo20,Channel1,Organic_channel0,0.2742093714150919
Geo20,Channel1,competitor_sales_control,0.11079183221321223
Geo20,Channel1,sentiment_score_control,0.4080092560653167
Geo20,Channel1,Promo,0.12715027096951692
Geo20,Channel2,Channel0,0.19079112498327574
Geo20,Channel2,Channel1,0.22613201002697
Geo20,Channel2,Channel2,1.0000000000000002
Geo20,Channel2,Channel3,0.49710221387957626
Geo20,Channel2,Channel4,0.4303951121297271
Geo20,Channel2,Organic_channel0,0.40399125981635226
Geo20,Channel2,competitor_sales_control,0.37377976225922777
Geo20,Channel2,sentiment_score_control,0.5230463737496444
Geo20,Channel2,Promo,0.26306919995899186
Geo20,Channel3,Channel0,0.3962090691442452
Geo20,Channel3,Channel1,0.22681749243312482
Geo20,Channel3,Channel2,0.49710221387957626
Geo20,Channel3,Channel3,1.0
Geo20,Channel3,Channel4,0.4368891250437606
Geo20,Channel3,Organic_channel0,0.4440441052578203
Geo20,Channel3,competitor_sales_control,0.4236548543857163
Geo20,Channel3,sentiment_score_control,0.5817888195920676
Geo20,Channel3,Promo,0.31591929667975
Geo20,Channel4,Channel0,0.1942149135625949
Geo20,Channel4,Channel1,0.1789355941118905
Geo20,Channel4,Channel2,0.4303951121297271
Geo20,Channel4,Channel3,0.4368891250437606
Geo20,Channel4,Channel4,1.0
Geo20,Channel4,Organic_channel0,0.28348828750505617
Geo20,Channel4,competitor_sales_control,0.5723107967629819
Geo20,Channel4,sentiment_score_control,0.31811143051366564
Geo20,Channel4,Promo,0.18427385010985897
Geo20,Organic_channel0,Channel0,0.41550917593877884
Geo20,Organic_channel0,Channel1,0.2742093714150919
Geo20,Organic_channel0,Channel2,0.40399125981635226
Geo20,Organic_channel0,Channel3,0.4440441052578203
Geo20,Organic_channel0,Channel4,0.28348828750505617
Geo20,Organic_channel0,Organic_channel0,1.0
Geo20,Organic_channel0,competitor_sales_control,0.12118367413890074
Geo20,Organic_channel0,sentiment_score_control,0.6685114650391376
Geo20,Organic_channel0,Promo,0.2539878947956746
Geo20,competitor_sales_control,Channel0,0.007275230871684606
Geo20,competitor_sales_control,Channel1,0.11079183221321223
Geo20,competitor_sales_control,Channel2,0.37377976225922777
Geo20,competitor_sales_control,Channel3,0.4236548543857163
Geo20,competitor_sales_control,Channel4,0.5723107967629819
Geo20,competitor_sales_control,Organic_channel0,0.12118367413890074
Geo20,competitor_sales_control,competitor_sales_control,1.0
Geo20,competitor_sales_control,sentiment_score_control,0.0700051002158752
Geo20,competitor_sales_control,Promo,-0.038134163112553084
Geo20,sentiment_score_control,Channel0,0.4995946192838582
Geo20,sentiment_score_control,Channel1,0.4080092560653167
Geo20,sentiment_score_control,Channel2,0.5230463737496444
Geo20,sentiment_score_control,Channel3,0.5817888195920676
Geo20,sentiment_score_control,Channel4,0.31811143051366564
Geo20,sentiment_score_control,Organic_channel0,0.6685114650391376
Geo20,sentiment_score_control,competitor_sales_control,0.0700051002158752
Geo20,sentiment_score_control,sentiment_score_control,1.0
Geo20,sentiment_score_control,Promo,0.20193485494404625
Geo20,Promo,Channel0,0.43402348990956013
Geo20,Promo,Channel1,0.12715027096951692
Geo20,Promo,Channel2,0.26306919995899186
Geo20,Promo,Channel3,0.31591929667975
Geo20,Promo,Channel4,0.18427385010985897
Geo20,Promo,Organic_channel0,0.2539878947956746
Geo20,Promo,competitor_sales_control,-0.038134163112553084
Geo20,Promo,sentiment_score_control,0.20193485494404625
Geo20,Promo,Promo,1.0000000000000002
Geo21,Channel0,Channel0,0.9999999999999999
Geo21,Channel0,Channel1,0.15394080561902138
Geo21,Channel0,Channel2,0.3063753428490861
Geo21,Channel0,Channel3,0.4304794820473861
Geo21,Channel0,Channel4,0.20047218177824136
Geo21,Channel0,Organic_channel0,0.2882040773733344
Geo21,Channel0,competitor_sales_control,0.07038044197472132
Geo21,Channel0,sentiment_score_control,0.5224902035785128
Geo21,Channel0,Promo,0.3314591440346369
Geo21,Channel1,Channel0,0.15394080561902138
Geo21,Channel1,Channel1,1.0000000000000002
Geo21,Channel1,Channel2,0.35930742279755623
Geo21,Channel1,Channel3,0.32314194934542945
Geo21,Channel1,Channel4,0.28274447895167754
Geo21,Channel1,Organic_channel0,0.2536462052680007
Geo21,Channel1,competitor_sales_control,0.23539632125311588
Geo21,Channel1,sentiment_score_control,0.4017099215262142
Geo21,Channel1,Promo,0.028054318569327264
Geo21,Channel2,Channel0,0.3063753428490861
Geo21,Channel2,Channel1,0.35930742279755623
Geo21,Channel2,Channel2,1.0
Geo21,Channel2,Channel3,0.5044779444733231
Geo21,Channel2,Channel4,0.3704961890967367
Geo21,Channel2,Organic_channel0,0.40800743429856656
Geo21,Channel2,competitor_sales_control,0.42206085827846074
Geo21,Channel2,sentiment_score_control,0.44304413673163356
Geo21,Channel2,Promo,0.1088697577747542
Geo21,Channel3,Channel0,0.4304794820473861
Geo21,Channel3,Channel1,0.32314194934542945
Geo21,Channel3,Channel2,0.5044779444733231
Geo21,Channel3,Channel3,1.0
Geo21,Channel3,Channel4,0.505232419510728
Geo21,Channel3,Organic_channel0,0.3724840591238933
Geo21,Channel3,competitor_sales_control,0.5047353431823351
Geo21,Channel3,sentiment_score_control,0.5494799189537679
Geo21,Channel3,Promo,0.2666524472166339
Geo21,Channel4,Channel0,0.20047218177824136
Geo21,Channel4,Channel1,0.28274447895167754
Geo21,Channel4,Channel2,0.3704961890967367
Geo21,Channel4,Channel3,0.505232419510728
Geo21,Channel4,Channel4,1.0
Geo21,Channel4,Organic_channel0,0.17206170065488546
Geo21,Channel4,competitor_sales_control,0.6432241631235084
Geo21,Channel4,sentiment_score_control,0.25757064158539467
Geo21,Channel4,Promo,0.19875550831123825
Geo21,Organic_channel0,Channel0,0.2882040773733344
Geo21,Organic_channel0,Channel1,0.2536462052680007
Geo21,Organic_channel0,Channel2,0.40800743429856656
Geo21,Organic_channel0,Channel3,0.3724840591238933
Geo21,Organic_channel0,Channel4,0.17206170065488546
Geo21,Organic_channel0,Organic_channel0,1.0
Geo21,Organic_channel0,competitor_sales_control,0.10863037117505285
Geo21,Organic_channel0,sentiment_score_control,0.5364821771957251
Geo21,Organic_channel0,Promo,0.225649337201648
Geo21,competitor_sales_control,Channel0,0.07038044197472132
Geo21,competitor_sales_control,Channel1,0.23539632125311588
Geo21,competitor_sales_control,Channel2,0.42206085827846074
Geo21,competitor_sales_control,Channel3,0.5047353431823351
Geo21,competitor_sales_control,Channel4,0.6432241631235084
Geo21,competitor_sales_control,Organic_channel0,0.10863037117505285
Geo21,competitor_sales_control,competitor_sales_control,1.0
Geo21,competitor_sales_control,sentiment_score_control,0.038019742211350134
Geo21,competitor_sales_control,Promo,-0.022810592346745165
Geo21,sentiment_score_control,Channel0,0.5224902035785128
Geo21,sentiment_score_control,Channel1,0.4017099215262142
Geo21,sentiment_score_control,Channel2,0.44304413673163356
Geo21,sentiment_score_control,Channel3,0.5494799189537679
Geo21,sentiment_score_control,Channel4,0.25757064158539467
Geo21,sentiment_score_control,Organic_channel0,0.5364821771957251
Geo21,sentiment_score_control,competitor_sales_control,0.038019742211350134
Geo21,sentiment_score_control,sentiment_score_control,0.9999999999999998
Geo21,sentiment_score_control,Promo,0.09486440272142667
Geo21,Promo,Channel0,0.3314591440346369
Geo21,Promo,Channel1,0.028054318569327264
Geo21,Promo,Channel2,0.1088697577747542
Geo21,Promo,Channel3,0.2666524472166339
Geo21,Promo,Channel4,0.19875550831123825
Geo21,Promo,Organic_channel0,0.225649337201648
Geo21,Promo,competitor_sales_control,-0.022810592346745165
Geo21,Promo,sentiment_score_control,0.09486440272142667
Geo21,Promo,Promo,1.0
Geo22,Channel0,Channel0,0.9999999999999999
Geo22,Channel0,Channel1,0.30799671685132735
Geo22,Channel0,Channel2,0.3042184645250184
Geo22,Channel0,Channel3,0.32275746091708934
Geo22,Channel0,Channel4,0.27310506463301415
Geo22,Channel0,Organic_channel0,0.4721833194095904
Geo22,Channel0,competitor_sales_control,0.07343828576313341
Geo22,Channel0,sentiment_score_control,0.5798279534200572
Geo22,Channel0,Promo,0.38317754668386267
Geo22,Channel1,Channel0,0.30799671685132735
Geo22,Channel1,Channel1,1.0
Geo22,Channel1,Channel2,0.35298177124374835
Geo22,Channel1,Channel3,0.36390739598459776
Geo22,Channel1,Channel4,0.19772808511326173
Geo22,Channel1,Organic_channel0,0.24703298309387614
Geo22,Channel1,competitor_sales_control,0.1972246931242944
Geo22,Channel1,sentiment_score_control,0.44690498713863064
Geo22,Channel1,Promo,0.06531939591404021
Geo22,Channel2,Channel0,0.3042184645250184
Geo22,Channel2,Channel1,0.35298177124374835
Geo22,Channel2,Channel2,0.9999999999999999
Geo22,Channel2,Channel3,0.5943124746889472
Geo22,Channel2,Channel4,0.5183789837441344
Geo22,Channel2,Organic_channel0,0.41725439489371835
Geo22,Channel2,competitor_sales_control,0.48516931772500016
Geo22,Channel2,sentiment_score_control,0.545870788605181
Geo22,Channel2,Promo,0.10110041347987461
Geo22,Channel3,Channel0,0.32275746091708934
Geo22,Channel3,Channel1,0.36390739598459776
Geo22,Channel3,Channel2,0.5943124746889472
Geo22,Channel3,Channel3,1.0000000000000002
Geo22,Channel3,Channel4,0.5453435330703131
Geo22,Channel3,Organic_channel0,0.4073987012392104
Geo22,Channel3,competitor_sales_control,0.6244530626329052
Geo22,Channel3,sentiment_score_control,0.5800794453356543
Geo22,Channel3,Promo,0.1582936085809019
Geo22,Channel4,Channel0,0.27310506463301415
Geo22,Channel4,Channel1,0.19772808511326173
Geo22,Channel4,Channel2,0.5183789837441344
Geo22,Channel4,Channel3,0.5453435330703131
Geo22,Channel4,Channel4,1.0
Geo22,Channel4,Organic_channel0,0.39461997731636117
Geo22,Channel4,competitor_sales_control,0.6528171593517745
Geo22,Channel4,sentiment_score_control,0.4290528407429105
Geo22,Channel4,Promo,0.033992961254431506
Geo22,Organic_channel0,Channel0,0.4721833194095904
Geo22,Organic_channel0,Channel1,0.24703298309387614
Geo22,Organic_channel0,Channel2,0.41725439489371835
Geo22,Organic_channel0,Channel3,0.4073987012392104
Geo22,Organic_channel0,Channel4,0.39461997731636117
Geo22,Organic_channel0,Organic_channel0,1.0
Geo22,Organic_channel0,competitor_sales_control,0.2277699434205681
Geo22,Organic_channel0,sentiment_score_control,0.5496463919630384
Geo22,Organic_channel0,Promo,0.30291783598514027
Geo22,competitor_sales_control,Channel0,0.07343828576313341
Geo22,competitor_sales_control,Channel1,0.1972246931242944
Geo22,competitor_sales_control,Channel2,0.48516931772500016
Geo22,competitor_sales_control,Channel3,0.6244530626329052
Geo22,competitor_sales_control,Channel4,0.6528171593517745
Geo22,competitor_sales_control,Organic_channel0,0.2277699434205681
Geo22,competitor_sales_control,competitor_sales_control,0.9999999999999999
Geo22,competitor_sales_control,sentiment_score_control,0.22512800345698286
Geo22,competitor_sales_control,Promo,-0.1316527065903132
Geo22,sentiment_score_control,Channel0,0.5798279534200572
Geo22,sentiment_score_control,Channel1,0.44690498713863064
Geo22,sentiment_score_control,Channel2,0.545870788605181
Geo22,sentiment_score_control,Channel3,0.5800794453356543
Geo22,sentiment_score_control,Channel4,0.4290528407429105
Geo22,sentiment_score_control,Organic_channel0,0.5496463919630384
Geo22,sentiment_score_control,competitor_sales_control,0.22512800345698286
Geo22,sentiment_score_control,sentiment_score_control,1.0
Geo22,sentiment_score_control,Promo,0.05359041128661071
Geo22,Promo,Channel0,0.38317754668386267
Geo22,Promo,Channel1,0.06531939591404021
Geo22,Promo,Channel2,0.10110041347987461
Geo22,Promo,Channel3,0.1582936085809019
Geo22,Promo,Channel4,0.033992961254431506
Geo22,Promo,Organic_channel0,0.30291783598514027
Geo22,Promo,competitor_sales_control,-0.1316527065903132
Geo22,Promo,sentiment_score_control,0.05359041128661071
Geo22,Promo,Promo,1.0
Geo23,Channel0,Channel0,0.9999999999999999
Geo23,Channel0,Channel1,0.15452028177974805
Geo23,Channel0,Channel2,0.12593582952784807
Geo23,Channel0,Channel3,0.31864481355938684
Geo23,Channel0,Channel4,0.12674036516657766
Geo23,Channel0,Organic_channel0,0.3712715827310769
Geo23,Channel0,competitor_sales_control,-0.012787175366238697
Geo23,Channel0,sentiment_score_control,0.4430199770638351
Geo23,Channel0,Promo,0.29823293810682255
Geo23,Channel1,Channel0,0.15452028177974805
Geo23,Channel1,Channel1,1.0
Geo23,Channel1,Channel2,0.27689618939092525
Geo23,Channel1,Channel3,0.2927960173383074
Geo23,Channel1,Channel4,0.2851060412225478
Geo23,Channel1,Organic_channel0,0.27357514131309896
Geo23,Channel1,competitor_sales_control,0.17579775022401994
Geo23,Channel1,sentiment_score_control,0.4191941769397694
Geo23,Channel1,Promo,0.08554611579725384
Geo23,Channel2,Channel0,0.12593582952784807
Geo23,Channel2,Channel1,0.27689618939092525
Geo23,Channel2,Channel2,1.0000000000000002
Geo23,Channel2,Channel3,0.4952765364400816
Geo23,Channel2,Channel4,0.41747957696716653
Geo23,Channel2,Organic_channel0,0.3812863479310402
Geo23,Channel2,competitor_sales_control,0.47200178521521685
Geo23,Channel2,sentiment_score_control,0.4729180126387978
Geo23,Channel2,Promo,0.28717699986297573
Geo23,Channel3,Channel0,0.31864481355938684
Geo23,Channel3,Channel1,0.2927960173383074
Geo23,Channel3,Channel2,0.4952765364400816
Geo23,Channel3,Channel3,0.9999999999999998
Geo23,Channel3,Channel4,0.4720034539498642
Geo23,Channel3,Organic_channel0,0.45150517734871115
Geo23,Channel3,competitor_sales_control,0.5711724022223185
Geo23,Channel3,sentiment_score_control,0.5547348999323272
Geo23,Channel3,Promo,0.3970604944295314
Geo23,Channel4,Channel0,0.12674036516657766
Geo23,Channel4,Channel1,0.2851060412225478
Geo23,Channel4,Channel2,0.41747957696716653
Geo23,Channel4,Channel3,0.4720034539498642
Geo23,Channel4,Channel4,1.0000000000000002
Geo23,Channel4,Organic_channel0,0.32471138508775477
Geo23,Channel4,competitor_sales_control,0.5867844331766847
Geo23,Channel4,sentiment_score_control,0.4164120131883671
Geo23,Channel4,Promo,0.18121665105490203
Geo23,Organic_channel0,Channel0,0.3712715827310769
Geo23,Organic_channel0,Channel1,0.27357514131309896
Geo23,Organic_channel0,Channel2,0.3812863479310402
Geo23,Organic_channel0,Channel3,0.45150517734871115
Geo23,Organic_channel0,Channel4,0.32471138508775477
Geo23,Organic_channel0,Organic_channel0,1.0000000000000002
Geo23,Organic_channel0,competitor_sales_control,0.26750016796215204
Geo23,Organic_channel0,sentiment_score_control,0.5089899948150914
Geo23,Organic_channel0,Promo,0.37921831474667445
Geo23,competitor_sales_control,Channel0,-0.012787175366238697
Geo23,competitor_sales_control,Channel1,0.17579775022401994
Geo23,competitor_sales_control,Channel2,0.47200178521521685
Geo23,competitor_sales_control,Channel3,0.5711724022223185
Geo23,competitor_sales_control,Channel4,0.5867844331766847
Geo23,competitor_sales_control,Organic_channel0,0.26750016796215204
Geo23,competitor_sales_control,competitor_sales_control,1.0
Geo23,competitor_sales_control,sentiment_score_control,0.1154169497035973
Geo23,competitor_sales_control,Promo,0.20365526866110387
Geo23,sentiment_score_control,Channel0,0.4430199770638351
Geo23,sentiment_score_control,Channel1,0.4191941769397694
Geo23,sentiment_score_control,Channel2,0.4729180126387978
Geo23,sentiment_score_control,Channel3,0.5547348999323272
Geo23,sentiment_score_control,Channel4,0.4164120131883671
Geo23,sentiment_score_control,Organic_channel0,0.5089899948150914
Geo23,sentiment_score_control,competitor_sales_control,0.1154169497035973
Geo23,sentiment_score_control,sentiment_score_control,1.0
Geo23,sentiment_score_control,Promo,0.11427852244811401
Geo23,Promo,Channel0,0.29823293810682255
Geo23,Promo,Channel1,0.08554611579725384
Geo23,Promo,Channel2,0.28717699986297573
Geo23,Promo,Channel3,0.3970604944295314
Geo23,Promo,Channel4,0.18121665105490203
Geo23,Promo,Organic_channel0,0.37921831474667445
Geo23,Promo,competitor_sales_control,0.20365526866110387
Geo23,Promo,sentiment_score_control,0.11427852244811401
Geo23,Promo,Promo,0.9999999999999999
Geo24,Channel0,Channel0,1.0
Geo24,Channel0,Channel1,0.09335786465218683
Geo24,Channel0,Channel2,0.23590255127428528
Geo24,Channel0,Channel3,0.3446619205208654
Geo24,Channel0,Channel4,0.3052465888442476
Geo24,Channel0,Organic_channel0,0.34151981603309967
Geo24,Channel0,competitor_sales_control,0.03053829162366348
Geo24,Channel0,sentiment_score_control,0.39212143183225073
Geo24,Channel0,Promo,0.3350816171776585
Geo24,Channel1,Channel0,0.09335786465218683
Geo24,Channel1,Channel1,1.0
Geo24,Channel1,Channel2,0.13143686493254048
Geo24,Channel1,Channel3,0.2217522889671186
Geo24,Channel1,Channel4,0.1001714262594543
Geo24,Channel1,Organic_channel0,0.20753471056799247
Geo24,Channel1,competitor_sales_control,0.07493693727213832
Geo24,Channel1,sentiment_score_control,0.2993241862555467
Geo24,Channel1,Promo,-0.04110207953869012
Geo24,Channel2,Channel0,0.23590255127428528
Geo24,Channel2,Channel1,0.13143686493254048
Geo24,Channel2,Channel2,0.9999999999999998
Geo24,Channel2,Channel3,0.48999962264119235
Geo24,Channel2,Channel4,0.2874268220184711
Geo24,Channel2,Organic_channel0,0.45079831669199216
Geo24,Channel2,competitor_sales_control,0.4265549407370693
Geo24,Channel2,sentiment_score_control,0.5183601927215623
Geo24,Channel2,Promo,0.158742468225204
Geo24,Channel3,Channel0,0.3446619205208654
Geo24,Channel3,Channel1,0.2217522889671186
Geo24,Channel3,Channel2,0.48999962264119235
Geo24,Channel3,Channel3,0.9999999999999998
Geo24,Channel3,Channel4,0.43517596200202235
Geo24,Channel3,Organic_channel0,0.49242153250512893
Geo24,Channel3,competitor_sales_control,0.4552796150565845
Geo24,Channel3,sentiment_score_control,0.5134617975743957
Geo24,Channel3,Promo,0.27314478240388496
Geo24,Channel4,Channel0,0.3052465888442476
Geo24,Channel4,Channel1,0.1001714262594543
Geo24,Channel4,Channel2,0.2874268220184711
Geo24,Channel4,Channel3,0.43517596200202235
Geo24,Channel4,Channel4,0.9999999999999999
Geo24,Channel4,Organic_channel0,0.32427189284257785
Geo24,Channel4,competitor_sales_control,0.4560660313750708
Geo24,Channel4,sentiment_score_control,0.29679633354577895
Geo24,Channel4,Promo,0.2711322152759095
Geo24,Organic_channel0,Channel0,0.34151981603309967
Geo24,Organic_channel0,Channel1,0.20753471056799247
Geo24,Organic_channel0,Channel2,0.45079831669199216
Geo24,Organic_channel0,Channel3,0.49242153250512893
Geo24,Organic_channel0,Channel4,0.32427189284257785
Geo24,Organic_channel0,Organic_channel0,1.0000000000000002
Geo24,Organic_channel0,competitor_sales_control,0.20159907762692983
Geo24,Organic_channel0,sentiment_score_control,0.5541093036517569
Geo24,Organic_channel0,Promo,0.3296620845357907
Geo24,competitor_sales_control,Channel0,0.03053829162366348
Geo24,competitor_sales_control,Channel1,0.07493693727213832
Geo24,competitor_sales_control,Channel2,0.4265549407370693
Geo24,competitor_sales_control,Channel3,0.4552796150565845
Geo24,competitor_sales_control,Channel4,0.4560660313750708
Geo24,competitor_sales_control,Organic_channel0,0.20159907762692983
Geo24,competitor_sales_control,competitor_sales_control,0.9999999999999999
Geo24,competitor_sales_control,sentiment_score_control,0.05710473291952475
Geo24,competitor_sales_control,Promo,-0.00963511576233572
Geo24,sentiment_score_control,Channel0,0.39212143183225073
Geo24,sentiment_score_control,Channel1,0.2993241862555467
Geo24,sentiment_score_control,Channel2,0.5183601927215623
Geo24,sentiment_score_control,Channel3,0.5134617975743957
Geo24,sentiment_score_control,Channel4,0.29679633354577895
Geo24,sentiment_score_control,Organic_channel0,0.5541093036517569
Geo24,sentiment_score_control,competitor_sales_control,0.05710473291952475
Geo24,sentiment_score_control,sentiment_score_control,1.0
Geo24,sentiment_score_control,Promo,-0.06234347037198044
Geo24,Promo,Channel0,0.3350816171776585
Geo24,Promo,Channel1,-0.04110207953869012
Geo24,Promo,Channel2,0.158742468225204
Geo24,Promo,Channel3,0.27314478240388496
Geo24,Promo,Channel4,0.2711322152759095
Geo24,Promo,Organic_channel0,0.3296620845357907
Geo24,Promo,competitor_sales_control,-0.00963511576233572
Geo24,Promo,sentiment_score_control,-0.06234347037198044
Geo24,Promo,Promo,1.0000000000000002
Geo25,Channel0,Channel0,1.0
Geo25,Channel0,Channel1,0.12444611598915788
Geo25,Channel0,Channel2,0.16766353343086654
Geo25,Channel0,Channel3,0.36502981044400384
Geo25,Channel0,Channel4,0.21574224141299067
Geo25,Channel0,Organic_channel0,0.24789913772206784
Geo25,Channel0,competitor_sales_control,0.16361182450043454
Geo25,Channel0,sentiment_score_control,0.38802659662951433
Geo25,Channel0,Promo,0.34963173823521354
Geo25,Channel1,Channel0,0.12444611598915788
Geo25,Channel1,Channel1,1.0000000000000002
Geo25,Channel1,Channel2,0.2231748022232169
Geo25,Channel1,Channel3,0.2667771849567945
Geo25,Channel1,Channel4,0.2963102541523051
Geo25,Channel1,Organic_channel0,0.35646285097574987
Geo25,Channel1,competitor_sales_control,0.24267820155232672
Geo25,Channel1,sentiment_score_control,0.3662587869937553
Geo25,Channel1,Promo,0.09089402662105601
Geo25,Channel2,Channel0,0.16766353343086654
Geo25,Channel2,Channel1,0.2231748022232169
Geo25,Channel2,Channel2,1.0000000000000002
Geo25,Channel2,Channel3,0.544607951445804
Geo25,Channel2,Channel4,0.3656083499831726
Geo25,Channel2,Organic_channel0,0.4924577530640836
Geo25,Channel2,competitor_sales_control,0.407848756609426
Geo25,Channel2,sentiment_score_control,0.46315246056641574
Geo25,Channel2,Promo,0.27072594426876845
Geo25,Channel3,Channel0,0.36502981044400384
Geo25,Channel3,Channel1,0.2667771849567945
Geo25,Channel3,Channel2,0.544607951445804
Geo25,Channel3,Channel3,1.0
Geo25,Channel3,Channel4,0.47859018495749506
Geo25,Channel3,Organic_channel0,0.516819648814895
Geo25,Channel3,competitor_sales_control,0.5662234813171207
Geo25,Channel3,sentiment_score_control,0.601105112802642
Geo25,Channel3,Promo,0.25779786270551974
Geo25,Channel4,Channel0,0.21574224141299067
Geo25,Channel4,Channel1,0.2963102541523051
Geo25,Channel4,Channel2,0.3656083499831726
Geo25,Channel4,Channel3,0.47859018495749506
Geo25,Channel4,Channel4,1.0000000000000002
Geo25,Channel4,Organic_channel0,0.2896980833232788
Geo25,Channel4,competitor_sales_control,0.5360702309844926
Geo25,Channel4,sentiment_score_control,0.36168292907489485
Geo25,Channel4,Promo,0.1595080819047249
Geo25,Organic_channel0,Channel0,0.24789913772206784
Geo25,Organic_channel0,Channel1,0.35646285097574987
Geo25,Organic_channel0,Channel2,0.4924577530640836
Geo25,Organic_channel0,Channel3,0.516819648814895
Geo25,Organic_channel0,Channel4,0.2896980833232788
Geo25,Organic_channel0,Organic_channel0,1.0000000000000002
Geo25,Organic_channel0,competitor_sales_control,0.302607985179363
Geo25,Organic_channel0,sentiment_score_control,0.5696838116984201
Geo25,Organic_channel0,Promo,0.34172921763614644
Geo25,competitor_sales_control,Channel0,0.16361182450043454
Geo25,competitor_sales_control,Channel1,0.24267820155232672
Geo25,competitor_sales_control,Channel2,0.407848756609426
Geo25,competitor_sales_control,Channel3,0.5662234813171207
Geo25,competitor_sales_control,Channel4,0.5360702309844926
Geo25,competitor_sales_control,Organic_channel0,0.302607985179363
Geo25,competitor_sales_control,competitor_sales_control,1.0
Geo25,competitor_sales_control,sentiment_score_control,0.18535389322370904
Geo25,competitor_sales_control,Promo,0.0012424666849382797
Geo25,sentiment_score_control,Channel0,0.38802659662951433
Geo25,sentiment_score_control,Channel1,0.3662587869937553
Geo25,sentiment_score_control,Channel2,0.46315246056641574
Geo25,sentiment_score_control,Channel3,0.601105112802642
Geo25,sentiment_score_control,Channel4,0.36168292907489485
Geo25,sentiment_score_control,Organic_channel0,0.5696838116984201
Geo25,sentiment_score_control,competitor_sales_control,0.18535389322370904
Geo25,sentiment_score_control,sentiment_score_control,0.9999999999999999
Geo25,sentiment_score_control,Promo,0.07900150857144514
Geo25,Promo,Channel0,0.34963173823521354
Geo25,Promo,Channel1,0.09089402662105601
Geo25,Promo,Channel2,0.27072594426876845
Geo25,Promo,Channel3,0.25779786270551974
Geo25,Promo,Channel4,0.1595080819047249
Geo25,Promo,Organic_channel0,0.34172921763614644
Geo25,Promo,competitor_sales_control,0.0012424666849382797
Geo25,Promo,sentiment_score_control,0.07900150857144514
Geo25,Promo,Promo,1.0000000000000002
Geo26,Channel0,Channel0,0.9999999999999999
Geo26,Channel0,Channel1,0.2571338300528025
Geo26,Channel0,Channel2,0.15946860740066027
Geo26,Channel0,Channel3,0.3143345623761359
Geo26,Channel0,Channel4,0.23736371717025823
Geo26,Channel0,Organic_channel0,0.43315096836215133
Geo26,Channel0,competitor_sales_control,0.025142820895107647
Geo26,Channel0,sentiment_score_control,0.37571168358226636
Geo26,Channel0,Promo,0.31918204276781975
Geo26,Channel1,Channel0,0.2571338300528025
Geo26,Channel1,Channel1,1.0
Geo26,Channel1,Channel2,0.16934470910879726
Geo26,Channel1,Channel3,0.3622657209534974
Geo26,Channel1,Channel4,0.20102202449987544
Geo26,Channel1,Organic_channel0,0.1962684427099159
Geo26,Channel1,competitor_sales_control,0.1791143261123065
Geo26,Channel1,sentiment_score_control,0.24046477505499886
Geo26,Channel1,Promo,0.19222961544989894
Geo26,Channel2,Channel0,0.15946860740066027
Geo26,Channel2,Channel1,0.16934470910879726
Geo26,Channel2,Channel2,0.9999999999999999
Geo26,Channel2,Channel3,0.5072309701023933
Geo26,Channel2,Channel4,0.5048035828942544
Geo26,Channel2,Organic_channel0,0.20504843764689554
Geo26,Channel2,competitor_sales_control,0.517682998051236
Geo26,Channel2,sentiment_score_control,0.3715420593144289
Geo26,Channel2,Promo,0.15665720081920143
Geo26,Channel3,Channel0,0.3143345623761359
Geo26,Channel3,Channel1,0.3622657209534974
Geo26,Channel3,Channel2,0.5072309701023933
Geo26,Channel3,Channel3,1.0000000000000002
Geo26,Channel3,Channel4,0.47332784823274143
Geo26,Channel3,Organic_channel0,0.34315141525588944
Geo26,Channel3,competitor_sales_control,0.5007162217773815
Geo26,Channel3,sentiment_score_control,0.5822181221389164
Geo26,Channel3,Promo,0.338853521518138
Geo26,Channel4,Channel0,0.23736371717025823
Geo26,Channel4,Channel1,0.20102202449987544
Geo26,Channel4,Channel2,0.5048035828942544
Geo26,Channel4,Channel3,0.47332784823274143
Geo26,Channel4,Channel4,1.0
Geo26,Channel4,Organic_channel0,0.24219109883760054
Geo26,Channel4,competitor_sales_control,0.620563475387906
Geo26,Channel4,sentiment_score_control,0.2599437585432526
Geo26,Channel4,Promo,0.29597691290513
Geo26,Organic_channel0,Channel0,0.43315096836215133
Geo26,Organic_channel0,Channel1,0.1962684427099159
Geo26,Organic_channel0,Channel2,0.20504843764689554
Geo26,Organic_channel0,Channel3,0.34315141525588944
Geo26,Organic_channel0,Channel4,0.24219109883760054
Geo26,Organic_channel0,Organic_channel0,1.0
Geo26,Organic_channel0,competitor_sales_control,0.09824689394088525
Geo26,Organic_channel0,sentiment_score_control,0.4578071193340537
Geo26,Organic_channel0,Promo,0.3152681518668748
Geo26,competitor_sales_control,Channel0,0.025142820895107647
Geo26,competitor_sales_control,Channel1,0.1791143261123065
Geo26,competitor_sales_control,Channel2,0.517682998051236
Geo26,competitor_sales_control,Channel3,0.5007162217773815
Geo26,competitor_sales_control,Channel4,0.620563475387906
Geo26,competitor_sales_control,Organic_channel0,0.09824689394088525
Geo26,competitor_sales_control,competitor_sales_control,1.0
Geo26,competitor_sales_control,sentiment_score_control,0.04991067690697624
Geo26,competitor_sales_control,Promo,0.06887162523436928
Geo26,sentiment_score_control,Channel0,0.37571168358226636
Geo26,sentiment_score_control,Channel1,0.24046477505499886
Geo26,sentiment_score_control,Channel2,0.3715420593144289
Geo26,sentiment_score_control,Channel3,0.5822181221389164
Geo26,sentiment_score_control,Channel4,0.2599437585432526
Geo26,sentiment_score_control,Organic_channel0,0.4578071193340537
Geo26,sentiment_score_control,competitor_sales_control,0.04991067690697624
Geo26,sentiment_score_control,sentiment_score_control,1.0
Geo26,sentiment_score_control,Promo,0.09680722346038871
Geo26,Promo,Channel0,0.31918204276781975
Geo26,Promo,Channel1,0.19222961544989894
Geo26,Promo,Channel2,0.15665720081920143
Geo26,Promo,Channel3,0.338853521518138
Geo26,Promo,Channel4,0.29597691290513
Geo26,Promo,Organic_channel0,0.3152681518668748
Geo26,Promo,competitor_sales_control,0.06887162523436928
Geo26,Promo,sentiment_score_control,0.09680722346038871
Geo26,Promo,Promo,1.0
Geo27,Channel0,Channel0,1.0000000000000002
Geo27,Channel0,Channel1,0.2116206365760964
Geo27,Channel0,Channel2,0.2169525951222518
Geo27,Channel0,Channel3,0.24209076177186684
Geo27,Channel0,Channel4,0.11183606024302052
Geo27,Channel0,Organic_channel0,0.28568827194640234
Geo27,Channel0,competitor_sales_control,-0.03649139735337247
Geo27,Channel0,sentiment_score_control,0.35332829637615215
Geo27,Channel0,Promo,0.3092567234302545
Geo27,Channel1,Channel0,0.2116206365760964
Geo27,Channel1,Channel1,1.0000000000000002
Geo27,Channel1,Channel2,0.19446281240975544
Geo27,Channel1,Channel3,0.3047934711809281
Geo27,Channel1,Channel4,0.1993274285004544
Geo27,Channel1,Organic_channel0,0.19259043875695597
Geo27,Channel1,competitor_sales_control,0.22916032426856164
Geo27,Channel1,sentiment_score_control,0.28787594372618613
Geo27,Channel1,Promo,0.20921956325575652
Geo27,Channel2,Channel0,0.2169525951222518
Geo27,Channel2,Channel1,0.19446281240975544
Geo27,Channel2,Channel2,0.9999999999999998
Geo27,Channel2,Channel3,0.3677892575689298
Geo27,Channel2,Channel4,0.2739303066156431
Geo27,Channel2,Organic_channel0,0.2368969810926981
Geo27,Channel2,competitor_sales_control,0.3944090970634953
Geo27,Channel2,sentiment_score_control,0.3092539961547679
Geo27,Channel2,Promo,0.1848984798322831
Geo27,Channel3,Channel0,0.24209076177186684
Geo27,Channel3,Channel1,0.3047934711809281
Geo27,Channel3,Channel2,0.3677892575689298
Geo27,Channel3,Channel3,1.0000000000000002
Geo27,Channel3,Channel4,0.33077929105747716
Geo27,Channel3,Organic_channel0,0.34325764303984846
Geo27,Channel3,competitor_sales_control,0.44888832765198217
Geo27,Channel3,sentiment_score_control,0.5081812575046152
Geo27,Channel3,Promo,0.12014740382503403
Geo27,Channel4,Channel0,0.11183606024302052
Geo27,Channel4,Channel1,0.1993274285004544
Geo27,Channel4,Channel2,0.2739303066156431
Geo27,Channel4,Channel3,0.33077929105747716
Geo27,Channel4,Channel4,1.0
Geo27,Channel4,Organic_channel0,0.24948074626804032
Geo27,Channel4,competitor_sales_control,0.5121006753549237
Geo27,Channel4,sentiment_score_control,0.08426414655990937
Geo27,Channel4,Promo,0.18394481496309223
Geo27,Organic_channel0,Channel0,0.28568827194640234
Geo27,Organic_channel0,Channel1,0.19259043875695597
Geo27,Organic_channel0,Channel2,0.2368969810926981
Geo27,Organic_channel0,Channel3,0.34325764303984846
Geo27,Organic_channel0,Channel4,0.24948074626804032
Geo27,Organic_channel0,Organic_channel0,0.9999999999999998
Geo27,Organic_channel0,competitor_sales_control,0.10951349780241952
Geo27,Organic_channel0,sentiment_score_control,0.48048680183028364
Geo27,Organic_channel0,Promo,0.32730397622391866
Geo27,competitor_sales_control,Channel0,-0.03649139735337247
Geo27,competitor_sales_control,Channel1,0.22916032426856164
Geo27,competitor_sales_control,Channel2,0.3944090970634953
Geo27,competitor_sales_control,Channel3,0.44888832765198217
Geo27,competitor_sales_control,Channel4,0.5121006753549237
Geo27,competitor_sales_control,Organic_channel0,0.10951349780241952
Geo27,competitor_sales_control,competitor_sales_control,1.0
Geo27,competitor_sales_control,sentiment_score_control,-0.059721034297179676
Geo27,competitor_sales_control,Promo,-0.12765842620763332
Geo27,sentiment_score_control,Channel0,0.35332829637615215
Geo27,sentiment_score_control,Channel1,0.28787594372618613
Geo27,sentiment_score_control,Channel2,0.3092539961547679
Geo27,sentiment_score_control,Channel3,0.5081812575046152
Geo27,sentiment_score_control,Channel4,0.08426414655990937
Geo27,sentiment_score_control,Organic_channel0,0.48048680183028364
Geo27,sentiment_score_control,competitor_sales_control,-0.059721034297179676
Geo27,sentiment_score_control,sentiment_score_control,1.0
Geo27,sentiment_score_control,Promo,0.03838064454617165
Geo27,Promo,Channel0,0.3092567234302545
Geo27,Promo,Channel1,0.20921956325575652
Geo27,Promo,Channel2,0.1848984798322831
Geo27,Promo,Channel3,0.12014740382503403
Geo27,Promo,Channel4,0.18394481496309223
Geo27,Promo,Organic_channel0,0.32730397622391866
Geo27,Promo,competitor_sales_control,-0.12765842620763332
Geo27,Promo,sentiment_score_control,0.03838064454617165
Geo27,Promo,Promo,1.0
Geo28,Channel0,Channel0,1.0
Geo28,Channel0,Channel1,0.16328734369162376
Geo28,Channel0,Channel2,0.3783269841780816
Geo28,Channel0,Channel3,0.44019334121019366
Geo28,Channel0,Channel4,0.3287687055070938
Geo28,Channel0,Organic_channel0,0.41852928657968747
Geo28,Channel0,competitor_sales_control,0.1389671525629705
Geo28,Channel0,sentiment_score_control,0.575220508787958
Geo28,Channel0,Promo,0.3764524709893856
Geo28,Channel1,Channel0,0.16328734369162376
Geo28,Channel1,Channel1,1.0
Geo28,Channel1,Channel2,0.2690467132542927
Geo28,Channel1,Channel3,0.29377014948539326
Geo28,Channel1,Channel4,0.17450726501668778
Geo28,Channel1,Organic_channel0,0.3642975390495887
Geo28,Channel1,competitor_sales_control,0.15376228712570172
Geo28,Channel1,sentiment_score_control,0.42778014083818217
Geo28,Channel1,Promo,0.06536208770748635
Geo28,Channel2,Channel0,0.3783269841780816
Geo28,Channel2,Channel1,0.2690467132542927
Geo28,Channel2,Channel2,1.0
Geo28,Channel2,Channel3,0.5587601333665225
Geo28,Channel2,Channel4,0.534255578511449
Geo28,Channel2,Organic_channel0,0.5276423449203125
Geo28,Channel2,competitor_sales_control,0.4372272255634842
Geo28,Channel2,sentiment_score_control,0.5230124340940824
Geo28,Channel2,Promo,0.391488738225215
Geo28,Channel3,Channel0,0.44019334121019366
Geo28,Channel3,Channel1,0.29377014948539326
Geo28,Channel3,Channel2,0.5587601333665225
Geo28,Channel3,Channel3,1.0
Geo28,Channel3,Channel4,0.5770158421647602
Geo28,Channel3,Organic_channel0,0.5198316798535519
Geo28,Channel3,competitor_sales_control,0.5196682817590003
Geo28,Channel3,sentiment_score_control,0.6252802632926815
Geo28,Channel3,Promo,0.4198671906532002
Geo28,Channel4,Channel0,0.3287687055070938
Geo28,Channel4,Channel1,0.17450726501668778
Geo28,Channel4,Channel2,0.534255578511449
Geo28,Channel4,Channel3,0.5770158421647602
Geo28,Channel4,Channel4,1.0
Geo28,Channel4,Organic_channel0,0.3931014390620484
Geo28,Channel4,competitor_sales_control,0.6225851183347032
Geo28,Channel4,sentiment_score_control,0.41604288075391693
Geo28,Channel4,Promo,0.2792067220574642
Geo28,Organic_channel0,Channel0,0.41852928657968747
Geo28,Organic_channel0,Channel1,0.3642975390495887
Geo28,Organic_channel0,Channel2,0.5276423449203125
Geo28,Organic_channel0,Channel3,0.5198316798535519
Geo28,Organic_channel0,Channel4,0.3931014390620484
Geo28,Organic_channel0,Organic_channel0,1.0000000000000002
Geo28,Organic_channel0,competitor_sales_control,0.32513304222480194
Geo28,Organic_channel0,sentiment_score_control,0.5603125292189459
Geo28,Organic_channel0,Promo,0.3858564256890584
Geo28,competitor_sales_control,Channel0,0.1389671525629705
Geo28,competitor_sales_control,Channel1,0.15376228712570172
Geo28,competitor_sales_control,Channel2,0.4372272255634842
Geo28,competitor_sales_control,Channel3,0.5196682817590003
Geo28,competitor_sales_control,Channel4,0.6225851183347032
Geo28,competitor_sales_control,Organic_channel0,0.32513304222480194
Geo28,competitor_sales_control,competitor_sales_control,0.9999999999999998
Geo28,competitor_sales_control,sentiment_score_control,0.2013589474443159
Geo28,competitor_sales_control,Promo,0.12699448267265298
Geo28,sentiment_score_control,Channel0,0.575220508787958
Geo28,sentiment_score_control,Channel1,0.42778014083818217
Geo28,sentiment_score_control,Channel2,0.5230124340940824
Geo28,sentiment_score_control,Channel3,0.6252802632926815
Geo28,sentiment_score_control,Channel4,0.41604288075391693
Geo28,sentiment_score_control,Organic_channel0,0.5603125292189459
Geo28,sentiment_score_control,competitor_sales_control,0.2013589474443159
Geo28,sentiment_score_control,sentiment_score_control,1.0
Geo28,sentiment_score_control,Promo,0.25046703186962743
Geo28,Promo,Channel0,0.3764524709893856
Geo28,Promo,Channel1,0.06536208770748635
Geo28,Promo,Channel2,0.391488738225215
Geo28,Promo,Channel3,0.4198671906532002
Geo28,Promo,Channel4,0.2792067220574642
Geo28,Promo,Organic_channel0,0.3858564256890584
Geo28,Promo,competitor_sales_control,0.12699448267265298
Geo28,Promo,sentiment_score_control,0.25046703186962743
Geo28,Promo,Promo,0.9999999999999999
Geo29,Channel0,Channel0,0.9999999999999999
Geo29,Channel0,Channel1,0.23178506932087267
Geo29,Channel0,Channel2,0.18684053587890423
Geo29,Channel0,Channel3,0.25954217631187515
Geo29,Channel0,Channel4,0.15038871174254645
Geo29,Channel0,Organic_channel0,0.27999068395255533
Geo29,Channel0,competitor_sales_control,0.10193536218566882
Geo29,Channel0,sentiment_score_control,0.374167267838232
Geo29,Channel0,Promo,0.24334200506926476
Geo29,Channel1,Channel0,0.23178506932087267
Geo29,Channel1,Channel1,1.0
Geo29,Channel1,Channel2,0.2856282393774072
Geo29,Channel1,Channel3,0.35779936676506174
Geo29,Channel1,Channel4,0.1575579286606854
Geo29,Channel1,Organic_channel0,0.40331657739441945
Geo29,Channel1,competitor_sales_control,0.20774403861383267
Geo29,Channel1,sentiment_score_control,0.451661719494315
Geo29,Channel1,Promo,0.055212424302535694
Geo29,Channel2,Channel0,0.18684053587890423
Geo29,Channel2,Channel1,0.2856282393774072
Geo29,Channel2,Channel2,1.0000000000000002
Geo29,Channel2,Channel3,0.5111550648308436
Geo29,Channel2,Channel4,0.36548985642649245
Geo29,Channel2,Organic_channel0,0.467636815170784
Geo29,Channel2,competitor_sales_control,0.4292089048513779
Geo29,Channel2,sentiment_score_control,0.4718027083765042
Geo29,Channel2,Promo,0.24109731530914735
Geo29,Channel3,Channel0,0.25954217631187515
Geo29,Channel3,Channel1,0.35779936676506174
Geo29,Channel3,Channel2,0.5111550648308436
Geo29,Channel3,Channel3,1.0000000000000002
Geo29,Channel3,Channel4,0.4559211576172415
Geo29,Channel3,Organic_channel0,0.417710313946838
Geo29,Channel3,competitor_sales_control,0.5886527517019725
Geo29,Channel3,sentiment_score_control,0.570580276150386
Geo29,Channel3,Promo,0.11415629108663168
Geo29,Channel4,Channel0,0.15038871174254645
Geo29,Channel4,Channel1,0.1575579286606854
Geo29,Channel4,Channel2,0.36548985642649245
Geo29,Channel4,Channel3,0.4559211576172415
Geo29,Channel4,Channel4,0.9999999999999999
Geo29,Channel4,Organic_channel0,0.26558341237096994
Geo29,Channel4,competitor_sales_control,0.6651173521480293
Geo29,Channel4,sentiment_score_control,0.23564076488429525
Geo29,Channel4,Promo,0.040048389830335804
Geo29,Organic_channel0,Channel0,0.27999068395255533
Geo29,Organic_channel0,Channel1,0.40331657739441945
Geo29,Organic_channel0,Channel2,0.467636815170784
Geo29,Organic_channel0,Channel3,0.417710313946838
Geo29,Organic_channel0,Channel4,0.26558341237096994
Geo29,Organic_channel0,Organic_channel0,1.0
Geo29,Organic_channel0,competitor_sales_control,0.24830324790874939
Geo29,Organic_channel0,sentiment_score_control,0.6027672058677367
Geo29,Organic_channel0,Promo,0.1435175909948568
Geo29,competitor_sales_control,Channel0,0.10193536218566882
Geo29,competitor_sales_control,Channel1,0.20774403861383267
Geo29,competitor_sales_control,Channel2,0.4292089048513779
Geo29,competitor_sales_control,Channel3,0.5886527517019725
Geo29,competitor_sales_control,Channel4,0.6651173521480293
Geo29,competitor_sales_control,Organic_channel0,0.24830324790874939
Geo29,competitor_sales_control,competitor_sales_control,1.0
Geo29,competitor_sales_control,sentiment_score_control,0.1500852735020526
Geo29,competitor_sales_control,Promo,-0.05368483399484493
Geo29,sentiment_score_control,Channel0,0.374167267838232
Geo29,sentiment_score_control,Channel1,0.451661719494315
Geo29,sentiment_score_control,Channel2,0.4718027083765042
Geo29,sentiment_score_control,Channel3,0.570580276150386
Geo29,sentiment_score_control,Channel4,0.23564076488429525
Geo29,sentiment_score_control,Organic_channel0,0.6027672058677367
Geo29,sentiment_score_control,competitor_sales_control,0.1500852735020526
Geo29,sentiment_score_control,sentiment_score_control,0.9999999999999998
Geo29,sentiment_score_control,Promo,-0.012521047963802717
Geo29,Promo,Channel0,0.24334200506926476
Geo29,Promo,Channel1,0.055212424302535694
Geo29,Promo,Channel2,0.24109731530914735
Geo29,Promo,Channel3,0.11415629108663168
Geo29,Promo,Channel4,0.040048389830335804
Geo29,Promo,Organic_channel0,0.1435175909948568
Geo29,Promo,competitor_sales_control,-0.05368483399484493
Geo29,Promo,sentiment_score_control,-0.012521047963802717
Geo29,Promo,Promo,1.0
Geo30,Channel0,Channel0,1.0000000000000002
Geo30,Channel0,Channel1,0.20445804106913223
Geo30,Channel0,Channel2,0.33173098024769165
Geo30,Channel0,Channel3,0.2928846185271413
Geo30,Channel0,Channel4,0.15398002061465105
Geo30,Channel0,Organic_channel0,0.31599645116821945
Geo30,Channel0,competitor_sales_control,0.1152437179394007
Geo30,Channel0,sentiment_score_control,0.44956179509591065
Geo30,Channel0,Promo,0.2970524138607155
Geo30,Channel1,Channel0,0.20445804106913223
Geo30,Channel1,Channel1,1.0
Geo30,Channel1,Channel2,0.3048312763444763
Geo30,Channel1,Channel3,0.4029935757843203
Geo30,Channel1,Channel4,0.23594196656092403
Geo30,Channel1,Organic_channel0,0.32851307728924695
Geo30,Channel1,competitor_sales_control,0.1973924444788625
Geo30,Channel1,sentiment_score_control,0.5062575856712832
Geo30,Channel1,Promo,0.1735777731946948
Geo30,Channel2,Channel0,0.33173098024769165
Geo30,Channel2,Channel1,0.3048312763444763
Geo30,Channel2,Channel2,1.0000000000000002
Geo30,Channel2,Channel3,0.5332841790533697
Geo30,Channel2,Channel4,0.3976496749016261
Geo30,Channel2,Organic_channel0,0.434310871592964
Geo30,Channel2,competitor_sales_control,0.5028629827574622
Geo30,Channel2,sentiment_score_control,0.5126223911977521
Geo30,Channel2,Promo,0.22697573402919388
Geo30,Channel3,Channel0,0.2928846185271413
Geo30,Channel3,Channel1,0.4029935757843203
Geo30,Channel3,Channel2,0.5332841790533697
Geo30,Channel3,Channel3,1.0
Geo30,Channel3,Channel4,0.4963096562585415
Geo30,Channel3,Organic_channel0,0.5130047346249453
Geo30,Channel3,competitor_sales_control,0.593359125781812
Geo30,Channel3,sentiment_score_control,0.6487928492345024
Geo30,Channel3,Promo,0.19660844983556686
Geo30,Channel4,Channel0,0.15398002061465105
Geo30,Channel4,Channel1,0.23594196656092403
Geo30,Channel4,Channel2,0.3976496749016261
Geo30,Channel4,Channel3,0.4963096562585415
Geo30,Channel4,Channel4,0.9999999999999999
Geo30,Channel4,Organic_channel0,0.3018295898852516
Geo30,Channel4,competitor_sales_control,0.6367035099386311
Geo30,Channel4,sentiment_score_control,0.3263493436275809
Geo30,Channel4,Promo,0.20857071205289063
Geo30,Organic_channel0,Channel0,0.31599645116821945
Geo30,Organic_channel0,Channel1,0.32851307728924695
Geo30,Organic_channel0,Channel2,0.434310871592964
Geo30,Organic_channel0,Channel3,0.5130047346249453
Geo30,Organic_channel0,Channel4,0.3018295898852516
Geo30,Organic_channel0,Organic_channel0,1.0
Geo30,Organic_channel0,competitor_sales_control,0.3277809207865012
Geo30,Organic_channel0,sentiment_score_control,0.48691951614135387
Geo30,Organic_channel0,Promo,0.41552840824517834
Geo30,competitor_sales_control,Channel0,0.1152437179394007
Geo30,competitor_sales_control,Channel1,0.1973924444788625
Geo30,competitor_sales_control,Channel2,0.5028629827574622
Geo30,competitor_sales_control,Channel3,0.593359125781812
Geo30,competitor_sales_control,Channel4,0.6367035099386311
Geo30,competitor_sales_control,Organic_channel0,0.3277809207865012
Geo30,competitor_sales_control,competitor_sales_control,1.0000000000000002
Geo30,competitor_sales_control,sentiment_score_control,0.27986475140789685
Geo30,competitor_sales_control,Promo,0.0397662432790442
Geo30,sentiment_score_control,Channel0,0.44956179509591065
Geo30,sentiment_score_control,Channel1,0.5062575856712832
Geo30,sentiment_score_control,Channel2,0.5126223911977521
Geo30,sentiment_score_control,Channel3,0.6487928492345024
Geo30,sentiment_score_control,Channel4,0.3263493436275809
Geo30,sentiment_score_control,Organic_channel0,0.48691951614135387
Geo30,sentiment_score_control,competitor_sales_control,0.27986475140789685
Geo30,sentiment_score_control,sentiment_score_control,0.9999999999999998
Geo30,sentiment_score_control,Promo,0.04205459148535358
Geo30,Promo,Channel0,0.2970524138607155
Geo30,Promo,Channel1,0.1735777731946948
Geo30,Promo,Channel2,0.22697573402919388
Geo30,Promo,Channel3,0.19660844983556686
Geo30,Promo,Channel4,0.20857071205289063
Geo30,Promo,Organic_channel0,0.41552840824517834
Geo30,Promo,competitor_sales_control,0.0397662432790442
Geo30,Promo,sentiment_score_control,0.04205459148535358
Geo30,Promo,Promo,0.9999999999999998
Geo31,Channel0,Channel0,1.0000000000000002
Geo31,Channel0,Channel1,0.22167732857397568
Geo31,Channel0,Channel2,0.23350125622781434
Geo31,Channel0,Channel3,0.3110303425243146
Geo31,Channel0,Channel4,0.14743356127482501
Geo31,Channel0,Organic_channel0,0.4000606086986506
Geo31,Channel0,competitor_sales_control,0.07529493785019675
Geo31,Channel0,sentiment_score_control,0.5210380013653515
Geo31,Channel0,Promo,0.33120468339124415
Geo31,Channel1,Channel0,0.22167732857397568
Geo31,Channel1,Channel1,1.0
Geo31,Channel1,Channel2,0.2609356766052433
Geo31,Channel1,Channel3,0.3380976954221049
Geo31,Channel1,Channel4,0.20215940903682794
Geo31,Channel1,Organic_channel0,0.3028157135319232
Geo31,Channel1,competitor_sales_control,0.28414082068018676
Geo31,Channel1,sentiment_score_control,0.2985577960844738
Geo31,Channel1,Promo,0.21032511571309784
Geo31,Channel2,Channel0,0.23350125622781434
Geo31,Channel2,Channel1,0.2609356766052433
Geo31,Channel2,Channel2,1.0000000000000002
Geo31,Channel2,Channel3,0.4090363602879862
Geo31,Channel2,Channel4,0.30458388380914325
Geo31,Channel2,Organic_channel0,0.24902809552233074
Geo31,Channel2,competitor_sales_control,0.4645915743492547
Geo31,Channel2,sentiment_score_control,0.4468641905461258
Geo31,Channel2,Promo,0.128819072266307
Geo31,Channel3,Channel0,0.3110303425243146
Geo31,Channel3,Channel1,0.3380976954221049
Geo31,Channel3,Channel2,0.4090363602879862
Geo31,Channel3,Channel3,0.9999999999999998
Geo31,Channel3,Channel4,0.42704629838693314
Geo31,Channel3,Organic_channel0,0.4884329296776437
Geo31,Channel3,competitor_sales_control,0.5195275666427434
Geo31,Channel3,sentiment_score_control,0.5783642594204732
Geo31,Channel3,Promo,0.23236764817188116
Geo31,Channel4,Channel0,0.14743356127482501
Geo31,Channel4,Channel1,0.20215940903682794
Geo31,Channel4,Channel2,0.30458388380914325
Geo31,Channel4,Channel3,0.42704629838693314
Geo31,Channel4,Channel4,1.0
Geo31,Channel4,Organic_channel0,0.2632705523407324
Geo31,Channel4,competitor_sales_control,0.5245084013493255
Geo31,Channel4,sentiment_score_control,0.3001599081676548
Geo31,Channel4,Promo,0.20802412588933913
Geo31,Organic_channel0,Channel0,0.4000606086986506
Geo31,Organic_channel0,Channel1,0.3028157135319232
Geo31,Organic_channel0,Channel2,0.24902809552233074
Geo31,Organic_channel0,Channel3,0.4884329296776437
Geo31,Organic_channel0,Channel4,0.2632705523407324
Geo31,Organic_channel0,Organic_channel0,1.0
Geo31,Organic_channel0,competitor_sales_control,0.17889248348792408
Geo31,Organic_channel0,sentiment_score_control,0.546403786546824
Geo31,Organic_channel0,Promo,0.1363516533629119
Geo31,competitor_sales_control,Channel0,0.07529493785019675
Geo31,competitor_sales_control,Channel1,0.28414082068018676
Geo31,competitor_sales_control,Channel2,0.4645915743492547
Geo31,competitor_sales_control,Channel3,0.5195275666427434
Geo31,competitor_sales_control,Channel4,0.5245084013493255
Geo31,competitor_sales_control,Organic_channel0,0.17889248348792408
Geo31,competitor_sales_control,competitor_sales_control,0.9999999999999999
Geo31,competitor_sales_control,sentiment_score_control,0.17559678363840966
Geo31,competitor_sales_control,Promo,-0.00928516880740959
Geo31,sentiment_score_control,Channel0,0.5210380013653515
Geo31,sentiment_score_control,Channel1,0.2985577960844738
Geo31,sentiment_score_control,Channel2,0.4468641905461258
Geo31,sentiment_score_control,Channel3,0.5783642594204732
Geo31,sentiment_score_control,Channel4,0.3001599081676548
Geo31,sentiment_score_control,Organic_channel0,0.546403786546824
Geo31,sentiment_score_control,competitor_sales_control,0.17559678363840966
Geo31,sentiment_score_control,sentiment_score_control,1.0000000000000002
Geo31,sentiment_score_control,Promo,0.03658602043281324
Geo31,Promo,Channel0,0.33120468339124415
Geo31,Promo,Channel1,0.21032511571309784
Geo31,Promo,Channel2,0.128819072266307
Geo31,Promo,Channel3,0.23236764817188116
Geo31,Promo,Channel4,0.20802412588933913
Geo31,Promo,Organic_channel0,0.1363516533629119
Geo31,Promo,competitor_sales_control,-0.00928516880740959
Geo31,Promo,sentiment_score_control,0.03658602043281324
Geo31,Promo,Promo,0.9999999999999999
Geo32,Channel0,Channel0,1.0
Geo32,Channel0,Channel1,0.17978508228284076
Geo32,Channel0,Channel2,0.30742576185766385
Geo32,Channel0,Channel3,0.287134195833415
Geo32,Channel0,Channel4,0.21699453511888056
Geo32,Channel0,Organic_channel0,0.4099655256559234
Geo32,Channel0,competitor_sales_control,0.0766893898743969
Geo32,Channel0,sentiment_score_control,0.3539883867607985
Geo32,Channel0,Promo,0.3785868269784616
Geo32,Channel1,Channel0,0.17978508228284076
Geo32,Channel1,Channel1,1.0
Geo32,Channel1,Channel2,0.2976365231737667
Geo32,Channel1,Channel3,0.29229793886050964
Geo32,Channel1,Channel4,0.24626182711789094
Geo32,Channel1,Organic_channel0,0.347657644901082
Geo32,Channel1,competitor_sales_control,0.2546496756385128
Geo32,Channel1,sentiment_score_control,0.2810179326713391
Geo32,Channel1,Promo,0.10771966324085898
Geo32,Channel2,Channel0,0.30742576185766385
Geo32,Channel2,Channel1,0.2976365231737667
Geo32,Channel2,Channel2,1.0
Geo32,Channel2,Channel3,0.42431757095165
Geo32,Channel2,Channel4,0.42188627878504203
Geo32,Channel2,Organic_channel0,0.3606547725730905
Geo32,Channel2,competitor_sales_control,0.4296521311466031
Geo32,Channel2,sentiment_score_control,0.43377075733749
Geo32,Channel2,Promo,0.11151302202072857
Geo32,Channel3,Channel0,0.287134195833415
Geo32,Channel3,Channel1,0.29229793886050964
Geo32,Channel3,Channel2,0.42431757095165
Geo32,Channel3,Channel3,1.0
Geo32,Channel3,Channel4,0.4561871458602639
Geo32,Channel3,Organic_channel0,0.37630685856226814
Geo32,Channel3,competitor_sales_control,0.5006511449918095
Geo32,Channel3,sentiment_score_control,0.4971395282912782
Geo32,Channel3,Promo,0.21191369559523035
Geo32,Channel4,Channel0,0.21699453511888056
Geo32,Channel4,Channel1,0.24626182711789094
Geo32,Channel4,Channel2,0.42188627878504203
Geo32,Channel4,Channel3,0.4561871458602639
Geo32,Channel4,Channel4,1.0
Geo32,Channel4,Organic_channel0,0.22508200852108984
Geo32,Channel4,competitor_sales_control,0.608067227033337
Geo32,Channel4,sentiment_score_control,0.2667231336040403
Geo32,Channel4,Promo,0.22934719325262046
Geo32,Organic_channel0,Channel0,0.4099655256559234
Geo32,Organic_channel0,Channel1,0.347657644901082
Geo32,Organic_channel0,Channel2,0.3606547725730905
Geo32,Organic_channel0,Channel3,0.37630685856226814
Geo32,Organic_channel0,Channel4,0.22508200852108984
Geo32,Organic_channel0,Organic_channel0,1.0
Geo32,Organic_channel0,competitor_sales_control,0.11644867578946314
Geo32,Organic_channel0,sentiment_score_control,0.5161374146215867
Geo32,Organic_channel0,Promo,0.29408988149713455
Geo32,competitor_sales_control,Channel0,0.0766893898743969
Geo32,competitor_sales_control,Channel1,0.2546496756385128
Geo32,competitor_sales_control,Channel2,0.4296521311466031
Geo32,competitor_sales_control,Channel3,0.5006511449918095
Geo32,competitor_sales_control,Channel4,0.608067227033337
Geo32,competitor_sales_control,Organic_channel0,0.11644867578946314
Geo32,competitor_sales_control,competitor_sales_control,1.0
Geo32,competitor_sales_control,sentiment_score_control,0.06998529910449468
Geo32,competitor_sales_control,Promo,0.006926205182180868
Geo32,sentiment_score_control,Channel0,0.3539883867607985
Geo32,sentiment_score_control,Channel1,0.2810179326713391
Geo32,sentiment_score_control,Channel2,0.43377075733749
Geo32,sentiment_score_control,Channel3,0.4971395282912782
Geo32,sentiment_score_control,Channel4,0.2667231336040403
Geo32,sentiment_score_control,Organic_channel0,0.5161374146215867
Geo32,sentiment_score_control,competitor_sales_control,0.06998529910449468
Geo32,sentiment_score_control,sentiment_score_control,1.0
Geo32,sentiment_score_control,Promo,-0.056435967074953734
Geo32,Promo,Channel0,0.3785868269784616
Geo32,Promo,Channel1,0.10771966324085898
Geo32,Promo,Channel2,0.11151302202072857
Geo32,Promo,Channel3,0.21191369559523035
Geo32,Promo,Channel4,0.22934719325262046
Geo32,Promo,Organic_channel0,0.29408988149713455
Geo32,Promo,competitor_sales_control,0.006926205182180868
Geo32,Promo,sentiment_score_control,-0.056435967074953734
Geo32,Promo,Promo,0.9999999999999998
Geo33,Channel0,Channel0,1.0
Geo33,Channel0,Channel1,0.1259189568735512
Geo33,Channel0,Channel2,0.11790059064367982
Geo33,Channel0,Channel3,0.22267525326865062
Geo33,Channel0,Channel4,0.14618018026104282
Geo33,Channel0,Organic_channel0,0.298170298993255
Geo33,Channel0,competitor_sales_control,0.015133318376142553
Geo33,Channel0,sentiment_score_control,0.38631963183561885
Geo33,Channel0,Promo,0.396326431139004
Geo33,Channel1,Channel0,0.1259189568735512
Geo33,Channel1,Channel1,1.0
Geo33,Channel1,Channel2,0.33133806552148365
Geo33,Channel1,Channel3,0.3298632785759562
Geo33,Channel1,Channel4,0.2852785884074656
Geo33,Channel1,Organic_channel0,0.44620145816804624
Geo33,Channel1,competitor_sales_control,0.3006089181881331
Geo33,Channel1,sentiment_score_control,0.3176707355751511
Geo33,Channel1,Promo,0.22985597147225714
Geo33,Channel2,Channel0,0.11790059064367982
Geo33,Channel2,Channel1,0.33133806552148365
Geo33,Channel2,Channel2,0.9999999999999999
Geo33,Channel2,Channel3,0.5557957865772639
Geo33,Channel2,Channel4,0.5405874591466133
Geo33,Channel2,Organic_channel0,0.4592010482273837
Geo33,Channel2,competitor_sales_control,0.5575471646107768
Geo33,Channel2,sentiment_score_control,0.4081967576135965
Geo33,Channel2,Promo,0.25326691340939794
Geo33,Channel3,Channel0,0.22267525326865062
Geo33,Channel3,Channel1,0.3298632785759562
Geo33,Channel3,Channel2,0.5557957865772639
Geo33,Channel3,Channel3,1.0000000000000002
Geo33,Channel3,Channel4,0.5232835607913976
Geo33,Channel3,Organic_channel0,0.45426300247154505
Geo33,Channel3,competitor_sales_control,0.6055125632986834
Geo33,Channel3,sentiment_score_control,0.5169964350197255
Geo33,Channel3,Promo,0.3014746264856293
Geo33,Channel4,Channel0,0.14618018026104282
Geo33,Channel4,Channel1,0.2852785884074656
Geo33,Channel4,Channel2,0.5405874591466133
Geo33,Channel4,Channel3,0.5232835607913976
Geo33,Channel4,Channel4,0.9999999999999999
Geo33,Channel4,Organic_channel0,0.28203261542660774
Geo33,Channel4,competitor_sales_control,0.5143804666558202
Geo33,Channel4,sentiment_score_control,0.2817260125058174
Geo33,Channel4,Promo,0.2007818854560059
Geo33,Organic_channel0,Channel0,0.298170298993255
Geo33,Organic_channel0,Channel1,0.44620145816804624
Geo33,Organic_channel0,Channel2,0.4592010482273837
Geo33,Organic_channel0,Channel3,0.45426300247154505
Geo33,Organic_channel0,Channel4,0.28203261542660774
Geo33,Organic_channel0,Organic_channel0,1.0
Geo33,Organic_channel0,competitor_sales_control,0.3074039539775213
Geo33,Organic_channel0,sentiment_score_control,0.5051190195730677
Geo33,Organic_channel0,Promo,0.3435176033229255
Geo33,competitor_sales_control,Channel0,0.015133318376142553
Geo33,competitor_sales_control,Channel1,0.3006089181881331
Geo33,competitor_sales_control,Channel2,0.5575471646107768
Geo33,competitor_sales_control,Channel3,0.6055125632986834
Geo33,competitor_sales_control,Channel4,0.5143804666558202
Geo33,competitor_sales_control,Organic_channel0,0.3074039539775213
Geo33,competitor_sales_control,competitor_sales_control,1.0000000000000002
Geo33,competitor_sales_control,sentiment_score_control,0.11898359620913604
Geo33,competitor_sales_control,Promo,0.08520740480415996
Geo33,sentiment_score_control,Channel0,0.38631963183561885
Geo33,sentiment_score_control,Channel1,0.3176707355751511
Geo33,sentiment_score_control,Channel2,0.4081967576135965
Geo33,sentiment_score_control,Channel3,0.5169964350197255
Geo33,sentiment_score_control,Channel4,0.2817260125058174
Geo33,sentiment_score_control,Organic_channel0,0.5051190195730677
Geo33,sentiment_score_control,competitor_sales_control,0.11898359620913604
Geo33,sentiment_score_control,sentiment_score_control,1.0
Geo33,sentiment_score_control,Promo,0.04854468353002569
Geo33,Promo,Channel0,0.396326431139004
Geo33,Promo,Channel1,0.22985597147225714
Geo33,Promo,Channel2,0.25326691340939794
Geo33,Promo,Channel3,0.3014746264856293
Geo33,Promo,Channel4,0.2007818854560059
Geo33,Promo,Organic_channel0,0.3435176033229255
Geo33,Promo,competitor_sales_control,0.08520740480415996
Geo33,Promo,sentiment_score_control,0.04854468353002569
Geo33,Promo,Promo,1.0
Geo34,Channel0,Channel0,1.0000000000000002
Geo34,Channel0,Channel1,0.2771569775498735
Geo34,Channel0,Channel2,0.3832395240558269
Geo34,Channel0,Channel3,0.43365636367638005
Geo34,Channel0,Channel4,0.16928468574732777
Geo34,Channel0,Organic_channel0,0.39364615394394586
Geo34,Channel0,competitor_sales_control,0.17695994829077244
Geo34,Channel0,sentiment_score_control,0.49445681007312176
Geo34,Channel0,Promo,0.42506098585746804
Geo34,Channel1,Channel0,0.2771569775498735
Geo34,Channel1,Channel1,1.0000000000000002
Geo34,Channel1,Channel2,0.18642812845105838
Geo34,Channel1,Channel3,0.3744229560655371
Geo34,Channel1,Channel4,0.17661857785515925
Geo34,Channel1,Organic_channel0,0.32182431877190604
Geo34,Channel1,competitor_sales_control,0.24752137133100502
Geo34,Channel1,sentiment_score_control,0.4442568433043463
Geo34,Channel1,Promo,0.10583282663158819
Geo34,Channel2,Channel0,0.3832395240558269
Geo34,Channel2,Channel1,0.18642812845105838
Geo34,Channel2,Channel2,1.0
Geo34,Channel2,Channel3,0.48913822794603834
Geo34,Channel2,Channel4,0.4092287247919035
Geo34,Channel2,Organic_channel0,0.2909465444033738
Geo34,Channel2,competitor_sales_control,0.4744599250833107
Geo34,Channel2,sentiment_score_control,0.48024552611038446
Geo34,Channel2,Promo,0.21236672306234033
Geo34,Channel3,Channel0,0.43365636367638005
Geo34,Channel3,Channel1,0.3744229560655371
Geo34,Channel3,Channel2,0.48913822794603834
Geo34,Channel3,Channel3,0.9999999999999998
Geo34,Channel3,Channel4,0.3932516347462386
Geo34,Channel3,Organic_channel0,0.5133271441878313
Geo34,Channel3,competitor_sales_control,0.5311339100520104
Geo34,Channel3,sentiment_score_control,0.5748305951822343
Geo34,Channel3,Promo,0.23570901790344922
Geo34,Channel4,Channel0,0.16928468574732777
Geo34,Channel4,Channel1,0.17661857785515925
Geo34,Channel4,Channel2,0.4092287247919035
Geo34,Channel4,Channel3,0.3932516347462386
Geo34,Channel4,Channel4,1.0000000000000002
Geo34,Channel4,Organic_channel0,0.18715210935219226
Geo34,Channel4,competitor_sales_control,0.6519783442856695
Geo34,Channel4,sentiment_score_control,0.23140834279338884
Geo34,Channel4,Promo,0.20603830808470344
Geo34,Organic_channel0,Channel0,0.39364615394394586
Geo34,Organic_channel0,Channel1,0.32182431877190604
Geo34,Organic_channel0,Channel2,0.2909465444033738
Geo34,Organic_channel0,Channel3,0.5133271441878313
Geo34,Organic_channel0,Channel4,0.18715210935219226
Geo34,Organic_channel0,Organic_channel0,1.0000000000000002
Geo34,Organic_channel0,competitor_sales_control,0.22493431889100826
Geo34,Organic_channel0,sentiment_score_control,0.5842957602643187
Geo34,Organic_channel0,Promo,0.2327863860971114
Geo34,competitor_sales_control,Channel0,0.17695994829077244
Geo34,competitor_sales_control,Channel1,0.24752137133100502
Geo34,competitor_sales_control,Channel2,0.4744599250833107
Geo34,competitor_sales_control,Channel3,0.5311339100520104
Geo34,competitor_sales_control,Channel4,0.6519783442856695
Geo34,competitor_sales_control,Organic_channel0,0.22493431889100826
Geo34,competitor_sales_control,competitor_sales_control,1.0
Geo34,competitor_sales_control,sentiment_score_control,0.18374169971523024
Geo34,competitor_sales_control,Promo,0.03707145674418024
Geo34,sentiment_score_control,Channel0,0.49445681007312176
Geo34,sentiment_score_control,Channel1,0.4442568433043463
Geo34,sentiment_score_control,Channel2,0.48024552611038446
Geo34,sentiment_score_control,Channel3,0.5748305951822343
Geo34,sentiment_score_control,Channel4,0.23140834279338884
Geo34,sentiment_score_control,Organic_channel0,0.5842957602643187
Geo34,sentiment_score_control,competitor_sales_control,0.18374169971523024
Geo34,sentiment_score_control,sentiment_score_control,0.9999999999999999
Geo34,sentiment_score_control,Promo,0.04727742912475904
Geo34,Promo,Channel0,0.42506098585746804
Geo34,Promo,Channel1,0.10583282663158819
Geo34,Promo,Channel2,0.21236672306234033
Geo34,Promo,Channel3,0.23570901790344922
Geo34,Promo,Channel4,0.20603830808470344
Geo34,Promo,Organic_channel0,0.2327863860971114
Geo34,Promo,competitor_sales_control,0.03707145674418024
Geo34,Promo,sentiment_score_control,0.04727742912475904
Geo34,Promo,Promo,1.0
Geo35,Channel0,Channel0,0.9999999999999999
Geo35,Channel0,Channel1,0.2403036522040348
Geo35,Channel0,Channel2,0.24655490033720698
Geo35,Channel0,Channel3,0.33067836705007286
Geo35,Channel0,Channel4,0.2441074695242181
Geo35,Channel0,Organic_channel0,0.259402592281667
Geo35,Channel0,competitor_sales_control,0.09003251691184239
Geo35,Channel0,sentiment_score_control,0.45407844968665456
Geo35,Channel0,Promo,0.3671150739716147
Geo35,Channel1,Channel0,0.2403036522040348
Geo35,Channel1,Channel1,1.0
Geo35,Channel1,Channel2,0.2911394546314924
Geo35,Channel1,Channel3,0.30974481852394103
Geo35,Channel1,Channel4,0.19225990763069128
Geo35,Channel1,Organic_channel0,0.3813256861516953
Geo35,Channel1,competitor_sales_control,0.15517669616698673
Geo35,Channel1,sentiment_score_control,0.4346199390067819
Geo35,Channel1,Promo,0.124397298531907
Geo35,Channel2,Channel0,0.24655490033720698
Geo35,Channel2,Channel1,0.2911394546314924
Geo35,Channel2,Channel2,0.9999999999999999
Geo35,Channel2,Channel3,0.6273208879353136
Geo35,Channel2,Channel4,0.43598590183080405
Geo35,Channel2,Organic_channel0,0.43375310780917126
Geo35,Channel2,competitor_sales_control,0.4886436416157881
Geo35,Channel2,sentiment_score_control,0.47200008197756416
Geo35,Channel2,Promo,0.17111032666878884
Geo35,Channel3,Channel0,0.33067836705007286
Geo35,Channel3,Channel1,0.30974481852394103
Geo35,Channel3,Channel2,0.6273208879353136
Geo35,Channel3,Channel3,0.9999999999999998
Geo35,Channel3,Channel4,0.5351074358919442
Geo35,Channel3,Organic_channel0,0.474514604510718
Geo35,Channel3,competitor_sales_control,0.5602982030930035
Geo35,Channel3,sentiment_score_control,0.6026934288089316
Geo35,Channel3,Promo,0.09781709239574972
Geo35,Channel4,Channel0,0.2441074695242181
Geo35,Channel4,Channel1,0.19225990763069128
Geo35,Channel4,Channel2,0.43598590183080405
Geo35,Channel4,Channel3,0.5351074358919442
Geo35,Channel4,Channel4,1.0
Geo35,Channel4,Organic_channel0,0.32316863189961315
Geo35,Channel4,competitor_sales_control,0.629916786669253
Geo35,Channel4,sentiment_score_control,0.270243151646649
Geo35,Channel4,Promo,0.15243806342106142
Geo35,Organic_channel0,Channel0,0.259402592281667
Geo35,Organic_channel0,Channel1,0.3813256861516953
Geo35,Organic_channel0,Channel2,0.43375310780917126
Geo35,Organic_channel0,Channel3,0.474514604510718
Geo35,Organic_channel0,Channel4,0.32316863189961315
Geo35,Organic_channel0,Organic_channel0,1.0
Geo35,Organic_channel0,competitor_sales_control,0.24913805906384953
Geo35,Organic_channel0,sentiment_score_control,0.5202881809498898
Geo35,Organic_channel0,Promo,0.24504507414988586
Geo35,competitor_sales_control,Channel0,0.09003251691184239
Geo35,competitor_sales_control,Channel1,0.15517669616698673
Geo35,competitor_sales_control,Channel2,0.4886436416157881
Geo35,competitor_sales_control,Channel3,0.5602982030930035
Geo35,competitor_sales_control,Channel4,0.629916786669253
Geo35,competitor_sales_control,Organic_channel0,0.24913805906384953
Geo35,competitor_sales_control,competitor_sales_control,1.0000000000000002
Geo35,competitor_sales_control,sentiment_score_control,0.10182155995100166
Geo35,competitor_sales_control,Promo,-0.05926200329318283
Geo35,sentiment_score_control,Channel0,0.45407844968665456
Geo35,sentiment_score_control,Channel1,0.4346199390067819
Geo35,sentiment_score_control,Channel2,0.47200008197756416
Geo35,sentiment_score_control,Channel3,0.6026934288089316
Geo35,sentiment_score_control,Channel4,0.270243151646649
Geo35,sentiment_score_control,Organic_channel0,0.5202881809498898
Geo35,sentiment_score_control,competitor_sales_control,0.10182155995100166
Geo35,sentiment_score_control,sentiment_score_control,1.0
Geo35,sentiment_score_control,Promo,-0.04759553397606397
Geo35,Promo,Channel0,0.3671150739716147
Geo35,Promo,Channel1,0.124397298531907
Geo35,Promo,Channel2,0.17111032666878884
Geo35,Promo,Channel3,0.09781709239574972
Geo35,Promo,Channel4,0.15243806342106142
Geo35,Promo,Organic_channel0,0.24504507414988586
Geo35,Promo,competitor_sales_control,-0.05926200329318283
Geo35,Promo,sentiment_score_control,-0.04759553397606397
Geo35,Promo,Promo,0.9999999999999999
Geo36,Channel0,Channel0,1.0
Geo36,Channel0,Channel1,0.1660222001209647
Geo36,Channel0,Channel2,0.20583057884645534
Geo36,Channel0,Channel3,0.32957507831995053
Geo36,Channel0,Channel4,0.17155345628942878
Geo36,Channel0,Organic_channel0,0.09892204275436163
Geo36,Channel0,competitor_sales_control,0.07537299457848401
Geo36,Channel0,sentiment_score_control,0.45946809458562526
Geo36,Channel0,Promo,0.3031941873741883
Geo36,Channel1,Channel0,0.1660222001209647
Geo36,Channel1,Channel1,1.0000000000000002
Geo36,Channel1,Channel2,0.18289402184068232
Geo36,Channel1,Channel3,0.20780347501924662
Geo36,Channel1,Channel4,0.2499186193060247
Geo36,Channel1,Organic_channel0,0.10079933548481591
Geo36,Channel1,competitor_sales_control,0.1508627525815159
Geo36,Channel1,sentiment_score_control,0.31475013362026755
Geo36,Channel1,Promo,0.06059801895422517
Geo36,Channel2,Channel0,0.20583057884645534
Geo36,Channel2,Channel1,0.18289402184068232
Geo36,Channel2,Channel2,1.0
Geo36,Channel2,Channel3,0.48550599946938133
Geo36,Channel2,Channel4,0.4662266301244557
Geo36,Channel2,Organic_channel0,0.51633304429429
Geo36,Channel2,competitor_sales_control,0.5362450990090903
Geo36,Channel2,sentiment_score_control,0.5080638522390775
Geo36,Channel2,Promo,0.1644245632058179
Geo36,Channel3,Channel0,0.32957507831995053
Geo36,Channel3,Channel1,0.20780347501924662
Geo36,Channel3,Channel2,0.48550599946938133
Geo36,Channel3,Channel3,0.9999999999999998
Geo36,Channel3,Channel4,0.5442458094218331
Geo36,Channel3,Organic_channel0,0.4223388946769444
Geo36,Channel3,competitor_sales_control,0.6160642031962481
Geo36,Channel3,sentiment_score_control,0.5730988699153333
Geo36,Channel3,Promo,0.18908291765182153
Geo36,Channel4,Channel0,0.17155345628942878
Geo36,Channel4,Channel1,0.2499186193060247
Geo36,Channel4,Channel2,0.4662266301244557
Geo36,Channel4,Channel3,0.5442458094218331
Geo36,Channel4,Channel4,1.0000000000000002
Geo36,Channel4,Organic_channel0,0.3526368514974512
Geo36,Channel4,competitor_sales_control,0.5946120198123449
Geo36,Channel4,sentiment_score_control,0.35308676406987816
Geo36,Channel4,Promo,0.1427606561790704
Geo36,Organic_channel0,Channel0,0.09892204275436163
Geo36,Organic_channel0,Channel1,0.10079933548481591
Geo36,Organic_channel0,Channel2,0.51633304429429
Geo36,Organic_channel0,Channel3,0.4223388946769444
Geo36,Organic_channel0,Channel4,0.3526368514974512
Geo36,Organic_channel0,Organic_channel0,1.0
Geo36,Organic_channel0,competitor_sales_control,0.34020894367481685
Geo36,Organic_channel0,sentiment_score_control,0.4795793102639418
Geo36,Organic_channel0,Promo,0.170268866263355
Geo36,competitor_sales_control,Channel0,0.07537299457848401
Geo36,competitor_sales_control,Channel1,0.1508627525815159
Geo36,competitor_sales_control,Channel2,0.5362450990090903
Geo36,competitor_sales_control,Channel3,0.6160642031962481
Geo36,competitor_sales_control,Channel4,0.5946120198123449
Geo36,competitor_sales_control,Organic_channel0,0.34020894367481685
Geo36,competitor_sales_control,competitor_sales_control,0.9999999999999998
Geo36,competitor_sales_control,sentiment_score_control,0.20840054243287182
Geo36,competitor_sales_control,Promo,0.024996366054435046
Geo36,sentiment_score_control,Channel0,0.45946809458562526
Geo36,sentiment_score_control,Channel1,0.31475013362026755
Geo36,sentiment_score_control,Channel2,0.5080638522390775
Geo36,sentiment_score_control,Channel3,0.5730988699153333
Geo36,sentiment_score_control,Channel4,0.35308676406987816
Geo36,sentiment_score_control,Organic_channel0,0.4795793102639418
Geo36,sentiment_score_control,competitor_sales_control,0.20840054243287182
Geo36,sentiment_score_control,sentiment_score_control,1.0
Geo36,sentiment_score_control,Promo,0.002327439282816306
Geo36,Promo,Channel0,0.3031941873741883
Geo36,Promo,Channel1,0.06059801895422517
Geo36,Promo,Channel2,0.1644245632058179
Geo36,Promo,Channel3,0.18908291765182153
Geo36,Promo,Channel4,0.1427606561790704
Geo36,Promo,Organic_channel0,0.170268866263355
Geo36,Promo,competitor_sales_control,0.024996366054435046
Geo36,Promo,sentiment_score_control,0.002327439282816306
Geo36,Promo,Promo,1.0
Geo37,Channel0,Channel0,1.0
Geo37,Channel0,Channel1,0.28280454643574826
Geo37,Channel0,Channel2,0.2414764383379688
Geo37,Channel0,Channel3,0.44183068784345586
Geo37,Channel0,Channel4,0.1895991025078847
Geo37,Channel0,Organic_channel0,0.39169171674018877
Geo37,Channel0,competitor_sales_control,0.1458730278937364
Geo37,Channel0,sentiment_score_control,0.431698785663792
Geo37,Channel0,Promo,0.3581426194280096
Geo37,Channel1,Channel0,0.28280454643574826
Geo37,Channel1,Channel1,1.0
Geo37,Channel1,Channel2,0.3100104298093801
Geo37,Channel1,Channel3,0.41280570659195237
Geo37,Channel1,Channel4,0.32553239432045794
Geo37,Channel1,Organic_channel0,0.4150692352475602
Geo37,Channel1,competitor_sales_control,0.2879036442311845
Geo37,Channel1,sentiment_score_control,0.4719125507806819
Geo37,Channel1,Promo,0.138676809857258
Geo37,Channel2,Channel0,0.2414764383379688
Geo37,Channel2,Channel1,0.3100104298093801
Geo37,Channel2,Channel2,1.0
Geo37,Channel2,Channel3,0.5579796177740161
Geo37,Channel2,Channel4,0.3892908627892542
Geo37,Channel2,Organic_channel0,0.37374493066066394
Geo37,Channel2,competitor_sales_control,0.5458142587992266
Geo37,Channel2,sentiment_score_control,0.43856577547732706
Geo37,Channel2,Promo,-0.006709163676915549
Geo37,Channel3,Channel0,0.44183068784345586
Geo37,Channel3,Channel1,0.41280570659195237
Geo37,Channel3,Channel2,0.5579796177740161
Geo37,Channel3,Channel3,1.0000000000000002
Geo37,Channel3,Channel4,0.48878413164395057
Geo37,Channel3,Organic_channel0,0.5322334496383813
Geo37,Channel3,competitor_sales_control,0.5921474766666399
Geo37,Channel3,sentiment_score_control,0.6465074720163148
Geo37,Channel3,Promo,0.17847459266776836
Geo37,Channel4,Channel0,0.1895991025078847
Geo37,Channel4,Channel1,0.32553239432045794
Geo37,Channel4,Channel2,0.3892908627892542
Geo37,Channel4,Channel3,0.48878413164395057
Geo37,Channel4,Channel4,1.0
Geo37,Channel4,Organic_channel0,0.43237298979246086
Geo37,Channel4,competitor_sales_control,0.6528840499575367
Geo37,Channel4,sentiment_score_control,0.24247980670064057
Geo37,Channel4,Promo,0.06912680067314925
Geo37,Organic_channel0,Channel0,0.39169171674018877
Geo37,Organic_channel0,Channel1,0.4150692352475602
Geo37,Organic_channel0,Channel2,0.37374493066066394
Geo37,Organic_channel0,Channel3,0.5322334496383813
Geo37,Organic_channel0,Channel4,0.43237298979246086
Geo37,Organic_channel0,Organic_channel0,1.0
Geo37,Organic_channel0,competitor_sales_control,0.3834267966220762
Geo37,Organic_channel0,sentiment_score_control,0.54768881072521
Geo37,Organic_channel0,Promo,0.22183887460750312
Geo37,competitor_sales_control,Channel0,0.1458730278937364
Geo37,competitor_sales_control,Channel1,0.2879036442311845
Geo37,competitor_sales_control,Channel2,0.5458142587992266
Geo37,competitor_sales_control,Channel3,0.5921474766666399
Geo37,competitor_sales_control,Channel4,0.6528840499575367
Geo37,competitor_sales_control,Organic_channel0,0.3834267966220762
Geo37,competitor_sales_control,competitor_sales_control,1.0000000000000002
Geo37,competitor_sales_control,sentiment_score_control,0.2018193953836465
Geo37,competitor_sales_control,Promo,-0.027304238571745278
Geo37,sentiment_score_control,Channel0,0.431698785663792
Geo37,sentiment_score_control,Channel1,0.4719125507806819
Geo37,sentiment_score_control,Channel2,0.43856577547732706
Geo37,sentiment_score_control,Channel3,0.6465074720163148
Geo37,sentiment_score_control,Channel4,0.24247980670064057
Geo37,sentiment_score_control,Organic_channel0,0.54768881072521
Geo37,sentiment_score_control,competitor_sales_control,0.2018193953836465
Geo37,sentiment_score_control,sentiment_score_control,1.0
Geo37,sentiment_score_control,Promo,-0.02073783360863859
Geo37,Promo,Channel0,0.3581426194280096
Geo37,Promo,Channel1,0.138676809857258
Geo37,Promo,Channel2,-0.006709163676915549
Geo37,Promo,Channel3,0.17847459266776836
Geo37,Promo,Channel4,0.06912680067314925
Geo37,Promo,Organic_channel0,0.22183887460750312
Geo37,Promo,competitor_sales_control,-0.027304238571745278
Geo37,Promo,sentiment_score_control,-0.02073783360863859
Geo37,Promo,Promo,0.9999999999999998
Geo38,Channel0,Channel0,0.9999999999999999
Geo38,Channel0,Channel1,0.1788765791605456
Geo38,Channel0,Channel2,0.24018798548841927
Geo38,Channel0,Channel3,0.3712353080354205
Geo38,Channel0,Channel4,0.15050153082358075
Geo38,Channel0,Organic_channel0,0.18107444973292106
Geo38,Channel0,competitor_sales_control,0.027291173228766043
Geo38,Channel0,sentiment_score_control,0.5135724021895891
Geo38,Channel0,Promo,0.39323652674472975
Geo38,Channel1,Channel0,0.1788765791605456
Geo38,Channel1,Channel1,1.0
Geo38,Channel1,Channel2,0.1977981096739688
Geo38,Channel1,Channel3,0.35634822593307985
Geo38,Channel1,Channel4,0.23858776814112892
Geo38,Channel1,Organic_channel0,0.1479545665434041
Geo38,Channel1,competitor_sales_control,0.12249250999331426
Geo38,Channel1,sentiment_score_control,0.4025020116932457
Geo38,Channel1,Promo,0.08593280531310446
Geo38,Channel2,Channel0,0.24018798548841927
Geo38,Channel2,Channel1,0.1977981096739688
Geo38,Channel2,Channel2,1.0000000000000002
Geo38,Channel2,Channel3,0.4053489705188583
Geo38,Channel2,Channel4,0.28912622884321826
Geo38,Channel2,Organic_channel0,0.17174747451663244
Geo38,Channel2,competitor_sales_control,0.4613590608549753
Geo38,Channel2,sentiment_score_control,0.32916710398039506
Geo38,Channel2,Promo,0.14686684897915067
Geo38,Channel3,Channel0,0.3712353080354205
Geo38,Channel3,Channel1,0.35634822593307985
Geo38,Channel3,Channel2,0.4053489705188583
Geo38,Channel3,Channel3,1.0
Geo38,Channel3,Channel4,0.4366343999638073
Geo38,Channel3,Organic_channel0,0.2930695795280233
Geo38,Channel3,competitor_sales_control,0.42683437471120367
Geo38,Channel3,sentiment_score_control,0.6213110586766974
Geo38,Channel3,Promo,0.2573773177886014
Geo38,Channel4,Channel0,0.15050153082358075
Geo38,Channel4,Channel1,0.23858776814112892
Geo38,Channel4,Channel2,0.28912622884321826
Geo38,Channel4,Channel3,0.4366343999638073
Geo38,Channel4,Channel4,1.0
Geo38,Channel4,Organic_channel0,0.1583395878977631
Geo38,Channel4,competitor_sales_control,0.49672799008526963
Geo38,Channel4,sentiment_score_control,0.32334845238160365
Geo38,Channel4,Promo,0.08709052535206926
Geo38,Organic_channel0,Channel0,0.18107444973292106
Geo38,Organic_channel0,Channel1,0.1479545665434041
Geo38,Organic_channel0,Channel2,0.17174747451663244
Geo38,Organic_channel0,Channel3,0.2930695795280233
Geo38,Organic_channel0,Channel4,0.1583395878977631
Geo38,Organic_channel0,Organic_channel0,1.0
Geo38,Organic_channel0,competitor_sales_control,0.1944736855356723
Geo38,Organic_channel0,sentiment_score_control,0.44159521971657467
Geo38,Organic_channel0,Promo,0.14287391966922555
Geo38,competitor_sales_control,Channel0,0.027291173228766043
Geo38,competitor_sales_control,Channel1,0.12249250999331426
Geo38,competitor_sales_control,Channel2,0.4613590608549753
Geo38,competitor_sales_control,Channel3,0.42683437471120367
Geo38,competitor_sales_control,Channel4,0.49672799008526963
Geo38,competitor_sales_control,Organic_channel0,0.1944736855356723
Geo38,competitor_sales_control,competitor_sales_control,1.0
Geo38,competitor_sales_control,sentiment_score_control,0.09510141703867495
Geo38,competitor_sales_control,Promo,-0.043947984649446256
Geo38,sentiment_score_control,Channel0,0.5135724021895891
Geo38,sentiment_score_control,Channel1,0.4025020116932457
Geo38,sentiment_score_control,Channel2,0.32916710398039506
Geo38,sentiment_score_control,Channel3,0.6213110586766974
Geo38,sentiment_score_control,Channel4,0.32334845238160365
Geo38,sentiment_score_control,Organic_channel0,0.44159521971657467
Geo38,sentiment_score_control,competitor_sales_control,0.09510141703867495
Geo38,sentiment_score_control,sentiment_score_control,1.0
Geo38,sentiment_score_control,Promo,0.048479796258244126
Geo38,Promo,Channel0,0.39323652674472975
Geo38,Promo,Channel1,0.08593280531310446
Geo38,Promo,Channel2,0.14686684897915067
Geo38,Promo,Channel3,0.2573773177886014
Geo38,Promo,Channel4,0.08709052535206926
Geo38,Promo,Organic_channel0,0.14287391966922555
Geo38,Promo,competitor_sales_control,-0.043947984649446256
Geo38,Promo,sentiment_score_control,0.048479796258244126
Geo38,Promo,Promo,1.0
Geo39,Channel0,Channel0,1.0
Geo39,Channel0,Channel1,0.22354326727478002
Geo39,Channel0,Channel2,0.281633077802945
Geo39,Channel0,Channel3,0.2565786474393249
Geo39,Channel0,Channel4,0.12668549915809604
Geo39,Channel0,Organic_channel0,0.30222672319647875
Geo39,Channel0,competitor_sales_control,0.03952564795219214
Geo39,Channel0,sentiment_score_control,0.3636219945494624
Geo39,Channel0,Promo,0.3455945180617851
Geo39,Channel1,Channel0,0.22354326727478002
Geo39,Channel1,Channel1,1.0000000000000002
Geo39,Channel1,Channel2,0.22209644931330044
Geo39,Channel1,Channel3,0.3337934973175282
Geo39,Channel1,Channel4,0.2235000077342188
Geo39,Channel1,Organic_channel0,0.270285619463513
Geo39,Channel1,competitor_sales_control,0.14598326868539718
Geo39,Channel1,sentiment_score_control,0.3300332195667127
Geo39,Channel1,Promo,0.15334272279692768
Geo39,Channel2,Channel0,0.281633077802945
Geo39,Channel2,Channel1,0.22209644931330044
Geo39,Channel2,Channel2,1.0
Geo39,Channel2,Channel3,0.47426209777465755
Geo39,Channel2,Channel4,0.43314794154539915
Geo39,Channel2,Organic_channel0,0.42965905339855337
Geo39,Channel2,competitor_sales_control,0.5152371824921738
Geo39,Channel2,sentiment_score_control,0.4110897287349704
Geo39,Channel2,Promo,0.31552142591801835
Geo39,Channel3,Channel0,0.2565786474393249
Geo39,Channel3,Channel1,0.3337934973175282
Geo39,Channel3,Channel2,0.47426209777465755
Geo39,Channel3,Channel3,1.0000000000000002
Geo39,Channel3,Channel4,0.4651041174834631
Geo39,Channel3,Organic_channel0,0.48237294718561613
Geo39,Channel3,competitor_sales_control,0.5137749493109351
Geo39,Channel3,sentiment_score_control,0.6279702900858612
Geo39,Channel3,Promo,0.3384624201318215
Geo39,Channel4,Channel0,0.12668549915809604
Geo39,Channel4,Channel1,0.2235000077342188
Geo39,Channel4,Channel2,0.43314794154539915
Geo39,Channel4,Channel3,0.4651041174834631
Geo39,Channel4,Channel4,1.0
Geo39,Channel4,Organic_channel0,0.4091920139958352
Geo39,Channel4,competitor_sales_control,0.5959329467683209
Geo39,Channel4,sentiment_score_control,0.35243702397027493
Geo39,Channel4,Promo,0.37448221251236913
Geo39,Organic_channel0,Channel0,0.30222672319647875
Geo39,Organic_channel0,Channel1,0.270285619463513
Geo39,Organic_channel0,Channel2,0.42965905339855337
Geo39,Organic_channel0,Channel3,0.48237294718561613
Geo39,Organic_channel0,Channel4,0.4091920139958352
Geo39,Organic_channel0,Organic_channel0,1.0000000000000002
Geo39,Organic_channel0,competitor_sales_control,0.3029183075083985
Geo39,Organic_channel0,sentiment_score_control,0.5171003710027191
Geo39,Organic_channel0,Promo,0.41615017686150063
Geo39,competitor_sales_control,Channel0,0.03952564795219214
Geo39,competitor_sales_control,Channel1,0.14598326868539718
Geo39,competitor_sales_control,Channel2,0.5152371824921738
Geo39,competitor_sales_control,Channel3,0.5137749493109351
Geo39,competitor_sales_control,Channel4,0.5959329467683209
Geo39,competitor_sales_control,Organic_channel0,0.3029183075083985
Geo39,competitor_sales_control,competitor_sales_control,1.0
Geo39,competitor_sales_control,sentiment_score_control,0.1826849541829352
Geo39,competitor_sales_control,Promo,0.13498368989751897
Geo39,sentiment_score_control,Channel0,0.3636219945494624
Geo39,sentiment_score_control,Channel1,0.3300332195667127
Geo39,sentiment_score_control,Channel2,0.4110897287349704
Geo39,sentiment_score_control,Channel3,0.6279702900858612
Geo39,sentiment_score_control,Channel4,0.35243702397027493
Geo39,sentiment_score_control,Organic_channel0,0.5171003710027191
Geo39,sentiment_score_control,competitor_sales_control,0.1826849541829352
Geo39,sentiment_score_control,sentiment_score_control,1.0
Geo39,sentiment_score_control,Promo,0.18295917250792496
Geo39,Promo,Channel0,0.3455945180617851
Geo39,Promo,Channel1,0.15334272279692768
Geo39,Promo,Channel2,0.31552142591801835
Geo39,Promo,Channel3,0.3384624201318215
Geo39,Promo,Channel4,0.37448221251236913
Geo39,Promo,Organic_channel0,0.41615017686150063
Geo39,Promo,competitor_sales_control,0.13498368989751897
Geo39,Promo,sentiment_score_control,0.18295917250792496
Geo39,Promo,Promo,1.0
