check,artifact,geo,variable,time,raw_value,scaled_value,lower_bound,upper_bound,population,raw_per_1000,reason,decision,limitation
check_geo_std,0,Geo0,conversions,2021-05-17,4339777.0,1.961784418474,-2.784946138581488,1.9582922443572182,136670.94,31753.472976771798,Domínio válido; magnitude confrontada na escala oficial e dentro do nível/geo,manter no exemplo simulado; sem evidência de corrupção,plausibilidade comercial não demonstrada
check_geo_std,0,Geo12,conversions,2022-07-11,19537316.0,2.446927240325608,-2.4069601674268055,2.2137003616843764,560989.75,34826.51153608422,Domínio válido; magnitude confrontada na escala oficial e dentro do nível/geo,manter no exemplo simulado; sem evidência de corrupção,plausibilidade comercial não demonstrada
check_geo_std,0,Geo13,conversions,2022-03-28,18562836.0,3.545332008519986,-3.078662419019566,2.927444850392629,444255.62,41784.133197909796,Domínio válido; magnitude confrontada na escala oficial e dentro do nível/geo,manter no exemplo simulado; sem evidência de corrupção,plausibilidade comercial não demonstrada
check_geo_std,0,Geo13,conversions,2023-04-03,19606476.0,3.9162000287465935,-3.078662419019566,2.927444850392629,444255.62,44133.32126220485,Domínio válido; magnitude confrontada na escala oficial e dentro do nível/geo,manter no exemplo simulado; sem evidência de corrupção,plausibilidade comercial não demonstrada
check_geo_std,0,Geo17,conversions,2021-02-08,3393230.5,-2.3622021261354593,-2.325574344872626,1.9121221651532616,777539.94,4364.059420536005,Domínio válido; magnitude confrontada na escala oficial e dentro do nível/geo,manter no exemplo simulado; sem evidência de corrupção,plausibilidade comercial não demonstrada
check_geo_std,0,Geo17,conversions,2022-01-17,25439212.0,2.1139860140127578,-2.325574344872626,1.9121221651532616,777539.94,32717.563036054456,Domínio válido; magnitude confrontada na escala oficial e dentro do nível/geo,manter no exemplo simulado; sem evidência de corrupção,plausibilidade comercial não demonstrada
check_geo_std,0,Geo17,conversions,2024-01-01,24700124.0,1.9639225232978688,-2.325574344872626,1.9121221651532616,777539.94,31767.016367030614,Domínio válido; magnitude confrontada na escala oficial e dentro do nível/geo,manter no exemplo simulado; sem evidência de corrupção,plausibilidade comercial não demonstrada
check_geo_std,0,Geo18,conversions,2021-11-22,19353690.0,2.0214901145545836,-2.4999853765678646,1.8296939478094199,602324.5,32131.666568436118,Domínio válido; magnitude confrontada na escala oficial e dentro do nível/geo,manter no exemplo simulado; sem evidência de corrupção,plausibilidade comercial não demonstrada
check_geo_std,0,Geo18,conversions,2023-01-02,21853348.0,2.6766565869421965,-2.4999853765678646,1.8296939478094199,602324.5,36281.685370593426,Domínio válido; magnitude confrontada na escala oficial e dentro do nível/geo,manter no exemplo simulado; sem evidência de corrupção,plausibilidade comercial não demonstrada
check_geo_std,0,Geo2,conversions,2022-02-28,29242514.0,2.122187404623524,-2.4483326069687306,2.0017860098814206,892369.5,32769.51307726227,Domínio válido; magnitude confrontada na escala oficial e dentro do nível/geo,manter no exemplo simulado; sem evidência de corrupção,plausibilidade comercial não demonstrada
check_geo_std,0,Geo20,conversions,2021-11-22,18570760.0,2.1692956301632176,-2.4398993406221905,2.119560357158142,561594.6,33067.910553270995,Domínio válido; magnitude confrontada na escala oficial e dentro do nível/geo,manter no exemplo simulado; sem evidência de corrupção,plausibilidade comercial não demonstrada
check_geo_std,0,Geo21,conversions,2022-05-16,18741024.0,2.253008563054053,-3.0238330704228913,2.002653470888084,557798.9,33598.17310503839,Domínio válido; magnitude confrontada na escala oficial e dentro do nível/geo,manter no exemplo simulado; sem evidência de corrupção,plausibilidade comercial não demonstrada
check_geo_std,0,Geo23,conversions,2021-06-07,31707042.0,2.0484352656156624,-2.3054036482388636,1.9977693797779246,981570.9,32302.34514898516,Domínio válido; magnitude confrontada na escala oficial e dentro do nível/geo,manter no exemplo simulado; sem evidência de corrupção,plausibilidade comercial não demonstrada
check_geo_std,0,Geo23,conversions,2022-02-28,36712692.0,2.8535178011312157,-2.3054036482388636,1.9977693797779246,981570.9,37401.97677009373,Domínio válido; magnitude confrontada na escala oficial e dentro do nível/geo,manter no exemplo simulado; sem evidência de corrupção,plausibilidade comercial não demonstrada
check_geo_std,0,Geo25,conversions,2021-11-08,4081507.0,-2.2242016552775277,-2.1754566200452112,2.4670230113854705,779181.9,5238.195343089977,Domínio válido; magnitude confrontada na escala oficial e dentro do nível/geo,manter no exemplo simulado; sem evidência de corrupção,plausibilidade comercial não demonstrada
check_geo_std,0,Geo27,conversions,2021-12-06,20829806.0,2.821349687894706,-2.1933983940379647,2.037562458262311,559967.9,37198.21439764672,Domínio válido; magnitude confrontada na escala oficial e dentro do nível/geo,manter no exemplo simulado; sem evidência de corrupção,plausibilidade comercial não demonstrada
check_geo_std,0,Geo30,conversions,2021-04-26,11946982.0,3.910134803065127,-3.0845290475199123,3.6636181925649707,270937.94,44094.90232338815,Domínio válido; magnitude confrontada na escala oficial e dentro do nível/geo,manter no exemplo simulado; sem evidência de corrupção,plausibilidade comercial não demonstrada
check_geo_std,0,Geo30,conversions,2023-12-11,11759379.0,3.800821868114234,-3.0845290475199123,3.6636181925649707,270937.94,43402.481763905045,Domínio válido; magnitude confrontada na escala oficial e dentro do nível/geo,manter no exemplo simulado; sem evidência de corrupção,plausibilidade comercial não demonstrada
check_geo_std,0,Geo31,conversions,2022-03-14,29198618.0,2.226796781723663,-2.121371330008028,2.2169874980894884,873369.7,33432.13990592987,Domínio válido; magnitude confrontada na escala oficial e dentro do nível/geo,manter no exemplo simulado; sem evidência de corrupção,plausibilidade comercial não demonstrada
check_geo_std,0,Geo31,conversions,2023-09-11,31523720.0,2.647083329128581,-2.121371330008028,2.2169874980894884,873369.7,36094.35958220213,Domínio válido; magnitude confrontada na escala oficial e dentro do nível/geo,manter no exemplo simulado; sem evidência de corrupção,plausibilidade comercial não demonstrada
check_geo_std,0,Geo32,conversions,2022-07-18,2315991.8,-2.539623504321044,-2.242433915981333,1.831999931579418,714763.8,3240.2197760994604,Domínio válido; magnitude confrontada na escala oficial e dentro do nível/geo,manter no exemplo simulado; sem evidência de corrupção,plausibilidade comercial não demonstrada
check_geo_std,0,Geo33,conversions,2023-02-06,2399053.2,-2.4057242777313683,-2.000839805193709,1.9364035601025682,586798.4,4088.37720075583,Domínio válido; magnitude confrontada na escala oficial e dentro do nível/geo,manter no exemplo simulado; sem evidência de corrupção,plausibilidade comercial não demonstrada
check_geo_std,0,Geo34,conversions,2022-08-08,3077903.2,-2.250719098386998,-2.041477801335859,2.117592813674324,607054.44,5070.225991593111,Domínio válido; magnitude confrontada na escala oficial e dentro do nível/geo,manter no exemplo simulado; sem evidência de corrupção,plausibilidade comercial não demonstrada
check_geo_std,0,Geo34,conversions,2023-12-11,22080706.0,2.691154374562771,-2.041477801335859,2.117592813674324,607054.44,36373.51865839249,Domínio válido; magnitude confrontada na escala oficial e dentro do nível/geo,manter no exemplo simulado; sem evidência de corrupção,plausibilidade comercial não demonstrada
check_geo_std,0,Geo36,conversions,2023-06-26,4166830.8,-2.372914422734884,-1.9545408533801985,2.7306596430452235,969886.5,4296.204555893911,Domínio válido; magnitude confrontada na escala oficial e dentro do nível/geo,manter no exemplo simulado; sem evidência de corrupção,plausibilidade comercial não demonstrada
check_geo_std,0,Geo36,conversions,2023-10-02,36644916.0,2.9136204662114147,-1.9545408533801985,2.7306596430452235,969886.5,37782.68488116908,Domínio válido; magnitude confrontada na escala oficial e dentro do nível/geo,manter no exemplo simulado; sem evidência de corrupção,plausibilidade comercial não demonstrada
check_geo_std,0,Geo37,conversions,2021-04-19,12076863.0,2.7618587956672145,-2.5038924603617776,2.746303910189946,327985.06,36821.38143731303,Domínio válido; magnitude confrontada na escala oficial e dentro do nível/geo,manter no exemplo simulado; sem evidência de corrupção,plausibilidade comercial não demonstrada
check_geo_std,0,Geo38,conversions,2021-05-31,8827654.0,2.664330052251649,-2.0087699912640193,2.190978961119611,243833.56,36203.605442991524,Domínio válido; magnitude confrontada na escala oficial e dentro do nível/geo,manter no exemplo simulado; sem evidência de corrupção,plausibilidade comercial não demonstrada
check_geo_std,0,Geo39,conversions,2022-04-18,6550282.0,-1.7568206898855974,-1.0635134851436128,3.1366670095071782,798939.1,8198.725034236028,Domínio válido; magnitude confrontada na escala oficial e dentro do nível/geo,manter no exemplo simulado; sem evidência de corrupção,plausibilidade comercial não demonstrada
check_geo_std,0,Geo39,conversions,2022-05-02,8195326.0,-1.4317592589395958,-1.0635134851436128,3.1366670095071782,798939.1,10257.760572739524,Domínio válido; magnitude confrontada na escala oficial e dentro do nível/geo,manter no exemplo simulado; sem evidência de corrupção,plausibilidade comercial não demonstrada
check_geo_std,0,Geo39,conversions,2023-03-20,10054017.0,-1.0644810851360658,-1.0635134851436128,3.1366670095071782,798939.1,12584.209484803034,Domínio válido; magnitude confrontada na escala oficial e dentro do nível/geo,manter no exemplo simulado; sem evidência de corrupção,plausibilidade comercial não demonstrada
check_geo_std,0,Geo39,conversions,2023-07-24,9677074.0,-1.13896519070715,-1.0635134851436128,3.1366670095071782,798939.1,12112.40506316439,Domínio válido; magnitude confrontada na escala oficial e dentro do nível/geo,manter no exemplo simulado; sem evidência de corrupção,plausibilidade comercial não demonstrada
check_geo_std,0,Geo6,conversions,2021-09-27,7767262.0,2.5503315783353893,-2.6527221655430973,2.4506403654705258,218910.16,35481.50528965855,Domínio válido; magnitude confrontada na escala oficial e dentro do nível/geo,manter no exemplo simulado; sem evidência de corrupção,plausibilidade comercial não demonstrada
check_geo_std,0,Geo6,conversions,2022-03-14,8519783.0,3.0930246858661032,-2.6527221655430973,2.4506403654705258,218910.16,38919.084431713905,Domínio válido; magnitude confrontada na escala oficial e dentro do nível/geo,manter no exemplo simulado; sem evidência de corrupção,plausibilidade comercial não demonstrada
check_geo_std,0,Geo6,conversions,2022-05-23,8103310.0,2.792678215039855,-2.6527221655430973,2.4506403654705258,218910.16,37016.60078271379,Domínio válido; magnitude confrontada na escala oficial e dentro do nível/geo,manter no exemplo simulado; sem evidência de corrupção,plausibilidade comercial não demonstrada
check_geo_std,0,Geo7,conversions,2022-01-10,28238984.0,3.0226448176899656,-1.9592650981083626,2.9980764820891705,733989.56,38473.27746732528,Domínio válido; magnitude confrontada na escala oficial e dentro do nível/geo,manter no exemplo simulado; sem evidência de corrupção,plausibilidade comercial não demonstrada
check_geo_std,1,Geo0,Channel1,2021-10-11,577327.0,3.5672124616273826,-2.0799419605760856,3.5271843767993083,136670.94,4224.211818547527,Domínio válido; magnitude confrontada na escala oficial e dentro do nível/geo,manter no exemplo simulado; sem evidência de corrupção,plausibilidade comercial não demonstrada
check_geo_std,1,Geo0,Channel1,2022-08-22,575334.0,3.554898029016361,-2.0799419605760856,3.5271843767993083,136670.94,4209.629347687226,Domínio válido; magnitude confrontada na escala oficial e dentro do nível/geo,manter no exemplo simulado; sem evidência de corrupção,plausibilidade comercial não demonstrada
check_geo_std,1,Geo0,Channel2,2021-03-08,273250.0,1.877268817634483,-1.0615620243851602,1.7692700406419337,136670.94,1999.3277283378602,Domínio válido; magnitude confrontada na escala oficial e dentro do nível/geo,manter no exemplo simulado; sem evidência de corrupção,plausibilidade comercial não demonstrada
check_geo_std,1,Geo0,Channel2,2021-03-29,280553.0,1.9274415319078027,-1.0615620243851602,1.7692700406419337,136670.94,2052.7626428851663,Domínio válido; magnitude confrontada na escala oficial e dentro do nível/geo,manter no exemplo simulado; sem evidência de corrupção,plausibilidade comercial não demonstrada
check_geo_std,1,Geo0,Channel2,2021-10-11,295997.0,2.0335441471668947,-1.0615620243851602,1.7692700406419337,136670.94,2165.7639875748273,Domínio válido; magnitude confrontada na escala oficial e dentro do nível/geo,manter no exemplo simulado; sem evidência de corrupção,plausibilidade comercial não demonstrada
check_geo_std,1,Geo0,Channel2,2021-10-18,362145.0,2.4879909092854153,-1.0615620243851602,1.7692700406419337,136670.94,2649.7586099868777,Domínio válido; magnitude confrontada na escala oficial e dentro do nível/geo,manter no exemplo simulado; sem evidência de corrupção,plausibilidade comercial não demonstrada
check_geo_std,1,Geo0,Channel2,2022-02-21,473934.0,3.2559982426963625,-1.0615620243851602,1.7692700406419337,136670.94,3467.7013269975314,Domínio válido; magnitude confrontada na escala oficial e dentro do nível/geo,manter no exemplo simulado; sem evidência de corrupção,plausibilidade comercial não demonstrada
check_geo_std,1,Geo0,Channel2,2022-08-29,376263.0,2.5849837040424646,-1.0615620243851602,1.7692700406419337,136670.94,2753.0578190213664,Domínio válido; magnitude confrontada na escala oficial e dentro do nível/geo,manter no exemplo simulado; sem evidência de corrupção,plausibilidade comercial não demonstrada
check_geo_std,1,Geo0,Channel2,2022-09-19,321059.0,2.2057238767462377,-1.0615620243851602,1.7692700406419337,136670.94,2349.1387415642275,Domínio válido; magnitude confrontada na escala oficial e dentro do nível/geo,manter no exemplo simulado; sem evidência de corrupção,plausibilidade comercial não demonstrada
check_geo_std,1,Geo0,Channel2,2022-10-17,366345.0,2.516845544359761,-1.0615620243851602,1.7692700406419337,136670.94,2680.4893564059776,Domínio válido; magnitude confrontada na escala oficial e dentro do nível/geo,manter no exemplo simulado; sem evidência de corrupção,plausibilidade comercial não demonstrada
check_geo_std,1,Geo0,Channel2,2023-05-01,368479.0,2.5315064470380113,-1.0615620243851602,1.7692700406419337,136670.94,2696.1035023246345,Domínio válido; magnitude confrontada na escala oficial e dentro do nível/geo,manter no exemplo simulado; sem evidência de corrupção,plausibilidade comercial não demonstrada
check_geo_std,1,Geo0,Channel2,2023-09-04,455266.0,3.127746259942106,-1.0615620243851602,1.7692700406419337,136670.94,3331.1104760090184,Domínio válido; magnitude confrontada na escala oficial e dentro do nível/geo,manter no exemplo simulado; sem evidência de corrupção,plausibilidade comercial não demonstrada
check_geo_std,1,Geo0,Channel2,2023-09-25,301683.0,2.0726078269365917,-1.0615620243851602,1.7692700406419337,136670.94,2207.36756475078,Domínio válido; magnitude confrontada na escala oficial e dentro do nível/geo,manter no exemplo simulado; sem evidência de corrupção,plausibilidade comercial não demonstrada
check_geo_std,1,Geo0,Channel2,2023-10-16,422820.0,2.904837333841581,-1.0615620243851602,1.7692700406419337,136670.94,3093.708143077087,Domínio válido; magnitude confrontada na escala oficial e dentro do nível/geo,manter no exemplo simulado; sem evidência de corrupção,plausibilidade comercial não demonstrada
check_geo_std,1,Geo0,Channel2,2023-10-23,371910.0,2.555077935833268,-1.0615620243851602,1.7692700406419337,136670.94,2721.2075954112847,Domínio válido; magnitude confrontada na escala oficial e dentro do nível/geo,manter no exemplo simulado; sem evidência de corrupção,plausibilidade comercial não demonstrada
check_geo_std,1,Geo0,Channel2,2023-11-13,481152.0,3.305586994116987,-1.0615620243851602,1.7692700406419337,136670.94,3520.51430977207,Domínio válido; magnitude confrontada na escala oficial e dentro do nível/geo,manter no exemplo simulado; sem evidência de corrupção,plausibilidade comercial não demonstrada
check_geo_std,1,Geo0,Channel4,2021-10-11,800469.0,2.996289674031171,-1.4270995148193335,2.995220999664099,136670.94,5856.907108416756,Domínio válido; magnitude confrontada na escala oficial e dentro do nível/geo,manter no exemplo simulado; sem evidência de corrupção,plausibilidade comercial não demonstrada
check_geo_std,1,Geo0,Promo,2022-01-24,2.4903753,2.8778143105043603,-2.445078153263707,2.1832214241478867,136670.94,,Promo contínuo e zero-inflado; IQR não diagnostica erro,manter no exemplo simulado; sem evidência de corrupção,plausibilidade comercial não demonstrada
check_geo_std,1,Geo0,Promo,2022-06-06,2.5858955,3.015407112172553,-2.445078153263707,2.1832214241478867,136670.94,,Promo contínuo e zero-inflado; IQR não diagnostica erro,manter no exemplo simulado; sem evidência de corrupção,plausibilidade comercial não demonstrada
check_geo_std,1,Geo0,Promo,2022-07-04,2.3646197,2.6966686959697945,-2.445078153263707,2.1832214241478867,136670.94,,Promo contínuo e zero-inflado; IQR não diagnostica erro,manter no exemplo simulado; sem evidência de corrupção,plausibilidade comercial não demonstrada
check_geo_std,1,Geo0,Promo,2022-08-29,2.1704597,2.4169894409860695,-2.445078153263707,2.1832214241478867,136670.94,,Promo contínuo e zero-inflado; IQR não diagnostica erro,manter no exemplo simulado; sem evidência de corrupção,plausibilidade comercial não demonstrada
check_geo_std,1,Geo0,Promo,2023-02-27,2.7043977,3.1861045112760364,-2.445078153263707,2.1832214241478867,136670.94,,Promo contínuo e zero-inflado; IQR não diagnostica erro,manter no exemplo simulado; sem evidência de corrupção,plausibilidade comercial não demonstrada
check_geo_std,1,Geo0,Promo,2023-08-14,2.7463713,3.2465657039881544,-2.445078153263707,2.1832214241478867,136670.94,,Promo contínuo e zero-inflado; IQR não diagnostica erro,manter no exemplo simulado; sem evidência de corrupção,plausibilidade comercial não demonstrada
check_geo_std,1,Geo0,sentiment_score_control,2021-11-22,3.2494621,2.79302281850017,-2.550541041302957,2.6244103736026463,136670.94,,Índice sintético com valores negativos admissíveis,manter no exemplo simulado; sem evidência de corrupção,plausibilidade comercial não demonstrada
check_geo_std,1,Geo0,sentiment_score_control,2023-02-20,-3.2211893,-2.711674650657572,-2.550541041302957,2.6244103736026463,136670.94,,Índice sintético com valores negativos admissíveis,manter no exemplo simulado; sem evidência de corrupção,plausibilidade comercial não demonstrada
check_geo_std,1,Geo1,Channel1,2021-08-30,846140.0,3.5759653206538777,-2.118144221968177,3.530240369946962,199816.9,4234.57675501922,Domínio válido; magnitude confrontada na escala oficial e dentro do nível/geo,manter no exemplo simulado; sem evidência de corrupção,plausibilidade comercial não demonstrada
check_geo_std,1,Geo1,Channel2,2021-03-29,789141.0,3.708214673258956,-0.9824255361167935,1.6373758935279892,199816.9,3949.3206030120577,Domínio válido; magnitude confrontada na escala oficial e dentro do nível/geo,manter no exemplo simulado; sem evidência de corrupção,plausibilidade comercial não demonstrada
check_geo_std,1,Geo1,Channel2,2021-08-30,701953.0,3.2985137187627354,-0.9824255361167935,1.6373758935279892,199816.9,3512.981134228386,Domínio válido; magnitude confrontada na escala oficial e dentro do nível/geo,manter no exemplo simulado; sem evidência de corrupção,plausibilidade comercial não demonstrada
check_geo_std,1,Geo1,Channel2,2021-10-11,400377.0,1.8813923826482224,-0.9824255361167935,1.6373758935279892,199816.9,2003.7194051153833,Domínio válido; magnitude confrontada na escala oficial e dentro do nível/geo,manter no exemplo simulado; sem evidência de corrupção,plausibilidade comercial não demonstrada
check_geo_std,1,Geo1,Channel2,2021-11-22,542297.0,2.5482818566825345,-0.9824255361167935,1.6373758935279892,199816.9,2713.9696392046917,Domínio válido; magnitude confrontada na escala oficial e dentro do nível/geo,manter no exemplo simulado; sem evidência de corrupção,plausibilidade comercial não demonstrada
check_geo_std,1,Geo1,Channel2,2021-12-13,536645.0,2.5217228142132426,-0.9824255361167935,1.6373758935279892,199816.9,2685.6837434671443,Domínio válido; magnitude confrontada na escala oficial e dentro do nível/geo,manter no exemplo simulado; sem evidência de corrupção,plausibilidade comercial não demonstrada
check_geo_std,1,Geo1,Channel2,2022-01-17,400526.0,1.882092541411125,-0.9824255361167935,1.6373758935279892,199816.9,2004.46508778787,Domínio válido; magnitude confrontada na escala oficial e dentro do nível/geo,manter no exemplo simulado; sem evidência de corrupção,plausibilidade comercial não demonstrada
check_geo_std,1,Geo1,Channel2,2022-01-31,541464.0,2.544367546283221,-0.9824255361167935,1.6373758935279892,199816.9,2709.8008226531388,Domínio válido; magnitude confrontada na escala oficial e dentro do nível/geo,manter no exemplo simulado; sem evidência de corrupção,plausibilidade comercial não demonstrada
check_geo_std,1,Geo1,Channel2,2022-05-30,385740.0,1.8126123570602841,-0.9824255361167935,1.6373758935279892,199816.9,1930.4673428523813,Domínio válido; magnitude confrontada na escala oficial e dentro do nível/geo,manter no exemplo simulado; sem evidência de corrupção,plausibilidade comercial não demonstrada
check_geo_std,1,Geo1,Channel2,2022-08-01,461514.0,2.1686783308869186,-0.9824255361167935,1.6373758935279892,199816.9,2309.684516174558,Domínio válido; magnitude confrontada na escala oficial e dentro do nível/geo,manter no exemplo simulado; sem evidência de corrupção,plausibilidade comercial não demonstrada
check_geo_std,1,Geo1,Channel2,2022-09-19,383470.0,1.801945508793247,-0.9824255361167935,1.6373758935279892,199816.9,1919.1069424057725,Domínio válido; magnitude confrontada na escala oficial e dentro do nível/geo,manter no exemplo simulado; sem evidência de corrupção,plausibilidade comercial não demonstrada
check_geo_std,1,Geo1,Channel2,2022-10-10,624423.0,2.9341962094484724,-0.9824255361167935,1.6373758935279892,199816.9,3124.975915450595,Domínio válido; magnitude confrontada na escala oficial e dentro do nível/geo,manter no exemplo simulado; sem evidência de corrupção,plausibilidade comercial não demonstrada
check_geo_std,1,Geo1,Channel2,2022-10-17,802331.0,3.770195170458171,-0.9824255361167935,1.6373758935279892,199816.9,4015.331035563058,Domínio válido; magnitude confrontada na escala oficial e dentro do nível/geo,manter no exemplo simulado; sem evidência de corrupção,plausibilidade comercial não demonstrada
check_geo_std,1,Geo1,Channel2,2022-10-24,368815.0,1.7330809002675083,-0.9824255361167935,1.6373758935279892,199816.9,1845.7647976722692,Domínio válido; magnitude confrontada na escala oficial e dentro do nível/geo,manter no exemplo simulado; sem evidência de corrupção,plausibilidade comercial não demonstrada
check_geo_std,1,Geo1,Channel2,2022-11-14,358027.0,1.6823875262125325,-0.9824255361167935,1.6373758935279892,199816.9,1791.7753703515568,Domínio válido; magnitude confrontada na escala oficial e dentro do nível/geo,manter no exemplo simulado; sem evidência de corrupção,plausibilidade comercial não demonstrada
check_geo_std,1,Geo1,Channel2,2023-09-25,669588.0,3.146428897545708,-0.9824255361167935,1.6373758935279892,199816.9,3351.0078476845556,Domínio válido; magnitude confrontada na escala oficial e dentro do nível/geo,manter no exemplo simulado; sem evidência de corrupção,plausibilidade comercial não demonstrada
check_geo_std,1,Geo1,Channel2,2023-11-13,559186.0,2.6276441475997094,-0.9824255361167935,1.6373758935279892,199816.9,2798.492019443801,Domínio válido; magnitude confrontada na escala oficial e dentro do nível/geo,manter no exemplo simulado; sem evidência de corrupção,plausibilidade comercial não demonstrada
check_geo_std,1,Geo1,Channel2,2023-11-20,429737.0,2.019356552304701,-0.9824255361167935,1.6373758935279892,199816.9,2150.653923667117,Domínio válido; magnitude confrontada na escala oficial e dentro do nível/geo,manter no exemplo simulado; sem evidência de corrupção,plausibilidade comercial não demonstrada
check_geo_std,1,Geo1,Channel2,2023-12-04,997113.0,4.685485936603544,-0.9824255361167935,1.6373758935279892,199816.9,4990.133467189212,Domínio válido; magnitude confrontada na escala oficial e dentro do nível/geo,manter no exemplo simulado; sem evidência de corrupção,plausibilidade comercial não demonstrada
check_geo_std,1,Geo1,Channel2,2024-01-01,448431.0,2.1072006322624053,-0.9824255361167935,1.6373758935279892,199816.9,2244.2095738648736,Domínio válido; magnitude confrontada na escala oficial e dentro do nível/geo,manter no exemplo simulado; sem evidência de corrupção,plausibilidade comercial não demonstrada
check_geo_std,1,Geo1,Organic_channel0,2021-07-05,1012480.0,3.9341127703943934,-2.1965314019259883,3.660885669876647,199816.9,5067.038874089229,Domínio válido; magnitude confrontada na escala oficial e dentro do nível/geo,manter no exemplo simulado; sem evidência de corrupção,plausibilidade comercial não demonstrada
check_geo_std,1,Geo1,Promo,2021-05-31,2.6867244,3.160646871303314,-2.5919638873259085,2.4280309809182223,199816.9,,Promo contínuo e zero-inflado; IQR não diagnostica erro,manter no exemplo simulado; sem evidência de corrupção,plausibilidade comercial não demonstrada
check_geo_std,1,Geo1,Promo,2021-08-30,2.8456528,3.3895764989699564,-2.5919638873259085,2.4280309809182223,199816.9,,Promo contínuo e zero-inflado; IQR não diagnostica erro,manter no exemplo simulado; sem evidência de corrupção,plausibilidade comercial não demonstrada
check_geo_std,1,Geo1,Promo,2021-12-13,3.0241275,3.6466617437651965,-2.5919638873259085,2.4280309809182223,199816.9,,Promo contínuo e zero-inflado; IQR não diagnostica erro,manter no exemplo simulado; sem evidência de corrupção,plausibilidade comercial não demonstrada
check_geo_std,1,Geo1,Promo,2021-12-27,4.028789,5.09383407499115,-2.5919638873259085,2.4280309809182223,199816.9,,Promo contínuo e zero-inflado; IQR não diagnostica erro,manter no exemplo simulado; sem evidência de corrupção,plausibilidade comercial não demonstrada
check_geo_std,1,Geo1,Promo,2022-01-17,2.3069,2.6135259132448043,-2.5919638873259085,2.4280309809182223,199816.9,,Promo contínuo e zero-inflado; IQR não diagnostica erro,manter no exemplo simulado; sem evidência de corrupção,plausibilidade comercial não demonstrada
check_geo_std,1,Geo1,Promo,2022-11-21,2.2082489,2.471423182757964,-2.5919638873259085,2.4280309809182223,199816.9,,Promo contínuo e zero-inflado; IQR não diagnostica erro,manter no exemplo simulado; sem evidência de corrupção,plausibilidade comercial não demonstrada
check_geo_std,1,Geo1,Promo,2023-08-14,2.7904472,3.3100551707925283,-2.5919638873259085,2.4280309809182223,199816.9,,Promo contínuo e zero-inflado; IQR não diagnostica erro,manter no exemplo simulado; sem evidência de corrupção,plausibilidade comercial não demonstrada
check_geo_std,1,Geo1,Promo,2023-10-23,2.4254413,2.7842796342419316,-2.5919638873259085,2.4280309809182223,199816.9,,Promo contínuo e zero-inflado; IQR não diagnostica erro,manter no exemplo simulado; sem evidência de corrupção,plausibilidade comercial não demonstrada
check_geo_std,1,Geo1,Promo,2023-12-11,2.370615,2.705304671646576,-2.5919638873259085,2.4280309809182223,199816.9,,Promo contínuo e zero-inflado; IQR não diagnostica erro,manter no exemplo simulado; sem evidência de corrupção,plausibilidade comercial não demonstrada
check_geo_std,1,Geo1,competitor_sales_control,2021-06-28,3.924682,3.280061404168956,-3.110861221981415,3.2640111769501265,199816.9,,Índice sintético com valores negativos admissíveis,manter no exemplo simulado; sem evidência de corrupção,plausibilidade comercial não demonstrada
check_geo_std,1,Geo10,Channel0,2023-06-26,4779204.0,2.793991096352202,-1.0289545261245105,2.6949989381697463,994048.94,4807.815599099175,Domínio válido; magnitude confrontada na escala oficial e dentro do nível/geo,manter no exemplo simulado; sem evidência de corrupção,plausibilidade comercial não demonstrada
check_geo_std,1,Geo10,Channel2,2021-06-28,1621473.0,1.5315967356275,-0.6598327077379772,1.0997211795632953,994048.94,1631.180251547776,Domínio válido; magnitude confrontada na escala oficial e dentro do nível/geo,manter no exemplo simulado; sem evidência de corrupção,plausibilidade comercial não demonstrada
check_geo_std,1,Geo10,Channel2,2021-08-02,2998326.0,2.832132458540512,-0.6598327077379772,1.0997211795632953,994048.94,3016.2760396887506,Domínio válido; magnitude confrontada na escala oficial e dentro do nível/geo,manter no exemplo simulado; sem evidência de corrupção,plausibilidade comercial não demonstrada
check_geo_std,1,Geo10,Channel2,2021-08-30,2052081.0,1.9383366610749706,-0.6598327077379772,1.0997211795632953,994048.94,2064.366166921319,Domínio válido; magnitude confrontada na escala oficial e dentro do nível/geo,manter no exemplo simulado; sem evidência de corrupção,plausibilidade comercial não demonstrada
check_geo_std,1,Geo10,Channel2,2021-09-13,3025231.0,2.85754614731119,-0.6598327077379772,1.0997211795632953,994048.94,3043.3421115060996,Domínio válido; magnitude confrontada na escala oficial e dentro do nível/geo,manter no exemplo simulado; sem evidência de corrupção,plausibilidade comercial não demonstrada
check_geo_std,1,Geo10,Channel2,2021-10-04,1180417.0,1.1149879300359653,-0.6598327077379772,1.0997211795632953,994048.94,1187.4837872670537,Domínio válido; magnitude confrontada na escala oficial e dentro do nível/geo,manter no exemplo simulado; sem evidência de corrupção,plausibilidade comercial não demonstrada
check_geo_std,1,Geo10,Channel2,2021-10-25,1357300.0,1.2820665217781644,-0.6598327077379772,1.0997211795632953,994048.94,1365.4257304474365,Domínio válido; magnitude confrontada na escala oficial e dentro do nível/geo,manter no exemplo simulado; sem evidência de corrupção,plausibilidade comercial não demonstrada
check_geo_std,1,Geo10,Channel2,2021-11-08,3104922.0,2.932819972690269,-0.6598327077379772,1.0997211795632953,994048.94,3123.510196590522,Domínio válido; magnitude confrontada na escala oficial e dentro do nível/geo,manter no exemplo simulado; sem evidência de corrupção,plausibilidade comercial não demonstrada
check_geo_std,1,Geo10,Channel2,2021-11-22,1442719.0,1.3627508511259645,-0.6598327077379772,1.0997211795632953,994048.94,1451.3561072757645,Domínio válido; magnitude confrontada na escala oficial e dentro do nível/geo,manter no exemplo simulado; sem evidência de corrupção,plausibilidade comercial não demonstrada
check_geo_std,1,Geo10,Channel2,2021-12-06,1399578.0,1.3220011039690855,-0.6598327077379772,1.0997211795632953,994048.94,1407.956835606102,Domínio válido; magnitude confrontada na escala oficial e dentro do nível/geo,manter no exemplo simulado; sem evidência de corrupção,plausibilidade comercial não demonstrada
check_geo_std,1,Geo10,Channel2,2022-04-18,1192070.0,1.1259950185044547,-0.6598327077379772,1.0997211795632953,994048.94,1199.20655013223,Domínio válido; magnitude confrontada na escala oficial e dentro do nível/geo,manter no exemplo simulado; sem evidência de corrupção,plausibilidade comercial não demonstrada
check_geo_std,1,Geo10,Channel2,2022-08-29,1264336.0,1.194255402548381,-0.6598327077379772,1.0997211795632953,994048.94,1271.90518406468,Domínio válido; magnitude confrontada na escala oficial e dentro do nível/geo,manter no exemplo simulado; sem evidência de corrupção,plausibilidade comercial não demonstrada
check_geo_std,1,Geo10,Channel2,2022-09-12,2353508.0,2.223055931287913,-0.6598327077379772,1.0997211795632953,994048.94,2367.597716064161,Domínio válido; magnitude confrontada na escala oficial e dentro do nível/geo,manter no exemplo simulado; sem evidência de corrupção,plausibilidade comercial não demonstrada
check_geo_std,1,Geo10,Channel2,2022-09-19,2980176.0,2.8149884908323606,-0.6598327077379772,1.0997211795632953,994048.94,2998.0173813172623,Domínio válido; magnitude confrontada na escala oficial e dentro do nível/geo,manter no exemplo simulado; sem evidência de corrupção,plausibilidade comercial não demonstrada
check_geo_std,1,Geo10,Channel2,2022-10-03,1287085.0,1.2157434533138207,-0.6598327077379772,1.0997211795632953,994048.94,1294.790375210299,Domínio válido; magnitude confrontada na escala oficial e dentro do nível/geo,manter no exemplo simulado; sem evidência de corrupção,plausibilidade comercial não demonstrada
check_geo_std,1,Geo10,Channel2,2022-10-24,1890550.0,1.7857591267573187,-0.6598327077379772,1.0997211795632953,994048.94,1901.8681313618222,Domínio válido; magnitude confrontada na escala oficial e dentro do nível/geo,manter no exemplo simulado; sem evidência de corrupção,plausibilidade comercial não demonstrada
check_geo_std,1,Geo10,Channel2,2022-11-14,3290809.0,3.108403483729669,-0.6598327077379772,1.0997211795632953,994048.94,3310.510043901863,Domínio válido; magnitude confrontada na escala oficial e dentro do nível/geo,manter no exemplo simulado; sem evidência de corrupção,plausibilidade comercial não demonstrada
check_geo_std,1,Geo10,Channel2,2023-02-06,2783179.0,2.6289107934988802,-0.6598327077379772,1.0997211795632953,994048.94,2799.8410219118587,Domínio válido; magnitude confrontada na escala oficial e dentro do nível/geo,manter no exemplo simulado; sem evidência de corrupção,plausibilidade comercial não demonstrada
check_geo_std,1,Geo10,Channel2,2023-05-01,2296001.0,2.1687364739329458,-0.6598327077379772,1.0997211795632953,994048.94,2309.7464396471264,Domínio válido; magnitude confrontada na escala oficial e dentro do nível/geo,manter no exemplo simulado; sem evidência de corrupção,plausibilidade comercial não demonstrada
check_geo_std,1,Geo10,Channel2,2023-06-05,1685100.0,1.5916969688708356,-0.6598327077379772,1.0997211795632953,994048.94,1695.1881664900725,Domínio válido; magnitude confrontada na escala oficial e dentro do nível/geo,manter no exemplo simulado; sem evidência de corrupção,plausibilidade comercial não demonstrada
check_geo_std,1,Geo10,Channel2,2023-06-26,3246970.0,3.0669944258587245,-0.6598327077379772,1.0997211795632953,994048.94,3266.4085935245807,Domínio válido; magnitude confrontada na escala oficial e dentro do nível/geo,manter no exemplo simulado; sem evidência de corrupção,plausibilidade comercial não demonstrada
check_geo_std,1,Geo10,Channel2,2023-07-31,1349113.0,1.2743333171706364,-0.6598327077379772,1.0997211795632953,994048.94,1357.1897174398678,Domínio válido; magnitude confrontada na escala oficial e dentro do nível/geo,manter no exemplo simulado; sem evidência de corrupção,plausibilidade comercial não demonstrada
check_geo_std,1,Geo10,Channel2,2023-08-28,1691998.0,1.5982126211711565,-0.6598327077379772,1.0997211795632953,994048.94,1702.1274626579252,Domínio válido; magnitude confrontada na escala oficial e dentro do nível/geo,manter no exemplo simulado; sem evidência de corrupção,plausibilidade comercial não demonstrada
check_geo_std,1,Geo10,Channel2,2023-09-04,2624338.0,2.4788741557726843,-0.6598327077379772,1.0997211795632953,994048.94,2640.0490905407532,Domínio válido; magnitude confrontada na escala oficial e dentro do nível/geo,manter no exemplo simulado; sem evidência de corrupção,plausibilidade comercial não demonstrada
check_geo_std,1,Geo10,Channel2,2023-09-25,1425661.0,1.3466383551939731,-0.6598327077379772,1.0997211795632953,994048.94,1434.195986366627,Domínio válido; magnitude confrontada na escala oficial e dentro do nível/geo,manter no exemplo simulado; sem evidência de corrupção,plausibilidade comercial não demonstrada
check_geo_std,1,Geo10,Channel2,2023-10-02,1627144.0,1.5369533990364765,-0.6598327077379772,1.0997211795632953,994048.94,1636.8852020505149,Domínio válido; magnitude confrontada na escala oficial e dentro do nível/geo,manter no exemplo simulado; sem evidência de corrupção,plausibilidade comercial não demonstrada
check_geo_std,1,Geo10,Channel2,2023-10-09,1312510.0,1.2397591766735863,-0.6598327077379772,1.0997211795632953,994048.94,1320.3675867306897,Domínio válido; magnitude confrontada na escala oficial e dentro do nível/geo,manter no exemplo simulado; sem evidência de corrupção,plausibilidade comercial não demonstrada
check_geo_std,1,Geo10,Organic_channel0,2022-11-14,5801781.0,4.531543292588805,-1.8708692947794678,3.118115491299113,994048.94,5836.514447668945,Domínio válido; magnitude confrontada na escala oficial e dentro do nível/geo,manter no exemplo simulado; sem evidência de corrupção,plausibilidade comercial não demonstrada
check_geo_std,1,Geo10,Promo,2021-08-09,2.3485775,2.6735605864503267,-2.727596712303309,2.6540856892138898,994048.94,,Promo contínuo e zero-inflado; IQR não diagnostica erro,manter no exemplo simulado; sem evidência de corrupção,plausibilidade comercial não demonstrada
check_geo_std,1,Geo10,Promo,2022-09-26,2.340512,2.6619425753714676,-2.727596712303309,2.6540856892138898,994048.94,,Promo contínuo e zero-inflado; IQR não diagnostica erro,manter no exemplo simulado; sem evidência de corrupção,plausibilidade comercial não demonstrada
check_geo_std,1,Geo10,Promo,2022-11-14,3.0055392,3.619886085053752,-2.727596712303309,2.6540856892138898,994048.94,,Promo contínuo e zero-inflado; IQR não diagnostica erro,manter no exemplo simulado; sem evidência de corrupção,plausibilidade comercial não demonstrada
check_geo_std,1,Geo10,Promo,2023-06-26,3.024769,3.6475857973399393,-2.727596712303309,2.6540856892138898,994048.94,,Promo contínuo e zero-inflado; IQR não diagnostica erro,manter no exemplo simulado; sem evidência de corrupção,plausibilidade comercial não demonstrada
check_geo_std,1,Geo10,Promo,2023-07-24,3.9359832,4.960151251535399,-2.727596712303309,2.6540856892138898,994048.94,,Promo contínuo e zero-inflado; IQR não diagnostica erro,manter no exemplo simulado; sem evidência de corrupção,plausibilidade comercial não demonstrada
check_geo_std,1,Geo10,competitor_sales_control,2021-10-25,3.2732959,2.74175558303516,-2.603298995478869,2.548402659301089,994048.94,,Índice sintético com valores negativos admissíveis,manter no exemplo simulado; sem evidência de corrupção,plausibilidade comercial não demonstrada
check_geo_std,1,Geo10,sentiment_score_control,2023-11-06,2.7972772,2.408341134887706,-2.4842323482172466,2.3294963140998797,994048.94,,Índice sintético com valores negativos admissíveis,manter no exemplo simulado; sem evidência de corrupção,plausibilidade comercial não demonstrada
check_geo_std,1,Geo11,Channel0,2023-08-07,3665473.0,3.22879897850667,-1.376235602896851,3.111860628341989,659730.0,5556.019886923439,Domínio válido; magnitude confrontada na escala oficial e dentro do nível/geo,manter no exemplo simulado; sem evidência de corrupção,plausibilidade comercial não demonstrada
check_geo_std,1,Geo11,Channel1,2023-11-20,2632907.0,3.370175949949018,-1.9137523460088204,3.2187409990393814,659730.0,3990.885665347945,Domínio válido; magnitude confrontada na escala oficial e dentro do nível/geo,manter no exemplo simulado; sem evidência de corrupção,plausibilidade comercial não demonstrada
check_geo_std,1,Geo11,Channel2,2021-03-22,1934488.0,2.753228674129996,-1.1024272813724068,1.8373788022873445,659730.0,2932.2419777787886,Domínio válido; magnitude confrontada na escala oficial e dentro do nível/geo,manter no exemplo simulado; sem evidência de corrupção,plausibilidade comercial não demonstrada
check_geo_std,1,Geo11,Channel2,2021-05-10,1791588.0,2.5498485665598394,-1.1024272813724068,1.8373788022873445,659730.0,2715.6382156336686,Domínio válido; magnitude confrontada na escala oficial e dentro do nível/geo,manter no exemplo simulado; sem evidência de corrupção,plausibilidade comercial não demonstrada
check_geo_std,1,Geo11,Channel2,2021-05-31,1394527.0,1.9847379375051593,-1.1024272813724068,1.8373788022873445,659730.0,2113.7844269625452,Domínio válido; magnitude confrontada na escala oficial e dentro do nível/geo,manter no exemplo simulado; sem evidência de corrupção,plausibilidade comercial não demonstrada
check_geo_std,1,Geo11,Channel2,2021-08-30,1386572.0,1.9734161127625378,-1.1024272813724068,1.8373788022873445,659730.0,2101.726463856426,Domínio válido; magnitude confrontada na escala oficial e dentro do nível/geo,manter no exemplo simulado; sem evidência de corrupção,plausibilidade comercial não demonstrada
check_geo_std,1,Geo11,Channel2,2021-10-18,1566924.0,2.230099171968226,-1.1024272813724068,1.8373788022873445,659730.0,2375.0989040971303,Domínio válido; magnitude confrontada na escala oficial e dentro do nível/geo,manter no exemplo simulado; sem evidência de corrupção,plausibilidade comercial não demonstrada
check_geo_std,1,Geo11,Channel2,2021-11-08,2441012.0,3.474130742757468,-1.1024272813724068,1.8373788022873445,659730.0,3700.016673487639,Domínio válido; magnitude confrontada na escala oficial e dentro do nível/geo,manter no exemplo simulado; sem evidência de corrupção,plausibilidade comercial não demonstrada
check_geo_std,1,Geo11,Channel2,2022-10-17,2990618.0,4.256348569217953,-1.1024272813724068,1.8373788022873445,659730.0,4533.0938414199745,Domínio válido; magnitude confrontada na escala oficial e dentro do nível/geo,manter no exemplo simulado; sem evidência de corrupção,plausibilidade comercial não demonstrada
check_geo_std,1,Geo11,Channel2,2022-12-26,1842706.0,2.6226014310718844,-1.1024272813724068,1.8373788022873445,659730.0,2793.121428463159,Domínio válido; magnitude confrontada na escala oficial e dentro do nível/geo,manter no exemplo simulado; sem evidência de corrupção,plausibilidade comercial não demonstrada
check_geo_std,1,Geo11,Channel2,2023-07-03,1620394.0,2.306199482337549,-1.1024272813724068,1.8373788022873445,659730.0,2456.147211738135,Domínio válido; magnitude confrontada na escala oficial e dentro do nível/geo,manter no exemplo simulado; sem evidência de corrupção,plausibilidade comercial não demonstrada
check_geo_std,1,Geo11,Channel2,2023-08-14,2119707.0,3.016838612156845,-1.1024272813724068,1.8373788022873445,659730.0,3212.991678413897,Domínio válido; magnitude confrontada na escala oficial e dentro do nível/geo,manter no exemplo simulado; sem evidência de corrupção,plausibilidade comercial não demonstrada
check_geo_std,1,Geo11,Channel2,2023-08-21,2416358.0,3.4390423370749303,-1.1024272813724068,1.8373788022873445,659730.0,3662.646840374093,Domínio válido; magnitude confrontada na escala oficial e dentro do nível/geo,manter no exemplo simulado; sem evidência de corrupção,plausibilidade comercial não demonstrada
check_geo_std,1,Geo11,Channel2,2023-10-23,1882194.0,2.6788020866893114,-1.1024272813724068,1.8373788022873445,659730.0,2852.9762175435403,Domínio válido; magnitude confrontada na escala oficial e dentro do nível/geo,manter no exemplo simulado; sem evidência de corrupção,plausibilidade comercial não demonstrada
check_geo_std,1,Geo11,Channel2,2023-11-27,1290990.0,1.8373805813295732,-1.1024272813724068,1.8373788022873445,659730.0,1956.8459824473648,Domínio válido; magnitude confrontada na escala oficial e dentro do nível/geo,manter no exemplo simulado; sem evidência de corrupção,plausibilidade comercial não demonstrada
check_geo_std,1,Geo11,Channel2,2024-01-15,1817748.0,2.587080362319359,-1.1024272813724068,1.8373788022873445,659730.0,2755.290800782138,Domínio válido; magnitude confrontada na escala oficial e dentro do nível/geo,manter no exemplo simulado; sem evidência de corrupção,plausibilidade comercial não demonstrada
check_geo_std,1,Geo11,Channel4,2021-07-05,3998964.0,3.100963987916226,-1.1491550763588072,2.893134041059773,659730.0,6061.516074757855,Domínio válido; magnitude confrontada na escala oficial e dentro do nível/geo,manter no exemplo simulado; sem evidência de corrupção,plausibilidade comercial não demonstrada
check_geo_std,1,Geo11,Organic_channel0,2021-11-08,3414778.0,4.0187298251861945,-2.167718016065462,3.6128633601091034,659730.0,5176.023524775287,Domínio válido; magnitude confrontada na escala oficial e dentro do nível/geo,manter no exemplo simulado; sem evidência de corrupção,plausibilidade comercial não demonstrada
check_geo_std,1,Geo11,Promo,2021-03-22,2.8871818,3.449397264216244,-3.0222764249798777,3.145218543674838,659730.0,,Promo contínuo e zero-inflado; IQR não diagnostica erro,manter no exemplo simulado; sem evidência de corrupção,plausibilidade comercial não demonstrada
check_geo_std,1,Geo11,Promo,2023-12-11,2.7401624,3.2376220465599075,-3.0222764249798777,3.145218543674838,659730.0,,Promo contínuo e zero-inflado; IQR não diagnostica erro,manter no exemplo simulado; sem evidência de corrupção,plausibilidade comercial não demonstrada
check_geo_std,1,Geo11,competitor_sales_control,2022-10-17,3.4125714,2.8568529306625043,-2.5552006900552486,2.5967051765607634,659730.0,,Índice sintético com valores negativos admissíveis,manter no exemplo simulado; sem evidência de corrupção,plausibilidade comercial não demonstrada
check_geo_std,1,Geo12,Channel0,2021-09-27,3082815.0,3.1935208272131654,-1.2510300321050756,2.9660347234910427,560989.75,5495.31430832738,Domínio válido; magnitude confrontada na escala oficial e dentro do nível/geo,manter no exemplo simulado; sem evidência de corrupção,plausibilidade comercial não demonstrada
check_geo_std,1,Geo12,Channel1,2021-06-07,2396870.0,3.6080524535799787,-1.96200355714164,3.2700059285694003,560989.75,4272.573607628304,Domínio válido; magnitude confrontada na escala oficial e dentro do nível/geo,manter no exemplo simulado; sem evidência de corrupção,plausibilidade comercial não demonstrada
check_geo_std,1,Geo12,Channel1,2021-08-23,2300341.0,3.462745576155829,-1.96200355714164,3.2700059285694003,560989.75,4100.504510109142,Domínio válido; magnitude confrontada na escala oficial e dentro do nível/geo,manter no exemplo simulado; sem evidência de corrupção,plausibilidade comercial não demonstrada
check_geo_std,1,Geo12,Channel2,2021-04-05,1112343.0,1.8617710681183872,-0.8144536038159256,1.3574226730265426,560989.75,1982.8223242938038,Domínio válido; magnitude confrontada na escala oficial e dentro do nível/geo,manter no exemplo simulado; sem evidência de corrupção,plausibilidade comercial não demonstrada
check_geo_std,1,Geo12,Channel2,2021-06-07,1161453.0,1.9439683554257141,-0.8144536038159256,1.3574226730265426,560989.75,2070.364030715356,Domínio válido; magnitude confrontada na escala oficial e dentro do nível/geo,manter no exemplo simulado; sem evidência de corrupção,plausibilidade comercial não demonstrada
check_geo_std,1,Geo12,Channel2,2021-09-13,938763.0,1.571243576145147,-0.8144536038159256,1.3574226730265426,560989.75,1673.4049062393742,Domínio válido; magnitude confrontada na escala oficial e dentro do nível/geo,manter no exemplo simulado; sem evidência de corrupção,plausibilidade comercial não demonstrada
check_geo_std,1,Geo12,Channel2,2021-09-27,884216.0,1.4799461737677746,-0.8144536038159256,1.3574226730265426,560989.75,1576.1714006361078,Domínio válido; magnitude confrontada na escala oficial e dentro do nível/geo,manter no exemplo simulado; sem evidência de corrupção,plausibilidade comercial não demonstrada
check_geo_std,1,Geo12,Channel2,2021-10-11,1860928.0,3.1147064441915973,-0.8144536038159256,1.3574226730265426,560989.75,3317.222819133505,Domínio válido; magnitude confrontada na escala oficial e dentro do nível/geo,manter no exemplo simulado; sem evidência de corrupção,plausibilidade comercial não demonstrada
check_geo_std,1,Geo12,Channel2,2021-10-18,1670939.0,2.796714580656029,-0.8144536038159256,1.3574226730265426,560989.75,2978.5553122851175,Domínio válido; magnitude confrontada na escala oficial e dentro do nível/geo,manter no exemplo simulado; sem evidência de corrupção,plausibilidade comercial não demonstrada
check_geo_std,1,Geo12,Channel2,2021-11-08,1377776.0,2.306036443028705,-0.8144536038159256,1.3574226730265426,560989.75,2455.9735717096432,Domínio válido; magnitude confrontada na escala oficial e dentro do nível/geo,manter no exemplo simulado; sem evidência de corrupção,plausibilidade comercial não demonstrada
check_geo_std,1,Geo12,Channel2,2021-11-22,1540667.0,2.5786733464450724,-0.8144536038159256,1.3574226730265426,560989.75,2746.3371656968775,Domínio válido; magnitude confrontada na escala oficial e dentro do nível/geo,manter no exemplo simulado; sem evidência de corrupção,plausibilidade comercial não demonstrada
check_geo_std,1,Geo12,Channel2,2022-01-03,2204501.0,3.6897577289002155,-0.8144536038159256,1.3574226730265426,560989.75,3929.6635990229765,Domínio válido; magnitude confrontada na escala oficial e dentro do nível/geo,manter no exemplo simulado; sem evidência de corrupção,plausibilidade comercial não demonstrada
check_geo_std,1,Geo12,Channel2,2022-06-13,1512894.0,2.5321886129816966,-0.8144536038159256,1.3574226730265426,560989.75,2696.8300222954163,Domínio válido; magnitude confrontada na escala oficial e dentro do nível/geo,manter no exemplo simulado; sem evidência de corrupção,plausibilidade comercial não demonstrada
check_geo_std,1,Geo12,Channel2,2022-07-11,1032870.0,1.7287540651826268,-0.8144536038159256,1.3574226730265426,560989.75,1841.1566343235327,Domínio válido; magnitude confrontada na escala oficial e dentro do nível/geo,manter no exemplo simulado; sem evidência de corrupção,plausibilidade comercial não demonstrada
check_geo_std,1,Geo12,Channel2,2022-10-10,2118282.0,3.5454496874758537,-0.8144536038159256,1.3574226730265426,560989.75,3775.972733904675,Domínio válido; magnitude confrontada na escala oficial e dentro do nível/geo,manter no exemplo simulado; sem evidência de corrupção,plausibilidade comercial não demonstrada
check_geo_std,1,Geo12,Channel2,2022-12-12,945406.0,1.5823622195901192,-0.8144536038159256,1.3574226730265426,560989.75,1685.2464773197728,Domínio válido; magnitude confrontada na escala oficial e dentro do nível/geo,manter no exemplo simulado; sem evidência de corrupção,plausibilidade comercial não demonstrada
check_geo_std,1,Geo12,Channel2,2022-12-19,1377866.0,2.3061870794745953,-0.8144536038159256,1.3574226730265426,560989.75,2456.1340024483516,Domínio válido; magnitude confrontada na escala oficial e dentro do nível/geo,manter no exemplo simulado; sem evidência de corrupção,plausibilidade comercial não demonstrada
check_geo_std,1,Geo12,Channel2,2023-01-09,811129.0,1.3576176635370558,-0.8144536038159256,1.3574226730265426,560989.75,1445.8891628590363,Domínio válido; magnitude confrontada na escala oficial e dentro do nível/geo,manter no exemplo simulado; sem evidência de corrupção,plausibilidade comercial não demonstrada
check_geo_std,1,Geo12,Channel2,2023-06-12,847783.0,1.4189668667332025,-0.8144536038159256,1.3574226730265426,560989.75,1511.22725504343,Domínio válido; magnitude confrontada na escala oficial e dentro do nível/geo,manter no exemplo simulado; sem evidência de corrupção,plausibilidade comercial não demonstrada
check_geo_std,1,Geo12,Channel2,2023-06-26,1344890.0,2.250993885700488,-0.8144536038159256,1.3574226730265426,560989.75,2397.352179785816,Domínio válido; magnitude confrontada na escala oficial e dentro do nível/geo,manter no exemplo simulado; sem evidência de corrupção,plausibilidade comercial não demonstrada
check_geo_std,1,Geo12,Channel2,2023-07-24,1453334.0,2.4325007605682494,-0.8144536038159256,1.3574226730265426,560989.75,2590.660524546126,Domínio válido; magnitude confrontada na escala oficial e dentro do nível/geo,manter no exemplo simulado; sem evidência de corrupção,plausibilidade comercial não demonstrada
check_geo_std,1,Geo12,Channel2,2023-09-04,2113587.0,3.537591486215257,-0.8144536038159256,1.3574226730265426,560989.75,3767.6035970354183,Domínio válido; magnitude confrontada na escala oficial e dentro do nível/geo,manter no exemplo simulado; sem evidência de corrupção,plausibilidade comercial não demonstrada
check_geo_std,1,Geo12,Channel2,2023-09-25,1218399.0,2.0392810559552,-0.8144536038159256,1.3574226730265426,560989.75,2171.873906787067,Domínio válido; magnitude confrontada na escala oficial e dentro do nível/geo,manter no exemplo simulado; sem evidência de corrupção,plausibilidade comercial não demonstrada
check_geo_std,1,Geo12,Channel2,2023-10-23,2203613.0,3.6882714493007676,-0.8144536038159256,1.3574226730265426,560989.75,3928.08068240106,Domínio válido; magnitude confrontada na escala oficial e dentro do nível/geo,manter no exemplo simulado; sem evidência de corrupção,plausibilidade comercial não demonstrada
check_geo_std,1,Geo12,Channel2,2023-11-13,934594.0,1.5642657612238635,-0.8144536038159256,1.3574226730265426,560989.75,1665.9733979096766,Domínio válido; magnitude confrontada na escala oficial e dentro do nível/geo,manter no exemplo simulado; sem evidência de corrupção,plausibilidade comercial não demonstrada
check_geo_std,1,Geo12,Channel4,2022-10-10,3668017.0,3.3449672890825632,-1.1674889414616354,2.8918526240615057,560989.75,6538.474187808244,Domínio válido; magnitude confrontada na escala oficial e dentro do nível/geo,manter no exemplo simulado; sem evidência de corrupção,plausibilidade comercial não demonstrada
check_geo_std,1,Geo12,Channel4,2023-05-29,3276450.0,2.987886390470536,-1.1674889414616354,2.8918526240615057,560989.75,5840.481042657197,Domínio válido; magnitude confrontada na escala oficial e dentro do nível/geo,manter no exemplo simulado; sem evidência de corrupção,plausibilidade comercial não demonstrada
check_geo_std,1,Geo12,Organic_channel0,2022-10-31,2580430.0,3.571327884028405,-1.9244064588839416,3.2073440981399024,560989.75,4599.781012041663,Domínio válido; magnitude confrontada na escala oficial e dentro do nível/geo,manter no exemplo simulado; sem evidência de corrupção,plausibilidade comercial não demonstrada
check_geo_std,1,Geo12,Promo,2021-03-22,2.246624,2.5267008886599314,-2.063402619139562,1.5470955339409778,560989.75,,Promo contínuo e zero-inflado; IQR não diagnostica erro,manter no exemplo simulado; sem evidência de corrupção,plausibilidade comercial não demonstrada
check_geo_std,1,Geo12,Promo,2021-05-17,2.2919097,2.5919330211146927,-2.063402619139562,1.5470955339409778,560989.75,,Promo contínuo e zero-inflado; IQR não diagnostica erro,manter no exemplo simulado; sem evidência de corrupção,plausibilidade comercial não demonstrada
check_geo_std,1,Geo12,Promo,2021-07-05,2.2528095,2.53561083937945,-2.063402619139562,1.5470955339409778,560989.75,,Promo contínuo e zero-inflado; IQR não diagnostica erro,manter no exemplo simulado; sem evidência de corrupção,plausibilidade comercial não demonstrada
check_geo_std,1,Geo12,Promo,2021-10-18,1.9340926,2.0765126464317665,-2.063402619139562,1.5470955339409778,560989.75,,Promo contínuo e zero-inflado; IQR não diagnostica erro,manter no exemplo simulado; sem evidência de corrupção,plausibilidade comercial não demonstrada
check_geo_std,1,Geo12,Promo,2022-02-07,2.392444,2.7367484214253133,-2.063402619139562,1.5470955339409778,560989.75,,Promo contínuo e zero-inflado; IQR não diagnostica erro,manter no exemplo simulado; sem evidência de corrupção,plausibilidade comercial não demonstrada
check_geo_std,1,Geo12,Promo,2022-04-25,2.3165178,2.627379946715048,-2.063402619139562,1.5470955339409778,560989.75,,Promo contínuo e zero-inflado; IQR não diagnostica erro,manter no exemplo simulado; sem evidência de corrupção,plausibilidade comercial não demonstrada
check_geo_std,1,Geo12,Promo,2022-07-11,1.9765475,2.137667131405028,-2.063402619139562,1.5470955339409778,560989.75,,Promo contínuo e zero-inflado; IQR não diagnostica erro,manter no exemplo simulado; sem evidência de corrupção,plausibilidade comercial não demonstrada
check_geo_std,1,Geo12,Promo,2022-10-17,1.7477634,1.8081133271192744,-2.063402619139562,1.5470955339409778,560989.75,,Promo contínuo e zero-inflado; IQR não diagnostica erro,manter no exemplo simulado; sem evidência de corrupção,plausibilidade comercial não demonstrada
check_geo_std,1,Geo12,Promo,2022-11-07,1.9774656,2.138989615562427,-2.063402619139562,1.5470955339409778,560989.75,,Promo contínuo e zero-inflado; IQR não diagnostica erro,manter no exemplo simulado; sem evidência de corrupção,plausibilidade comercial não demonstrada
check_geo_std,1,Geo12,Promo,2023-01-09,1.8886667,2.0110785618161646,-2.063402619139562,1.5470955339409778,560989.75,,Promo contínuo e zero-inflado; IQR não diagnostica erro,manter no exemplo simulado; sem evidência de corrupção,plausibilidade comercial não demonstrada
check_geo_std,1,Geo12,Promo,2023-06-26,2.3297033,2.646373100900193,-2.063402619139562,1.5470955339409778,560989.75,,Promo contínuo e zero-inflado; IQR não diagnostica erro,manter no exemplo simulado; sem evidência de corrupção,plausibilidade comercial não demonstrada
check_geo_std,1,Geo12,Promo,2023-08-07,2.1249986,2.3515046522616125,-2.063402619139562,1.5470955339409778,560989.75,,Promo contínuo e zero-inflado; IQR não diagnostica erro,manter no exemplo simulado; sem evidência de corrupção,plausibilidade comercial não demonstrada
check_geo_std,1,Geo12,Promo,2023-11-06,1.7531812,1.815917438510142,-2.063402619139562,1.5470955339409778,560989.75,,Promo contínuo e zero-inflado; IQR não diagnostica erro,manter no exemplo simulado; sem evidência de corrupção,plausibilidade comercial não demonstrada
check_geo_std,1,Geo12,competitor_sales_control,2023-09-25,3.1351292,2.627574548320347,-2.9005159981783257,2.597959328209756,560989.75,,Índice sintético com valores negativos admissíveis,manter no exemplo simulado; sem evidência de corrupção,plausibilidade comercial não demonstrada
check_geo_std,1,Geo12,competitor_sales_control,2023-10-23,3.5509286,2.971191394679119,-2.9005159981783257,2.597959328209756,560989.75,,Índice sintético com valores negativos admissíveis,manter no exemplo simulado; sem evidência de corrupção,plausibilidade comercial não demonstrada
check_geo_std,1,Geo13,Channel0,2023-04-17,2248834.0,2.941722375225212,-1.0885398608241137,2.8725691369842923,444255.62,5062.027127535269,Domínio válido; magnitude confrontada na escala oficial e dentro do nível/geo,manter no exemplo simulado; sem evidência de corrupção,plausibilidade comercial não demonstrada
check_geo_std,1,Geo13,Channel2,2021-02-15,628691.0,1.3287607464916582,-0.6731766438013245,1.1219610730022076,444255.62,1415.155986096473,Domínio válido; magnitude confrontada na escala oficial e dentro do nível/geo,manter no exemplo simulado; sem evidência de corrupção,plausibilidade comercial não demonstrada
check_geo_std,1,Geo13,Channel2,2021-03-29,557570.0,1.178443988257115,-0.6731766438013245,1.1219610730022076,444255.62,1255.065720946873,Domínio válido; magnitude confrontada na escala oficial e dentro do nível/geo,manter no exemplo simulado; sem evidência de corrupção,plausibilidade comercial não demonstrada
check_geo_std,1,Geo13,Channel2,2021-04-05,882569.0,1.865340911943063,-0.6731766438013245,1.1219610730022076,444255.62,1986.6242772573141,Domínio válido; magnitude confrontada na escala oficial e dentro do nível/geo,manter no exemplo simulado; sem evidência de corrupção,plausibilidade comercial não demonstrada
check_geo_std,1,Geo13,Channel2,2021-06-28,864672.0,1.8275149671149022,-0.6731766438013245,1.1219610730022076,444255.62,1946.3389118183807,Domínio válido; magnitude confrontada na escala oficial e dentro do nível/geo,manter no exemplo simulado; sem evidência de corrupção,plausibilidade comercial não demonstrada
check_geo_std,1,Geo13,Channel2,2021-08-09,608234.0,1.2855241507856916,-0.6731766438013245,1.1219610730022076,444255.62,1369.1081724526073,Domínio válido; magnitude confrontada na escala oficial e dentro do nível/geo,manter no exemplo simulado; sem evidência de corrupção,plausibilidade comercial não demonstrada
check_geo_std,1,Geo13,Channel2,2021-08-30,646435.0,1.36626332038845,-0.6731766438013245,1.1219610730022076,444255.62,1455.0969552169086,Domínio válido; magnitude confrontada na escala oficial e dentro do nível/geo,manter no exemplo simulado; sem evidência de corrupção,plausibilidade comercial não demonstrada
check_geo_std,1,Geo13,Channel2,2021-09-20,669465.0,1.4149380429337113,-0.6731766438013245,1.1219610730022076,444255.62,1506.9364794979972,Domínio válido; magnitude confrontada na escala oficial e dentro do nível/geo,manter no exemplo simulado; sem evidência de corrupção,plausibilidade comercial não demonstrada
check_geo_std,1,Geo13,Channel2,2021-10-11,931392.0,1.9685300556177177,-0.6731766438013245,1.1219610730022076,444255.62,2096.5227181594237,Domínio válido; magnitude confrontada na escala oficial e dentro do nível/geo,manter no exemplo simulado; sem evidência de corrupção,plausibilidade comercial não demonstrada
check_geo_std,1,Geo13,Channel2,2021-10-18,589281.0,1.245466312470436,-0.6731766438013245,1.1219610730022076,444255.62,1326.4457971291392,Domínio válido; magnitude confrontada na escala oficial e dentro do nível/geo,manter no exemplo simulado; sem evidência de corrupção,plausibilidade comercial não demonstrada
check_geo_std,1,Geo13,Channel2,2021-11-15,1504361.0,3.1795203770261344,-0.6731766438013245,1.1219610730022076,444255.62,3386.250915632761,Domínio válido; magnitude confrontada na escala oficial e dentro do nível/geo,manter no exemplo simulado; sem evidência de corrupção,plausibilidade comercial não demonstrada
check_geo_std,1,Geo13,Channel2,2021-11-22,1812389.0,3.830548489756128,-0.6731766438013245,1.1219610730022076,444255.62,4079.608492065897,Domínio válido; magnitude confrontada na escala oficial e dentro do nível/geo,manter no exemplo simulado; sem evidência de corrupção,plausibilidade comercial não demonstrada
check_geo_std,1,Geo13,Channel2,2021-12-27,648902.0,1.3714774124648357,-0.6731766438013245,1.1219610730022076,444255.62,1460.650064483146,Domínio válido; magnitude confrontada na escala oficial e dentro do nível/geo,manter no exemplo simulado; sem evidência de corrupção,plausibilidade comercial não demonstrada
check_geo_std,1,Geo13,Channel2,2022-07-04,722547.0,1.5271287342992155,-0.6731766438013245,1.1219610730022076,444255.62,1626.4217434097964,Domínio válido; magnitude confrontada na escala oficial e dentro do nível/geo,manter no exemplo simulado; sem evidência de corrupção,plausibilidade comercial não demonstrada
check_geo_std,1,Geo13,Channel2,2022-07-18,677877.0,1.4327171035525015,-0.6731766438013245,1.1219610730022076,444255.62,1525.8715241463913,Domínio válido; magnitude confrontada na escala oficial e dentro do nível/geo,manter no exemplo simulado; sem evidência de corrupção,plausibilidade comercial não demonstrada
check_geo_std,1,Geo13,Channel2,2022-09-19,815760.0,1.724137718780824,-0.6731766438013245,1.1219610730022076,444255.62,1836.2401358028965,Domínio válido; magnitude confrontada na escala oficial e dentro do nível/geo,manter no exemplo simulado; sem evidência de corrupção,plausibilidade comercial não demonstrada
check_geo_std,1,Geo13,Channel2,2022-10-10,558443.0,1.1802891047478667,-0.6731766438013245,1.1219610730022076,444255.62,1257.030805823008,Domínio válido; magnitude confrontada na escala oficial e dentro do nível/geo,manter no exemplo simulado; sem evidência de corrupção,plausibilidade comercial não demonstrada
check_geo_std,1,Geo13,Channel2,2022-10-17,2044472.0,4.321064149003713,-0.6731766438013245,1.1219610730022076,444255.62,4602.017190013263,Domínio válido; magnitude confrontada na escala oficial e dentro do nível/geo,manter no exemplo simulado; sem evidência de corrupção,plausibilidade comercial não demonstrada
check_geo_std,1,Geo13,Channel2,2022-10-24,991049.0,2.0946172428900867,-0.6731766438013245,1.1219610730022076,444255.62,2230.808019941312,Domínio válido; magnitude confrontada na escala oficial e dentro do nível/geo,manter no exemplo simulado; sem evidência de corrupção,plausibilidade comercial não demonstrada
check_geo_std,1,Geo13,Channel2,2022-12-19,735175.0,1.5538184605823924,-0.6731766438013245,1.1219610730022076,444255.62,1654.8468199456881,Domínio válido; magnitude confrontada na escala oficial e dentro do nível/geo,manter no exemplo simulado; sem evidência de corrupção,plausibilidade comercial não demonstrada
check_geo_std,1,Geo13,Channel2,2023-05-01,833408.0,1.7614373932696983,-0.6731766438013245,1.1219610730022076,444255.62,1875.9650131156473,Domínio válido; magnitude confrontada na escala oficial e dentro do nível/geo,manter no exemplo simulado; sem evidência de corrupção,plausibilidade comercial não demonstrada
check_geo_std,1,Geo13,Channel2,2023-07-31,544714.0,1.1512723758801335,-0.6731766438013245,1.1219610730022076,444255.62,1226.1274263677296,Domínio válido; magnitude confrontada na escala oficial e dentro do nível/geo,manter no exemplo simulado; sem evidência de corrupção,plausibilidade comercial não demonstrada
check_geo_std,1,Geo13,Channel2,2023-08-07,741066.0,1.5662692982078432,-0.6731766438013245,1.1219610730022076,444255.62,1668.107203686022,Domínio válido; magnitude confrontada na escala oficial e dentro do nível/geo,manter no exemplo simulado; sem evidência de corrupção,plausibilidade comercial não demonstrada
check_geo_std,1,Geo13,Channel2,2023-08-14,850818.0,1.7982340463097763,-0.6731766438013245,1.1219610730022076,444255.62,1915.1541628218456,Domínio válido; magnitude confrontada na escala oficial e dentro do nível/geo,manter no exemplo simulado; sem evidência de corrupção,plausibilidade comercial não demonstrada
check_geo_std,1,Geo13,Channel2,2023-08-28,805726.0,1.702930503582424,-0.6731766438013245,1.1219610730022076,444255.62,1813.6540399871587,Domínio válido; magnitude confrontada na escala oficial e dentro do nível/geo,manter no exemplo simulado; sem evidência de corrupção,plausibilidade comercial não demonstrada
check_geo_std,1,Geo13,Channel2,2023-09-04,1875051.0,3.9629868512034214,-0.6731766438013245,1.1219610730022076,444255.62,4220.65791761959,Domínio válido; magnitude confrontada na escala oficial e dentro do nível/geo,manter no exemplo simulado; sem evidência de corrupção,plausibilidade comercial não demonstrada
check_geo_std,1,Geo13,Channel2,2023-09-11,552792.0,1.16834551564221,-0.6731766438013245,1.1219610730022076,444255.62,1244.3106516018863,Domínio válido; magnitude confrontada na escala oficial e dentro do nível/geo,manter no exemplo simulado; sem evidência de corrupção,plausibilidade comercial não demonstrada
check_geo_std,1,Geo13,Channel2,2023-10-02,1602311.0,3.3865411791671827,-0.6731766438013245,1.1219610730022076,444255.62,3606.7320881613155,Domínio válido; magnitude confrontada na escala oficial e dentro do nível/geo,manter no exemplo simulado; sem evidência de corrupção,plausibilidade comercial não demonstrada
check_geo_std,1,Geo13,Channel2,2023-10-16,1162879.0,2.4577860477078133,-0.6731766438013245,1.1219610730022076,444255.62,2617.5898461340794,Domínio válido; magnitude confrontada na escala oficial e dentro do nível/geo,manter no exemplo simulado; sem evidência de corrupção,plausibilidade comercial não demonstrada
check_geo_std,1,Geo13,Channel2,2023-11-13,1393297.0,2.9447826703493254,-0.6731766438013245,1.1219610730022076,444255.62,3136.2507017919097,Domínio válido; magnitude confrontada na escala oficial e dentro do nível/geo,manter no exemplo simulado; sem evidência de corrupção,plausibilidade comercial não demonstrada
check_geo_std,1,Geo13,Channel2,2023-11-27,708030.0,1.4964465394581579,-0.6731766438013245,1.1219610730022076,444255.62,1593.7446103664372,Domínio válido; magnitude confrontada na escala oficial e dentro do nível/geo,manter no exemplo simulado; sem evidência de corrupção,plausibilidade comercial não demonstrada
check_geo_std,1,Geo13,Channel4,2021-10-11,3287422.0,3.785628462248351,-0.8683238690719105,2.6186698617667674,444255.62,7399.843360450905,Domínio válido; magnitude confrontada na escala oficial e dentro do nível/geo,manter no exemplo simulado; sem evidência de corrupção,plausibilidade comercial não demonstrada
check_geo_std,1,Geo13,Organic_channel0,2021-11-22,1995628.0,3.4877008466499793,-1.7620152770326287,2.9366921283877145,444255.62,4492.071479028223,Domínio válido; magnitude confrontada na escala oficial e dentro do nível/geo,manter no exemplo simulado; sem evidência de corrupção,plausibilidade comercial não demonstrada
check_geo_std,1,Geo13,Promo,2022-11-21,2.6622648,3.1254138536621934,-2.9423210869161363,3.011959646901935,444255.62,,Promo contínuo e zero-inflado; IQR não diagnostica erro,manter no exemplo simulado; sem evidência de corrupção,plausibilidade comercial não demonstrada
check_geo_std,1,Geo13,Promo,2023-08-07,2.900675,3.4688336472165857,-2.9423210869161363,3.011959646901935,444255.62,,Promo contínuo e zero-inflado; IQR não diagnostica erro,manter no exemplo simulado; sem evidência de corrupção,plausibilidade comercial não demonstrada
check_geo_std,1,Geo13,competitor_sales_control,2021-03-08,-2.9498005,-2.4010146074812946,-2.1818223093712725,2.312828965321088,444255.62,,Índice sintético com valores negativos admissíveis,manter no exemplo simulado; sem evidência de corrupção,plausibilidade comercial não demonstrada
check_geo_std,1,Geo13,competitor_sales_control,2021-09-06,-2.8023438,-2.2791563118020046,-2.1818223093712725,2.312828965321088,444255.62,,Índice sintético com valores negativos admissíveis,manter no exemplo simulado; sem evidência de corrupção,plausibilidade comercial não demonstrada
check_geo_std,1,Geo13,competitor_sales_control,2022-03-28,-2.7092876,-2.202254618393762,-2.1818223093712725,2.312828965321088,444255.62,,Índice sintético com valores negativos admissíveis,manter no exemplo simulado; sem evidência de corrupção,plausibilidade comercial não demonstrada
check_geo_std,1,Geo13,competitor_sales_control,2022-05-16,-2.8055167,-2.2817783980575683,-2.1818223093712725,2.312828965321088,444255.62,,Índice sintético com valores negativos admissíveis,manter no exemplo simulado; sem evidência de corrupção,plausibilidade comercial não demonstrada
check_geo_std,1,Geo13,competitor_sales_control,2023-02-27,-3.7545688,-3.0660755606609054,-2.1818223093712725,2.312828965321088,444255.62,,Índice sintético com valores negativos admissíveis,manter no exemplo simulado; sem evidência de corrupção,plausibilidade comercial não demonstrada
check_geo_std,1,Geo13,competitor_sales_control,2023-04-03,-3.1159248,-2.538299817776352,-2.1818223093712725,2.312828965321088,444255.62,,Índice sintético com valores negativos admissíveis,manter no exemplo simulado; sem evidência de corrupção,plausibilidade comercial não demonstrada
check_geo_std,1,Geo13,sentiment_score_control,2021-03-22,-4.1138744,-3.471097637147747,-2.6066851193642004,2.3566765457991843,444255.62,,Índice sintético com valores negativos admissíveis,manter no exemplo simulado; sem evidência de corrupção,plausibilidade comercial não demonstrada
check_geo_std,1,Geo13,sentiment_score_control,2021-11-22,4.320259,3.7039686601216113,-2.6066851193642004,2.3566765457991843,444255.62,,Índice sintético com valores negativos admissíveis,manter no exemplo simulado; sem evidência de corrupção,plausibilidade comercial não demonstrada
check_geo_std,1,Geo14,Channel0,2022-03-14,4210986.0,3.1970193420361364,-1.454369817207795,3.1664431402329654,765448.1,5501.334447103599,Domínio válido; magnitude confrontada na escala oficial e dentro do nível/geo,manter no exemplo simulado; sem evidência de corrupção,plausibilidade comercial não demonstrada
check_geo_std,1,Geo14,Channel1,2021-02-08,3337213.0,3.681726017291902,-1.8634106242491226,3.105684373748538,765448.1,4359.816165197875,Domínio válido; magnitude confrontada na escala oficial e dentro do nível/geo,manter no exemplo simulado; sem evidência de corrupção,plausibilidade comercial não demonstrada
check_geo_std,1,Geo14,Channel1,2022-06-13,2848422.0,3.142475288699473,-1.8634106242491226,3.105684373748538,765448.1,3721.247724045563,Domínio válido; magnitude confrontada na escala oficial e dentro do nível/geo,manter no exemplo simulado; sem evidência de corrupção,plausibilidade comercial não demonstrada
check_geo_std,1,Geo14,Channel1,2023-04-03,3005778.0,3.316075738888593,-1.8634106242491226,3.105684373748538,765448.1,3926.821426560469,Domínio válido; magnitude confrontada na escala oficial e dentro do nível/geo,manter no exemplo simulado; sem evidência de corrupção,plausibilidade comercial não demonstrada
check_geo_std,1,Geo14,Channel2,2021-08-30,1841695.0,2.2591467189574725,-1.213182837688104,2.02197139614684,765448.1,2406.0351054499974,Domínio válido; magnitude confrontada na escala oficial e dentro do nível/geo,manter no exemplo simulado; sem evidência de corrupção,plausibilidade comercial não demonstrada
check_geo_std,1,Geo14,Channel2,2021-09-13,2788395.0,3.4204324904001053,-1.213182837688104,2.02197139614684,765448.1,3642.826992450566,Domínio válido; magnitude confrontada na escala oficial e dentro do nível/geo,manter no exemplo simulado; sem evidência de corrupção,plausibilidade comercial não demonstrada
check_geo_std,1,Geo14,Channel2,2021-12-20,3004607.0,3.685652643790994,-1.213182837688104,2.02197139614684,765448.1,3925.291603702459,Domínio válido; magnitude confrontada na escala oficial e dentro do nível/geo,manter no exemplo simulado; sem evidência de corrupção,plausibilidade comercial não demonstrada
check_geo_std,1,Geo14,Channel2,2022-03-14,2162337.0,2.6524677206759777,-1.213182837688104,2.02197139614684,765448.1,2824.9296065925305,Domínio válido; magnitude confrontada na escala oficial e dentro do nível/geo,manter no exemplo simulado; sem evidência de corrupção,plausibilidade comercial não demonstrada
check_geo_std,1,Geo14,Channel2,2022-08-01,2489008.0,3.0531842985178876,-1.213182837688104,2.02197139614684,765448.1,3251.700539853715,Domínio válido; magnitude confrontada na escala oficial e dentro do nível/geo,manter no exemplo simulado; sem evidência de corrupção,plausibilidade comercial não demonstrada
check_geo_std,1,Geo14,Channel2,2022-08-08,3606547.0,4.424032655687243,-1.213182837688104,2.02197139614684,765448.1,4711.680648237288,Domínio válido; magnitude confrontada na escala oficial e dentro do nível/geo,manter no exemplo simulado; sem evidência de corrupção,plausibilidade comercial não demonstrada
check_geo_std,1,Geo14,Channel2,2022-09-12,2433835.0,2.9855053929851905,-1.213182837688104,2.02197139614684,765448.1,3179.6211918221497,Domínio válido; magnitude confrontada na escala oficial e dentro do nível/geo,manter no exemplo simulado; sem evidência de corrupção,plausibilidade comercial não demonstrada
check_geo_std,1,Geo14,Channel2,2022-10-10,1918619.0,2.35350686122266,-1.213182837688104,2.02197139614684,765448.1,2506.5304884811917,Domínio válido; magnitude confrontada na escala oficial e dentro do nível/geo,manter no exemplo simulado; sem evidência de corrupção,plausibilidade comercial não demonstrada
check_geo_std,1,Geo14,Channel2,2022-10-17,1800186.0,2.2082289930814696,-1.213182837688104,2.02197139614684,765448.1,2351.80673908525,Domínio válido; magnitude confrontada na escala oficial e dentro do nível/geo,manter no exemplo simulado; sem evidência de corrupção,plausibilidade comercial não demonstrada
check_geo_std,1,Geo14,Channel2,2023-05-29,2265308.0,2.778778861661738,-1.213182837688104,2.02197139614684,765448.1,2959.4534234260955,Domínio válido; magnitude confrontada na escala oficial e dentro do nível/geo,manter no exemplo simulado; sem evidência de corrupção,plausibilidade comercial não demonstrada
check_geo_std,1,Geo14,Channel2,2023-06-26,2262190.0,2.774954113552138,-1.213182837688104,2.02197139614684,765448.1,2955.37999245148,Domínio válido; magnitude confrontada na escala oficial e dentro do nível/geo,manter no exemplo simulado; sem evidência de corrupção,plausibilidade comercial não demonstrada
check_geo_std,1,Geo14,Channel2,2023-07-17,2141461.0,2.626859817681749,-1.213182837688104,2.02197139614684,765448.1,2797.6566928574257,Domínio válido; magnitude confrontada na escala oficial e dentro do nível/geo,manter no exemplo simulado; sem evidência de corrupção,plausibilidade comercial não demonstrada
check_geo_std,1,Geo14,Channel2,2023-10-09,3855289.0,4.729156290798876,-1.213182837688104,2.02197139614684,765448.1,5036.643242043452,Domínio válido; magnitude confrontada na escala oficial e dentro do nível/geo,manter no exemplo simulado; sem evidência de corrupção,plausibilidade comercial não demonstrada
check_geo_std,1,Geo14,Channel2,2023-11-13,3419789.0,4.1949427559269346,-1.213182837688104,2.02197139614684,765448.1,4467.695458385748,Domínio válido; magnitude confrontada na escala oficial e dentro do nível/geo,manter no exemplo simulado; sem evidência de corrupção,plausibilidade comercial não demonstrada
check_geo_std,1,Geo14,Channel3,2021-12-20,7635147.0,2.9910627454585317,-0.5061293919342085,2.5971267992739095,765448.1,9974.741592539063,Domínio válido; magnitude confrontada na escala oficial e dentro do nível/geo,manter no exemplo simulado; sem evidência de corrupção,plausibilidade comercial não demonstrada
check_geo_std,1,Geo14,Organic_channel0,2022-03-14,3815910.0,3.87057014340894,-2.0835820700703334,3.4726367834505556,765448.1,4985.197559442632,Domínio válido; magnitude confrontada na escala oficial e dentro do nível/geo,manter no exemplo simulado; sem evidência de corrupção,plausibilidade comercial não demonstrada
check_geo_std,1,Geo14,Promo,2021-09-20,1.8505669,1.9561974139019245,-2.141614607335537,1.6774488476009375,765448.1,,Promo contínuo e zero-inflado; IQR não diagnostica erro,manter no exemplo simulado; sem evidência de corrupção,plausibilidade comercial não demonstrada
check_geo_std,1,Geo14,Promo,2021-12-13,2.1098285,2.3296527658481976,-2.141614607335537,1.6774488476009375,765448.1,,Promo contínuo e zero-inflado; IQR não diagnostica erro,manter no exemplo simulado; sem evidência de corrupção,plausibilidade comercial não demonstrada
check_geo_std,1,Geo14,Promo,2021-12-20,1.7126354,1.7575129312134838,-2.141614607335537,1.6774488476009375,765448.1,,Promo contínuo e zero-inflado; IQR não diagnostica erro,manter no exemplo simulado; sem evidência de corrupção,plausibilidade comercial não demonstrada
check_geo_std,1,Geo14,Promo,2021-12-27,1.8308667,1.9278201103428476,-2.141614607335537,1.6774488476009375,765448.1,,Promo contínuo e zero-inflado; IQR não diagnostica erro,manter no exemplo simulado; sem evidência de corrupção,plausibilidade comercial não demonstrada
check_geo_std,1,Geo14,Promo,2022-07-04,2.708109,3.191450481707748,-2.141614607335537,1.6774488476009375,765448.1,,Promo contínuo e zero-inflado; IQR não diagnostica erro,manter no exemplo simulado; sem evidência de corrupção,plausibilidade comercial não demonstrada
check_geo_std,1,Geo14,Promo,2022-08-22,1.9464133,2.0942600928516155,-2.141614607335537,1.6774488476009375,765448.1,,Promo contínuo e zero-inflado; IQR não diagnostica erro,manter no exemplo simulado; sem evidência de corrupção,plausibilidade comercial não demonstrada
check_geo_std,1,Geo14,Promo,2022-10-03,1.8836681,2.003878290267125,-2.141614607335537,1.6774488476009375,765448.1,,Promo contínuo e zero-inflado; IQR não diagnostica erro,manter no exemplo simulado; sem evidência de corrupção,plausibilidade comercial não demonstrada
check_geo_std,1,Geo14,Promo,2022-10-17,1.6888704,1.7232804554476817,-2.141614607335537,1.6774488476009375,765448.1,,Promo contínuo e zero-inflado; IQR não diagnostica erro,manter no exemplo simulado; sem evidência de corrupção,plausibilidade comercial não demonstrada
check_geo_std,1,Geo14,Promo,2023-10-23,2.0881739,2.298460231881518,-2.141614607335537,1.6774488476009375,765448.1,,Promo contínuo e zero-inflado; IQR não diagnostica erro,manter no exemplo simulado; sem evidência de corrupção,plausibilidade comercial não demonstrada
check_geo_std,1,Geo14,competitor_sales_control,2022-05-16,-3.9493327,-3.2270285517006596,-2.6883989798935115,2.9718903642511054,765448.1,,Índice sintético com valores negativos admissíveis,manter no exemplo simulado; sem evidência de corrupção,plausibilidade comercial não demonstrada
check_geo_std,1,Geo14,competitor_sales_control,2023-10-09,3.59091,3.0042320450047533,-2.6883989798935115,2.9718903642511054,765448.1,,Índice sintético com valores negativos admissíveis,manter no exemplo simulado; sem evidência de corrupção,plausibilidade comercial não demonstrada
check_geo_std,1,Geo14,sentiment_score_control,2022-04-18,-3.263442,-2.7476197690663744,-2.6396625485340337,2.7430872652188976,765448.1,,Índice sintético com valores negativos admissíveis,manter no exemplo simulado; sem evidência de corrupção,plausibilidade comercial não demonstrada
check_geo_std,1,Geo14,sentiment_score_control,2023-05-08,-3.2519317,-2.7378277534929123,-2.6396625485340337,2.7430872652188976,765448.1,,Índice sintético com valores negativos admissíveis,manter no exemplo simulado; sem evidência de corrupção,plausibilidade comercial não demonstrada
check_geo_std,1,Geo15,Channel1,2021-08-02,2522825.0,3.1318945557105278,-1.7818175008677948,3.083597279951695,680241.75,3708.718260824185,Domínio válido; magnitude confrontada na escala oficial e dentro do nível/geo,manter no exemplo simulado; sem evidência de corrupção,plausibilidade comercial não demonstrada
check_geo_std,1,Geo15,Channel1,2022-09-05,2690402.0,3.339928602448729,-1.7818175008677948,3.083597279951695,680241.75,3955.0674447723914,Domínio válido; magnitude confrontada na escala oficial e dentro do nível/geo,manter no exemplo simulado; sem evidência de corrupção,plausibilidade comercial não demonstrada
check_geo_std,1,Geo15,Channel1,2023-09-04,2806650.0,3.4842416159602636,-1.7818175008677948,3.083597279951695,680241.75,4125.959631263444,Domínio válido; magnitude confrontada na escala oficial e dentro do nível/geo,manter no exemplo simulado; sem evidência de corrupção,plausibilidade comercial não demonstrada
check_geo_std,1,Geo15,Channel2,2021-04-12,1370076.0,1.8911407488354277,-0.9088401088510513,1.514733514751752,680241.75,2014.1016043193467,Domínio válido; magnitude confrontada na escala oficial e dentro do nível/geo,manter no exemplo simulado; sem evidência de corrupção,plausibilidade comercial não demonstrada
check_geo_std,1,Geo15,Channel2,2021-07-12,1145508.0,1.5811654659427457,-0.9088401088510513,1.514733514751752,680241.75,1683.9719114564787,Domínio válido; magnitude confrontada na escala oficial e dentro do nível/geo,manter no exemplo simulado; sem evidência de corrupção,plausibilidade comercial não demonstrada
check_geo_std,1,Geo15,Channel2,2021-08-30,3166448.0,4.370705597257701,-0.9088401088510513,1.514733514751752,680241.75,4654.886295938172,Domínio válido; magnitude confrontada na escala oficial e dentro do nível/geo,manter no exemplo simulado; sem evidência de corrupção,plausibilidade comercial não demonstrada
check_geo_std,1,Geo15,Channel2,2021-11-22,2327198.0,3.212273602638328,-0.9088401088510513,1.514733514751752,680241.75,3421.133736645832,Domínio válido; magnitude confrontada na escala oficial e dentro do nível/geo,manter no exemplo simulado; sem evidência de corrupção,plausibilidade comercial não demonstrada
check_geo_std,1,Geo15,Channel2,2021-11-29,2218346.0,3.062023213030573,-0.9088401088510513,1.514733514751752,680241.75,3261.1141553719685,Domínio válido; magnitude confrontada na escala oficial e dentro do nível/geo,manter no exemplo simulado; sem evidência de corrupção,plausibilidade comercial não demonstrada
check_geo_std,1,Geo15,Channel2,2021-12-06,1124752.0,1.5525155827371218,-0.9088401088510513,1.514733514751752,680241.75,1653.4592297517759,Domínio válido; magnitude confrontada na escala oficial e dentro do nível/geo,manter no exemplo simulado; sem evidência de corrupção,plausibilidade comercial não demonstrada
check_geo_std,1,Geo15,Channel2,2021-12-13,1712448.0,2.363723029278471,-0.9088401088510513,1.514733514751752,680241.75,2517.4109057551964,Domínio válido; magnitude confrontada na escala oficial e dentro do nível/geo,manter no exemplo simulado; sem evidência de corrupção,plausibilidade comercial não demonstrada
check_geo_std,1,Geo15,Channel2,2022-01-24,1276327.0,1.76173730401735,-0.9088401088510513,1.514733514751752,680241.75,1876.284423883127,Domínio válido; magnitude confrontada na escala oficial e dentro do nível/geo,manter no exemplo simulado; sem evidência de corrupção,plausibilidade comercial não demonstrada
check_geo_std,1,Geo15,Channel2,2022-07-11,2107656.0,2.9092357986910815,-0.9088401088510513,1.514733514751752,680241.75,3098.392593515467,Domínio válido; magnitude confrontada na escala oficial e dentro do nível/geo,manter no exemplo simulado; sem evidência de corrupção,plausibilidade comercial não demonstrada
check_geo_std,1,Geo15,Channel2,2022-08-01,1274838.0,1.7596820103146533,-0.9088401088510513,1.514733514751752,680241.75,1874.0954961967564,Domínio válido; magnitude confrontada na escala oficial e dentro do nível/geo,manter no exemplo simulado; sem evidência de corrupção,plausibilidade comercial não demonstrada
check_geo_std,1,Geo15,Channel2,2022-09-19,2409767.0,3.3262450907094947,-0.9088401088510513,1.514733514751752,680241.75,3542.515583614208,Domínio válido; magnitude confrontada na escala oficial e dentro do nível/geo,manter no exemplo simulado; sem evidência de corrupção,plausibilidade comercial não demonstrada
check_geo_std,1,Geo15,Channel2,2022-09-26,1387516.0,1.9152134971061001,-0.9088401088510513,1.514733514751752,680241.75,2039.7395484766996,Domínio válido; magnitude confrontada na escala oficial e dentro do nível/geo,manter no exemplo simulado; sem evidência de corrupção,plausibilidade comercial não demonstrada
check_geo_std,1,Geo15,Channel2,2022-10-10,2069369.0,2.8563875582645197,-0.9088401088510513,1.514733514751752,680241.75,3042.108191683324,Domínio válido; magnitude confrontada na escala oficial e dentro do nível/geo,manter no exemplo simulado; sem evidência de corrupção,plausibilidade comercial não demonstrada
check_geo_std,1,Geo15,Channel2,2022-10-17,1530278.0,2.112270474664457,-0.9088401088510513,1.514733514751752,680241.75,2249.609054428077,Domínio válido; magnitude confrontada na escala oficial e dentro do nível/geo,manter no exemplo simulado; sem evidência de corrupção,plausibilidade comercial não demonstrada
check_geo_std,1,Geo15,Channel2,2022-10-24,1548587.0,2.1375427193942587,-0.9088401088510513,1.514733514751752,680241.75,2276.524485596481,Domínio válido; magnitude confrontada na escala oficial e dentro do nível/geo,manter no exemplo simulado; sem evidência de corrupção,plausibilidade comercial não demonstrada
check_geo_std,1,Geo15,Channel2,2023-01-02,1642889.0,2.2677094801408733,-0.9088401088510513,1.514733514751752,680241.75,2415.154612312461,Domínio válido; magnitude confrontada na escala oficial e dentro do nível/geo,manter no exemplo simulado; sem evidência de corrupção,plausibilidade comercial não demonstrada
check_geo_std,1,Geo15,Channel2,2023-08-21,3044314.0,4.202121822183716,-0.9088401088510513,1.514733514751752,680241.75,4475.3413032940125,Domínio válido; magnitude confrontada na escala oficial e dentro do nível/geo,manter no exemplo simulado; sem evidência de corrupção,plausibilidade comercial não demonstrada
check_geo_std,1,Geo15,Channel2,2023-10-16,2209310.0,3.0495506583646446,-0.9088401088510513,1.514733514751752,680241.75,3247.830642562001,Domínio válido; magnitude confrontada na escala oficial e dentro do nível/geo,manter no exemplo simulado; sem evidência de corrupção,plausibilidade comercial não demonstrada
check_geo_std,1,Geo15,Channel2,2023-11-20,1724634.0,2.3805435860689763,-0.9088401088510513,1.514733514751752,680241.75,2535.3251252220257,Domínio válido; magnitude confrontada na escala oficial e dentro do nível/geo,manter no exemplo simulado; sem evidência de corrupção,plausibilidade comercial não demonstrada
check_geo_std,1,Geo15,Organic_channel0,2021-11-22,3410760.0,3.8929645259024515,-2.12813077086459,3.54688461810765,680241.75,5014.0409641131255,Domínio válido; magnitude confrontada na escala oficial e dentro do nível/geo,manter no exemplo simulado; sem evidência de corrupção,plausibilidade comercial não demonstrada
check_geo_std,1,Geo15,Promo,2021-08-30,3.4844887,4.309792550519489,-2.750185608867179,2.691733850153673,680241.75,,Promo contínuo e zero-inflado; IQR não diagnostica erro,manter no exemplo simulado; sem evidência de corrupção,plausibilidade comercial não demonstrada
check_geo_std,1,Geo15,Promo,2021-12-13,2.4327765,2.794845679107798,-2.750185608867179,2.691733850153673,680241.75,,Promo contínuo e zero-inflado; IQR não diagnostica erro,manter no exemplo simulado; sem evidência de corrupção,plausibilidade comercial não demonstrada
check_geo_std,1,Geo15,Promo,2022-07-04,2.743651,3.2426472270756483,-2.750185608867179,2.691733850153673,680241.75,,Promo contínuo e zero-inflado; IQR não diagnostica erro,manter no exemplo simulado; sem evidência de corrupção,plausibilidade comercial não demonstrada
check_geo_std,1,Geo15,Promo,2022-10-24,2.6281505,3.0762736496639893,-2.750185608867179,2.691733850153673,680241.75,,Promo contínuo e zero-inflado; IQR não diagnostica erro,manter no exemplo simulado; sem evidência de corrupção,plausibilidade comercial não demonstrada
check_geo_std,1,Geo15,Promo,2023-08-07,2.5289016,2.933309813601185,-2.750185608867179,2.691733850153673,680241.75,,Promo contínuo e zero-inflado; IQR não diagnostica erro,manter no exemplo simulado; sem evidência de corrupção,plausibilidade comercial não demonstrada
check_geo_std,1,Geo15,Promo,2023-09-18,3.247843,3.968914444467254,-2.750185608867179,2.691733850153673,680241.75,,Promo contínuo e zero-inflado; IQR não diagnostica erro,manter no exemplo simulado; sem evidência de corrupção,plausibilidade comercial não demonstrada
check_geo_std,1,Geo15,competitor_sales_control,2022-10-10,3.2604184,2.731113610153561,-2.3709012744486007,2.69428808670045,680241.75,,Índice sintético com valores negativos admissíveis,manter no exemplo simulado; sem evidência de corrupção,plausibilidade comercial não demonstrada
check_geo_std,1,Geo15,competitor_sales_control,2023-08-21,3.3643146,2.8169734853545845,-2.3709012744486007,2.69428808670045,680241.75,,Índice sintético com valores negativos admissíveis,manter no exemplo simulado; sem evidência de corrupção,plausibilidade comercial não demonstrada
check_geo_std,1,Geo15,competitor_sales_control,2023-09-11,3.2311502,2.7069263540329467,-2.3709012744486007,2.69428808670045,680241.75,,Índice sintético com valores negativos admissíveis,manter no exemplo simulado; sem evidência de corrupção,plausibilidade comercial não demonstrada
check_geo_std,1,Geo15,sentiment_score_control,2021-01-25,-2.8114681,-2.3631175868818493,-2.320992127969416,2.0921501990237568,680241.75,,Índice sintético com valores negativos admissíveis,manter no exemplo simulado; sem evidência de corrupção,plausibilidade comercial não demonstrada
check_geo_std,1,Geo15,sentiment_score_control,2021-11-22,3.6629674,3.1447990830032015,-2.320992127969416,2.0921501990237568,680241.75,,Índice sintético com valores negativos admissíveis,manter no exemplo simulado; sem evidência de corrupção,plausibilidade comercial não demonstrada
check_geo_std,1,Geo15,sentiment_score_control,2022-01-24,2.5267286,2.1781806608272167,-2.320992127969416,2.0921501990237568,680241.75,,Índice sintético com valores negativos admissíveis,manter no exemplo simulado; sem evidência de corrupção,plausibilidade comercial não demonstrada
check_geo_std,1,Geo15,sentiment_score_control,2022-11-07,2.529872,2.1808548067446663,-2.320992127969416,2.0921501990237568,680241.75,,Índice sintético com valores negativos admissíveis,manter no exemplo simulado; sem evidência de corrupção,plausibilidade comercial não demonstrada
check_geo_std,1,Geo15,sentiment_score_control,2023-01-23,-2.8114042,-2.363063226022867,-2.320992127969416,2.0921501990237568,680241.75,,Índice sintético com valores negativos admissíveis,manter no exemplo simulado; sem evidência de corrupção,plausibilidade comercial não demonstrada
check_geo_std,1,Geo15,sentiment_score_control,2023-03-06,-2.8652973,-2.4089110383737324,-2.320992127969416,2.0921501990237568,680241.75,,Índice sintético com valores negativos admissíveis,manter no exemplo simulado; sem evidência de corrupção,plausibilidade comercial não demonstrada
check_geo_std,1,Geo15,sentiment_score_control,2023-09-18,-3.018793,-2.539492542318852,-2.320992127969416,2.0921501990237568,680241.75,,Índice sintético com valores negativos admissíveis,manter no exemplo simulado; sem evidência de corrupção,plausibilidade comercial não demonstrada
check_geo_std,1,Geo16,Channel1,2021-07-26,1735920.0,3.8949364313219865,-1.8716320922743708,3.1193868204572848,376367.94,4612.295085495327,Domínio válido; magnitude confrontada na escala oficial e dentro do nível/geo,manter no exemplo simulado; sem evidência de corrupção,plausibilidade comercial não demonstrada
check_geo_std,1,Geo16,Channel1,2022-09-05,1754600.0,3.9368493147135566,-1.8716320922743708,3.1193868204572848,376367.94,4661.92736820251,Domínio válido; magnitude confrontada na escala oficial e dentro do nível/geo,manter no exemplo simulado; sem evidência de corrupção,plausibilidade comercial não demonstrada
check_geo_std,1,Geo16,Channel2,2021-02-15,441381.0,1.1011424096074425,-0.6384443554232608,1.0640739257054346,376367.94,1172.7380392708262,Domínio válido; magnitude confrontada na escala oficial e dentro do nível/geo,manter no exemplo simulado; sem evidência de corrupção,plausibilidade comercial não demonstrada
check_geo_std,1,Geo16,Channel2,2021-04-05,570898.0,1.4242570463161526,-0.6384443554232608,1.0640739257054346,376367.94,1516.8613989810078,Domínio válido; magnitude confrontada na escala oficial e dentro do nível/geo,manter no exemplo simulado; sem evidência de corrupção,plausibilidade comercial não demonstrada
check_geo_std,1,Geo16,Channel2,2021-05-17,828549.0,2.067036058049252,-0.6384443554232608,1.0640739257054346,376367.94,2201.433522738414,Domínio válido; magnitude confrontada na escala oficial e dentro do nível/geo,manter no exemplo simulado; sem evidência de corrupção,plausibilidade comercial não demonstrada
check_geo_std,1,Geo16,Channel2,2021-07-26,2232343.0,5.569173911179473,-0.6384443554232608,1.0640739257054346,376367.94,5931.278312387606,Domínio válido; magnitude confrontada na escala oficial e dentro do nível/geo,manter no exemplo simulado; sem evidência de corrupção,plausibilidade comercial não demonstrada
check_geo_std,1,Geo16,Channel2,2021-11-08,528537.0,1.318576254407618,-0.6384443554232608,1.0640739257054346,376367.94,1404.30930434723,Domínio válido; magnitude confrontada na escala oficial e dentro do nível/geo,manter no exemplo simulado; sem evidência de corrupção,plausibilidade comercial não demonstrada
check_geo_std,1,Geo16,Channel2,2021-11-22,652811.0,1.6286108318170565,-0.6384443554232608,1.0640739257054346,376367.94,1734.502147021343,Domínio válido; magnitude confrontada na escala oficial e dentro do nível/geo,manter no exemplo simulado; sem evidência de corrupção,plausibilidade comercial não demonstrada
check_geo_std,1,Geo16,Channel2,2022-07-11,922980.0,2.302619327110767,-0.6384443554232608,1.0640739257054346,376367.94,2452.3342769312394,Domínio válido; magnitude confrontada na escala oficial e dentro do nível/geo,manter no exemplo simulado; sem evidência de corrupção,plausibilidade comercial não demonstrada
check_geo_std,1,Geo16,Channel2,2022-07-18,591015.0,1.4744442583938653,-0.6384443554232608,1.0640739257054346,376367.94,1570.3117539713928,Domínio válido; magnitude confrontada na escala oficial e dentro do nível/geo,manter no exemplo simulado; sem evidência de corrupção,plausibilidade comercial não demonstrada
check_geo_std,1,Geo16,Channel2,2022-08-01,602534.0,1.5031814704992077,-0.6384443554232608,1.0640739257054346,376367.94,1600.9174426493394,Domínio válido; magnitude confrontada na escala oficial e dentro do nível/geo,manter no exemplo simulado; sem evidência de corrupção,plausibilidade comercial não demonstrada
check_geo_std,1,Geo16,Channel2,2022-09-12,634216.0,1.5822206539284513,-0.6384443554232608,1.0640739257054346,376367.94,1685.0957071423247,Domínio válido; magnitude confrontada na escala oficial e dentro do nível/geo,manter no exemplo simulado; sem evidência de corrupção,plausibilidade comercial não demonstrada
check_geo_std,1,Geo16,Channel2,2022-09-26,821302.0,2.0489564872421147,-0.6384443554232608,1.0640739257054346,376367.94,2182.178428906564,Domínio válido; magnitude confrontada na escala oficial e dentro do nível/geo,manter no exemplo simulado; sem evidência de corrupção,plausibilidade comercial não demonstrada
check_geo_std,1,Geo16,Channel2,2022-11-21,535049.0,1.3348221720419604,-0.6384443554232608,1.0640739257054346,376367.94,1421.6115219590702,Domínio válido; magnitude confrontada na escala oficial e dentro do nível/geo,manter no exemplo simulado; sem evidência de corrupção,plausibilidade comercial não demonstrada
check_geo_std,1,Geo16,Channel2,2022-12-26,821335.0,2.0490388145274236,-0.6384443554232608,1.0640739257054346,376367.94,2182.266109063381,Domínio válido; magnitude confrontada na escala oficial e dentro do nível/geo,manter no exemplo simulado; sem evidência de corrupção,plausibilidade comercial não demonstrada
check_geo_std,1,Geo16,Channel2,2023-01-23,1137491.0,2.8377741240487913,-0.6384443554232608,1.0640739257054346,376367.94,3022.284522959102,Domínio válido; magnitude confrontada na escala oficial e dentro do nível/geo,manter no exemplo simulado; sem evidência de corrupção,plausibilidade comercial não demonstrada
check_geo_std,1,Geo16,Channel2,2023-06-26,498375.0,1.243329115635039,-0.6384443554232608,1.0640739257054346,376367.94,1324.1696410167137,Domínio válido; magnitude confrontada na escala oficial e dentro do nível/geo,manter no exemplo simulado; sem evidência de corrupção,plausibilidade comercial não demonstrada
check_geo_std,1,Geo16,Channel2,2023-08-14,697417.0,1.7398923738928358,-0.6384443554232608,1.0640739257054346,376367.94,1853.0191492931092,Domínio válido; magnitude confrontada na escala oficial e dentro do nível/geo,manter no exemplo simulado; sem evidência de corrupção,plausibilidade comercial não demonstrada
check_geo_std,1,Geo16,Channel2,2023-08-21,551735.0,1.3764498412137414,-0.6384443554232608,1.0640739257054346,376367.94,1465.9457976149615,Domínio válido; magnitude confrontada na escala oficial e dentro do nível/geo,manter no exemplo simulado; sem evidência de corrupção,plausibilidade comercial não demonstrada
check_geo_std,1,Geo16,Channel2,2023-09-04,693834.0,1.7309536265212375,-0.6384443554232608,1.0640739257054346,376367.94,1843.4992098423686,Domínio válido; magnitude confrontada na escala oficial e dentro do nível/geo,manter no exemplo simulado; sem evidência de corrupção,plausibilidade comercial não demonstrada
check_geo_std,1,Geo16,Channel2,2023-09-25,592448.0,1.4780192583892604,-0.6384443554232608,1.0640739257054346,376367.94,1574.1191983567994,Domínio válido; magnitude confrontada na escala oficial e dentro do nível/geo,manter no exemplo simulado; sem evidência de corrupção,plausibilidade comercial não demonstrada
check_geo_std,1,Geo16,Channel2,2023-10-23,700428.0,1.747404114985742,-0.6384443554232608,1.0640739257054346,376367.94,1861.0192993590263,Domínio válido; magnitude confrontada na escala oficial e dentro do nível/geo,manter no exemplo simulado; sem evidência de corrupção,plausibilidade comercial não demonstrada
check_geo_std,1,Geo16,Channel2,2023-11-20,650235.0,1.6221843140304983,-0.6384443554232608,1.0640739257054346,376367.94,1727.6577808407378,Domínio válido; magnitude confrontada na escala oficial e dentro do nível/geo,manter no exemplo simulado; sem evidência de corrupção,plausibilidade comercial não demonstrada
check_geo_std,1,Geo16,Channel2,2023-12-04,493913.0,1.232197468754751,-0.6384443554232608,1.0640739257054346,376367.94,1312.3142210253084,Domínio válido; magnitude confrontada na escala oficial e dentro do nível/geo,manter no exemplo simulado; sem evidência de corrupção,plausibilidade comercial não demonstrada
check_geo_std,1,Geo16,Channel2,2024-01-01,1277528.0,3.187133701407575,-0.6384443554232608,1.0640739257054346,376367.94,3394.3592538726866,Domínio válido; magnitude confrontada na escala oficial e dentro do nível/geo,manter no exemplo simulado; sem evidência de corrupção,plausibilidade comercial não demonstrada
check_geo_std,1,Geo16,Channel2,2024-01-15,758455.0,1.8921679145201376,-0.6384443554232608,1.0640739257054346,376367.94,2015.195555710723,Domínio válido; magnitude confrontada na escala oficial e dentro do nível/geo,manter no exemplo simulado; sem evidência de corrupção,plausibilidade comercial não demonstrada
check_geo_std,1,Geo16,Channel3,2021-09-20,3280036.0,2.6133035495512322,-0.42328340398260667,2.4889325800356055,376367.94,8714.971843776066,Domínio válido; magnitude confrontada na escala oficial e dentro do nível/geo,manter no exemplo simulado; sem evidência de corrupção,plausibilidade comercial não demonstrada
check_geo_std,1,Geo16,Channel4,2022-07-11,2215476.0,3.011410006951994,-1.088525220971049,2.8852157108620453,376367.94,5886.463124356448,Domínio válido; magnitude confrontada na escala oficial e dentro do nível/geo,manter no exemplo simulado; sem evidência de corrupção,plausibilidade comercial não demonstrada
check_geo_std,1,Geo16,Organic_channel0,2023-08-14,1805597.0,3.7247812375246054,-1.7179112181334795,2.8631853635557993,376367.94,4797.425094177788,Domínio válido; magnitude confrontada na escala oficial e dentro do nível/geo,manter no exemplo simulado; sem evidência de corrupção,plausibilidade comercial não demonstrada
check_geo_std,1,Geo16,Organic_channel0,2023-09-11,1711626.0,3.5309276712684445,-1.7179112181334795,2.8631853635557993,376367.94,4547.746548231499,Domínio válido; magnitude confrontada na escala oficial e dentro do nível/geo,manter no exemplo simulado; sem evidência de corrupção,plausibilidade comercial não demonstrada
check_geo_std,1,Geo16,Promo,2022-07-11,2.5060494,2.9003921875673,-2.784990729564087,2.7497423846485196,376367.94,,Promo contínuo e zero-inflado; IQR não diagnostica erro,manter no exemplo simulado; sem evidência de corrupção,plausibilidade comercial não demonstrada
check_geo_std,1,Geo16,Promo,2022-08-29,2.4160938,2.770814956471225,-2.784990729564087,2.7497423846485196,376367.94,,Promo contínuo e zero-inflado; IQR não diagnostica erro,manter no exemplo simulado; sem evidência de corrupção,plausibilidade comercial não demonstrada
check_geo_std,1,Geo16,Promo,2022-11-21,2.4712567,2.850274777107513,-2.784990729564087,2.7497423846485196,376367.94,,Promo contínuo e zero-inflado; IQR não diagnostica erro,manter no exemplo simulado; sem evidência de corrupção,plausibilidade comercial não demonstrada
check_geo_std,1,Geo16,Promo,2023-08-14,2.402574,2.7513402572977133,-2.784990729564087,2.7497423846485196,376367.94,,Promo contínuo e zero-inflado; IQR não diagnostica erro,manter no exemplo simulado; sem evidência de corrupção,plausibilidade comercial não demonstrada
check_geo_std,1,Geo16,competitor_sales_control,2024-01-01,3.4432638,2.882217146424196,-2.631698037045022,2.702262371511997,376367.94,,Índice sintético com valores negativos admissíveis,manter no exemplo simulado; sem evidência de corrupção,plausibilidade comercial não demonstrada
check_geo_std,1,Geo16,sentiment_score_control,2024-01-15,3.5214682,3.024423213561704,-3.0534161100816934,3.0191821493718654,376367.94,,Índice sintético com valores negativos admissíveis,manter no exemplo simulado; sem evidência de corrupção,plausibilidade comercial não demonstrada
check_geo_std,1,Geo17,Channel0,2022-06-13,4697428.0,3.5108691289850515,-1.0325720600369215,3.052905293373839,777539.94,6041.397693345502,Domínio válido; magnitude confrontada na escala oficial e dentro do nível/geo,manter no exemplo simulado; sem evidência de corrupção,plausibilidade comercial não demonstrada
check_geo_std,1,Geo17,Channel1,2022-06-20,3315707.0,3.601112827723787,-1.972261780043388,3.4646533726079287,777539.94,4264.355860613412,Domínio válido; magnitude confrontada na escala oficial e dentro do nível/geo,manter no exemplo simulado; sem evidência de corrupção,plausibilidade comercial não demonstrada
check_geo_std,1,Geo17,Channel2,2021-04-12,1100671.0,1.329160096117932,-0.6617640974260022,1.1029401623766701,777539.94,1415.5813011997816,Domínio válido; magnitude confrontada na escala oficial e dentro do nível/geo,manter no exemplo simulado; sem evidência de corrupção,plausibilidade comercial não demonstrada
check_geo_std,1,Geo17,Channel2,2021-06-14,1834161.0,2.2149158204911026,-0.6617640974260022,1.1029401623766701,777539.94,2358.9283400670065,Domínio válido; magnitude confrontada na escala oficial e dentro do nível/geo,manter no exemplo simulado; sem evidência de corrupção,plausibilidade comercial não demonstrada
check_geo_std,1,Geo17,Channel2,2021-06-28,2392705.0,2.8894083770553203,-0.6617640974260022,1.1029401623766701,777539.94,3077.2760046255635,Domínio válido; magnitude confrontada na escala oficial e dentro do nível/geo,manter no exemplo simulado; sem evidência de corrupção,plausibilidade comercial não demonstrada
check_geo_std,1,Geo17,Channel2,2021-07-26,2175902.0,2.6275990840707175,-0.6617640974260022,1.1029401623766701,777539.94,2798.4440259107464,Domínio válido; magnitude confrontada na escala oficial e dentro do nível/geo,manter no exemplo simulado; sem evidência de corrupção,plausibilidade comercial não demonstrada
check_geo_std,1,Geo17,Channel2,2021-08-02,2685549.0,3.24304407672176,-0.6617640974260022,1.1029401623766701,777539.94,3453.9048887958093,Domínio válido; magnitude confrontada na escala oficial e dentro do nível/geo,manter no exemplo simulado; sem evidência de corrupção,plausibilidade comercial não demonstrada
check_geo_std,1,Geo17,Channel2,2021-08-30,1912837.0,2.309924228745862,-0.6617640974260022,1.1029401623766701,777539.94,2460.114138959859,Domínio válido; magnitude confrontada na escala oficial e dentro do nível/geo,manter no exemplo simulado; sem evidência de corrupção,plausibilidade comercial não demonstrada
check_geo_std,1,Geo17,Channel2,2021-09-13,1986216.0,2.398536028905072,-0.6617640974260022,1.1029401623766701,777539.94,2554.487426073573,Domínio válido; magnitude confrontada na escala oficial e dentro do nível/geo,manter no exemplo simulado; sem evidência de corrupção,plausibilidade comercial não demonstrada
check_geo_std,1,Geo17,Channel2,2021-10-04,1159192.0,1.3998295132143372,-0.6617640974260022,1.1029401623766701,777539.94,1490.8456020921576,Domínio válido; magnitude confrontada na escala oficial e dentro do nível/geo,manter no exemplo simulado; sem evidência de corrupção,plausibilidade comercial não demonstrada
check_geo_std,1,Geo17,Channel2,2021-10-18,1227302.0,1.482078517818431,-0.6617640974260022,1.1029401623766701,777539.94,1578.4423884385928,Domínio válido; magnitude confrontada na escala oficial e dentro do nível/geo,manter no exemplo simulado; sem evidência de corrupção,plausibilidade comercial não demonstrada
check_geo_std,1,Geo17,Channel2,2021-11-29,2393712.0,2.890624420920191,-0.6617640974260022,1.1029401623766701,777539.94,3078.5711149449126,Domínio válido; magnitude confrontada na escala oficial e dentro do nível/geo,manter no exemplo simulado; sem evidência de corrupção,plausibilidade comercial não demonstrada
check_geo_std,1,Geo17,Channel2,2022-06-20,1386200.0,1.6739622695961622,-0.6617640974260022,1.1029401623766701,777539.94,1782.8023085219265,Domínio válido; magnitude confrontada na escala oficial e dentro do nível/geo,manter no exemplo simulado; sem evidência de corrupção,plausibilidade comercial não demonstrada
check_geo_std,1,Geo17,Channel2,2022-07-18,1129681.0,1.3641923031883292,-0.6617640974260022,1.1029401623766701,777539.94,1452.8912817005903,Domínio válido; magnitude confrontada na escala oficial e dentro do nível/geo,manter no exemplo simulado; sem evidência de corrupção,plausibilidade comercial não demonstrada
check_geo_std,1,Geo17,Channel2,2022-11-14,969675.0,1.1709705408820217,-0.6617640974260022,1.1029401623766701,777539.94,1247.1063544337028,Domínio válido; magnitude confrontada na escala oficial e dentro do nível/geo,manter no exemplo simulado; sem evidência de corrupção,plausibilidade comercial não demonstrada
check_geo_std,1,Geo17,Channel2,2023-01-09,1781166.0,2.1509195497673623,-0.6617640974260022,1.1029401623766701,777539.94,2290.7710695864707,Domínio válido; magnitude confrontada na escala oficial e dentro do nível/geo,manter no exemplo simulado; sem evidência de corrupção,plausibilidade comercial não demonstrada
check_geo_std,1,Geo17,Channel2,2023-05-01,1193228.0,1.4409310712925187,-0.6617640974260022,1.1029401623766701,777539.94,1534.6195592216138,Domínio válido; magnitude confrontada na escala oficial e dentro do nível/geo,manter no exemplo simulado; sem evidência de corrupção,plausibilidade comercial não demonstrada
check_geo_std,1,Geo17,Channel2,2023-08-21,1427484.0,1.7238164452836588,-0.6617640974260022,1.1029401623766701,777539.94,1835.897973292536,Domínio válido; magnitude confrontada na escala oficial e dentro do nível/geo,manter no exemplo simulado; sem evidência de corrupção,plausibilidade comercial não demonstrada
check_geo_std,1,Geo17,Channel2,2023-08-28,930038.0,1.1231052671264432,-0.6617640974260022,1.1029401623766701,777539.94,1196.128908824928,Domínio válido; magnitude confrontada na escala oficial e dentro do nível/geo,manter no exemplo simulado; sem evidência de corrupção,plausibilidade comercial não demonstrada
check_geo_std,1,Geo17,Channel2,2023-09-04,1036300.0,1.2514262732524186,-0.6617640974260022,1.1029401623766701,777539.94,1332.7932710440573,Domínio válido; magnitude confrontada na escala oficial e dentro do nível/geo,manter no exemplo simulado; sem evidência de corrupção,plausibilidade comercial não demonstrada
check_geo_std,1,Geo17,Channel2,2023-10-02,2823617.0,3.4097737135985473,-0.6617640974260022,1.1029401623766701,777539.94,3631.4751882713576,Domínio válido; magnitude confrontada na escala oficial e dentro do nível/geo,manter no exemplo simulado; sem evidência de corrupção,plausibilidade comercial não demonstrada
check_geo_std,1,Geo17,Channel2,2023-11-20,1747410.0,2.1101561170935144,-0.6617640974260022,1.1029401623766701,777539.94,2247.357222575602,Domínio válido; magnitude confrontada na escala oficial e dentro do nível/geo,manter no exemplo simulado; sem evidência de corrupção,plausibilidade comercial não demonstrada
check_geo_std,1,Geo17,Channel2,2023-12-04,2205314.0,2.663116742614479,-0.6617640974260022,1.1029401623766701,777539.94,2836.2710216532414,Domínio válido; magnitude confrontada na escala oficial e dentro do nível/geo,manter no exemplo simulado; sem evidência de corrupção,plausibilidade comercial não demonstrada
check_geo_std,1,Geo17,Channel2,2024-01-01,1894476.0,2.287751655356701,-0.6617640974260022,1.1029401623766701,777539.94,2436.4999179334764,Domínio válido; magnitude confrontada na escala oficial e dentro do nível/geo,manter no exemplo simulado; sem evidência de corrupção,plausibilidade comercial não demonstrada
check_geo_std,1,Geo17,Channel2,2024-01-08,1320660.0,1.594816773167557,-0.6617640974260022,1.1029401623766701,777539.94,1698.510818621099,Domínio válido; magnitude confrontada na escala oficial e dentro do nível/geo,manter no exemplo simulado; sem evidência de corrupção,plausibilidade comercial não demonstrada
check_geo_std,1,Geo17,Organic_channel0,2021-11-15,3601830.0,3.596607725582454,-1.8572582610050203,3.0954304350083675,777539.94,4632.340815829989,Domínio válido; magnitude confrontada na escala oficial e dentro do nível/geo,manter no exemplo simulado; sem evidência de corrupção,plausibilidade comercial não demonstrada
check_geo_std,1,Geo17,Organic_channel0,2021-11-29,3307660.0,3.3028642411218905,-1.8572582610050203,3.0954304350083675,777539.94,4254.0065530267175,Domínio válido; magnitude confrontada na escala oficial e dentro do nível/geo,manter no exemplo simulado; sem evidência de corrupção,plausibilidade comercial não demonstrada
check_geo_std,1,Geo17,Organic_channel0,2022-06-13,3381217.0,3.3763145912135575,-1.8572582610050203,3.0954304350083675,777539.94,4348.608767287247,Domínio válido; magnitude confrontada na escala oficial e dentro do nível/geo,manter no exemplo simulado; sem evidência de corrupção,plausibilidade comercial não demonstrada
check_geo_std,1,Geo17,Organic_channel0,2022-10-31,3118368.0,3.113846694599441,-1.8572582610050203,3.0954304350083675,777539.94,4010.5566795706986,Domínio válido; magnitude confrontada na escala oficial e dentro do nível/geo,manter no exemplo simulado; sem evidência de corrupção,plausibilidade comercial não demonstrada
check_geo_std,1,Geo17,Organic_channel0,2022-11-14,3249557.0,3.2448454843567136,-1.8572582610050203,3.0954304350083675,777539.94,4179.2798450970895,Domínio válido; magnitude confrontada na escala oficial e dentro do nível/geo,manter no exemplo simulado; sem evidência de corrupção,plausibilidade comercial não demonstrada
check_geo_std,1,Geo17,Organic_channel0,2023-09-04,3344468.0,3.3396188733958287,-1.8572582610050203,3.0954304350083675,777539.94,4301.345600330191,Domínio válido; magnitude confrontada na escala oficial e dentro do nível/geo,manter no exemplo simulado; sem evidência de corrupção,plausibilidade comercial não demonstrada
check_geo_std,1,Geo17,Organic_channel0,2023-10-02,3534762.0,3.5296369671237358,-1.8572582610050203,3.0954304350083675,777539.94,4546.084153567726,Domínio válido; magnitude confrontada na escala oficial e dentro do nível/geo,manter no exemplo simulado; sem evidência de corrupção,plausibilidade comercial não demonstrada
check_geo_std,1,Geo17,Organic_channel0,2023-12-25,3179865.0,3.175254530421827,-1.8572582610050203,3.0954304350083675,777539.94,4089.648436580634,Domínio válido; magnitude confrontada na escala oficial e dentro do nível/geo,manter no exemplo simulado; sem evidência de corrupção,plausibilidade comercial não demonstrada
check_geo_std,1,Geo17,Promo,2021-05-17,2.0092952,2.184838805995214,-2.3384380133540343,2.005487857631766,777539.94,,Promo contínuo e zero-inflado; IQR não diagnostica erro,manter no exemplo simulado; sem evidência de corrupção,plausibilidade comercial não demonstrada
check_geo_std,1,Geo17,Promo,2021-10-11,2.1130862,2.334345344695337,-2.3384380133540343,2.005487857631766,777539.94,,Promo contínuo e zero-inflado; IQR não diagnostica erro,manter no exemplo simulado; sem evidência de corrupção,plausibilidade comercial não demonstrada
check_geo_std,1,Geo17,Promo,2021-12-27,2.6841025,3.156870135422381,-2.3384380133540343,2.005487857631766,777539.94,,Promo contínuo e zero-inflado; IQR não diagnostica erro,manter no exemplo simulado; sem evidência de corrupção,plausibilidade comercial não demonstrada
check_geo_std,1,Geo17,Promo,2022-06-13,2.0099652,2.1858039126126383,-2.3384380133540343,2.005487857631766,777539.94,,Promo contínuo e zero-inflado; IQR não diagnostica erro,manter no exemplo simulado; sem evidência de corrupção,plausibilidade comercial não demonstrada
check_geo_std,1,Geo17,Promo,2022-08-29,2.2949302,2.5962839234101103,-2.3384380133540343,2.005487857631766,777539.94,,Promo contínuo e zero-inflado; IQR não diagnostica erro,manter no exemplo simulado; sem evidência de corrupção,plausibilidade comercial não demonstrada
check_geo_std,1,Geo17,Promo,2023-02-27,2.3485026,2.6734526961732445,-2.3384380133540343,2.005487857631766,777539.94,,Promo contínuo e zero-inflado; IQR não diagnostica erro,manter no exemplo simulado; sem evidência de corrupção,plausibilidade comercial não demonstrada
check_geo_std,1,Geo17,Promo,2023-05-22,2.0439312,2.234730496743135,-2.3384380133540343,2.005487857631766,777539.94,,Promo contínuo e zero-inflado; IQR não diagnostica erro,manter no exemplo simulado; sem evidência de corrupção,plausibilidade comercial não demonstrada
check_geo_std,1,Geo17,Promo,2023-05-29,2.1890469,2.443763515194112,-2.3384380133540343,2.005487857631766,777539.94,,Promo contínuo e zero-inflado; IQR não diagnostica erro,manter no exemplo simulado; sem evidência de corrupção,plausibilidade comercial não demonstrada
check_geo_std,1,Geo17,Promo,2023-09-18,2.2540889,2.5374537608814394,-2.3384380133540343,2.005487857631766,777539.94,,Promo contínuo e zero-inflado; IQR não diagnostica erro,manter no exemplo simulado; sem evidência de corrupção,plausibilidade comercial não demonstrada
check_geo_std,1,Geo17,Promo,2023-10-02,1.952317,2.102764122608762,-2.3384380133540343,2.005487857631766,777539.94,,Promo contínuo e zero-inflado; IQR não diagnostica erro,manter no exemplo simulado; sem evidência de corrupção,plausibilidade comercial não demonstrada
check_geo_std,1,Geo17,competitor_sales_control,2021-04-19,-3.4744775,-2.8346079606630967,-2.336600038945813,2.281933485502621,777539.94,,Índice sintético com valores negativos admissíveis,manter no exemplo simulado; sem evidência de corrupção,plausibilidade comercial não demonstrada
check_geo_std,1,Geo17,competitor_sales_control,2021-11-29,3.178909,2.6637541984358055,-2.336600038945813,2.281933485502621,777539.94,,Índice sintético com valores negativos admissíveis,manter no exemplo simulado; sem evidência de corrupção,plausibilidade comercial não demonstrada
check_geo_std,1,Geo17,competitor_sales_control,2022-10-10,3.4011354,2.8474022141512276,-2.336600038945813,2.281933485502621,777539.94,,Índice sintético com valores negativos admissíveis,manter no exemplo simulado; sem evidência de corrupção,plausibilidade comercial não demonstrada
check_geo_std,1,Geo17,competitor_sales_control,2024-01-01,3.1412728,2.632651622643421,-2.336600038945813,2.281933485502621,777539.94,,Índice sintético com valores negativos admissíveis,manter no exemplo simulado; sem evidência de corrupção,plausibilidade comercial não demonstrada
check_geo_std,1,Geo17,sentiment_score_control,2022-03-28,-2.8472633,-2.3935691959498318,-2.3552668080039365,2.505970284566256,777539.94,,Índice sintético com valores negativos admissíveis,manter no exemplo simulado; sem evidência de corrupção,plausibilidade comercial não demonstrada
check_geo_std,1,Geo17,sentiment_score_control,2022-11-14,3.1455812,2.7046495015071037,-2.3552668080039365,2.505970284566256,777539.94,,Índice sintético com valores negativos admissíveis,manter no exemplo simulado; sem evidência de corrupção,plausibilidade comercial não demonstrada
check_geo_std,1,Geo18,Channel0,2021-06-14,3018041.0,2.9118689279865637,-1.2540015574540255,2.8727746277451875,602324.5,5010.656216043014,Domínio válido; magnitude confrontada na escala oficial e dentro do nível/geo,manter no exemplo simulado; sem evidência de corrupção,plausibilidade comercial não demonstrada
check_geo_std,1,Geo18,Channel0,2024-01-15,3155696.0,3.0446813441472425,-1.2540015574540255,2.8727746277451875,602324.5,5239.195815544611,Domínio válido; magnitude confrontada na escala oficial e dentro do nível/geo,manter no exemplo simulado; sem evidência de corrupção,plausibilidade comercial não demonstrada
check_geo_std,1,Geo18,Channel1,2022-09-05,2255446.0,3.162169853941331,-1.8251589706555682,3.04193161775928,602324.5,3744.569580018744,Domínio válido; magnitude confrontada na escala oficial e dentro do nível/geo,manter no exemplo simulado; sem evidência de corrupção,plausibilidade comercial não demonstrada
check_geo_std,1,Geo18,Channel2,2021-06-07,2057742.0,3.207767406751856,-0.7417383979474537,1.236230663245756,602324.5,3416.334550562031,Domínio válido; magnitude confrontada na escala oficial e dentro do nível/geo,manter no exemplo simulado; sem evidência de corrupção,plausibilidade comercial não demonstrada
check_geo_std,1,Geo18,Channel2,2021-08-09,1287121.0,2.0064637803698693,-0.7417383979474537,1.236230663245756,602324.5,2136.922871309402,Domínio válido; magnitude confrontada na escala oficial e dentro do nível/geo,manter no exemplo simulado; sem evidência de corrupção,plausibilidade comercial não demonstrada
check_geo_std,1,Geo18,Channel2,2021-10-04,1287969.0,2.0077857083671233,-0.7417383979474537,1.236230663245756,602324.5,2138.3307502849375,Domínio válido; magnitude confrontada na escala oficial e dentro do nível/geo,manter no exemplo simulado; sem evidência de corrupção,plausibilidade comercial não demonstrada
check_geo_std,1,Geo18,Channel2,2021-11-22,2120722.0,3.305945502585654,-0.7417383979474537,1.236230663245756,602324.5,3520.8961282498053,Domínio válido; magnitude confrontada na escala oficial e dentro do nível/geo,manter no exemplo simulado; sem evidência de corrupção,plausibilidade comercial não demonstrada
check_geo_std,1,Geo18,Channel2,2021-12-13,1338991.0,2.087322748786813,-0.7417383979474537,1.236230663245756,602324.5,2223.039242136091,Domínio válido; magnitude confrontada na escala oficial e dentro do nível/geo,manter no exemplo simulado; sem evidência de corrupção,plausibilidade comercial não demonstrada
check_geo_std,1,Geo18,Channel2,2022-01-17,827353.0,1.2897418565001677,-0.7417383979474537,1.236230663245756,602324.5,1373.600110903674,Domínio válido; magnitude confrontada na escala oficial e dentro do nível/geo,manter no exemplo simulado; sem evidência de corrupção,plausibilidade comercial não demonstrada
check_geo_std,1,Geo18,Channel2,2022-04-25,1060377.0,1.652997693330511,-0.7417383979474537,1.236230663245756,602324.5,1760.474627879158,Domínio válido; magnitude confrontada na escala oficial e dentro do nível/geo,manter no exemplo simulado; sem evidência de corrupção,plausibilidade comercial não demonstrada
check_geo_std,1,Geo18,Channel2,2022-08-29,899694.0,1.402512603256484,-0.7417383979474537,1.236230663245756,602324.5,1493.703145065492,Domínio válido; magnitude confrontada na escala oficial e dentro do nível/geo,manter no exemplo simulado; sem evidência de corrupção,plausibilidade comercial não demonstrada
check_geo_std,1,Geo18,Channel2,2022-09-26,992989.0,1.54794806611476,-0.7417383979474537,1.236230663245756,602324.5,1648.5947358940239,Domínio válido; magnitude confrontada na escala oficial e dentro do nível/geo,manter no exemplo simulado; sem evidência de corrupção,plausibilidade comercial não demonstrada
check_geo_std,1,Geo18,Channel2,2022-10-17,3248948.0,5.064711465592688,-0.7417383979474537,1.236230663245756,602324.5,5394.016016283581,Domínio válido; magnitude confrontada na escala oficial e dentro do nível/geo,manter no exemplo simulado; sem evidência de corrupção,plausibilidade comercial não demonstrada
check_geo_std,1,Geo18,Channel2,2023-01-02,2394522.0,3.7327661224537705,-0.7417383979474537,1.236230663245756,602324.5,3975.4683729451485,Domínio válido; magnitude confrontada na escala oficial e dentro do nível/geo,manter no exemplo simulado; sem evidência de corrupção,plausibilidade comercial não demonstrada
check_geo_std,1,Geo18,Channel2,2023-01-09,952278.0,1.4844846101050782,-0.7417383979474537,1.236230663245756,602324.5,1581.0049234258279,Domínio válido; magnitude confrontada na escala oficial e dentro do nível/geo,manter no exemplo simulado; sem evidência de corrupção,plausibilidade comercial não demonstrada
check_geo_std,1,Geo18,Channel2,2023-05-22,964357.0,1.5033142896791722,-0.7417383979474537,1.236230663245756,602324.5,1601.0588976540055,Domínio válido; magnitude confrontada na escala oficial e dentro do nível/geo,manter no exemplo simulado; sem evidência de corrupção,plausibilidade comercial não demonstrada
check_geo_std,1,Geo18,Channel2,2023-07-10,859234.0,1.3394404254629706,-0.7417383979474537,1.236230663245756,602324.5,1426.5300514921776,Domínio válido; magnitude confrontada na escala oficial e dentro do nível/geo,manter no exemplo simulado; sem evidência de corrupção,plausibilidade comercial não demonstrada
check_geo_std,1,Geo18,Channel2,2023-07-24,1595910.0,2.487827960020913,-0.7417383979474537,1.236230663245756,602324.5,2649.585065857357,Domínio válido; magnitude confrontada na escala oficial e dentro do nível/geo,manter no exemplo simulado; sem evidência de corrupção,plausibilidade comercial não demonstrada
check_geo_std,1,Geo18,Channel2,2023-10-09,2403535.0,3.746816284056661,-0.7417383979474537,1.236230663245756,602324.5,3990.432067764137,Domínio válido; magnitude confrontada na escala oficial e dentro do nível/geo,manter no exemplo simulado; sem evidência de corrupção,plausibilidade comercial não demonstrada
check_geo_std,1,Geo18,Channel2,2023-10-23,1107296.0,1.7261386599616,-0.7417383979474537,1.236230663245756,602324.5,1838.3711769984452,Domínio válido; magnitude confrontada na escala oficial e dentro do nível/geo,manter no exemplo simulado; sem evidência de corrupção,plausibilidade comercial não demonstrada
check_geo_std,1,Geo18,Channel2,2023-11-20,1084946.0,1.6912977510717082,-0.7417383979474537,1.236230663245756,602324.5,1801.264932772949,Domínio válido; magnitude confrontada na escala oficial e dentro do nível/geo,manter no exemplo simulado; sem evidência de corrupção,plausibilidade comercial não demonstrada
check_geo_std,1,Geo18,Channel2,2023-12-04,2130208.0,3.3207330131775787,-0.7417383979474537,1.236230663245756,602324.5,3536.6451140539693,Domínio válido; magnitude confrontada na escala oficial e dentro do nível/geo,manter no exemplo simulado; sem evidência de corrupção,plausibilidade comercial não demonstrada
check_geo_std,1,Geo18,Channel4,2022-01-03,3907759.0,3.31904166823542,-1.1219944513246605,2.828754667150595,602324.5,6487.796860330271,Domínio válido; magnitude confrontada na escala oficial e dentro do nível/geo,manter no exemplo simulado; sem evidência de corrupção,plausibilidade comercial não demonstrada
check_geo_std,1,Geo18,Organic_channel0,2021-07-26,2723396.0,3.510531182139839,-2.0561217713803397,3.426869618967233,602324.5,4521.476380256821,Domínio válido; magnitude confrontada na escala oficial e dentro do nível/geo,manter no exemplo simulado; sem evidência de corrupção,plausibilidade comercial não demonstrada
check_geo_std,1,Geo18,Organic_channel0,2021-11-22,4049722.0,5.220201307484374,-2.0561217713803397,3.426869618967233,602324.5,6723.488750665131,Domínio válido; magnitude confrontada na escala oficial e dentro do nível/geo,manter no exemplo simulado; sem evidência de corrupção,plausibilidade comercial não demonstrada
check_geo_std,1,Geo18,Promo,2021-02-08,2.1322758,2.361987150584478,-2.4523929952121253,2.1954128273952507,602324.5,,Promo contínuo e zero-inflado; IQR não diagnostica erro,manter no exemplo simulado; sem evidência de corrupção,plausibilidade comercial não demonstrada
check_geo_std,1,Geo18,Promo,2021-05-10,2.076727,2.281971457345706,-2.4523929952121253,2.1954128273952507,602324.5,,Promo contínuo e zero-inflado; IQR não diagnostica erro,manter no exemplo simulado; sem evidência de corrupção,plausibilidade comercial não demonstrada
check_geo_std,1,Geo18,Promo,2021-11-22,2.3929038,2.7374107438472417,-2.4523929952121253,2.1954128273952507,602324.5,,Promo contínuo e zero-inflado; IQR não diagnostica erro,manter no exemplo simulado; sem evidência de corrupção,plausibilidade comercial não demonstrada
check_geo_std,1,Geo18,Promo,2022-08-01,2.962813,3.5583408039233158,-2.4523929952121253,2.1954128273952507,602324.5,,Promo contínuo e zero-inflado; IQR não diagnostica erro,manter no exemplo simulado; sem evidência de corrupção,plausibilidade comercial não demonstrada
check_geo_std,1,Geo18,Promo,2023-08-14,2.616191,3.0590464965429667,-2.4523929952121253,2.1954128273952507,602324.5,,Promo contínuo e zero-inflado; IQR não diagnostica erro,manter no exemplo simulado; sem evidência de corrupção,plausibilidade comercial não demonstrada
check_geo_std,1,Geo18,Promo,2024-01-01,2.2755044,2.5683018814268856,-2.4523929952121253,2.1954128273952507,602324.5,,Promo contínuo e zero-inflado; IQR não diagnostica erro,manter no exemplo simulado; sem evidência de corrupção,plausibilidade comercial não demonstrada
check_geo_std,1,Geo18,sentiment_score_control,2021-12-13,3.1740804,2.7288942744696865,-2.800335095497544,2.6795141866557346,602324.5,,Índice sintético com valores negativos admissíveis,manter no exemplo simulado; sem evidência de corrupção,plausibilidade comercial não demonstrada
check_geo_std,1,Geo19,Channel1,2021-08-02,2187915.0,4.336567303896277,-2.2064277999710997,3.745527994175754,426056.94,5135.26431467118,Domínio válido; magnitude confrontada na escala oficial e dentro do nível/geo,manter no exemplo simulado; sem evidência de corrupção,plausibilidade comercial não demonstrada
check_geo_std,1,Geo19,Channel2,2021-02-01,1036025.0,2.2832058507546646,-1.2774071454853393,2.129011909142232,426056.94,2431.6585477987987,Domínio válido; magnitude confrontada na escala oficial e dentro do nível/geo,manter no exemplo simulado; sem evidência de corrupção,plausibilidade comercial não demonstrada
check_geo_std,1,Geo19,Channel2,2021-04-05,1024497.0,2.257800289066964,-1.2774071454853393,2.129011909142232,426056.94,2404.6011314825664,Domínio válido; magnitude confrontada na escala oficial e dentro do nível/geo,manter no exemplo simulado; sem evidência de corrupção,plausibilidade comercial não demonstrada
check_geo_std,1,Geo19,Channel2,2021-05-10,1057256.0,2.329995014546438,-1.2774071454853393,2.129011909142232,426056.94,2481.489915408959,Domínio válido; magnitude confrontada na escala oficial e dentro do nível/geo,manter no exemplo simulado; sem evidência de corrupção,plausibilidade comercial não demonstrada
check_geo_std,1,Geo19,Channel2,2021-08-02,1906925.0,4.20250700219622,-1.2774071454853393,2.129011909142232,426056.94,4475.751527483627,Domínio válido; magnitude confrontada na escala oficial e dentro do nível/geo,manter no exemplo simulado; sem evidência de corrupção,plausibilidade comercial não demonstrada
check_geo_std,1,Geo19,Channel2,2021-10-04,975816.0,2.150516445510498,-1.2774071454853393,2.129011909142232,426056.94,2290.341755728706,Domínio válido; magnitude confrontada na escala oficial e dentro do nível/geo,manter no exemplo simulado; sem evidência de corrupção,plausibilidade comercial não demonstrada
check_geo_std,1,Geo19,Channel2,2021-10-11,1391376.0,3.0663331713034165,-1.2774071454853393,2.129011909142232,426056.94,3265.704344588308,Domínio válido; magnitude confrontada na escala oficial e dentro do nível/geo,manter no exemplo simulado; sem evidência de corrupção,plausibilidade comercial não demonstrada
check_geo_std,1,Geo19,Channel2,2021-12-13,1077338.0,2.3742519966606297,-1.2774071454853393,2.129011909142232,426056.94,2528.6244603831587,Domínio válido; magnitude confrontada na escala oficial e dentro do nível/geo,manter no exemplo simulado; sem evidência de corrupção,plausibilidade comercial não demonstrada
check_geo_std,1,Geo19,Channel2,2022-10-31,2207954.0,4.865918767401524,-1.2774071454853393,2.129011909142232,426056.94,5182.297934168142,Domínio válido; magnitude confrontada na escala oficial e dentro do nível/geo,manter no exemplo simulado; sem evidência de corrupção,plausibilidade comercial não demonstrada
check_geo_std,1,Geo19,Channel2,2022-11-21,1227224.0,2.704572782497085,-1.2774071454853393,2.129011909142232,426056.94,2880.4225087848586,Domínio válido; magnitude confrontada na escala oficial e dentro do nível/geo,manter no exemplo simulado; sem evidência de corrupção,plausibilidade comercial não demonstrada
check_geo_std,1,Geo19,Channel2,2023-01-02,1048097.0,2.3098102869703063,-1.2774071454853393,2.129011909142232,426056.94,2459.9927887572962,Domínio válido; magnitude confrontada na escala oficial e dentro do nível/geo,manter no exemplo simulado; sem evidência de corrupção,plausibilidade comercial não demonstrada
check_geo_std,1,Geo19,Channel2,2023-12-04,1074445.0,2.367876364290529,-1.2774071454853393,2.129011909142232,426056.94,2521.834288158761,Domínio válido; magnitude confrontada na escala oficial e dentro do nível/geo,manter no exemplo simulado; sem evidência de corrupção,plausibilidade comercial não demonstrada
check_geo_std,1,Geo19,Channel3,2022-11-21,3474733.0,2.4455562979959646,-0.19246150674579077,2.334040127145771,426056.94,8155.560146491219,Domínio válido; magnitude confrontada na escala oficial e dentro do nível/geo,manter no exemplo simulado; sem evidência de corrupção,plausibilidade comercial não demonstrada
check_geo_std,1,Geo19,Promo,2021-10-18,4.8005548,6.2055300163071685,-2.786517281554481,2.752286637965844,426056.94,,Promo contínuo e zero-inflado; IQR não diagnostica erro,manter no exemplo simulado; sem evidência de corrupção,plausibilidade comercial não demonstrada
check_geo_std,1,Geo19,Promo,2022-03-28,3.4956765,4.325908102481309,-2.786517281554481,2.752286637965844,426056.94,,Promo contínuo e zero-inflado; IQR não diagnostica erro,manter no exemplo simulado; sem evidência de corrupção,plausibilidade comercial não demonstrada
check_geo_std,1,Geo19,Promo,2023-01-02,3.1242228,3.7908447831727594,-2.786517281554481,2.752286637965844,426056.94,,Promo contínuo e zero-inflado; IQR não diagnostica erro,manter no exemplo simulado; sem evidência de corrupção,plausibilidade comercial não demonstrada
check_geo_std,1,Geo19,Promo,2023-06-26,2.956283,3.5489346155475237,-2.786517281554481,2.752286637965844,426056.94,,Promo contínuo e zero-inflado; IQR não diagnostica erro,manter no exemplo simulado; sem evidência de corrupção,plausibilidade comercial não demonstrada
check_geo_std,1,Geo19,Promo,2023-08-07,2.4082265,2.759482444096207,-2.786517281554481,2.752286637965844,426056.94,,Promo contínuo e zero-inflado; IQR não diagnostica erro,manter no exemplo simulado; sem evidência de corrupção,plausibilidade comercial não demonstrada
check_geo_std,1,Geo19,Promo,2023-10-30,2.667879,3.1335008709331538,-2.786517281554481,2.752286637965844,426056.94,,Promo contínuo e zero-inflado; IQR não diagnostica erro,manter no exemplo simulado; sem evidência de corrupção,plausibilidade comercial não demonstrada
check_geo_std,1,Geo19,competitor_sales_control,2022-10-10,3.459413,2.8955628539341567,-2.650029899324264,2.614874406313839,426056.94,,Índice sintético com valores negativos admissíveis,manter no exemplo simulado; sem evidência de corrupção,plausibilidade comercial não demonstrada
check_geo_std,1,Geo19,competitor_sales_control,2023-08-07,3.5040593,2.932458580112664,-2.650029899324264,2.614874406313839,426056.94,,Índice sintético com valores negativos admissíveis,manter no exemplo simulado; sem evidência de corrupção,plausibilidade comercial não demonstrada
check_geo_std,1,Geo19,sentiment_score_control,2023-11-13,3.1342254,2.6949889218133403,-2.3735977426599346,2.6397903239244824,426056.94,,Índice sintético com valores negativos admissíveis,manter no exemplo simulado; sem evidência de corrupção,plausibilidade comercial não demonstrada
check_geo_std,1,Geo2,Channel0,2023-02-13,4784388.0,3.1157233554135355,-1.0417863855051896,2.928003792267706,892369.5,5361.4427655808495,Domínio válido; magnitude confrontada na escala oficial e dentro do nível/geo,manter no exemplo simulado; sem evidência de corrupção,plausibilidade comercial não demonstrada
check_geo_std,1,Geo2,Channel2,2021-08-30,2474898.0,2.6040844464292716,-1.5472623901316456,2.5787706502194094,892369.5,2773.400480406379,Domínio válido; magnitude confrontada na escala oficial e dentro do nível/geo,manter no exemplo simulado; sem evidência de corrupção,plausibilidade comercial não demonstrada
check_geo_std,1,Geo2,Channel2,2023-02-20,2497445.0,2.62780837041064,-1.5472623901316456,2.5787706502194094,892369.5,2798.6669199249864,Domínio válido; magnitude confrontada na escala oficial e dentro do nível/geo,manter no exemplo simulado; sem evidência de corrupção,plausibilidade comercial não demonstrada
check_geo_std,1,Geo2,Channel2,2023-06-05,2992067.0,3.14824899344308,-1.5472623901316456,2.5787706502194094,892369.5,3352.946285143094,Domínio válido; magnitude confrontada na escala oficial e dentro do nível/geo,manter no exemplo simulado; sem evidência de corrupção,plausibilidade comercial não demonstrada
check_geo_std,1,Geo2,Channel2,2023-11-27,3522302.0,3.706161568608773,-1.5472623901316456,2.5787706502194094,892369.5,3947.134006709104,Domínio válido; magnitude confrontada na escala oficial e dentro do nível/geo,manter no exemplo simulado; sem evidência de corrupção,plausibilidade comercial não demonstrada
check_geo_std,1,Geo2,Channel2,2023-12-25,2610488.0,2.7467520675156134,-1.5472623901316456,2.5787706502194094,892369.5,2925.344266024332,Domínio válido; magnitude confrontada na escala oficial e dentro do nível/geo,manter no exemplo simulado; sem evidência de corrupção,plausibilidade comercial não demonstrada
check_geo_std,1,Geo2,Channel3,2021-11-22,7082252.0,2.3798551662534604,-0.2337671281355408,2.3364821101777267,892369.5,7936.45681525422,Domínio válido; magnitude confrontada na escala oficial e dentro do nível/geo,manter no exemplo simulado; sem evidência de corrupção,plausibilidade comercial não demonstrada
check_geo_std,1,Geo2,Channel3,2022-11-28,7544978.0,2.5353453777934902,-0.2337671281355408,2.3364821101777267,892369.5,8454.993139052824,Domínio válido; magnitude confrontada na escala oficial e dentro do nível/geo,manter no exemplo simulado; sem evidência de corrupção,plausibilidade comercial não demonstrada
check_geo_std,1,Geo2,Organic_channel0,2022-11-07,4453918.0,3.8751638253227365,-2.194483076160601,3.6574717936010015,892369.5,4991.114106880615,Domínio válido; magnitude confrontada na escala oficial e dentro do nível/geo,manter no exemplo simulado; sem evidência de corrupção,plausibilidade comercial não demonstrada
check_geo_std,1,Geo2,Promo,2021-05-31,2.4723482,2.8518470366193314,-2.6499954961515426,2.5247503289609465,892369.5,,Promo contínuo e zero-inflado; IQR não diagnostica erro,manter no exemplo simulado; sem evidência de corrupção,plausibilidade comercial não demonstrada
check_geo_std,1,Geo2,Promo,2021-08-02,2.5009947,2.893111106344771,-2.6499954961515426,2.5247503289609465,892369.5,,Promo contínuo e zero-inflado; IQR não diagnostica erro,manter no exemplo simulado; sem evidência de corrupção,plausibilidade comercial não demonstrada
check_geo_std,1,Geo2,Promo,2021-12-06,2.9863744,3.592280002514032,-2.6499954961515426,2.5247503289609465,892369.5,,Promo contínuo e zero-inflado; IQR não diagnostica erro,manter no exemplo simulado; sem evidência de corrupção,plausibilidade comercial não demonstrada
check_geo_std,1,Geo2,Promo,2022-09-05,2.6649387,3.129265493340299,-2.6499954961515426,2.5247503289609465,892369.5,,Promo contínuo e zero-inflado; IQR não diagnostica erro,manter no exemplo simulado; sem evidência de corrupção,plausibilidade comercial não demonstrada
check_geo_std,1,Geo2,Promo,2022-12-12,3.3612795,4.132314917314191,-2.6499954961515426,2.5247503289609465,892369.5,,Promo contínuo e zero-inflado; IQR não diagnostica erro,manter no exemplo simulado; sem evidência de corrupção,plausibilidade comercial não demonstrada
check_geo_std,1,Geo2,Promo,2023-04-10,2.292167,2.592303650864936,-2.6499954961515426,2.5247503289609465,892369.5,,Promo contínuo e zero-inflado; IQR não diagnostica erro,manter no exemplo simulado; sem evidência de corrupção,plausibilidade comercial não demonstrada
check_geo_std,1,Geo2,Promo,2023-08-14,2.3663366,2.699141817688385,-2.6499954961515426,2.5247503289609465,892369.5,,Promo contínuo e zero-inflado; IQR não diagnostica erro,manter no exemplo simulado; sem evidência de corrupção,plausibilidade comercial não demonstrada
check_geo_std,1,Geo2,competitor_sales_control,2021-09-20,3.1061783,2.6036495090892937,-2.9168805551044157,2.5858199588798705,892369.5,,Índice sintético com valores negativos admissíveis,manter no exemplo simulado; sem evidência de corrupção,plausibilidade comercial não demonstrada
check_geo_std,1,Geo2,sentiment_score_control,2021-07-05,-2.8398588,-2.387270056977459,-2.3659763895763053,2.6429035624492627,892369.5,,Índice sintético com valores negativos admissíveis,manter no exemplo simulado; sem evidência de corrupção,plausibilidade comercial não demonstrada
check_geo_std,1,Geo2,sentiment_score_control,2021-11-22,3.1250415,2.6871760158226086,-2.3659763895763053,2.6429035624492627,892369.5,,Índice sintético com valores negativos admissíveis,manter no exemplo simulado; sem evidência de corrupção,plausibilidade comercial não demonstrada
check_geo_std,1,Geo2,sentiment_score_control,2023-01-02,-3.1655092,-2.664306605834071,-2.3659763895763053,2.6429035624492627,892369.5,,Índice sintético com valores negativos admissíveis,manter no exemplo simulado; sem evidência de corrupção,plausibilidade comercial não demonstrada
check_geo_std,1,Geo2,sentiment_score_control,2023-11-27,3.3192983,2.8524337077030086,-2.3659763895763053,2.6429035624492627,892369.5,,Índice sintético com valores negativos admissíveis,manter no exemplo simulado; sem evidência de corrupção,plausibilidade comercial não demonstrada
check_geo_std,1,Geo20,Channel0,2021-11-15,2895110.0,2.995845151120454,-1.118461851717971,2.9366852781992954,561594.6,5155.159967706242,Domínio válido; magnitude confrontada na escala oficial e dentro do nível/geo,manter no exemplo simulado; sem evidência de corrupção,plausibilidade comercial não demonstrada
check_geo_std,1,Geo20,Channel0,2022-10-31,3326106.0,3.4418376269684567,-1.118461851717971,2.9366852781992954,561594.6,5922.610366980025,Domínio válido; magnitude confrontada na escala oficial e dentro do nível/geo,manter no exemplo simulado; sem evidência de corrupção,plausibilidade comercial não demonstrada
check_geo_std,1,Geo20,Channel2,2021-02-01,1657124.0,2.770604665443805,-0.7484242222135151,1.2473737036891919,561594.6,2950.747745793852,Domínio válido; magnitude confrontada na escala oficial e dentro do nível/geo,manter no exemplo simulado; sem evidência de corrupção,plausibilidade comercial não demonstrada
check_geo_std,1,Geo20,Channel2,2021-04-05,2640298.0,4.41440831039919,-0.7484242222135151,1.2473737036891919,561594.6,4701.4305336981515,Domínio válido; magnitude confrontada na escala oficial e dentro do nível/geo,manter no exemplo simulado; sem evidência de corrupção,plausibilidade comercial não demonstrada
check_geo_std,1,Geo20,Channel2,2021-06-28,2036322.0,3.4045993139595225,-0.7484242222135151,1.2473737036891919,561594.6,3625.9643522213355,Domínio válido; magnitude confrontada na escala oficial e dentro do nível/geo,manter no exemplo simulado; sem evidência de corrupção,plausibilidade comercial não demonstrada
check_geo_std,1,Geo20,Channel2,2021-07-26,1358706.0,2.271668977437108,-0.7484242222135151,1.2473737036891919,561594.6,2419.3715537863077,Domínio válido; magnitude confrontada na escala oficial e dentro do nível/geo,manter no exemplo simulado; sem evidência de corrupção,plausibilidade comercial não demonstrada
check_geo_std,1,Geo20,Channel2,2021-08-02,1426768.0,2.385464260553783,-0.7484242222135151,1.2473737036891919,561594.6,2540.5657390580327,Domínio válido; magnitude confrontada na escala oficial e dentro do nível/geo,manter no exemplo simulado; sem evidência de corrupção,plausibilidade comercial não demonstrada
check_geo_std,1,Geo20,Channel2,2021-08-09,2454688.0,4.104080337385086,-0.7484242222135151,1.2473737036891919,561594.6,4370.925219010297,Domínio válido; magnitude confrontada na escala oficial e dentro do nível/geo,manter no exemplo simulado; sem evidência de corrupção,plausibilidade comercial não demonstrada
check_geo_std,1,Geo20,Channel2,2021-08-30,999326.0,1.6708087493146535,-0.7484242222135151,1.2473737036891919,561594.6,1779.4437482126789,Domínio válido; magnitude confrontada na escala oficial e dentro do nível/geo,manter no exemplo simulado; sem evidência de corrupção,plausibilidade comercial não demonstrada
check_geo_std,1,Geo20,Channel2,2021-11-15,1209557.0,2.022301449571796,-0.7484242222135151,1.2473737036891919,561594.6,2153.790296416668,Domínio válido; magnitude confrontada na escala oficial e dentro do nível/geo,manter no exemplo simulado; sem evidência de corrupção,plausibilidade comercial não demonstrada
check_geo_std,1,Geo20,Channel2,2021-11-22,1083076.0,1.8108333586564522,-0.7484242222135151,1.2473737036891919,561594.6,1928.5726750221602,Domínio válido; magnitude confrontada na escala oficial e dentro do nível/geo,manter no exemplo simulado; sem evidência de corrupção,plausibilidade comercial não demonstrada
check_geo_std,1,Geo20,Channel2,2021-12-13,760389.0,1.2713214647498614,-0.7484242222135151,1.2473737036891919,561594.6,1353.9820361520572,Domínio válido; magnitude confrontada na escala oficial e dentro do nível/geo,manter no exemplo simulado; sem evidência de corrupção,plausibilidade comercial não demonstrada
check_geo_std,1,Geo20,Channel2,2022-01-24,806175.0,1.3478727096850684,-0.7484242222135151,1.2473737036891919,561594.6,1435.5105978583126,Domínio válido; magnitude confrontada na escala oficial e dentro do nível/geo,manter no exemplo simulado; sem evidência de corrupção,plausibilidade comercial não demonstrada
check_geo_std,1,Geo20,Channel2,2022-03-14,1873614.0,3.1325620108337273,-0.7484242222135151,1.2473737036891919,561594.6,3336.2393441817285,Domínio válido; magnitude confrontada na escala oficial e dentro do nível/geo,manter no exemplo simulado; sem evidência de corrupção,plausibilidade comercial não demonstrada
check_geo_std,1,Geo20,Channel2,2022-08-08,1258028.0,2.10334184168411,-0.7484242222135151,1.2473737036891919,561594.6,2240.0998870003377,Domínio válido; magnitude confrontada na escala oficial e dentro do nível/geo,manter no exemplo simulado; sem evidência de corrupção,plausibilidade comercial não demonstrada
check_geo_std,1,Geo20,Channel2,2022-08-29,1526415.0,2.5520676306681973,-0.7484242222135151,1.2473737036891919,561594.6,2718.0015619808314,Domínio válido; magnitude confrontada na escala oficial e dentro do nível/geo,manter no exemplo simulado; sem evidência de corrupção,plausibilidade comercial não demonstrada
check_geo_std,1,Geo20,Channel2,2022-09-26,888837.0,1.4860782530571492,-0.7484242222135151,1.2473737036891919,561594.6,1582.7021841021976,Domínio válido; magnitude confrontada na escala oficial e dentro do nível/geo,manter no exemplo simulado; sem evidência de corrupção,plausibilidade comercial não demonstrada
check_geo_std,1,Geo20,Channel2,2022-10-10,1153172.0,1.9280293588525443,-0.7484242222135151,1.2473737036891919,561594.6,2053.3886899909653,Domínio válido; magnitude confrontada na escala oficial e dentro do nível/geo,manter no exemplo simulado; sem evidência de corrupção,plausibilidade comercial não demonstrada
check_geo_std,1,Geo20,Channel2,2022-10-24,821666.0,1.373772664590308,-0.7484242222135151,1.2473737036891919,561594.6,1463.0945525473358,Domínio válido; magnitude confrontada na escala oficial e dentro do nível/geo,manter no exemplo simulado; sem evidência de corrupção,plausibilidade comercial não demonstrada
check_geo_std,1,Geo20,Channel2,2022-10-31,1709716.0,2.8585351043035527,-0.7484242222135151,1.2473737036891919,561594.6,3044.3953698985,Domínio válido; magnitude confrontada na escala oficial e dentro do nível/geo,manter no exemplo simulado; sem evidência de corrupção,plausibilidade comercial não demonstrada
check_geo_std,1,Geo20,Channel2,2022-12-26,1932272.0,3.230634411248906,-0.7484242222135151,1.2473737036891919,561594.6,3440.688354197138,Domínio válido; magnitude confrontada na escala oficial e dentro do nível/geo,manter no exemplo simulado; sem evidência de corrupção,plausibilidade comercial não demonstrada
check_geo_std,1,Geo20,Channel2,2023-01-02,1314114.0,2.197114023648816,-0.7484242222135151,1.2473737036891919,561594.6,2339.9690808992823,Domínio válido; magnitude confrontada na escala oficial e dentro do nível/geo,manter no exemplo simulado; sem evidência de corrupção,plausibilidade comercial não demonstrada
check_geo_std,1,Geo20,Channel2,2023-06-26,1432334.0,2.394770254292248,-0.7484242222135151,1.2473737036891919,561594.6,2550.476803017693,Domínio válido; magnitude confrontada na escala oficial e dentro do nível/geo,manter no exemplo simulado; sem evidência de corrupção,plausibilidade comercial não demonstrada
check_geo_std,1,Geo20,Channel2,2023-07-24,1542444.0,2.578867086944492,-0.7484242222135151,1.2473737036891919,561594.6,2746.543503089239,Domínio válido; magnitude confrontada na escala oficial e dentro do nível/geo,manter no exemplo simulado; sem evidência de corrupção,plausibilidade comercial não demonstrada
check_geo_std,1,Geo20,Channel2,2023-09-25,837628.0,1.4004601011791293,-0.7484242222135151,1.2473737036891919,561594.6,1491.5171905142963,Domínio válido; magnitude confrontada na escala oficial e dentro do nível/geo,manter no exemplo simulado; sem evidência de corrupção,plausibilidade comercial não demonstrada
check_geo_std,1,Geo20,Channel2,2023-12-04,1157556.0,1.935359124671702,-0.7484242222135151,1.2473737036891919,561594.6,2061.195032858222,Domínio válido; magnitude confrontada na escala oficial e dentro do nível/geo,manter no exemplo simulado; sem evidência de corrupção,plausibilidade comercial não demonstrada
check_geo_std,1,Geo20,Channel2,2023-12-25,1269790.0,2.123007148610417,-0.7484242222135151,1.2473737036891919,561594.6,2261.043820578047,Domínio válido; magnitude confrontada na escala oficial e dentro do nível/geo,manter no exemplo simulado; sem evidência de corrupção,plausibilidade comercial não demonstrada
check_geo_std,1,Geo20,Channel3,2021-04-05,4287622.0,2.2893776433883857,-0.19536158589687402,2.1981209082710524,561594.6,7634.727969250416,Domínio válido; magnitude confrontada na escala oficial e dentro do nível/geo,manter no exemplo simulado; sem evidência de corrupção,plausibilidade comercial não demonstrada
check_geo_std,1,Geo20,Channel3,2021-06-28,4375546.0,2.336324701668542,-0.19536158589687402,2.1981209082710524,561594.6,7791.289303707693,Domínio válido; magnitude confrontada na escala oficial e dentro do nível/geo,manter no exemplo simulado; sem evidência de corrupção,plausibilidade comercial não demonstrada
check_geo_std,1,Geo20,Channel3,2021-08-30,4678013.0,2.4978270886939735,-0.19536158589687402,2.1981209082710524,561594.6,8329.875322875258,Domínio válido; magnitude confrontada na escala oficial e dentro do nível/geo,manter no exemplo simulado; sem evidência de corrupção,plausibilidade comercial não demonstrada
check_geo_std,1,Geo20,Channel4,2021-04-05,3364064.0,3.064479975116754,-1.3048321610044928,2.9783092848070045,561594.6,5990.200048219836,Domínio válido; magnitude confrontada na escala oficial e dentro do nível/geo,manter no exemplo simulado; sem evidência de corrupção,plausibilidade comercial não demonstrada
check_geo_std,1,Geo20,Organic_channel0,2021-06-28,2287652.0,3.162711699631806,-1.8614401216300855,3.102400202716809,561594.6,4073.4935841619563,Domínio válido; magnitude confrontada na escala oficial e dentro do nível/geo,manter no exemplo simulado; sem evidência de corrupção,plausibilidade comercial não demonstrada
check_geo_std,1,Geo20,Organic_channel0,2021-11-15,2840856.0,3.9275241637142426,-1.8614401216300855,3.102400202716809,561594.6,5058.552913436133,Domínio válido; magnitude confrontada na escala oficial e dentro do nível/geo,manter no exemplo simulado; sem evidência de corrupção,plausibilidade comercial não demonstrada
check_geo_std,1,Geo20,Organic_channel0,2021-11-22,2596444.0,3.589621068343789,-1.8614401216300855,3.102400202716809,561594.6,4623.342176010951,Domínio válido; magnitude confrontada na escala oficial e dentro do nível/geo,manter no exemplo simulado; sem evidência de corrupção,plausibilidade comercial não demonstrada
check_geo_std,1,Geo20,Organic_channel0,2021-12-13,2352283.0,3.2520649840731912,-1.8614401216300855,3.102400202716809,561594.6,4188.578380205223,Domínio válido; magnitude confrontada na escala oficial e dentro do nível/geo,manter no exemplo simulado; sem evidência de corrupção,plausibilidade comercial não demonstrada
check_geo_std,1,Geo20,Promo,2021-04-05,3.0040627,3.617759249351324,-2.7553567257473643,2.7003523782873153,561594.6,,Promo contínuo e zero-inflado; IQR não diagnostica erro,manter no exemplo simulado; sem evidência de corrupção,plausibilidade comercial não demonstrada
check_geo_std,1,Geo20,Promo,2021-05-17,2.5647042,2.984881942229534,-2.7553567257473643,2.7003523782873153,561594.6,,Promo contínuo e zero-inflado; IQR não diagnostica erro,manter no exemplo simulado; sem evidência de corrupção,plausibilidade comercial não demonstrada
check_geo_std,1,Geo20,Promo,2021-12-13,2.524555,2.9270487204320856,-2.7553567257473643,2.7003523782873153,561594.6,,Promo contínuo e zero-inflado; IQR não diagnostica erro,manter no exemplo simulado; sem evidência de corrupção,plausibilidade comercial não demonstrada
check_geo_std,1,Geo20,competitor_sales_control,2021-06-28,3.0748591,2.577767305472647,-2.4431241194232807,2.3775140519394995,561594.6,,Índice sintético com valores negativos admissíveis,manter no exemplo simulado; sem evidência de corrupção,plausibilidade comercial não demonstrada
check_geo_std,1,Geo20,competitor_sales_control,2022-08-29,2.8524208,2.393944175483988,-2.4431241194232807,2.3775140519394995,561594.6,,Índice sintético com valores negativos admissíveis,manter no exemplo simulado; sem evidência de corrupção,plausibilidade comercial não demonstrada
check_geo_std,1,Geo20,competitor_sales_control,2022-11-21,3.0943546,2.5938783970908346,-2.4431241194232807,2.3775140519394995,561594.6,,Índice sintético com valores negativos admissíveis,manter no exemplo simulado; sem evidência de corrupção,plausibilidade comercial não demonstrada
check_geo_std,1,Geo20,sentiment_score_control,2021-12-13,3.3322234,2.863429318633094,-2.931618368144328,2.826345977203466,561594.6,,Índice sintético com valores negativos admissíveis,manter no exemplo simulado; sem evidência de corrupção,plausibilidade comercial não demonstrada
check_geo_std,1,Geo21,Channel2,2021-03-29,665968.0,1.1210324532599476,-0.40570321166232154,0.6761720194372025,557798.9,1193.9213218240482,Domínio válido; magnitude confrontada na escala oficial e dentro do nível/geo,manter no exemplo simulado; sem evidência de corrupção,plausibilidade comercial não demonstrada
check_geo_std,1,Geo21,Channel2,2021-05-24,693573.0,1.167500302874705,-0.40570321166232154,0.6761720194372025,557798.9,1243.4104835990174,Domínio válido; magnitude confrontada na escala oficial e dentro do nível/geo,manter no exemplo simulado; sem evidência de corrupção,plausibilidade comercial não demonstrada
check_geo_std,1,Geo21,Channel2,2021-06-14,675953.0,1.1378403314850283,-0.40570321166232154,0.6761720194372025,557798.9,1211.8220383726107,Domínio válido; magnitude confrontada na escala oficial e dentro do nível/geo,manter no exemplo simulado; sem evidência de corrupção,plausibilidade comercial não demonstrada
check_geo_std,1,Geo21,Channel2,2021-07-26,1193618.0,2.0092324477981407,-0.40570321166232154,0.6761720194372025,557798.9,2139.871555860006,Domínio válido; magnitude confrontada na escala oficial e dentro do nível/geo,manter no exemplo simulado; sem evidência de corrupção,plausibilidade comercial não demonstrada
check_geo_std,1,Geo21,Channel2,2021-08-02,841918.0,1.4172113389587917,-0.40570321166232154,0.6761720194372025,557798.9,1509.357583889104,Domínio válido; magnitude confrontada na escala oficial e dentro do nível/geo,manter no exemplo simulado; sem evidência de corrupção,plausibilidade comercial não demonstrada
check_geo_std,1,Geo21,Channel2,2021-08-30,1154675.0,1.943679197751138,-0.40570321166232154,0.6761720194372025,557798.9,2070.056072179418,Domínio válido; magnitude confrontada na escala oficial e dentro do nível/geo,manter no exemplo simulado; sem evidência de corrupção,plausibilidade comercial não demonstrada
check_geo_std,1,Geo21,Channel2,2021-09-13,1089789.0,1.8344557639491763,-0.40570321166232154,0.6761720194372025,557798.9,1953.7309951668963,Domínio válido; magnitude confrontada na escala oficial e dentro do nível/geo,manter no exemplo simulado; sem evidência de corrupção,plausibilidade comercial não demonstrada
check_geo_std,1,Geo21,Channel2,2021-09-20,789230.0,1.3285209545899328,-0.40570321166232154,0.6761720194372025,557798.9,1414.900603066804,Domínio válido; magnitude confrontada na escala oficial e dentro do nível/geo,manter no exemplo simulado; sem evidência de corrupção,plausibilidade comercial não demonstrada
check_geo_std,1,Geo21,Channel2,2021-10-11,1138630.0,1.916670444008382,-0.40570321166232154,0.6761720194372025,557798.9,2041.2912252067904,Domínio válido; magnitude confrontada na escala oficial e dentro do nível/geo,manter no exemplo simulado; sem evidência de corrupção,plausibilidade comercial não demonstrada
check_geo_std,1,Geo21,Channel2,2021-11-15,1496700.0,2.519414255330832,-0.40570321166232154,0.6761720194372025,557798.9,2683.225083448533,Domínio válido; magnitude confrontada na escala oficial e dentro do nível/geo,manter no exemplo simulado; sem evidência de corrupção,plausibilidade comercial não demonstrada
check_geo_std,1,Geo21,Channel2,2021-11-29,2625100.0,4.418864409480168,-0.40570321166232154,0.6761720194372025,557798.9,4706.176365711729,Domínio válido; magnitude confrontada na escala oficial e dentro do nível/geo,manter no exemplo simulado; sem evidência de corrupção,plausibilidade comercial não demonstrada
check_geo_std,1,Geo21,Channel2,2022-01-24,660364.0,1.1115991683752853,-0.40570321166232154,0.6761720194372025,557798.9,1183.874690322982,Domínio válido; magnitude confrontada na escala oficial e dentro do nível/geo,manter no exemplo simulado; sem evidência de corrupção,plausibilidade comercial não demonstrada
check_geo_std,1,Geo21,Channel2,2022-04-25,409788.0,0.6898013822833641,-0.40570321166232154,0.6761720194372025,557798.9,734.6518610918738,Domínio válido; magnitude confrontada na escala oficial e dentro do nível/geo,manter no exemplo simulado; sem evidência de corrupção,plausibilidade comercial não demonstrada
check_geo_std,1,Geo21,Channel2,2022-06-20,1184124.0,1.9932510761537825,-0.40570321166232154,0.6761720194372025,557798.9,2122.851084862304,Domínio válido; magnitude confrontada na escala oficial e dentro do nível/geo,manter no exemplo simulado; sem evidência de corrupção,plausibilidade comercial não demonstrada
check_geo_std,1,Geo21,Channel2,2022-09-26,771068.0,1.297948627667157,-0.40570321166232154,0.6761720194372025,557798.9,1382.340481488938,Domínio válido; magnitude confrontada na escala oficial e dentro do nível/geo,manter no exemplo simulado; sem evidência de corrupção,plausibilidade comercial não demonstrada
check_geo_std,1,Geo21,Channel2,2022-10-10,2293781.0,3.861150898648367,-0.40570321166232154,0.6761720194372025,557798.9,4112.200651525129,Domínio válido; magnitude confrontada na escala oficial e dentro do nível/geo,manter no exemplo simulado; sem evidência de corrupção,plausibilidade comercial não demonstrada
check_geo_std,1,Geo21,Channel2,2022-12-05,1918819.0,3.229972567648595,-0.40570321166232154,0.6761720194372025,557798.9,3439.9834779165035,Domínio válido; magnitude confrontada na escala oficial e dentro do nível/geo,manter no exemplo simulado; sem evidência de corrupção,plausibilidade comercial não demonstrada
check_geo_std,1,Geo21,Channel2,2022-12-12,709704.0,1.194653821517547,-0.40570321166232154,0.6761720194372025,557798.9,1272.3295080001053,Domínio válido; magnitude confrontada na escala oficial e dentro do nível/geo,manter no exemplo simulado; sem evidência de corrupção,plausibilidade comercial não demonstrada
check_geo_std,1,Geo21,Channel2,2023-01-23,599825.0,1.0096930952788243,-0.40570321166232154,0.6761720194372025,557798.9,1075.342744490891,Domínio válido; magnitude confrontada na escala oficial e dentro do nível/geo,manter no exemplo simulado; sem evidência de corrupção,plausibilidade comercial não demonstrada
check_geo_std,1,Geo21,Channel2,2023-02-06,534765.0,0.9001767650511073,-0.40570321166232154,0.6761720194372025,557798.9,958.7057270998563,Domínio válido; magnitude confrontada na escala oficial e dentro do nível/geo,manter no exemplo simulado; sem evidência de corrupção,plausibilidade comercial não demonstrada
check_geo_std,1,Geo21,Channel2,2023-02-20,1394470.0,2.347329188635789,-0.40570321166232154,0.6761720194372025,557798.9,2499.9511472683075,Domínio válido; magnitude confrontada na escala oficial e dentro do nível/geo,manter no exemplo simulado; sem evidência de corrupção,plausibilidade comercial não demonstrada
check_geo_std,1,Geo21,Channel2,2023-07-24,664719.0,1.1189299955831198,-0.40570321166232154,0.6761720194372025,557798.9,1191.682163589781,Domínio válido; magnitude confrontada na escala oficial e dentro do nível/geo,manter no exemplo simulado; sem evidência de corrupção,plausibilidade comercial não demonstrada
check_geo_std,1,Geo21,Channel2,2023-08-28,776895.0,1.3077572913043674,-0.40570321166232154,0.6761720194372025,557798.9,1392.7868986475235,Domínio válido; magnitude confrontada na escala oficial e dentro do nível/geo,manter no exemplo simulado; sem evidência de corrupção,plausibilidade comercial não demonstrada
check_geo_std,1,Geo21,Channel2,2023-09-11,1728628.0,2.9098216244832136,-0.40570321166232154,0.6761720194372025,557798.9,3099.0165093548944,Domínio válido; magnitude confrontada na escala oficial e dentro do nível/geo,manter no exemplo simulado; sem evidência de corrupção,plausibilidade comercial não demonstrada
check_geo_std,1,Geo21,Channel2,2023-09-25,839884.0,1.4137874807404827,-0.40570321166232154,0.6761720194372025,557798.9,1505.7111084299377,Domínio válido; magnitude confrontada na escala oficial e dentro do nível/geo,manter no exemplo simulado; sem evidência de corrupção,plausibilidade comercial não demonstrada
check_geo_std,1,Geo21,Channel2,2023-10-09,2112745.0,3.556410684090959,-0.40570321166232154,0.6761720194372025,557798.9,3787.64640805136,Domínio válido; magnitude confrontada na escala oficial e dentro do nível/geo,manter no exemplo simulado; sem evidência de corrupção,plausibilidade comercial não demonstrada
check_geo_std,1,Geo21,Channel2,2023-10-23,688100.0,1.158287531965755,-0.40570321166232154,0.6761720194372025,557798.9,1233.598703762234,Domínio válido; magnitude confrontada na escala oficial e dentro do nível/geo,manter no exemplo simulado; sem evidência de corrupção,plausibilidade comercial não demonstrada
check_geo_std,1,Geo21,Channel2,2023-11-20,1499699.0,2.524462510393127,-0.40570321166232154,0.6761720194372025,557798.9,2688.6015730758877,Domínio válido; magnitude confrontada na escala oficial e dentro do nível/geo,manter no exemplo simulado; sem evidência de corrupção,plausibilidade comercial não demonstrada
check_geo_std,1,Geo21,Channel2,2023-12-04,760736.0,1.2805566399033579,-0.40570321166232154,0.6761720194372025,557798.9,1363.817676944146,Domínio válido; magnitude confrontada na escala oficial e dentro do nível/geo,manter no exemplo simulado; sem evidência de corrupção,plausibilidade comercial não demonstrada
check_geo_std,1,Geo21,Channel2,2024-01-01,1902803.0,3.2030126299767976,-0.40570321166232154,0.6761720194372025,557798.9,3411.2706210069614,Domínio válido; magnitude confrontada na escala oficial e dentro do nível/geo,manter no exemplo simulado; sem evidência de corrupção,plausibilidade comercial não demonstrada
check_geo_std,1,Geo21,Channel3,2021-11-15,4660531.0,2.505426216953114,-0.4540879426002331,2.332594083040049,557798.9,8355.217265577254,Domínio válido; magnitude confrontada na escala oficial e dentro do nível/geo,manter no exemplo simulado; sem evidência de corrupção,plausibilidade comercial não demonstrada
check_geo_std,1,Geo21,Organic_channel0,2021-11-15,2253054.0,3.1360755446426296,-1.629565076730921,2.715941794551535,557798.9,4039.1868825843867,Domínio válido; magnitude confrontada na escala oficial e dentro do nível/geo,manter no exemplo simulado; sem evidência de corrupção,plausibilidade comercial não demonstrada
check_geo_std,1,Geo21,Organic_channel0,2022-06-13,2383082.0,3.3170643850871073,-1.629565076730921,2.715941794551535,557798.9,4272.295983373219,Domínio válido; magnitude confrontada na escala oficial e dentro do nível/geo,manter no exemplo simulado; sem evidência de corrupção,plausibilidade comercial não demonstrada
check_geo_std,1,Geo21,Organic_channel0,2022-10-24,2114252.0,2.942873980122877,-1.629565076730921,2.715941794551535,557798.9,3790.348098571008,Domínio válido; magnitude confrontada na escala oficial e dentro do nível/geo,manter no exemplo simulado; sem evidência de corrupção,plausibilidade comercial não demonstrada
check_geo_std,1,Geo21,Organic_channel0,2023-07-24,2755668.0,3.8356750543725386,-1.629565076730921,2.715941794551535,557798.9,4940.2535573304285,Domínio válido; magnitude confrontada na escala oficial e dentro do nível/geo,manter no exemplo simulado; sem evidência de corrupção,plausibilidade comercial não demonstrada
check_geo_std,1,Geo21,Organic_channel0,2023-11-20,1969218.0,2.7409979573814343,-1.629565076730921,2.715941794551535,557798.9,3530.3368292766445,Domínio válido; magnitude confrontada na escala oficial e dentro do nível/geo,manter no exemplo simulado; sem evidência de corrupção,plausibilidade comercial não demonstrada
check_geo_std,1,Geo21,Organic_channel0,2024-01-01,2244586.0,3.1242887487149535,-1.629565076730921,2.715941794551535,557798.9,4024.0057841634316,Domínio válido; magnitude confrontada na escala oficial e dentro do nível/geo,manter no exemplo simulado; sem evidência de corrupção,plausibilidade comercial não demonstrada
check_geo_std,1,Geo21,Promo,2023-12-11,2.6411972,3.0950668683289884,-2.7866131620160077,2.7524464387350545,557798.9,,Promo contínuo e zero-inflado; IQR não diagnostica erro,manter no exemplo simulado; sem evidência de corrupção,plausibilidade comercial não demonstrada
check_geo_std,1,Geo21,sentiment_score_control,2021-11-15,2.9535084,2.541249777013517,-2.9197482290221592,2.533223819416817,557798.9,,Índice sintético com valores negativos admissíveis,manter no exemplo simulado; sem evidência de corrupção,plausibilidade comercial não demonstrada
check_geo_std,1,Geo21,sentiment_score_control,2021-12-13,3.9332714,3.3747514715221096,-2.9197482290221592,2.533223819416817,557798.9,,Índice sintético com valores negativos admissíveis,manter no exemplo simulado; sem evidência de corrupção,plausibilidade comercial não demonstrada
check_geo_std,1,Geo21,sentiment_score_control,2022-04-18,-3.5535417,-2.994412709324819,-2.9197482290221592,2.533223819416817,557798.9,,Índice sintético com valores negativos admissíveis,manter no exemplo simulado; sem evidência de corrupção,plausibilidade comercial não demonstrada
check_geo_std,1,Geo21,sentiment_score_control,2023-02-20,3.0802343,2.649057739131015,-2.9197482290221592,2.533223819416817,557798.9,,Índice sintético com valores negativos admissíveis,manter no exemplo simulado; sem evidência de corrupção,plausibilidade comercial não demonstrada
check_geo_std,1,Geo22,Channel1,2021-10-18,1663030.0,3.416633196018806,-2.0376662382792885,3.3961103971321474,411040.88,4045.8992789233034,Domínio válido; magnitude confrontada na escala oficial e dentro do nível/geo,manter no exemplo simulado; sem evidência de corrupção,plausibilidade comercial não demonstrada
check_geo_std,1,Geo22,Channel1,2023-12-04,1719167.0,3.531964571715521,-2.0376662382792885,3.3961103971321474,411040.88,4182.4720694447715,Domínio válido; magnitude confrontada na escala oficial e dentro do nível/geo,manter no exemplo simulado; sem evidência de corrupção,plausibilidade comercial não demonstrada
check_geo_std,1,Geo22,Channel2,2021-01-25,1614351.0,3.6876986772949576,-0.6464379184122213,1.0773965306870354,411040.88,3927.470669097439,Domínio válido; magnitude confrontada na escala oficial e dentro do nível/geo,manter no exemplo simulado; sem evidência de corrupção,plausibilidade comercial não demonstrada
check_geo_std,1,Geo22,Channel2,2021-08-30,1490361.0,3.4044655024786987,-0.6464379184122213,1.0773965306870354,411040.88,3625.821840396994,Domínio válido; magnitude confrontada na escala oficial e dentro do nível/geo,manter no exemplo simulado; sem evidência de corrupção,plausibilidade comercial não demonstrada
check_geo_std,1,Geo22,Channel2,2021-09-13,654594.0,1.4953039506062904,-0.6464379184122213,1.0773965306870354,411040.88,1592.5277310616889,Domínio válido; magnitude confrontada na escala oficial e dentro do nível/geo,manter no exemplo simulado; sem evidência de corrupção,plausibilidade comercial não demonstrada
check_geo_std,1,Geo22,Channel2,2021-10-11,598452.0,1.3670575041143604,-0.6464379184122213,1.0773965306870354,411040.88,1455.942776300012,Domínio válido; magnitude confrontada na escala oficial e dentro do nível/geo,manter no exemplo simulado; sem evidência de corrupção,plausibilidade comercial não demonstrada
check_geo_std,1,Geo22,Channel2,2021-10-18,806515.0,1.8423405434868518,-0.6464379184122213,1.0773965306870354,411040.88,1962.1284384171229,Domínio válido; magnitude confrontada na escala oficial e dentro do nível/geo,manter no exemplo simulado; sem evidência de corrupção,plausibilidade comercial não demonstrada
check_geo_std,1,Geo22,Channel2,2021-11-08,1198305.0,2.7373153443680676,-0.6464379184122213,1.0773965306870354,411040.88,2915.293972706559,Domínio válido; magnitude confrontada na escala oficial e dentro do nível/geo,manter no exemplo simulado; sem evidência de corrupção,plausibilidade comercial não demonstrada
check_geo_std,1,Geo22,Channel2,2021-12-13,715977.0,1.6355225325060112,-0.6464379184122213,1.0773965306870354,411040.88,1741.8632424103414,Domínio válido; magnitude confrontada na escala oficial e dentro do nível/geo,manter no exemplo simulado; sem evidência de corrupção,plausibilidade comercial não demonstrada
check_geo_std,1,Geo22,Channel2,2022-03-14,709865.0,1.6215607520037372,-0.6464379184122213,1.0773965306870354,411040.88,1726.9936751789749,Domínio válido; magnitude confrontada na escala oficial e dentro do nível/geo,manter no exemplo simulado; sem evidência de corrupção,plausibilidade comercial não demonstrada
check_geo_std,1,Geo22,Channel2,2022-05-09,1240080.0,2.8327429262532937,-0.6464379184122213,1.0773965306870354,411040.88,3016.9261996519663,Domínio válido; magnitude confrontada na escala oficial e dentro do nível/geo,manter no exemplo simulado; sem evidência de corrupção,plausibilidade comercial não demonstrada
check_geo_std,1,Geo22,Channel2,2022-05-30,621006.0,1.418578118880115,-0.6464379184122213,1.0773965306870354,411040.88,1510.8132310343437,Domínio válido; magnitude confrontada na escala oficial e dentro do nível/geo,manter no exemplo simulado; sem evidência de corrupção,plausibilidade comercial não demonstrada
check_geo_std,1,Geo22,Channel2,2022-08-22,534945.0,1.2219870207442811,-0.6464379184122213,1.0773965306870354,411040.88,1301.4398957106164,Domínio válido; magnitude confrontada na escala oficial e dentro do nível/geo,manter no exemplo simulado; sem evidência de corrupção,plausibilidade comercial não demonstrada
check_geo_std,1,Geo22,Channel2,2022-09-05,759438.0,1.7348014825075389,-0.6464379184122213,1.0773965306870354,411040.88,1847.5972511541918,Domínio válido; magnitude confrontada na escala oficial e dentro do nível/geo,manter no exemplo simulado; sem evidência de corrupção,plausibilidade comercial não demonstrada
check_geo_std,1,Geo22,Channel2,2022-11-28,633409.0,1.4469105736526453,-0.6464379184122213,1.0773965306870354,411040.88,1540.9878452965554,Domínio válido; magnitude confrontada na escala oficial e dentro do nível/geo,manter no exemplo simulado; sem evidência de corrupção,plausibilidade comercial não demonstrada
check_geo_std,1,Geo22,Channel2,2022-12-19,1449618.0,3.3113953416468673,-0.6464379184122213,1.0773965306870354,411040.88,3526.700312630705,Domínio válido; magnitude confrontada na escala oficial e dentro do nível/geo,manter no exemplo simulado; sem evidência de corrupção,plausibilidade comercial não demonstrada
check_geo_std,1,Geo22,Channel2,2023-01-02,942052.0,2.15195079282205,-0.6464379184122213,1.0773965306870354,411040.88,2291.8693634560145,Domínio válido; magnitude confrontada na escala oficial e dentro do nível/geo,manter no exemplo simulado; sem evidência de corrupção,plausibilidade comercial não demonstrada
check_geo_std,1,Geo22,Channel2,2023-08-07,1876323.0,4.286127270511869,-0.6464379184122213,1.0773965306870354,411040.88,4564.80873629893,Domínio válido; magnitude confrontada na escala oficial e dentro do nível/geo,manter no exemplo simulado; sem evidência de corrupção,plausibilidade comercial não demonstrada
check_geo_std,1,Geo22,Channel2,2023-09-04,2035790.0,4.650401362684015,-0.6464379184122213,1.0773965306870354,411040.88,4952.767714977644,Domínio válido; magnitude confrontada na escala oficial e dentro do nível/geo,manter no exemplo simulado; sem evidência de corrupção,plausibilidade comercial não demonstrada
check_geo_std,1,Geo22,Channel2,2023-09-25,719501.0,1.6435724857929899,-0.6464379184122213,1.0773965306870354,411040.88,1750.436598909578,Domínio válido; magnitude confrontada na escala oficial e dentro do nível/geo,manter no exemplo simulado; sem evidência de corrupção,plausibilidade comercial não demonstrada
check_geo_std,1,Geo22,Channel2,2023-10-09,824393.0,1.883179665185094,-0.6464379184122213,1.0773965306870354,411040.88,2005.6228957080862,Domínio válido; magnitude confrontada na escala oficial e dentro do nível/geo,manter no exemplo simulado; sem evidência de corrupção,plausibilidade comercial não demonstrada
check_geo_std,1,Geo22,Channel2,2023-11-13,898980.0,2.0535604443609974,-0.6464379184122213,1.0773965306870354,411040.88,2187.0817326004167,Domínio válido; magnitude confrontada na escala oficial e dentro do nível/geo,manter no exemplo simulado; sem evidência de corrupção,plausibilidade comercial não demonstrada
check_geo_std,1,Geo22,Channel2,2023-12-04,649284.0,1.4831741969303944,-0.6464379184122213,1.0773965306870354,411040.88,1579.6093079598313,Domínio válido; magnitude confrontada na escala oficial e dentro do nível/geo,manter no exemplo simulado; sem evidência de corrupção,plausibilidade comercial não demonstrada
check_geo_std,1,Geo22,Channel2,2024-01-15,1282217.0,2.9289974329653887,-0.6464379184122213,1.0773965306870354,411040.88,3119.439117588499,Domínio válido; magnitude confrontada na escala oficial e dentro do nível/geo,manter no exemplo simulado; sem evidência de corrupção,plausibilidade comercial não demonstrada
check_geo_std,1,Geo22,Channel3,2021-08-30,3283286.0,2.39523190614826,-0.4463162873201557,2.367122573004639,411040.88,7987.73591570746,Domínio válido; magnitude confrontada na escala oficial e dentro do nível/geo,manter no exemplo simulado; sem evidência de corrupção,plausibilidade comercial não demonstrada
check_geo_std,1,Geo22,Channel3,2021-09-13,3322772.0,2.4240378423494224,-0.4463162873201557,2.367122573004639,411040.88,8083.799353485229,Domínio válido; magnitude confrontada na escala oficial e dentro do nível/geo,manter no exemplo simulado; sem evidência de corrupção,plausibilidade comercial não demonstrada
check_geo_std,1,Geo22,Channel3,2021-11-22,3431988.0,2.5037134014880076,-0.4463162873201557,2.367122573004639,411040.88,8349.5052852164,Domínio válido; magnitude confrontada na escala oficial e dentro do nível/geo,manter no exemplo simulado; sem evidência de corrupção,plausibilidade comercial não demonstrada
check_geo_std,1,Geo22,Channel3,2023-09-04,3532800.0,2.577258051245177,-0.4463162873201557,2.367122573004639,411040.88,8594.76556200444,Domínio válido; magnitude confrontada na escala oficial e dentro do nível/geo,manter no exemplo simulado; sem evidência de corrupção,plausibilidade comercial não demonstrada
check_geo_std,1,Geo22,Promo,2021-11-22,2.4629824,2.8383559984738507,-2.3347467668333426,1.9993357800972795,411040.88,,Promo contínuo e zero-inflado; IQR não diagnostica erro,manter no exemplo simulado; sem evidência de corrupção,plausibilidade comercial não demonstrada
check_geo_std,1,Geo22,Promo,2021-12-13,2.0230522,2.2046551817204465,-2.3347467668333426,1.9993357800972795,411040.88,,Promo contínuo e zero-inflado; IQR não diagnostica erro,manter no exemplo simulado; sem evidência de corrupção,plausibilidade comercial não demonstrada
check_geo_std,1,Geo22,Promo,2023-05-22,2.2484503,2.5293315964441128,-2.3347467668333426,1.9993357800972795,411040.88,,Promo contínuo e zero-inflado; IQR não diagnostica erro,manter no exemplo simulado; sem evidência de corrupção,plausibilidade comercial não demonstrada
check_geo_std,1,Geo22,Promo,2023-07-10,1.8989928,2.025952871431366,-2.3347467668333426,1.9993357800972795,411040.88,,Promo contínuo e zero-inflado; IQR não diagnostica erro,manter no exemplo simulado; sem evidência de corrupção,plausibilidade comercial não demonstrada
check_geo_std,1,Geo22,Promo,2023-08-14,2.44954,2.8189927907215164,-2.3347467668333426,1.9993357800972795,411040.88,,Promo contínuo e zero-inflado; IQR não diagnostica erro,manter no exemplo simulado; sem evidência de corrupção,plausibilidade comercial não demonstrada
check_geo_std,1,Geo22,Promo,2023-10-09,2.354467,2.682044161709013,-2.3347467668333426,1.9993357800972795,411040.88,,Promo contínuo e zero-inflado; IQR não diagnostica erro,manter no exemplo simulado; sem evidência de corrupção,plausibilidade comercial não demonstrada
check_geo_std,1,Geo22,Promo,2023-10-16,2.3566916,2.6852486037703893,-2.3347467668333426,1.9993357800972795,411040.88,,Promo contínuo e zero-inflado; IQR não diagnostica erro,manter no exemplo simulado; sem evidência de corrupção,plausibilidade comercial não demonstrada
check_geo_std,1,Geo22,competitor_sales_control,2022-10-10,2.949228,2.473945697296725,-2.5902449092224846,2.308402629768812,411040.88,,Índice sintético com valores negativos admissíveis,manter no exemplo simulado; sem evidência de corrupção,plausibilidade comercial não demonstrada
check_geo_std,1,Geo22,competitor_sales_control,2023-09-04,3.5564291,2.9757370108185275,-2.5902449092224846,2.308402629768812,411040.88,,Índice sintético com valores negativos admissíveis,manter no exemplo simulado; sem evidência de corrupção,plausibilidade comercial não demonstrada
check_geo_std,1,Geo22,competitor_sales_control,2023-09-25,3.4971333,2.926734930011483,-2.5902449092224846,2.308402629768812,411040.88,,Índice sintético com valores negativos admissíveis,manter no exemplo simulado; sem evidência de corrupção,plausibilidade comercial não demonstrada
check_geo_std,1,Geo22,sentiment_score_control,2021-08-30,3.4582407,2.9706344622110796,-3.0103730819801617,2.8484315755549248,411040.88,,Índice sintético com valores negativos admissíveis,manter no exemplo simulado; sem evidência de corrupção,plausibilidade comercial não demonstrada
check_geo_std,1,Geo22,sentiment_score_control,2023-08-07,3.980857,3.415233382182349,-3.0103730819801617,2.8484315755549248,411040.88,,Índice sintético com valores negativos admissíveis,manter no exemplo simulado; sem evidência de corrupção,plausibilidade comercial não demonstrada
check_geo_std,1,Geo23,Channel1,2023-09-04,4267416.0,3.6713568200307374,-1.9639035548167754,3.3279682940960145,981570.9,4347.537197771449,Domínio válido; magnitude confrontada na escala oficial e dentro do nível/geo,manter no exemplo simulado; sem evidência de corrupção,plausibilidade comercial não demonstrada
check_geo_std,1,Geo23,Channel2,2021-04-05,1770445.0,1.693570351839398,-0.9745909341864063,1.6243182236440106,981570.9,1803.6852967014406,Domínio válido; magnitude confrontada na escala oficial e dentro do nível/geo,manter no exemplo simulado; sem evidência de corrupção,plausibilidade comercial não demonstrada
check_geo_std,1,Geo23,Channel2,2021-06-14,2060585.0,1.9711121573643837,-0.9745909341864063,1.6243182236440106,981570.9,2099.2727066379007,Domínio válido; magnitude confrontada na escala oficial e dentro do nível/geo,manter no exemplo simulado; sem evidência de corrupção,plausibilidade comercial não demonstrada
check_geo_std,1,Geo23,Channel2,2021-08-09,2426133.0,2.320787665484765,-0.9745909341864063,1.6243182236440106,981570.9,2471.683909944763,Domínio válido; magnitude confrontada na escala oficial e dentro do nível/geo,manter no exemplo simulado; sem evidência de corrupção,plausibilidade comercial não demonstrada
check_geo_std,1,Geo23,Channel2,2021-08-30,2532970.0,2.422985686705117,-0.9745909341864063,1.6243182236440106,981570.9,2580.526786195475,Domínio válido; magnitude confrontada na escala oficial e dentro do nível/geo,manter no exemplo simulado; sem evidência de corrupção,plausibilidade comercial não demonstrada
check_geo_std,1,Geo23,Channel2,2021-10-18,5610156.0,5.366556922578171,-0.9745909341864063,1.6243182236440106,981570.9,5715.487286756362,Domínio válido; magnitude confrontada na escala oficial e dentro do nível/geo,manter no exemplo simulado; sem evidência de corrupção,plausibilidade comercial não demonstrada
check_geo_std,1,Geo23,Channel2,2021-11-15,2081039.0,1.9906780224302418,-0.9745909341864063,1.6243182236440106,981570.9,2120.1107327040763,Domínio válido; magnitude confrontada na escala oficial e dentro do nível/geo,manter no exemplo simulado; sem evidência de corrupção,plausibilidade comercial não demonstrada
check_geo_std,1,Geo23,Channel2,2021-11-22,2236358.0,2.1392529024617275,-0.9745909341864063,1.6243182236440106,981570.9,2278.3458637577783,Domínio válido; magnitude confrontada na escala oficial e dentro do nível/geo,manter no exemplo simulado; sem evidência de corrupção,plausibilidade comercial não demonstrada
check_geo_std,1,Geo23,Channel2,2022-07-18,2796880.0,2.675436427368586,-0.9745909341864063,1.6243182236440106,981570.9,2849.391725039933,Domínio válido; magnitude confrontada na escala oficial e dentro do nível/geo,manter no exemplo simulado; sem evidência de corrupção,plausibilidade comercial não demonstrada
check_geo_std,1,Geo23,Channel2,2022-08-29,3222096.0,3.082189086009629,-0.9745909341864063,1.6243182236440106,981570.9,3282.5912015117806,Domínio válido; magnitude confrontada na escala oficial e dentro do nível/geo,manter no exemplo simulado; sem evidência de corrupção,plausibilidade comercial não demonstrada
check_geo_std,1,Geo23,Channel2,2022-10-17,1946217.0,1.8617101403578298,-0.9745909341864063,1.6243182236440106,981570.9,1982.75743504621,Domínio válido; magnitude confrontada na escala oficial e dentro do nível/geo,manter no exemplo simulado; sem evidência de corrupção,plausibilidade comercial não demonstrada
check_geo_std,1,Geo23,Channel2,2022-10-31,1861015.0,1.780207703898397,-0.9745909341864063,1.6243182236440106,981570.9,1895.9557582646346,Domínio válido; magnitude confrontada na escala oficial e dentro do nível/geo,manter no exemplo simulado; sem evidência de corrupção,plausibilidade comercial não demonstrada
check_geo_std,1,Geo23,Channel2,2022-12-05,3160222.0,3.0230017224091155,-0.9745909341864063,1.6243182236440106,981570.9,3219.5555104577775,Domínio válido; magnitude confrontada na escala oficial e dentro do nível/geo,manter no exemplo simulado; sem evidência de corrupção,plausibilidade comercial não demonstrada
check_geo_std,1,Geo23,Channel2,2023-02-06,2056331.0,1.9670428706727752,-0.9745909341864063,1.6243182236440106,981570.9,2094.938837326983,Domínio válido; magnitude confrontada na escala oficial e dentro do nível/geo,manter no exemplo simulado; sem evidência de corrupção,plausibilidade comercial não demonstrada
check_geo_std,1,Geo23,Channel2,2023-02-20,2016495.0,1.928936593134713,-0.9745909341864063,1.6243182236440106,981570.9,2054.354912110781,Domínio válido; magnitude confrontada na escala oficial e dentro do nível/geo,manter no exemplo simulado; sem evidência de corrupção,plausibilidade comercial não demonstrada
check_geo_std,1,Geo23,Channel2,2023-08-21,2211953.0,2.115907594114594,-0.9745909341864063,1.6243182236440106,981570.9,2253.482657238514,Domínio válido; magnitude confrontada na escala oficial e dentro do nível/geo,manter no exemplo simulado; sem evidência de corrupção,plausibilidade comercial não demonstrada
check_geo_std,1,Geo23,Channel2,2023-08-28,3754636.0,3.591605619801163,-0.9745909341864063,1.6243182236440106,981570.9,3825.129697712106,Domínio válido; magnitude confrontada na escala oficial e dentro do nível/geo,manter no exemplo simulado; sem evidência de corrupção,plausibilidade comercial não demonstrada
check_geo_std,1,Geo23,Channel2,2023-10-02,3210742.0,3.0713280890428862,-0.9745909341864063,1.6243182236440106,981570.9,3271.024028931583,Domínio válido; magnitude confrontada na escala oficial e dentro do nível/geo,manter no exemplo simulado; sem evidência de corrupção,plausibilidade comercial não demonstrada
check_geo_std,1,Geo23,Channel2,2023-10-23,3018463.0,2.887398052424224,-0.9745909341864063,1.6243182236440106,981570.9,3075.1349698732915,Domínio válido; magnitude confrontada na escala oficial e dentro do nível/geo,manter no exemplo simulado; sem evidência de corrupção,plausibilidade comercial não demonstrada
check_geo_std,1,Geo23,Channel2,2023-11-20,2954781.0,2.826481194150831,-0.9745909341864063,1.6243182236440106,981570.9,3010.257333423393,Domínio válido; magnitude confrontada na escala oficial e dentro do nível/geo,manter no exemplo simulado; sem evidência de corrupção,plausibilidade comercial não demonstrada
check_geo_std,1,Geo23,Organic_channel0,2021-03-22,4147880.0,3.2809308520995963,-1.8995991289407774,3.1659985482346293,981570.9,4225.75689641981,Domínio válido; magnitude confrontada na escala oficial e dentro do nível/geo,manter no exemplo simulado; sem evidência de corrupção,plausibilidade comercial não demonstrada
check_geo_std,1,Geo23,Organic_channel0,2023-02-06,4113364.0,3.25362904749313,-1.8995991289407774,3.1659985482346293,981570.9,4190.592854780027,Domínio válido; magnitude confrontada na escala oficial e dentro do nível/geo,manter no exemplo simulado; sem evidência de corrupção,plausibilidade comercial não demonstrada
check_geo_std,1,Geo23,Organic_channel0,2023-09-04,4974461.0,3.934748008010408,-1.8995991289407774,3.1659985482346293,981570.9,5067.857044254266,Domínio válido; magnitude confrontada na escala oficial e dentro do nível/geo,manter no exemplo simulado; sem evidência de corrupção,plausibilidade comercial não demonstrada
check_geo_std,1,Geo23,Promo,2021-05-17,2.8299587,3.366969812754258,-2.5277791836425796,2.321056474779341,981570.9,,Promo contínuo e zero-inflado; IQR não diagnostica erro,manter no exemplo simulado; sem evidência de corrupção,plausibilidade comercial não demonstrada
check_geo_std,1,Geo23,Promo,2021-06-28,2.1427472,2.377070758694473,-2.5277791836425796,2.321056474779341,981570.9,,Promo contínuo e zero-inflado; IQR não diagnostica erro,manter no exemplo simulado; sem evidência de corrupção,plausibilidade comercial não demonstrada
check_geo_std,1,Geo23,Promo,2021-08-30,2.6206222,3.0654294524282357,-2.5277791836425796,2.321056474779341,981570.9,,Promo contínuo e zero-inflado; IQR não diagnostica erro,manter no exemplo simulado; sem evidência de corrupção,plausibilidade comercial não demonstrada
check_geo_std,1,Geo23,Promo,2022-02-07,2.3295932,2.6462145065142555,-2.5277791836425796,2.321056474779341,981570.9,,Promo contínuo e zero-inflado; IQR não diagnostica erro,manter no exemplo simulado; sem evidência de corrupção,plausibilidade comercial não demonstrada
check_geo_std,1,Geo23,Promo,2023-05-22,2.2923837,2.592615798035079,-2.5277791836425796,2.321056474779341,981570.9,,Promo contínuo e zero-inflado; IQR não diagnostica erro,manter no exemplo simulado; sem evidência de corrupção,plausibilidade comercial não demonstrada
check_geo_std,1,Geo23,Promo,2023-11-13,2.1889505,2.4436246550778136,-2.5277791836425796,2.321056474779341,981570.9,,Promo contínuo e zero-inflado; IQR não diagnostica erro,manter no exemplo simulado; sem evidência de corrupção,plausibilidade comercial não demonstrada
check_geo_std,1,Geo23,competitor_sales_control,2021-06-07,-3.084441,-2.5122815886317444,-2.2060458992243817,2.2407030767561054,981570.9,,Índice sintético com valores negativos admissíveis,manter no exemplo simulado; sem evidência de corrupção,plausibilidade comercial não demonstrada
check_geo_std,1,Geo23,competitor_sales_control,2022-02-28,-3.1083846,-2.532068592466949,-2.2060458992243817,2.2407030767561054,981570.9,,Índice sintético com valores negativos admissíveis,manter no exemplo simulado; sem evidência de corrupção,plausibilidade comercial não demonstrada
check_geo_std,1,Geo23,competitor_sales_control,2022-10-10,3.1162486,2.6119716103907553,-2.2060458992243817,2.2407030767561054,981570.9,,Índice sintético com valores negativos admissíveis,manter no exemplo simulado; sem evidência de corrupção,plausibilidade comercial não demonstrada
check_geo_std,1,Geo23,competitor_sales_control,2023-03-20,-3.3808699,-2.7572505900001922,-2.2060458992243817,2.2407030767561054,981570.9,,Índice sintético com valores negativos admissíveis,manter no exemplo simulado; sem evidência de corrupção,plausibilidade comercial não demonstrada
check_geo_std,1,Geo23,sentiment_score_control,2021-04-26,-3.2594008,-2.7441818488266345,-2.4372417604426344,2.596541292412863,981570.9,,Índice sintético com valores negativos admissíveis,manter no exemplo simulado; sem evidência de corrupção,plausibilidade comercial não demonstrada
check_geo_std,1,Geo23,sentiment_score_control,2021-10-18,3.127304,2.6891007645463567,-2.4372417604426344,2.596541292412863,981570.9,,Índice sintético com valores negativos admissíveis,manter no exemplo simulado; sem evidência de corrupção,plausibilidade comercial não demonstrada
check_geo_std,1,Geo23,sentiment_score_control,2021-12-13,3.8080697,3.2682401732741084,-2.4372417604426344,2.596541292412863,981570.9,,Índice sintético com valores negativos admissíveis,manter no exemplo simulado; sem evidência de corrupção,plausibilidade comercial não demonstrada
check_geo_std,1,Geo23,sentiment_score_control,2022-03-28,-3.1384487,-2.641285760380375,-2.4372417604426344,2.596541292412863,981570.9,,Índice sintético com valores negativos admissíveis,manter no exemplo simulado; sem evidência de corrupção,plausibilidade comercial não demonstrada
check_geo_std,1,Geo23,sentiment_score_control,2022-04-18,-3.3693938,-2.837754837278009,-2.4372417604426344,2.596541292412863,981570.9,,Índice sintético com valores negativos admissíveis,manter no exemplo simulado; sem evidência de corrupção,plausibilidade comercial não demonstrada
check_geo_std,1,Geo23,sentiment_score_control,2023-06-05,-3.2002027,-2.6938209792472683,-2.4372417604426344,2.596541292412863,981570.9,,Índice sintético com valores negativos admissíveis,manter no exemplo simulado; sem evidência de corrupção,plausibilidade comercial não demonstrada
check_geo_std,1,Geo24,Channel0,2021-12-13,717553.0,2.944610331852999,-0.8554707684250432,2.769448196817531,141613.08,5066.996636186432,Domínio válido; magnitude confrontada na escala oficial e dentro do nível/geo,manter no exemplo simulado; sem evidência de corrupção,plausibilidade comercial não demonstrada
check_geo_std,1,Geo24,Channel0,2023-09-04,678742.0,2.78534227557068,-0.8554707684250432,2.769448196817531,141613.08,4792.932969186179,Domínio válido; magnitude confrontada na escala oficial e dentro do nível/geo,manter no exemplo simulado; sem evidência de corrupção,plausibilidade comercial não demonstrada
check_geo_std,1,Geo24,Channel1,2021-02-08,583232.0,3.4779334289363386,-1.6907303291075135,2.817883881845856,141613.08,4118.489619744166,Domínio válido; magnitude confrontada na escala oficial e dentro do nível/geo,manter no exemplo simulado; sem evidência de corrupção,plausibilidade comercial não demonstrada
check_geo_std,1,Geo24,Channel1,2021-10-11,594583.0,3.545621797118908,-1.6907303291075135,2.817883881845856,141613.08,4198.644644972061,Domínio válido; magnitude confrontada na escala oficial e dentro do nível/geo,manter no exemplo simulado; sem evidência de corrupção,plausibilidade comercial não demonstrada
check_geo_std,1,Geo24,Channel1,2022-09-05,475593.0,2.836059738265596,-1.6907303291075135,2.817883881845856,141613.08,3358.397402273858,Domínio válido; magnitude confrontada na escala oficial e dentro do nível/geo,manter no exemplo simulado; sem evidência de corrupção,plausibilidade comercial não demonstrada
check_geo_std,1,Geo24,Channel1,2023-01-16,478735.0,2.8547961361890946,-1.6907303291075135,2.817883881845856,141613.08,3380.5846183135063,Domínio válido; magnitude confrontada na escala oficial e dentro do nível/geo,manter no exemplo simulado; sem evidência de corrupção,plausibilidade comercial não demonstrada
check_geo_std,1,Geo24,Channel1,2023-09-18,519930.0,3.1004504686074674,-1.6907303291075135,2.817883881845856,141613.08,3671.482888445051,Domínio válido; magnitude confrontada na escala oficial e dentro do nível/geo,manter no exemplo simulado; sem evidência de corrupção,plausibilidade comercial não demonstrada
check_geo_std,1,Geo24,Channel2,2021-01-25,379721.0,2.517698519781145,-1.0354821775555632,1.7258036292592718,141613.08,2681.3977917859006,Domínio válido; magnitude confrontada na escala oficial e dentro do nível/geo,manter no exemplo simulado; sem evidência de corrupção,plausibilidade comercial não demonstrada
check_geo_std,1,Geo24,Channel2,2021-11-08,558775.0,3.7048964644850018,-1.0354821775555632,1.7258036292592718,141613.08,3945.786646261772,Domínio válido; magnitude confrontada na escala oficial e dentro do nível/geo,manter no exemplo simulado; sem evidência de corrupção,plausibilidade comercial não demonstrada
check_geo_std,1,Geo24,Channel2,2021-11-22,323881.0,2.1474575129772573,-1.0354821775555632,1.7258036292592718,141613.08,2287.0839332072997,Domínio válido; magnitude confrontada na escala oficial e dentro do nível/geo,manter no exemplo simulado; sem evidência de corrupção,plausibilidade comercial não demonstrada
check_geo_std,1,Geo24,Channel2,2021-12-13,445742.0,2.955443532499617,-1.0354821775555632,1.7258036292592718,141613.08,3147.604726907995,Domínio válido; magnitude confrontada na escala oficial e dentro do nível/geo,manter no exemplo simulado; sem evidência de corrupção,plausibilidade comercial não demonstrada
check_geo_std,1,Geo24,Channel2,2022-01-24,335827.0,2.2266641581649225,-1.0354821775555632,1.7258036292592718,141613.08,2371.440547723417,Domínio válido; magnitude confrontada na escala oficial e dentro do nível/geo,manter no exemplo simulado; sem evidência de corrupção,plausibilidade comercial não demonstrada
check_geo_std,1,Geo24,Channel2,2022-04-18,263636.0,1.7480096359195882,-1.0354821775555632,1.7258036292592718,141613.08,1861.6641909066593,Domínio válido; magnitude confrontada na escala oficial e dentro do nível/geo,manter no exemplo simulado; sem evidência de corrupção,plausibilidade comercial não demonstrada
check_geo_std,1,Geo24,Channel2,2022-07-04,404680.0,2.683186436844509,-1.0354821775555632,1.7258036292592718,141613.08,2857.6456355585233,Domínio válido; magnitude confrontada na escala oficial e dentro do nível/geo,manter no exemplo simulado; sem evidência de corrupção,plausibilidade comercial não demonstrada
check_geo_std,1,Geo24,Channel2,2022-08-22,267644.0,1.7745842411357413,-1.0354821775555632,1.7258036292592718,141613.08,1889.966661271685,Domínio válido; magnitude confrontada na escala oficial e dentro do nível/geo,manter no exemplo simulado; sem evidência de corrupção,plausibilidade comercial não demonstrada
check_geo_std,1,Geo24,Channel2,2023-02-06,450937.0,2.9898884112665622,-1.0354821775555632,1.7258036292592718,141613.08,3184.2891913656567,Domínio válido; magnitude confrontada na escala oficial e dentro do nível/geo,manter no exemplo simulado; sem evidência de corrupção,plausibilidade comercial não demonstrada
check_geo_std,1,Geo24,Channel2,2023-03-06,277307.0,1.8386537047594154,-1.0354821775555632,1.7258036292592718,141613.08,1958.2018836113161,Domínio válido; magnitude confrontada na escala oficial e dentro do nível/geo,manter no exemplo simulado; sem evidência de corrupção,plausibilidade comercial não demonstrada
check_geo_std,1,Geo24,Channel2,2023-07-10,363369.0,2.4092783739491757,-1.0354821775555632,1.7258036292592718,141613.08,2565.928232053141,Domínio válido; magnitude confrontada na escala oficial e dentro do nível/geo,manter no exemplo simulado; sem evidência de corrupção,plausibilidade comercial não demonstrada
check_geo_std,1,Geo24,Channel2,2023-09-04,267824.0,1.7757777114298798,-1.0354821775555632,1.7258036292592718,141613.08,1891.2377303000542,Domínio válido; magnitude confrontada na escala oficial e dentro do nível/geo,manter no exemplo simulado; sem evidência de corrupção,plausibilidade comercial não demonstrada
check_geo_std,1,Geo24,Channel2,2023-11-20,326733.0,2.166367386748831,-1.0354821775555632,1.7258036292592718,141613.08,2307.223315812353,Domínio válido; magnitude confrontada na escala oficial e dentro do nível/geo,manter no exemplo simulado; sem evidência de corrupção,plausibilidade comercial não demonstrada
check_geo_std,1,Geo24,Channel2,2023-11-27,372239.0,2.468089937888117,-1.0354821775555632,1.7258036292592718,141613.08,2628.5636891733448,Domínio válido; magnitude confrontada na escala oficial e dentro do nível/geo,manter no exemplo simulado; sem evidência de corrupção,plausibilidade comercial não demonstrada
check_geo_std,1,Geo24,Channel2,2023-12-04,351012.0,2.32734663825656,-1.0354821775555632,1.7258036292592718,141613.08,2478.6693432555808,Domínio válido; magnitude confrontada na escala oficial e dentro do nível/geo,manter no exemplo simulado; sem evidência de corrupção,plausibilidade comercial não demonstrada
check_geo_std,1,Geo24,Organic_channel0,2021-08-30,622137.0,3.410949036864912,-1.9976570685435953,3.329428447572659,141613.08,4393.217067237009,Domínio válido; magnitude confrontada na escala oficial e dentro do nível/geo,manter no exemplo simulado; sem evidência de corrupção,plausibilidade comercial não demonstrada
check_geo_std,1,Geo24,Organic_channel0,2021-12-13,736156.0,4.0360734037395725,-1.9976570685435953,3.329428447572659,141613.08,5198.361620268411,Domínio válido; magnitude confrontada na escala oficial e dentro do nível/geo,manter no exemplo simulado; sem evidência de corrupção,plausibilidade comercial não demonstrada
check_geo_std,1,Geo24,Organic_channel0,2023-09-04,766839.0,4.204297041456226,-1.9976570685435953,3.329428447572659,141613.08,5415.029459143181,Domínio válido; magnitude confrontada na escala oficial e dentro do nível/geo,manter no exemplo simulado; sem evidência de corrupção,plausibilidade comercial não demonstrada
check_geo_std,1,Geo24,Promo,2021-08-30,2.1263938,2.3535143787580752,-2.305139080177665,1.94998963567115,141613.08,,Promo contínuo e zero-inflado; IQR não diagnostica erro,manter no exemplo simulado; sem evidência de corrupção,plausibilidade comercial não demonstrada
check_geo_std,1,Geo24,Promo,2021-12-13,3.0733776,3.717604426479834,-2.305139080177665,1.94998963567115,141613.08,,Promo contínuo e zero-inflado; IQR não diagnostica erro,manter no exemplo simulado; sem evidência de corrupção,plausibilidade comercial não demonstrada
check_geo_std,1,Geo24,Promo,2021-12-27,2.028186,2.212050203142137,-2.305139080177665,1.94998963567115,141613.08,,Promo contínuo e zero-inflado; IQR não diagnostica erro,manter no exemplo simulado; sem evidência de corrupção,plausibilidade comercial não demonstrada
check_geo_std,1,Geo24,Promo,2022-03-28,1.8603412,1.9702768789925065,-2.305139080177665,1.94998963567115,141613.08,,Promo contínuo e zero-inflado; IQR não diagnostica erro,manter no exemplo simulado; sem evidência de corrupção,plausibilidade comercial não demonstrada
check_geo_std,1,Geo24,Promo,2022-06-06,3.086849,3.737009407503668,-2.305139080177665,1.94998963567115,141613.08,,Promo contínuo e zero-inflado; IQR não diagnostica erro,manter no exemplo simulado; sem evidência de corrupção,plausibilidade comercial não demonstrada
check_geo_std,1,Geo24,Promo,2022-06-20,2.0033753,2.176311440824334,-2.305139080177665,1.94998963567115,141613.08,,Promo contínuo e zero-inflado; IQR não diagnostica erro,manter no exemplo simulado; sem evidência de corrupção,plausibilidade comercial não demonstrada
check_geo_std,1,Geo24,Promo,2022-06-27,2.6854248,3.158774852557038,-2.305139080177665,1.94998963567115,141613.08,,Promo contínuo e zero-inflado; IQR não diagnostica erro,manter no exemplo simulado; sem evidência de corrupção,plausibilidade comercial não demonstrada
check_geo_std,1,Geo24,Promo,2022-07-04,1.8955297,2.0209644225853927,-2.305139080177665,1.94998963567115,141613.08,,Promo contínuo e zero-inflado; IQR não diagnostica erro,manter no exemplo simulado; sem evidência de corrupção,plausibilidade comercial não demonstrada
check_geo_std,1,Geo24,Promo,2022-08-22,2.0958843,2.309566736453142,-2.305139080177665,1.94998963567115,141613.08,,Promo contínuo e zero-inflado; IQR não diagnostica erro,manter no exemplo simulado; sem evidência de corrupção,plausibilidade comercial não demonstrada
check_geo_std,1,Geo24,Promo,2023-05-29,2.1340036,2.364475973291322,-2.305139080177665,1.94998963567115,141613.08,,Promo contínuo e zero-inflado; IQR não diagnostica erro,manter no exemplo simulado; sem evidência de corrupção,plausibilidade comercial não demonstrada
check_geo_std,1,Geo24,Promo,2023-09-04,2.4310584,2.7923708288400415,-2.305139080177665,1.94998963567115,141613.08,,Promo contínuo e zero-inflado; IQR não diagnostica erro,manter no exemplo simulado; sem evidência de corrupção,plausibilidade comercial não demonstrada
check_geo_std,1,Geo24,Promo,2023-10-23,1.9876988,2.1537301066630627,-2.305139080177665,1.94998963567115,141613.08,,Promo contínuo e zero-inflado; IQR não diagnostica erro,manter no exemplo simulado; sem evidência de corrupção,plausibilidade comercial não demonstrada
check_geo_std,1,Geo24,Promo,2023-12-11,2.3819282,2.721600856996194,-2.305139080177665,1.94998963567115,141613.08,,Promo contínuo e zero-inflado; IQR não diagnostica erro,manter no exemplo simulado; sem evidência de corrupção,plausibilidade comercial não demonstrada
check_geo_std,1,Geo24,sentiment_score_control,2021-07-05,-3.3360703,-2.8094059470699104,-2.7979194603480475,2.825605257329978,141613.08,,Índice sintético com valores negativos admissíveis,manter no exemplo simulado; sem evidência de corrupção,plausibilidade comercial não demonstrada
check_geo_std,1,Geo25,Channel2,2021-04-12,1720259.0,2.0729912085813913,-0.7051231709269554,1.175205284878259,779181.9,2207.775873643882,Domínio válido; magnitude confrontada na escala oficial e dentro do nível/geo,manter no exemplo simulado; sem evidência de corrupção,plausibilidade comercial não demonstrada
check_geo_std,1,Geo25,Channel2,2021-05-03,1112609.0,1.3407450131570495,-0.7051231709269554,1.175205284878259,779181.9,1427.9194627082586,Domínio válido; magnitude confrontada na escala oficial e dentro do nível/geo,manter no exemplo simulado; sem evidência de corrupção,plausibilidade comercial não demonstrada
check_geo_std,1,Geo25,Channel2,2021-08-02,2645513.0,3.187964830405062,-0.7051231709269554,1.175205284878259,779181.9,3395.2444223871216,Domínio válido; magnitude confrontada na escala oficial e dentro do nível/geo,manter no exemplo simulado; sem evidência de corrupção,plausibilidade comercial não demonstrada
check_geo_std,1,Geo25,Channel2,2021-08-30,2057756.0,2.479690614846723,-0.7051231709269554,1.175205284878259,779181.9,2640.918635301975,Domínio válido; magnitude confrontada na escala oficial e dentro do nível/geo,manter no exemplo simulado; sem evidência de corrupção,plausibilidade comercial não demonstrada
check_geo_std,1,Geo25,Channel2,2021-11-22,1374884.0,1.656798450012014,-0.7051231709269554,1.175205284878259,779181.9,1764.522507517179,Domínio válido; magnitude confrontada na escala oficial e dentro do nível/geo,manter no exemplo simulado; sem evidência de corrupção,plausibilidade comercial não demonstrada
check_geo_std,1,Geo25,Channel2,2021-12-13,1337610.0,1.611881565805239,-0.7051231709269554,1.175205284878259,779181.9,1716.6851540057592,Domínio válido; magnitude confrontada na escala oficial e dentro do nível/geo,manter no exemplo simulado; sem evidência de corrupção,plausibilidade comercial não demonstrada
check_geo_std,1,Geo25,Channel2,2022-08-22,1732758.0,2.0880530784021905,-0.7051231709269554,1.175205284878259,779181.9,2223.8170573520765,Domínio válido; magnitude confrontada na escala oficial e dentro do nível/geo,manter no exemplo simulado; sem evidência de corrupção,plausibilidade comercial não demonstrada
check_geo_std,1,Geo25,Channel2,2022-08-29,1341563.0,1.6166451126011123,-0.7051231709269554,1.175205284878259,779181.9,1721.7584238032223,Domínio válido; magnitude confrontada na escala oficial e dentro do nível/geo,manter no exemplo simulado; sem evidência de corrupção,plausibilidade comercial não demonstrada
check_geo_std,1,Geo25,Channel2,2022-09-26,2496530.0,3.0084334637747574,-0.7051231709269554,1.175205284878259,779181.9,3204.0400322440755,Domínio válido; magnitude confrontada na escala oficial e dentro do nível/geo,manter no exemplo simulado; sem evidência de corrupção,plausibilidade comercial não demonstrada
check_geo_std,1,Geo25,Channel2,2022-10-24,1120084.0,1.3497527319273894,-0.7051231709269554,1.175205284878259,779181.9,1437.512858037385,Domínio válido; magnitude confrontada na escala oficial e dentro do nível/geo,manter no exemplo simulado; sem evidência de corrupção,plausibilidade comercial não demonstrada
check_geo_std,1,Geo25,Channel2,2022-10-31,1954901.0,2.3557456096128373,-0.7051231709269554,1.175205284878259,779181.9,2508.914798970561,Domínio válido; magnitude confrontada na escala oficial e dentro do nível/geo,manter no exemplo simulado; sem evidência de corrupção,plausibilidade comercial não demonstrada
check_geo_std,1,Geo25,Channel2,2022-11-07,2198102.0,2.6488139992670714,-0.7051231709269554,1.175205284878259,779181.9,2821.0383223737617,Domínio válido; magnitude confrontada na escala oficial e dentro do nível/geo,manter no exemplo simulado; sem evidência de corrupção,plausibilidade comercial não demonstrada
check_geo_std,1,Geo25,Channel2,2023-01-09,3238008.0,3.9019485538609087,-0.7051231709269554,1.175205284878259,779181.9,4155.650946203961,Domínio válido; magnitude confrontada na escala oficial e dentro do nível/geo,manter no exemplo simulado; sem evidência de corrupção,plausibilidade comercial não demonstrada
check_geo_std,1,Geo25,Channel2,2023-06-05,1758755.0,2.1193806589871436,-0.7051231709269554,1.175205284878259,779181.9,2257.181538739542,Domínio válido; magnitude confrontada na escala oficial e dentro do nível/geo,manter no exemplo simulado; sem evidência de corrupção,plausibilidade comercial não demonstrada
check_geo_std,1,Geo25,Channel2,2023-07-31,1118220.0,1.3475065262032537,-0.7051231709269554,1.175205284878259,779181.9,1435.1206053426035,Domínio válido; magnitude confrontada na escala oficial e dentro do nível/geo,manter no exemplo simulado; sem evidência de corrupção,plausibilidade comercial não demonstrada
check_geo_std,1,Geo25,Channel2,2023-08-14,1307412.0,1.5754915870190558,-0.7051231709269554,1.175205284878259,779181.9,1677.9291202734562,Domínio válido; magnitude confrontada na escala oficial e dentro do nível/geo,manter no exemplo simulado; sem evidência de corrupção,plausibilidade comercial não demonstrada
check_geo_std,1,Geo25,Channel2,2023-08-28,1043364.0,1.2573016036249858,-0.7051231709269554,1.175205284878259,779181.9,1339.0506119302822,Domínio válido; magnitude confrontada na escala oficial e dentro do nível/geo,manter no exemplo simulado; sem evidência de corrupção,plausibilidade comercial não demonstrada
check_geo_std,1,Geo25,Channel2,2023-09-04,1463302.0,1.7633462062977534,-0.7051231709269554,1.175205284878259,779181.9,1877.997936040352,Domínio válido; magnitude confrontada na escala oficial e dentro do nível/geo,manter no exemplo simulado; sem evidência de corrupção,plausibilidade comercial não demonstrada
check_geo_std,1,Geo25,Channel2,2023-09-25,1080156.0,1.3016376556648976,-0.7051231709269554,1.175205284878259,779181.9,1386.269367910112,Domínio válido; magnitude confrontada na escala oficial e dentro do nível/geo,manter no exemplo simulado; sem evidência de corrupção,plausibilidade comercial não demonstrada
check_geo_std,1,Geo25,Channel2,2023-10-23,998605.0,1.2033649501879775,-0.7051231709269554,1.175205284878259,779181.9,1281.607029116051,Domínio válido; magnitude confrontada na escala oficial e dentro do nível/geo,manter no exemplo simulado; sem evidência de corrupção,plausibilidade comercial não demonstrada
check_geo_std,1,Geo25,Channel2,2023-11-20,2588370.0,3.1191048874360288,-0.7051231709269554,1.175205284878259,779181.9,3321.907246562067,Domínio válido; magnitude confrontada na escala oficial e dentro do nível/geo,manter no exemplo simulado; sem evidência de corrupção,plausibilidade comercial não demonstrada
check_geo_std,1,Geo25,Channel2,2023-12-04,1342388.0,1.6176392755423203,-0.7051231709269554,1.175205284878259,779181.9,1722.8172266321894,Domínio válido; magnitude confrontada na escala oficial e dentro do nível/geo,manter no exemplo simulado; sem evidência de corrupção,plausibilidade comercial não demonstrada
check_geo_std,1,Geo25,Organic_channel0,2021-11-22,3462304.0,3.449998533424791,-2.0582269590390707,3.430378265065118,779181.9,4443.511842356708,Domínio válido; magnitude confrontada na escala oficial e dentro do nível/geo,manter no exemplo simulado; sem evidência de corrupção,plausibilidade comercial não demonstrada
check_geo_std,1,Geo25,Promo,2021-12-13,3.4478283,4.2569847973293085,-2.3421387290831244,2.011655717180249,779181.9,,Promo contínuo e zero-inflado; IQR não diagnostica erro,manter no exemplo simulado; sem evidência de corrupção,plausibilidade comercial não demonstrada
check_geo_std,1,Geo25,Promo,2021-12-27,2.2374468,2.513481520824967,-2.3421387290831244,2.011655717180249,779181.9,,Promo contínuo e zero-inflado; IQR não diagnostica erro,manter no exemplo simulado; sem evidência de corrupção,plausibilidade comercial não demonstrada
check_geo_std,1,Geo25,Promo,2022-05-16,2.3855557,2.7268261170778456,-2.3421387290831244,2.011655717180249,779181.9,,Promo contínuo e zero-inflado; IQR não diagnostica erro,manter no exemplo simulado; sem evidência de corrupção,plausibilidade comercial não demonstrada
check_geo_std,1,Geo25,Promo,2022-10-03,2.5245147,2.9269906699892765,-2.3421387290831244,2.011655717180249,779181.9,,Promo contínuo e zero-inflado; IQR não diagnostica erro,manter no exemplo simulado; sem evidência de corrupção,plausibilidade comercial não demonstrada
check_geo_std,1,Geo25,Promo,2023-06-05,1.961065,2.1153652460255192,-2.3421387290831244,2.011655717180249,779181.9,,Promo contínuo e zero-inflado; IQR não diagnostica erro,manter no exemplo simulado; sem evidência de corrupção,plausibilidade comercial não demonstrada
check_geo_std,1,Geo25,Promo,2023-09-25,2.3278735,2.6437373515142784,-2.3421387290831244,2.011655717180249,779181.9,,Promo contínuo e zero-inflado; IQR não diagnostica erro,manter no exemplo simulado; sem evidência de corrupção,plausibilidade comercial não demonstrada
check_geo_std,1,Geo25,Promo,2023-12-11,2.1869764,2.440781047654743,-2.3421387290831244,2.011655717180249,779181.9,,Promo contínuo e zero-inflado; IQR não diagnostica erro,manter no exemplo simulado; sem evidência de corrupção,plausibilidade comercial não demonstrada
check_geo_std,1,Geo26,Channel2,2021-03-15,517778.0,1.791526530398865,-0.4177127808907207,0.6961879681512012,271370.62,1908.010528184665,Domínio válido; magnitude confrontada na escala oficial e dentro do nível/geo,manter no exemplo simulado; sem evidência de corrupção,plausibilidade comercial não demonstrada
check_geo_std,1,Geo26,Channel2,2021-05-31,489940.0,1.6952062627296252,-0.4177127808907207,0.6961879681512012,271370.62,1805.4275735523618,Domínio válido; magnitude confrontada na escala oficial e dentro do nível/geo,manter no exemplo simulado; sem evidência de corrupção,plausibilidade comercial não demonstrada
check_geo_std,1,Geo26,Channel2,2021-08-09,572083.0,1.9794233669452426,-0.4177127808907207,0.6961879681512012,271370.62,2108.124306161072,Domínio válido; magnitude confrontada na escala oficial e dentro do nível/geo,manter no exemplo simulado; sem evidência de corrupção,plausibilidade comercial não demonstrada
check_geo_std,1,Geo26,Channel2,2021-08-23,453900.0,1.5705068429868492,-0.4177127808907207,0.6961879681512012,271370.62,1672.6202711258868,Domínio válido; magnitude confrontada na escala oficial e dentro do nível/geo,manter no exemplo simulado; sem evidência de corrupção,plausibilidade comercial não demonstrada
check_geo_std,1,Geo26,Channel2,2021-08-30,290109.0,1.0037853485615154,-0.4177127808907207,0.6961879681512012,271370.62,1069.0508795683188,Domínio válido; magnitude confrontada na escala oficial e dentro do nível/geo,manter no exemplo simulado; sem evidência de corrupção,plausibilidade comercial não demonstrada
check_geo_std,1,Geo26,Channel2,2021-10-11,392180.0,1.356953896634903,-0.4177127808907207,0.6961879681512012,271370.62,1445.1822382246096,Domínio válido; magnitude confrontada na escala oficial e dentro do nível/geo,manter no exemplo simulado; sem evidência de corrupção,plausibilidade comercial não demonstrada
check_geo_std,1,Geo26,Channel2,2021-11-01,372244.0,1.2879747725507749,-0.4177127808907207,0.6961879681512012,271370.62,1371.7181321986882,Domínio válido; magnitude confrontada na escala oficial e dentro do nível/geo,manter no exemplo simulado; sem evidência de corrupção,plausibilidade comercial não demonstrada
check_geo_std,1,Geo26,Channel2,2022-01-03,687168.0,2.3776207232465016,-0.4177127808907207,0.6961879681512012,271370.62,2532.2122195836823,Domínio válido; magnitude confrontada na escala oficial e dentro do nível/geo,manter no exemplo simulado; sem evidência de corrupção,plausibilidade comercial não demonstrada
check_geo_std,1,Geo26,Channel2,2022-02-21,1218554.0,4.216231318680319,-0.4177127808907207,0.6961879681512012,271370.62,4490.36819092649,Domínio válido; magnitude confrontada na escala oficial e dentro do nível/geo,manter no exemplo simulado; sem evidência de corrupção,plausibilidade comercial não demonstrada
check_geo_std,1,Geo26,Channel2,2022-02-28,211310.0,0.7311385789635406,-0.4177127808907207,0.6961879681512012,271370.62,778.6767779061713,Domínio válido; magnitude confrontada na escala oficial e dentro do nível/geo,manter no exemplo simulado; sem evidência de corrupção,plausibilidade comercial não demonstrada
check_geo_std,1,Geo26,Channel2,2022-04-18,383728.0,1.3277097374876794,-0.4177127808907207,0.6961879681512012,271370.62,1414.0366411072798,Domínio válido; magnitude confrontada na escala oficial e dentro do nível/geo,manter no exemplo simulado; sem evidência de corrupção,plausibilidade comercial não demonstrada
check_geo_std,1,Geo26,Channel2,2022-05-09,237322.0,0.8211408349665675,-0.4177127808907207,0.6961879681512012,271370.62,874.5309274821276,Domínio válido; magnitude confrontada na escala oficial e dentro do nível/geo,manter no exemplo simulado; sem evidência de corrupção,plausibilidade comercial não demonstrada
check_geo_std,1,Geo26,Channel2,2022-07-04,261734.0,0.9056070456979951,-0.4177127808907207,0.6961879681512012,271370.62,964.4890813898719,Domínio válido; magnitude confrontada na escala oficial e dentro do nível/geo,manter no exemplo simulado; sem evidência de corrupção,plausibilidade comercial não demonstrada
check_geo_std,1,Geo26,Channel2,2022-09-05,205836.0,0.7121983840780812,-0.4177127808907207,0.6961879681512012,271370.62,758.5051027263011,Domínio válido; magnitude confrontada na escala oficial e dentro do nível/geo,manter no exemplo simulado; sem evidência de corrupção,plausibilidade comercial não demonstrada
check_geo_std,1,Geo26,Channel2,2022-09-12,419558.0,1.451682551288558,-0.4177127808907207,0.6961879681512012,271370.62,1546.0700941023017,Domínio válido; magnitude confrontada na escala oficial e dentro do nível/geo,manter no exemplo simulado; sem evidência de corrupção,plausibilidade comercial não demonstrada
check_geo_std,1,Geo26,Channel2,2022-09-19,1009636.0,3.49336912739782,-0.4177127808907207,0.6961879681512012,271370.62,3720.5059265442956,Domínio válido; magnitude confrontada na escala oficial e dentro do nível/geo,manter no exemplo simulado; sem evidência de corrupção,plausibilidade comercial não demonstrada
check_geo_std,1,Geo26,Channel2,2022-09-26,403074.0,1.3946474448779054,-0.4177127808907207,0.6961879681512012,271370.62,1485.3265987305479,Domínio válido; magnitude confrontada na escala oficial e dentro do nível/geo,manter no exemplo simulado; sem evidência de corrupção,plausibilidade comercial não demonstrada
check_geo_std,1,Geo26,Channel2,2022-10-17,695462.0,2.406318197923155,-0.4177127808907207,0.6961879681512012,271370.62,2562.775587128776,Domínio válido; magnitude confrontada na escala oficial e dentro do nível/geo,manter no exemplo simulado; sem evidência de corrupção,plausibilidade comercial não demonstrada
check_geo_std,1,Geo26,Channel2,2022-11-14,502344.0,1.7381244536976994,-0.4177127808907207,0.6961879681512012,271370.62,1851.136279970175,Domínio válido; magnitude confrontada na escala oficial e dentro do nível/geo,manter no exemplo simulado; sem evidência de corrupção,plausibilidade comercial não demonstrada
check_geo_std,1,Geo26,Channel2,2022-12-19,201533.0,0.6973098823257736,-0.4177127808907207,0.6961879681512012,271370.62,742.6485593761034,Domínio válido; magnitude confrontada na escala oficial e dentro do nível/geo,manter no exemplo simulado; sem evidência de corrupção,plausibilidade comercial não demonstrada
check_geo_std,1,Geo26,Channel2,2023-08-07,213972.0,0.7403491742841641,-0.4177127808907207,0.6961879681512012,271370.62,788.486240699159,Domínio válido; magnitude confrontada na escala oficial e dentro do nível/geo,manter no exemplo simulado; sem evidência de corrupção,plausibilidade comercial não demonstrada
check_geo_std,1,Geo26,Channel2,2023-08-21,653421.0,2.2608551483835866,-0.4177127808907207,0.6961879681512012,271370.62,2407.854615949214,Domínio válido; magnitude confrontada na escala oficial e dentro do nível/geo,manter no exemplo simulado; sem evidência de corrupção,plausibilidade comercial não demonstrada
check_geo_std,1,Geo26,Channel2,2023-09-25,250312.0,0.8660866025153651,-0.4177127808907207,0.6961879681512012,271370.62,922.3990423134236,Domínio válido; magnitude confrontada na escala oficial e dentro do nível/geo,manter no exemplo simulado; sem evidência de corrupção,plausibilidade comercial não demonstrada
check_geo_std,1,Geo26,Channel2,2023-10-23,354093.0,1.2251717989727746,-0.4177127808907207,0.6961879681512012,271370.62,1304.831746340116,Domínio válido; magnitude confrontada na escala oficial e dentro do nível/geo,manter no exemplo simulado; sem evidência de corrupção,plausibilidade comercial não demonstrada
check_geo_std,1,Geo26,Channel2,2023-11-27,668809.0,2.314098063783194,-0.4177127808907207,0.6961879681512012,271370.62,2464.559354288242,Domínio válido; magnitude confrontada na escala oficial e dentro do nível/geo,manter no exemplo simulado; sem evidência de corrupção,plausibilidade comercial não demonstrada
check_geo_std,1,Geo26,Channel2,2023-12-11,534816.0,1.8504784924848088,-0.4177127808907207,0.6961879681512012,271370.62,1970.7955120565373,Domínio válido; magnitude confrontada na escala oficial e dentro do nível/geo,manter no exemplo simulado; sem evidência de corrupção,plausibilidade comercial não demonstrada
check_geo_std,1,Geo26,Channel2,2023-12-25,363700.0,1.258412290800434,-0.4177127808907207,0.6961879681512012,271370.62,1340.2335153304364,Domínio válido; magnitude confrontada na escala oficial e dentro do nível/geo,manter no exemplo simulado; sem evidência de corrupção,plausibilidade comercial não demonstrada
check_geo_std,1,Geo26,Channel3,2021-08-30,2258729.0,2.4958884480714456,-0.4837627900707515,2.36492684482893,271370.62,8323.41024979049,Domínio válido; magnitude confrontada na escala oficial e dentro do nível/geo,manter no exemplo simulado; sem evidência de corrupção,plausibilidade comercial não demonstrada
check_geo_std,1,Geo26,Channel3,2023-08-07,2172150.0,2.4002189251027417,-0.4837627900707515,2.36492684482893,271370.62,8004.366869191662,Domínio válido; magnitude confrontada na escala oficial e dentro do nível/geo,manter no exemplo simulado; sem evidência de corrupção,plausibilidade comercial não demonstrada
check_geo_std,1,Geo26,Channel4,2021-10-11,1868981.0,3.5233640679836755,-1.069275515762016,2.825308610342638,271370.62,6887.1899249815615,Domínio válido; magnitude confrontada na escala oficial e dentro do nível/geo,manter no exemplo simulado; sem evidência de corrupção,plausibilidade comercial não demonstrada
check_geo_std,1,Geo26,Channel4,2023-08-21,1563407.0,2.9473023254030695,-1.069275515762016,2.825308610342638,271370.62,5761.150562282683,Domínio válido; magnitude confrontada na escala oficial e dentro do nível/geo,manter no exemplo simulado; sem evidência de corrupção,plausibilidade comercial não demonstrada
check_geo_std,1,Geo26,Organic_channel0,2022-09-05,1325691.0,3.79290573688161,-1.8237850562699283,3.0396417604498804,271370.62,4885.167745867257,Domínio válido; magnitude confrontada na escala oficial e dentro do nível/geo,manter no exemplo simulado; sem evidência de corrupção,plausibilidade comercial não demonstrada
check_geo_std,1,Geo26,Promo,2021-11-15,2.750431,3.2524135298609265,-2.6913411497964512,2.59365975170246,271370.62,,Promo contínuo e zero-inflado; IQR não diagnostica erro,manter no exemplo simulado; sem evidência de corrupção,plausibilidade comercial não demonstrada
check_geo_std,1,Geo26,Promo,2023-08-14,3.003806,3.6173894838756633,-2.6913411497964512,2.59365975170246,271370.62,,Promo contínuo e zero-inflado; IQR não diagnostica erro,manter no exemplo simulado; sem evidência de corrupção,plausibilidade comercial não demonstrada
check_geo_std,1,Geo26,Promo,2023-12-11,2.5456083,2.9573751072210683,-2.6913411497964512,2.59365975170246,271370.62,,Promo contínuo e zero-inflado; IQR não diagnostica erro,manter no exemplo simulado; sem evidência de corrupção,plausibilidade comercial não demonstrada
check_geo_std,1,Geo26,competitor_sales_control,2022-02-21,3.7371893,3.1251173366948533,-2.7098195482590555,2.4785280366098803,271370.62,,Índice sintético com valores negativos admissíveis,manter no exemplo simulado; sem evidência de corrupção,plausibilidade comercial não demonstrada
check_geo_std,1,Geo26,sentiment_score_control,2022-01-10,3.2188745,2.76700140675983,-2.534362906192558,2.6002531511854636,271370.62,,Índice sintético com valores negativos admissíveis,manter no exemplo simulado; sem evidência de corrupção,plausibilidade comercial não demonstrada
check_geo_std,1,Geo27,Channel1,2023-10-23,2304386.0,3.4751646458035332,-1.8872195402746863,3.287370359316272,559967.9,4115.210889767073,Domínio válido; magnitude confrontada na escala oficial e dentro do nível/geo,manter no exemplo simulado; sem evidência de corrupção,plausibilidade comercial não demonstrada
check_geo_std,1,Geo27,Channel1,2023-12-04,2459397.0,3.7089313614972803,-1.8872195402746863,3.287370359316272,559967.9,4392.032114698003,Domínio válido; magnitude confrontada na escala oficial e dentro do nível/geo,manter no exemplo simulado; sem evidência de corrupção,plausibilidade comercial não demonstrada
check_geo_std,1,Geo27,Channel2,2021-02-22,1330050.0,2.23021798006807,-0.7597618474457786,1.2662697457429641,559967.9,2375.225437029515,Domínio válido; magnitude confrontada na escala oficial e dentro do nível/geo,manter no exemplo simulado; sem evidência de corrupção,plausibilidade comercial não demonstrada
check_geo_std,1,Geo27,Channel2,2021-03-15,2342213.0,3.927405395097308,-0.7597618474457786,1.2662697457429641,559967.9,4182.762976234888,Domínio válido; magnitude confrontada na escala oficial e dentro do nível/geo,manter no exemplo simulado; sem evidência de corrupção,plausibilidade comercial não demonstrada
check_geo_std,1,Geo27,Channel2,2021-08-30,1599733.0,2.6824204352529857,-0.7597618474457786,1.2662697457429641,559967.9,2856.8298289955546,Domínio válido; magnitude confrontada na escala oficial e dentro do nível/geo,manter no exemplo simulado; sem evidência de corrupção,plausibilidade comercial não demonstrada
check_geo_std,1,Geo27,Channel2,2021-09-13,1046330.0,1.7544783873422982,-0.7597618474457786,1.2662697457429641,559967.9,1868.553536729516,Domínio válido; magnitude confrontada na escala oficial e dentro do nível/geo,manter no exemplo simulado; sem evidência de corrupção,plausibilidade comercial não demonstrada
check_geo_std,1,Geo27,Channel2,2021-12-06,1169354.0,1.960764118540294,-0.7597618474457786,1.2662697457429641,559967.9,2088.251844436083,Domínio válido; magnitude confrontada na escala oficial e dentro do nível/geo,manter no exemplo simulado; sem evidência de corrupção,plausibilidade comercial não demonstrada
check_geo_std,1,Geo27,Channel2,2022-02-21,1207205.0,2.0242323947431107,-0.7597618474457786,1.2662697457429641,559967.9,2155.846790503527,Domínio válido; magnitude confrontada na escala oficial e dentro do nível/geo,manter no exemplo simulado; sem evidência de corrupção,plausibilidade comercial não demonstrada
check_geo_std,1,Geo27,Channel2,2022-09-26,1011288.0,1.6957202215157914,-0.7597618474457786,1.2662697457429641,559967.9,1805.9749496355057,Domínio válido; magnitude confrontada na escala oficial e dentro do nível/geo,manter no exemplo simulado; sem evidência de corrupção,plausibilidade comercial não demonstrada
check_geo_std,1,Geo27,Channel2,2022-10-03,827187.0,1.3870210294940541,-0.7597618474457786,1.2662697457429641,559967.9,1477.2043183189608,Domínio válido; magnitude confrontada na escala oficial e dentro do nível/geo,manter no exemplo simulado; sem evidência de corrupção,plausibilidade comercial não demonstrada
check_geo_std,1,Geo27,Channel2,2022-10-31,1452458.0,2.4354708070325994,-0.7597618474457786,1.2662697457429641,559967.9,2593.823681678896,Domínio válido; magnitude confrontada na escala oficial e dentro do nível/geo,manter no exemplo simulado; sem evidência de corrupção,plausibilidade comercial não demonstrada
check_geo_std,1,Geo27,Channel2,2023-04-10,857365.0,1.437623276178385,-0.7597618474457786,1.2662697457429641,559967.9,1531.096693221165,Domínio válido; magnitude confrontada na escala oficial e dentro do nível/geo,manter no exemplo simulado; sem evidência de corrupção,plausibilidade comercial não demonstrada
check_geo_std,1,Geo27,Channel2,2023-06-26,1944808.0,3.2610396371416286,-0.7597618474457786,1.2662697457429641,559967.9,3473.0705099345873,Domínio válido; magnitude confrontada na escala oficial e dentro do nível/geo,manter no exemplo simulado; sem evidência de corrupção,plausibilidade comercial não demonstrada
check_geo_std,1,Geo27,Channel2,2023-07-10,1074848.0,1.8022971583325476,-0.7597618474457786,1.2662697457429641,559967.9,1919.4814559906022,Domínio válido; magnitude confrontada na escala oficial e dentro do nível/geo,manter no exemplo simulado; sem evidência de corrupção,plausibilidade comercial não demonstrada
check_geo_std,1,Geo27,Channel2,2023-08-21,967545.0,1.6223722833915724,-0.7597618474457786,1.2662697457429641,559967.9,1727.857971858744,Domínio válido; magnitude confrontada na escala oficial e dentro do nível/geo,manter no exemplo simulado; sem evidência de corrupção,plausibilidade comercial não demonstrada
check_geo_std,1,Geo27,Channel2,2023-10-23,773745.0,1.2974098800705003,-0.7597618474457786,1.2662697457429641,559967.9,1381.766704841474,Domínio válido; magnitude confrontada na escala oficial e dentro do nível/geo,manter no exemplo simulado; sem evidência de corrupção,plausibilidade comercial não demonstrada
check_geo_std,1,Geo27,Channel2,2023-10-30,1499605.0,2.514526547122272,-0.7597618474457786,1.2662697457429641,559967.9,2678.0195793366015,Domínio válido; magnitude confrontada na escala oficial e dentro do nível/geo,manter no exemplo simulado; sem evidência de corrupção,plausibilidade comercial não demonstrada
check_geo_std,1,Geo27,Channel2,2023-11-20,814991.0,1.3665708671054897,-0.7597618474457786,1.2662697457429641,559967.9,1455.4244984399998,Domínio válido; magnitude confrontada na escala oficial e dentro do nível/geo,manter no exemplo simulado; sem evidência de corrupção,plausibilidade comercial não demonstrada
check_geo_std,1,Geo27,Channel2,2023-11-27,1331211.0,2.2321647362613404,-0.7597618474457786,1.2662697457429641,559967.9,2377.2987701616466,Domínio válido; magnitude confrontada na escala oficial e dentro do nível/geo,manter no exemplo simulado; sem evidência de corrupção,plausibilidade comercial não demonstrada
check_geo_std,1,Geo27,Channel2,2023-12-04,1302905.0,2.1847014452994915,-0.7597618474457786,1.2662697457429641,559967.9,2326.749444030631,Domínio válido; magnitude confrontada na escala oficial e dentro do nível/geo,manter no exemplo simulado; sem evidência de corrupção,plausibilidade comercial não demonstrada
check_geo_std,1,Geo27,Channel4,2023-08-21,3326636.0,3.039188327853276,-0.7873136762481021,2.7216519253667473,559967.9,5940.761961533866,Domínio válido; magnitude confrontada na escala oficial e dentro do nível/geo,manter no exemplo simulado; sem evidência de corrupção,plausibilidade comercial não demonstrada
check_geo_std,1,Geo27,Organic_channel0,2023-06-05,2161790.0,2.997387833487033,-1.7743554241301784,2.957259040216964,559967.9,3860.5605785617354,Domínio válido; magnitude confrontada na escala oficial e dentro do nível/geo,manter no exemplo simulado; sem evidência de corrupção,plausibilidade comercial não demonstrada
check_geo_std,1,Geo27,Promo,2021-12-13,2.544808,2.9562223089734196,-2.530990557906339,2.3264087652189396,559967.9,,Promo contínuo e zero-inflado; IQR não diagnostica erro,manter no exemplo simulado; sem evidência de corrupção,plausibilidade comercial não demonstrada
check_geo_std,1,Geo27,Promo,2023-03-13,2.489963,2.8772204098202345,-2.530990557906339,2.3264087652189396,559967.9,,Promo contínuo e zero-inflado; IQR não diagnostica erro,manter no exemplo simulado; sem evidência de corrupção,plausibilidade comercial não demonstrada
check_geo_std,1,Geo27,Promo,2023-04-17,2.5329747,2.939176941606305,-2.530990557906339,2.3264087652189396,559967.9,,Promo contínuo e zero-inflado; IQR não diagnostica erro,manter no exemplo simulado; sem evidência de corrupção,plausibilidade comercial não demonstrada
check_geo_std,1,Geo27,Promo,2023-11-13,3.393917,4.179327853472675,-2.530990557906339,2.3264087652189396,559967.9,,Promo contínuo e zero-inflado; IQR não diagnostica erro,manter no exemplo simulado; sem evidência de corrupção,plausibilidade comercial não demonstrada
check_geo_std,1,Geo27,competitor_sales_control,2023-03-13,-4.0258627,-3.290272984597477,-2.3979208324607146,2.514252205740804,559967.9,,Índice sintético com valores negativos admissíveis,manter no exemplo simulado; sem evidência de corrupção,plausibilidade comercial não demonstrada
check_geo_std,1,Geo28,Channel0,2021-10-11,3340580.0,2.857476233561545,-0.8799152312478589,2.6475998228997604,679385.8,4917.058908207972,Domínio válido; magnitude confrontada na escala oficial e dentro do nível/geo,manter no exemplo simulado; sem evidência de corrupção,plausibilidade comercial não demonstrada
check_geo_std,1,Geo28,Channel0,2023-09-25,3396623.0,2.9054144779854143,-0.8799152312478589,2.6475998228997604,679385.8,4999.54959317666,Domínio válido; magnitude confrontada na escala oficial e dentro do nível/geo,manter no exemplo simulado; sem evidência de corrupção,plausibilidade comercial não demonstrada
check_geo_std,1,Geo28,Channel1,2023-01-09,2592565.0,3.222526352754713,-1.805120622453418,3.0085343707556964,679385.8,3816.042372389885,Domínio válido; magnitude confrontada na escala oficial e dentro do nível/geo,manter no exemplo simulado; sem evidência de corrupção,plausibilidade comercial não demonstrada
check_geo_std,1,Geo28,Channel1,2023-09-04,2468492.0,3.0683051424223455,-1.805120622453418,3.0085343707556964,679385.8,3633.41712470293,Domínio válido; magnitude confrontada na escala oficial e dentro do nível/geo,manter no exemplo simulado; sem evidência de corrupção,plausibilidade comercial não demonstrada
check_geo_std,1,Geo28,Channel1,2024-01-08,2773968.0,3.4480080467406937,-1.805120622453418,3.0085343707556964,679385.8,4083.0526631554553,Domínio válido; magnitude confrontada na escala oficial e dentro do nível/geo,manter no exemplo simulado; sem evidência de corrupção,plausibilidade comercial não demonstrada
check_geo_std,1,Geo28,Channel2,2021-05-03,1457734.0,2.014671742697113,-1.1308594777439183,1.8847657962398638,679385.8,2145.6645105034577,Domínio válido; magnitude confrontada na escala oficial e dentro do nível/geo,manter no exemplo simulado; sem evidência de corrupção,plausibilidade comercial não demonstrada
check_geo_std,1,Geo28,Channel2,2021-10-11,3788595.0,5.236054925674759,-1.1308594777439183,1.8847657962398638,679385.8,5576.500127026499,Domínio válido; magnitude confrontada na escala oficial e dentro do nível/geo,manter no exemplo simulado; sem evidência de corrupção,plausibilidade comercial não demonstrada
check_geo_std,1,Geo28,Channel2,2021-12-13,1631916.0,2.2554012265991616,-1.1308594777439183,1.8847657962398638,679385.8,2402.046083388849,Domínio válido; magnitude confrontada na escala oficial e dentro do nível/geo,manter no exemplo simulado; sem evidência de corrupção,plausibilidade comercial não demonstrada
check_geo_std,1,Geo28,Channel2,2022-05-23,2218473.0,3.066056540518704,-1.1308594777439183,1.8847657962398638,679385.8,3265.4097274332194,Domínio válido; magnitude confrontada na escala oficial e dentro do nível/geo,manter no exemplo simulado; sem evidência de corrupção,plausibilidade comercial não demonstrada
check_geo_std,1,Geo28,Channel2,2022-09-12,3129730.0,4.325465821111009,-1.1308594777439183,1.8847657962398638,679385.8,4606.705056243448,Domínio válido; magnitude confrontada na escala oficial e dentro do nível/geo,manter no exemplo simulado; sem evidência de corrupção,plausibilidade comercial não demonstrada
check_geo_std,1,Geo28,Channel2,2023-07-31,1367176.0,1.88951540849954,-1.1308594777439183,1.8847657962398638,679385.8,2012.3705853139704,Domínio válido; magnitude confrontada na escala oficial e dentro do nível/geo,manter no exemplo simulado; sem evidência de corrupção,plausibilidade comercial não demonstrada
check_geo_std,1,Geo28,Channel2,2023-09-04,1582916.0,2.1876804247298502,-1.1308594777439183,1.8847657962398638,679385.8,2329.9221149455875,Domínio válido; magnitude confrontada na escala oficial e dentro do nível/geo,manter no exemplo simulado; sem evidência de corrupção,plausibilidade comercial não demonstrada
check_geo_std,1,Geo28,Channel2,2023-09-25,2461552.0,3.402005618020547,-1.1308594777439183,1.8847657962398638,679385.8,3623.202015703007,Domínio válido; magnitude confrontada na escala oficial e dentro do nível/geo,manter no exemplo simulado; sem evidência de corrupção,plausibilidade comercial não demonstrada
check_geo_std,1,Geo28,Channel2,2023-10-09,2127123.0,2.939805617033774,-1.1308594777439183,1.8847657962398638,679385.8,3130.9500434068536,Domínio válido; magnitude confrontada na escala oficial e dentro do nível/geo,manter no exemplo simulado; sem evidência de corrupção,plausibilidade comercial não demonstrada
check_geo_std,1,Geo28,Channel2,2023-10-23,2203014.0,3.044691318557527,-1.1308594777439183,1.8847657962398638,679385.8,3242.655351348232,Domínio válido; magnitude confrontada na escala oficial e dentro do nível/geo,manter no exemplo simulado; sem evidência de corrupção,plausibilidade comercial não demonstrada
check_geo_std,1,Geo28,Channel2,2023-12-04,1558106.0,2.1533915860690827,-1.1308594777439183,1.8847657962398638,679385.8,2293.4038362297238,Domínio válido; magnitude confrontada na escala oficial e dentro do nível/geo,manter no exemplo simulado; sem evidência de corrupção,plausibilidade comercial não demonstrada
check_geo_std,1,Geo28,Channel3,2021-10-11,5913127.0,2.609904471117649,-0.5624325957242802,2.550620901448586,679385.8,8703.6364316122,Domínio válido; magnitude confrontada na escala oficial e dentro do nível/geo,manter no exemplo simulado; sem evidência de corrupção,plausibilidade comercial não demonstrada
check_geo_std,1,Geo28,Organic_channel0,2021-10-11,3529068.0,4.033073435385102,-2.0742871822477915,3.4571453037463193,679385.8,5194.4977360433495,Domínio válido; magnitude confrontada na escala oficial e dentro do nível/geo,manter no exemplo simulado; sem evidência de corrupção,plausibilidade comercial não demonstrada
check_geo_std,1,Geo28,Promo,2021-10-11,3.5992296,4.475071956309364,-2.462232399421957,2.2118118344116375,679385.8,,Promo contínuo e zero-inflado; IQR não diagnostica erro,manter no exemplo simulado; sem evidência de corrupção,plausibilidade comercial não demonstrada
check_geo_std,1,Geo28,Promo,2021-11-08,2.1377225,2.3698328912010824,-2.462232399421957,2.2118118344116375,679385.8,,Promo contínuo e zero-inflado; IQR não diagnostica erro,manter no exemplo simulado; sem evidência de corrupção,plausibilidade comercial não demonstrada
check_geo_std,1,Geo28,Promo,2021-12-27,2.2104473,2.4745898848292254,-2.462232399421957,2.2118118344116375,679385.8,,Promo contínuo e zero-inflado; IQR não diagnostica erro,manter no exemplo simulado; sem evidência de corrupção,plausibilidade comercial não demonstrada
check_geo_std,1,Geo28,Promo,2022-11-14,2.27509,2.567704955781721,-2.462232399421957,2.2118118344116375,679385.8,,Promo contínuo e zero-inflado; IQR não diagnostica erro,manter no exemplo simulado; sem evidência de corrupção,plausibilidade comercial não demonstrada
check_geo_std,1,Geo28,Promo,2023-11-06,2.27911,2.5734955954862664,-2.462232399421957,2.2118118344116375,679385.8,,Promo contínuo e zero-inflado; IQR não diagnostica erro,manter no exemplo simulado; sem evidência de corrupção,plausibilidade comercial não demonstrada
check_geo_std,1,Geo28,competitor_sales_control,2021-02-08,-4.141794,-3.386078672869929,-2.581519790974414,2.4921081939514473,679385.8,,Índice sintético com valores negativos admissíveis,manter no exemplo simulado; sem evidência de corrupção,plausibilidade comercial não demonstrada
check_geo_std,1,Geo28,competitor_sales_control,2021-04-19,-3.5212548,-2.873264746380388,-2.581519790974414,2.4921081939514473,679385.8,,Índice sintético com valores negativos admissíveis,manter no exemplo simulado; sem evidência de corrupção,plausibilidade comercial não demonstrada
check_geo_std,1,Geo28,competitor_sales_control,2022-03-21,-3.449091,-2.813628543496822,-2.581519790974414,2.4921081939514473,679385.8,,Índice sintético com valores negativos admissíveis,manter no exemplo simulado; sem evidência de corrupção,plausibilidade comercial não demonstrada
check_geo_std,1,Geo28,sentiment_score_control,2021-07-19,-3.7569895,-3.167489347291394,-2.5151547752811907,2.840113369854355,679385.8,,Índice sintético com valores negativos admissíveis,manter no exemplo simulado; sem evidência de corrupção,plausibilidade comercial não demonstrada
check_geo_std,1,Geo28,sentiment_score_control,2023-03-20,-3.0248594,-2.5446533359797345,-2.5151547752811907,2.840113369854355,679385.8,,Índice sintético com valores negativos admissíveis,manter no exemplo simulado; sem evidência de corrupção,plausibilidade comercial não demonstrada
check_geo_std,1,Geo29,Channel2,2021-05-03,1105436.0,2.421129608502388,-0.5821757569921835,0.9702929283203058,428704.5,2578.5500268833193,Domínio válido; magnitude confrontada na escala oficial e dentro do nível/geo,manter no exemplo simulado; sem evidência de corrupção,plausibilidade comercial não demonstrada
check_geo_std,1,Geo29,Channel2,2021-08-02,1431520.0,3.1353198712212547,-0.5821757569921835,0.9702929283203058,428704.5,3339.1765190241763,Domínio válido; magnitude confrontada na escala oficial e dentro do nível/geo,manter no exemplo simulado; sem evidência de corrupção,plausibilidade comercial não demonstrada
check_geo_std,1,Geo29,Channel2,2021-08-30,1671324.0,3.660539390612071,-0.5821757569921835,0.9702929283203058,428704.5,3898.545501621746,Domínio válido; magnitude confrontada na escala oficial e dentro do nível/geo,manter no exemplo simulado; sem evidência de corrupção,plausibilidade comercial não demonstrada
check_geo_std,1,Geo29,Channel2,2021-10-11,663833.0,1.4539292472842986,-0.5821757569921835,0.9702929283203058,428704.5,1548.462868945859,Domínio válido; magnitude confrontada na escala oficial e dentro do nível/geo,manter no exemplo simulado; sem evidência de corrupção,plausibilidade comercial não demonstrada
check_geo_std,1,Geo29,Channel2,2021-10-18,878676.0,1.9244791013504576,-0.5821757569921835,0.9702929283203058,428704.5,2049.607596841181,Domínio válido; magnitude confrontada na escala oficial e dentro do nível/geo,manter no exemplo simulado; sem evidência de corrupção,plausibilidade comercial não demonstrada
check_geo_std,1,Geo29,Channel2,2021-10-25,451329.0,0.9885022788074338,-0.5821757569921835,0.9702929283203058,428704.5,1052.7741136377156,Domínio válido; magnitude confrontada na escala oficial e dentro do nível/geo,manter no exemplo simulado; sem evidência de corrupção,plausibilidade comercial não demonstrada
check_geo_std,1,Geo29,Channel2,2021-11-01,519651.0,1.1381413507320863,-0.5821757569921835,0.9702929283203058,428704.5,1212.1426297134738,Domínio válido; magnitude confrontada na escala oficial e dentro do nível/geo,manter no exemplo simulado; sem evidência de corrupção,plausibilidade comercial não demonstrada
check_geo_std,1,Geo29,Channel2,2021-11-15,1018654.0,2.2310593831025876,-0.5821757569921835,0.9702929283203058,428704.5,2376.1215475928057,Domínio válido; magnitude confrontada na escala oficial e dentro do nível/geo,manter no exemplo simulado; sem evidência de corrupção,plausibilidade comercial não demonstrada
check_geo_std,1,Geo29,Channel2,2021-11-22,1490076.0,3.263569417423356,-0.5821757569921835,0.9702929283203058,428704.5,3475.7647750373512,Domínio válido; magnitude confrontada na escala oficial e dentro do nível/geo,manter no exemplo simulado; sem evidência de corrupção,plausibilidade comercial não demonstrada
check_geo_std,1,Geo29,Channel2,2021-12-13,1176225.0,2.5761719120425983,-0.5821757569921835,0.9702929283203058,428704.5,2743.6730895057085,Domínio válido; magnitude confrontada na escala oficial e dentro do nível/geo,manter no exemplo simulado; sem evidência de corrupção,plausibilidade comercial não demonstrada
check_geo_std,1,Geo29,Channel2,2022-02-21,1179662.0,2.583699640888432,-0.5821757569921835,0.9702929283203058,428704.5,2751.6902668388134,Domínio válido; magnitude confrontada na escala oficial e dentro do nível/geo,manter no exemplo simulado; sem evidência de corrupção,plausibilidade comercial não demonstrada
check_geo_std,1,Geo29,Channel2,2022-03-14,658091.0,1.4413530997623971,-0.5821757569921835,0.9702929283203058,428704.5,1535.0690277335555,Domínio válido; magnitude confrontada na escala oficial e dentro do nível/geo,manter no exemplo simulado; sem evidência de corrupção,plausibilidade comercial não demonstrada
check_geo_std,1,Geo29,Channel2,2022-08-22,1113342.0,2.4384453560308024,-0.5821757569921835,0.9702929283203058,428704.5,2596.991634097613,Domínio válido; magnitude confrontada na escala oficial e dentro do nível/geo,manter no exemplo simulado; sem evidência de corrupção,plausibilidade comercial não demonstrada
check_geo_std,1,Geo29,Channel2,2022-09-19,476222.0,1.043023010305639,-0.5821757569921835,0.9702929283203058,428704.5,1110.8397509240046,Domínio válido; magnitude confrontada na escala oficial e dentro do nível/geo,manter no exemplo simulado; sem evidência de corrupção,plausibilidade comercial não demonstrada
check_geo_std,1,Geo29,Channel2,2022-10-10,638313.0,1.3980352582980697,-0.5821757569921835,0.9702929283203058,428704.5,1488.9346857800654,Domínio válido; magnitude confrontada na escala oficial e dentro do nível/geo,manter no exemplo simulado; sem evidência de corrupção,plausibilidade comercial não demonstrada
check_geo_std,1,Geo29,Channel2,2022-10-17,653861.0,1.43208853967573,-0.5821757569921835,0.9702929283203058,428704.5,1525.2020914172817,Domínio válido; magnitude confrontada na escala oficial e dentro do nível/geo,manter no exemplo simulado; sem evidência de corrupção,plausibilidade comercial não demonstrada
check_geo_std,1,Geo29,Channel2,2022-10-24,909260.0,1.9914642800007252,-0.5821757569921835,0.9702929283203058,428704.5,2120.9481122778043,Domínio válido; magnitude confrontada na escala oficial e dentro do nível/geo,manter no exemplo simulado; sem evidência de corrupção,plausibilidade comercial não demonstrada
check_geo_std,1,Geo29,Channel2,2022-10-31,599848.0,1.3137890872026428,-0.5821757569921835,0.9702929283203058,428704.5,1399.2108783556039,Domínio válido; magnitude confrontada na escala oficial e dentro do nível/geo,manter no exemplo simulado; sem evidência de corrupção,plausibilidade comercial não demonstrada
check_geo_std,1,Geo29,Channel2,2022-11-21,565940.0,1.2395236726828525,-0.5821757569921835,0.9702929283203058,428704.5,1320.1167704094546,Domínio válido; magnitude confrontada na escala oficial e dentro do nível/geo,manter no exemplo simulado; sem evidência de corrupção,plausibilidade comercial não demonstrada
check_geo_std,1,Geo29,Channel2,2022-12-19,603713.0,1.3222542230737937,-0.5821757569921835,0.9702929283203058,428704.5,1408.226412365627,Domínio válido; magnitude confrontada na escala oficial e dentro do nível/geo,manter no exemplo simulado; sem evidência de corrupção,plausibilidade comercial não demonstrada
check_geo_std,1,Geo29,Channel2,2022-12-26,1046062.0,2.2910884759761987,-0.5821757569921835,0.9702929283203058,428704.5,2440.05369666052,Domínio válido; magnitude confrontada na escala oficial e dentro do nível/geo,manter no exemplo simulado; sem evidência de corrupção,plausibilidade comercial não demonstrada
check_geo_std,1,Geo29,Channel2,2023-02-20,1367611.0,2.9953461665926926,-0.5821757569921835,0.9702929283203058,428704.5,3190.1018067223463,Domínio válido; magnitude confrontada na escala oficial e dentro do nível/geo,manter no exemplo simulado; sem evidência de corrupção,plausibilidade comercial não demonstrada
check_geo_std,1,Geo29,Channel2,2023-06-26,1109946.0,2.431007425521506,-0.5821757569921835,0.9702929283203058,428704.5,2589.070093735895,Domínio válido; magnitude confrontada na escala oficial e dentro do nível/geo,manter no exemplo simulado; sem evidência de corrupção,plausibilidade comercial não demonstrada
check_geo_std,1,Geo29,Channel2,2023-07-10,1350596.0,2.9580798569296562,-0.5821757569921835,0.9702929283203058,428704.5,3150.41246359672,Domínio válido; magnitude confrontada na escala oficial e dentro do nível/geo,manter no exemplo simulado; sem evidência de corrupção,plausibilidade comercial não demonstrada
check_geo_std,1,Geo29,Channel2,2023-08-21,729851.0,1.5985220907362132,-0.5821757569921835,0.9702929283203058,428704.5,1702.457053751477,Domínio válido; magnitude confrontada na escala oficial e dentro do nível/geo,manter no exemplo simulado; sem evidência de corrupção,plausibilidade comercial não demonstrada
check_geo_std,1,Geo29,Channel2,2023-11-06,542891.0,1.1890416761255016,-0.5821757569921835,0.9702929283203058,428704.5,1266.3524642265243,Domínio válido; magnitude confrontada na escala oficial e dentro do nível/geo,manter no exemplo simulado; sem evidência de corrupção,plausibilidade comercial não demonstrada
check_geo_std,1,Geo29,Channel2,2023-12-25,1410048.0,3.0882918253155998,-0.5821757569921835,0.9702929283203058,428704.5,3289.09073732606,Domínio válido; magnitude confrontada na escala oficial e dentro do nível/geo,manter no exemplo simulado; sem evidência de corrupção,plausibilidade comercial não demonstrada
check_geo_std,1,Geo29,Channel3,2021-12-13,3578400.0,2.502964632493412,-0.2275567770563668,2.182435701405525,428704.5,8347.008253937152,Domínio válido; magnitude confrontada na escala oficial e dentro do nível/geo,manter no exemplo simulado; sem evidência de corrupção,plausibilidade comercial não demonstrada
check_geo_std,1,Geo29,Channel3,2023-02-20,3793386.0,2.6533397595002386,-0.2275567770563668,2.182435701405525,428704.5,8848.4865449278,Domínio válido; magnitude confrontada na escala oficial e dentro do nível/geo,manter no exemplo simulado; sem evidência de corrupção,plausibilidade comercial não demonstrada
check_geo_std,1,Geo29,Channel4,2021-10-11,2144221.0,2.558744748668655,-0.8860445505746046,2.4461729260708145,428704.5,5001.6293274271675,Domínio válido; magnitude confrontada na escala oficial e dentro do nível/geo,manter no exemplo simulado; sem evidência de corrupção,plausibilidade comercial não demonstrada
check_geo_std,1,Geo29,Channel4,2021-11-22,2378637.0,2.8384783717438467,-0.8860445505746046,2.4461729260708145,428704.5,5548.4302124190435,Domínio válido; magnitude confrontada na escala oficial e dentro do nível/geo,manter no exemplo simulado; sem evidência de corrupção,plausibilidade comercial não demonstrada
check_geo_std,1,Geo29,Channel4,2022-08-22,2434725.0,2.905409380937082,-0.8860445505746046,2.4461729260708145,428704.5,5679.261589276529,Domínio válido; magnitude confrontada na escala oficial e dentro do nível/geo,manter no exemplo simulado; sem evidência de corrupção,plausibilidade comercial não demonstrada
check_geo_std,1,Geo29,Organic_channel0,2021-05-03,1634358.0,2.9599319018194645,-1.688147880525312,2.8135798008755204,428704.5,3812.3182751755576,Domínio válido; magnitude confrontada na escala oficial e dentro do nível/geo,manter no exemplo simulado; sem evidência de corrupção,plausibilidade comercial não demonstrada
check_geo_std,1,Geo29,Organic_channel0,2021-12-13,1618525.0,2.931257277409447,-1.688147880525312,2.8135798008755204,428704.5,3775.3860759567488,Domínio válido; magnitude confrontada na escala oficial e dentro do nível/geo,manter no exemplo simulado; sem evidência de corrupção,plausibilidade comercial não demonstrada
check_geo_std,1,Geo29,Organic_channel0,2022-12-26,1574320.0,2.8511990590020178,-1.688147880525312,2.8135798008755204,428704.5,3672.2730925381006,Domínio válido; magnitude confrontada na escala oficial e dentro do nível/geo,manter no exemplo simulado; sem evidência de corrupção,plausibilidade comercial não demonstrada
check_geo_std,1,Geo29,Organic_channel0,2023-06-26,1818934.0,3.2942114113946186,-1.688147880525312,2.8135798008755204,428704.5,4242.861924705712,Domínio válido; magnitude confrontada na escala oficial e dentro do nível/geo,manter no exemplo simulado; sem evidência de corrupção,plausibilidade comercial não demonstrada
check_geo_std,1,Geo29,Promo,2021-07-05,1.9407195,2.086058415152675,-2.220624153518208,1.8091314245720547,428704.5,,Promo contínuo e zero-inflado; IQR não diagnostica erro,manter no exemplo simulado; sem evidência de corrupção,plausibilidade comercial não demonstrada
check_geo_std,1,Geo29,Promo,2021-08-30,2.0617294,2.2603680498748373,-2.220624153518208,1.8091314245720547,428704.5,,Promo contínuo e zero-inflado; IQR não diagnostica erro,manter no exemplo simulado; sem evidência de corrupção,plausibilidade comercial não demonstrada
check_geo_std,1,Geo29,Promo,2021-10-18,2.7507453,3.2528662656965337,-2.220624153518208,1.8091314245720547,428704.5,,Promo contínuo e zero-inflado; IQR não diagnostica erro,manter no exemplo simulado; sem evidência de corrupção,plausibilidade comercial não demonstrada
check_geo_std,1,Geo29,Promo,2021-12-06,1.9844893,2.149106957874073,-2.220624153518208,1.8091314245720547,428704.5,,Promo contínuo e zero-inflado; IQR não diagnostica erro,manter no exemplo simulado; sem evidência de corrupção,plausibilidade comercial não demonstrada
check_geo_std,1,Geo29,Promo,2021-12-13,3.593705,4.467114004042763,-2.220624153518208,1.8091314245720547,428704.5,,Promo contínuo e zero-inflado; IQR não diagnostica erro,manter no exemplo simulado; sem evidência de corrupção,plausibilidade comercial não demonstrada
check_geo_std,1,Geo29,Promo,2023-07-24,1.9711108,2.1298357953648037,-2.220624153518208,1.8091314245720547,428704.5,,Promo contínuo e zero-inflado; IQR não diagnostica erro,manter no exemplo simulado; sem evidência de corrupção,plausibilidade comercial não demonstrada
check_geo_std,1,Geo29,Promo,2023-11-06,2.3039856,2.609327843504772,-2.220624153518208,1.8091314245720547,428704.5,,Promo contínuo e zero-inflado; IQR não diagnostica erro,manter no exemplo simulado; sem evidência de corrupção,plausibilidade comercial não demonstrada
check_geo_std,1,Geo29,competitor_sales_control,2022-05-16,-3.2705007,-2.666041424140067,-2.547356060256543,2.3934208160255594,428704.5,,Índice sintético com valores negativos admissíveis,manter no exemplo simulado; sem evidência de corrupção,plausibilidade comercial não demonstrada
check_geo_std,1,Geo29,competitor_sales_control,2022-10-10,3.2027607,2.6834652560619,-2.547356060256543,2.3934208160255594,428704.5,,Índice sintético com valores negativos admissíveis,manter no exemplo simulado; sem evidência de corrupção,plausibilidade comercial não demonstrada
check_geo_std,1,Geo29,competitor_sales_control,2023-02-20,3.2822385,2.74914575245399,-2.547356060256543,2.3934208160255594,428704.5,,Índice sintético com valores negativos admissíveis,manter no exemplo simulado; sem evidência de corrupção,plausibilidade comercial não demonstrada
check_geo_std,1,Geo29,competitor_sales_control,2023-03-13,-3.3203716,-2.707254762550545,-2.547356060256543,2.3934208160255594,428704.5,,Índice sintético com valores negativos admissíveis,manter no exemplo simulado; sem evidência de corrupção,plausibilidade comercial não demonstrada
check_geo_std,1,Geo29,competitor_sales_control,2023-03-20,-3.713109,-3.03181315978523,-2.547356060256543,2.3934208160255594,428704.5,,Índice sintético com valores negativos admissíveis,manter no exemplo simulado; sem evidência de corrupção,plausibilidade comercial não demonstrada
check_geo_std,1,Geo29,competitor_sales_control,2023-08-21,3.4765253,2.9097044677987873,-2.547356060256543,2.3934208160255594,428704.5,,Índice sintético com valores negativos admissíveis,manter no exemplo simulado; sem evidência de corrupção,plausibilidade comercial não demonstrada
check_geo_std,1,Geo29,sentiment_score_control,2023-03-13,-3.3332646,-2.8070190885089294,-2.8037065661802396,2.75184568222053,428704.5,,Índice sintético com valores negativos admissíveis,manter no exemplo simulado; sem evidência de corrupção,plausibilidade comercial não demonstrada
check_geo_std,1,Geo3,Channel2,2021-02-15,492893.0,2.0185244392212915,-0.8973976635404559,1.4956627725674265,229277.33,2149.767707082074,Domínio válido; magnitude confrontada na escala oficial e dentro do nível/geo,manter no exemplo simulado; sem evidência de corrupção,plausibilidade comercial não demonstrada
check_geo_std,1,Geo3,Channel2,2021-05-10,688548.0,2.8197823170078333,-0.8973976635404559,1.4956627725674265,229277.33,3003.1228992417177,Domínio válido; magnitude confrontada na escala oficial e dentro do nível/geo,manter no exemplo simulado; sem evidência de corrupção,plausibilidade comercial não demonstrada
check_geo_std,1,Geo3,Channel2,2021-07-26,632957.0,2.592122780149426,-0.8973976635404559,1.4956627725674265,229277.33,2760.6610736438706,Domínio válido; magnitude confrontada na escala oficial e dentro do nível/geo,manter no exemplo simulado; sem evidência de corrupção,plausibilidade comercial não demonstrada
check_geo_std,1,Geo3,Channel2,2021-08-09,371806.0,1.5226418262160581,-0.8973976635404559,1.4956627725674265,229277.33,1621.643099210899,Domínio válido; magnitude confrontada na escala oficial e dentro do nível/geo,manter no exemplo simulado; sem evidência de corrupção,plausibilidade comercial não demonstrada
check_geo_std,1,Geo3,Channel2,2021-08-30,643867.0,2.6368020546205675,-0.8973976635404559,1.4956627725674265,229277.33,2808.2453681748652,Domínio válido; magnitude confrontada na escala oficial e dentro do nível/geo,manter no exemplo simulado; sem evidência de corrupção,plausibilidade comercial não demonstrada
check_geo_std,1,Geo3,Channel2,2021-09-13,566941.0,2.321770169380694,-0.8973976635404559,1.4956627725674265,229277.33,2472.730295664207,Domínio válido; magnitude confrontada na escala oficial e dentro do nível/geo,manter no exemplo simulado; sem evidência de corrupção,plausibilidade comercial não demonstrada
check_geo_std,1,Geo3,Channel2,2021-10-04,457186.0,1.8722950300974561,-0.8973976635404559,1.4956627725674265,229277.33,1994.0305480703219,Domínio válido; magnitude confrontada na escala oficial e dentro do nível/geo,manter no exemplo simulado; sem evidência de corrupção,plausibilidade comercial não demonstrada
check_geo_std,1,Geo3,Channel2,2022-09-19,838320.0,3.4331374312233955,-0.8973976635404559,1.4956627725674265,229277.33,3656.358001028711,Domínio válido; magnitude confrontada na escala oficial e dentro do nível/geo,manter no exemplo simulado; sem evidência de corrupção,plausibilidade comercial não demonstrada
check_geo_std,1,Geo3,Channel2,2022-12-05,524213.0,2.14678794760224,-0.8973976635404559,1.4956627725674265,229277.33,2286.3708330867253,Domínio válido; magnitude confrontada na escala oficial e dentro do nível/geo,manter no exemplo simulado; sem evidência de corrupção,plausibilidade comercial não demonstrada
check_geo_std,1,Geo3,Channel2,2022-12-19,384163.0,1.5732469402985416,-0.8973976635404559,1.4956627725674265,229277.33,1675.5385279477914,Domínio válido; magnitude confrontada na escala oficial e dentro do nível/geo,manter no exemplo simulado; sem evidência de corrupção,plausibilidade comercial não demonstrada
check_geo_std,1,Geo3,Channel2,2022-12-26,645902.0,2.6451359064582185,-0.8973976635404559,1.4956627725674265,229277.33,2817.121082141004,Domínio válido; magnitude confrontada na escala oficial e dentro do nível/geo,manter no exemplo simulado; sem evidência de corrupção,plausibilidade comercial não demonstrada
check_geo_std,1,Geo3,Channel2,2023-01-02,526188.0,2.1548760839065944,-0.8973976635404559,1.4956627725674265,229277.33,2294.9848552405947,Domínio válido; magnitude confrontada na escala oficial e dentro do nível/geo,manter no exemplo simulado; sem evidência de corrupção,plausibilidade comercial não demonstrada
check_geo_std,1,Geo3,Channel2,2023-05-01,425181.0,1.7412262693780354,-0.8973976635404559,1.4956627725674265,229277.33,1854.4397738755945,Domínio válido; magnitude confrontada na escala oficial e dentro do nível/geo,manter no exemplo simulado; sem evidência de corrupção,plausibilidade comercial não demonstrada
check_geo_std,1,Geo3,Channel2,2023-06-26,492164.0,2.015538995491735,-0.8973976635404559,1.4956627725674265,229277.33,2146.5881515630003,Domínio válido; magnitude confrontada na escala oficial e dentro do nível/geo,manter no exemplo simulado; sem evidência de corrupção,plausibilidade comercial não demonstrada
check_geo_std,1,Geo3,Channel2,2023-09-25,612082.0,2.5066342508565684,-0.8973976635404559,1.4956627725674265,229277.33,2669.6141306251257,Domínio válido; magnitude confrontada na escala oficial e dentro do nível/geo,manter no exemplo simulado; sem evidência de corrupção,plausibilidade comercial não demonstrada
check_geo_std,1,Geo3,Channel2,2023-10-02,611375.0,2.5037389028225543,-0.8973976635404559,1.4956627725674265,229277.33,2666.5305287705505,Domínio válido; magnitude confrontada na escala oficial e dentro do nível/geo,manter no exemplo simulado; sem evidência de corrupção,plausibilidade comercial não demonstrada
check_geo_std,1,Geo3,Channel2,2023-10-09,507646.0,2.0789417936000953,-0.8973976635404559,1.4956627725674265,229277.33,2214.1133621889267,Domínio válido; magnitude confrontada na escala oficial e dentro do nível/geo,manter no exemplo simulado; sem evidência de corrupção,plausibilidade comercial não demonstrada
check_geo_std,1,Geo3,Channel2,2023-11-27,706556.0,2.8935297390679904,-0.8973976635404559,1.4956627725674265,229277.33,3081.6653351641876,Domínio válido; magnitude confrontada na escala oficial e dentro do nível/geo,manter no exemplo simulado; sem evidência de corrupção,plausibilidade comercial não demonstrada
check_geo_std,1,Geo3,Channel2,2023-12-04,944615.0,3.8684429747531826,-0.8973976635404559,1.4956627725674265,229277.33,4119.966854115059,Domínio válido; magnitude confrontada na escala oficial e dentro do nível/geo,manter no exemplo simulado; sem evidência de corrupção,plausibilidade comercial não demonstrada
check_geo_std,1,Geo3,Channel3,2021-09-13,1930224.0,2.5244714625718796,-0.3666199250203178,2.350518289719867,229277.33,8418.730277433011,Domínio válido; magnitude confrontada na escala oficial e dentro do nível/geo,manter no exemplo simulado; sem evidência de corrupção,plausibilidade comercial não demonstrada
check_geo_std,1,Geo3,Channel4,2021-08-30,1403155.0,3.1308336581241805,-1.0098999972557403,2.6571328950113697,229277.33,6119.90291408226,Domínio válido; magnitude confrontada na escala oficial e dentro do nível/geo,manter no exemplo simulado; sem evidência de corrupção,plausibilidade comercial não demonstrada
check_geo_std,1,Geo3,Channel4,2021-09-13,1330787.0,2.969360285495261,-1.0098999972557403,2.6571328950113697,229277.33,5804.267696243672,Domínio válido; magnitude confrontada na escala oficial e dentro do nível/geo,manter no exemplo simulado; sem evidência de corrupção,plausibilidade comercial não demonstrada
check_geo_std,1,Geo3,Channel4,2022-09-19,1275648.0,2.846329660172108,-1.0098999972557403,2.6571328950113697,229277.33,5563.777282298255,Domínio válido; magnitude confrontada na escala oficial e dentro do nível/geo,manter no exemplo simulado; sem evidência de corrupção,plausibilidade comercial não demonstrada
check_geo_std,1,Geo3,Organic_channel0,2023-01-02,879656.0,2.978820419444834,-1.673840400787642,2.7897340013127367,229277.33,3836.6462135615416,Domínio válido; magnitude confrontada na escala oficial e dentro do nível/geo,manter no exemplo simulado; sem evidência de corrupção,plausibilidade comercial não demonstrada
check_geo_std,1,Geo3,Organic_channel0,2023-02-06,844622.0,2.8601831401278845,-1.673840400787642,2.7897340013127367,229277.33,3683.8443643774117,Domínio válido; magnitude confrontada na escala oficial e dentro do nível/geo,manter no exemplo simulado; sem evidência de corrupção,plausibilidade comercial não demonstrada
check_geo_std,1,Geo3,Promo,2021-03-29,1.4754341,1.4158345068976055,-1.8274910068743326,1.1539095134989297,229277.33,,Promo contínuo e zero-inflado; IQR não diagnostica erro,manter no exemplo simulado; sem evidência de corrupção,plausibilidade comercial não demonstrada
check_geo_std,1,Geo3,Promo,2021-05-17,2.0748074,2.279206354863904,-1.8274910068743326,1.1539095134989297,229277.33,,Promo contínuo e zero-inflado; IQR não diagnostica erro,manter no exemplo simulado; sem evidência de corrupção,plausibilidade comercial não demonstrada
check_geo_std,1,Geo3,Promo,2021-06-28,1.6257017,1.63228861905352,-1.8274910068743326,1.1539095134989297,229277.33,,Promo contínuo e zero-inflado; IQR não diagnostica erro,manter no exemplo simulado; sem evidência de corrupção,plausibilidade comercial não demonstrada
check_geo_std,1,Geo3,Promo,2021-08-30,2.541593,2.9515912376674214,-1.8274910068743326,1.1539095134989297,229277.33,,Promo contínuo e zero-inflado; IQR não diagnostica erro,manter no exemplo simulado; sem evidência de corrupção,plausibilidade comercial não demonstrada
check_geo_std,1,Geo3,Promo,2021-12-20,1.8850363,2.0058491244073635,-1.8274910068743326,1.1539095134989297,229277.33,,Promo contínuo e zero-inflado; IQR não diagnostica erro,manter no exemplo simulado; sem evidência de corrupção,plausibilidade comercial não demonstrada
check_geo_std,1,Geo3,Promo,2022-01-24,2.1095672,2.329276374267402,-1.8274910068743326,1.1539095134989297,229277.33,,Promo contínuo e zero-inflado; IQR não diagnostica erro,manter no exemplo simulado; sem evidência de corrupção,plausibilidade comercial não demonstrada
check_geo_std,1,Geo3,Promo,2022-03-28,1.5479245,1.5202538572554145,-1.8274910068743326,1.1539095134989297,229277.33,,Promo contínuo e zero-inflado; IQR não diagnostica erro,manter no exemplo simulado; sem evidência de corrupção,plausibilidade comercial não demonstrada
check_geo_std,1,Geo3,Promo,2022-06-27,3.5231142,4.365430947013999,-1.8274910068743326,1.1539095134989297,229277.33,,Promo contínuo e zero-inflado; IQR não diagnostica erro,manter no exemplo simulado; sem evidência de corrupção,plausibilidade comercial não demonstrada
check_geo_std,1,Geo3,Promo,2022-07-04,2.4535425,2.8247582224173984,-1.8274910068743326,1.1539095134989297,229277.33,,Promo contínuo e zero-inflado; IQR não diagnostica erro,manter no exemplo simulado; sem evidência de corrupção,plausibilidade comercial não demonstrada
check_geo_std,1,Geo3,Promo,2022-09-26,1.4993215,1.4502432946782926,-1.8274910068743326,1.1539095134989297,229277.33,,Promo contínuo e zero-inflado; IQR não diagnostica erro,manter no exemplo simulado; sem evidência de corrupção,plausibilidade comercial não demonstrada
check_geo_std,1,Geo3,Promo,2022-10-17,1.8345985,1.933195610156137,-1.8274910068743326,1.1539095134989297,229277.33,,Promo contínuo e zero-inflado; IQR não diagnostica erro,manter no exemplo simulado; sem evidência de corrupção,plausibilidade comercial não demonstrada
check_geo_std,1,Geo3,Promo,2023-01-02,2.8677633,3.4214257375737764,-1.8274910068743326,1.1539095134989297,229277.33,,Promo contínuo e zero-inflado; IQR não diagnostica erro,manter no exemplo simulado; sem evidência de corrupção,plausibilidade comercial não demonstrada
check_geo_std,1,Geo3,Promo,2023-04-10,1.6376383,1.6494827856946341,-1.8274910068743326,1.1539095134989297,229277.33,,Promo contínuo e zero-inflado; IQR não diagnostica erro,manter no exemplo simulado; sem evidência de corrupção,plausibilidade comercial não demonstrada
check_geo_std,1,Geo3,Promo,2023-05-01,1.5060728,1.4599682563293621,-1.8274910068743326,1.1539095134989297,229277.33,,Promo contínuo e zero-inflado; IQR não diagnostica erro,manter no exemplo simulado; sem evidência de corrupção,plausibilidade comercial não demonstrada
check_geo_std,1,Geo3,Promo,2023-07-31,1.8131083,1.9022398874251354,-1.8274910068743326,1.1539095134989297,229277.33,,Promo contínuo e zero-inflado; IQR não diagnostica erro,manter no exemplo simulado; sem evidência de corrupção,plausibilidade comercial não demonstrada
check_geo_std,1,Geo3,Promo,2023-10-30,1.5089056,1.4640487847261374,-1.8274910068743326,1.1539095134989297,229277.33,,Promo contínuo e zero-inflado; IQR não diagnostica erro,manter no exemplo simulado; sem evidência de corrupção,plausibilidade comercial não demonstrada
check_geo_std,1,Geo3,Promo,2023-11-06,1.5505046,1.5239703820070807,-1.8274910068743326,1.1539095134989297,229277.33,,Promo contínuo e zero-inflado; IQR não diagnostica erro,manter no exemplo simulado; sem evidência de corrupção,plausibilidade comercial não demonstrada
check_geo_std,1,Geo3,Promo,2023-12-11,2.0308778,2.2159276270119617,-1.8274910068743326,1.1539095134989297,229277.33,,Promo contínuo e zero-inflado; IQR não diagnostica erro,manter no exemplo simulado; sem evidência de corrupção,plausibilidade comercial não demonstrada
check_geo_std,1,Geo3,competitor_sales_control,2023-05-15,-3.4370456,-2.803674218499888,-2.278280363390575,2.398563710052196,229277.33,,Índice sintético com valores negativos admissíveis,manter no exemplo simulado; sem evidência de corrupção,plausibilidade comercial não demonstrada
check_geo_std,1,Geo3,sentiment_score_control,2021-04-26,-3.6558018,-3.081407183121664,-2.3381566776595872,2.56969110833021,229277.33,,Índice sintético com valores negativos admissíveis,manter no exemplo simulado; sem evidência de corrupção,plausibilidade comercial não demonstrada
check_geo_std,1,Geo3,sentiment_score_control,2021-07-26,3.0014281,2.58201591244662,-2.3381566776595872,2.56969110833021,229277.33,,Índice sintético com valores negativos admissíveis,manter no exemplo simulado; sem evidência de corrupção,plausibilidade comercial não demonstrada
check_geo_std,1,Geo3,sentiment_score_control,2022-06-27,-3.1106071,-2.6176004193562394,-2.3381566776595872,2.56969110833021,229277.33,,Índice sintético com valores negativos admissíveis,manter no exemplo simulado; sem evidência de corrupção,plausibilidade comercial não demonstrada
check_geo_std,1,Geo30,Channel1,2021-05-17,1013826.0,3.159925833660793,-1.8825613800207432,3.137602300034572,270937.94,3741.91226226936,Domínio válido; magnitude confrontada na escala oficial e dentro do nível/geo,manter no exemplo simulado; sem evidência de corrupção,plausibilidade comercial não demonstrada
check_geo_std,1,Geo30,Channel2,2021-02-01,1098701.0,3.8076074906287043,-0.5331148140414363,0.8885246900690607,270937.94,4055.175882713215,Domínio válido; magnitude confrontada na escala oficial e dentro do nível/geo,manter no exemplo simulado; sem evidência de corrupção,plausibilidade comercial não demonstrada
check_geo_std,1,Geo30,Channel2,2021-04-05,406906.0,1.410154658621193,-0.5331148140414363,0.8885246900690607,270937.94,1501.842082360263,Domínio válido; magnitude confrontada na escala oficial e dentro do nível/geo,manter no exemplo simulado; sem evidência de corrupção,plausibilidade comercial não demonstrada
check_geo_std,1,Geo30,Channel2,2021-05-17,441590.0,1.5303539286727958,-0.5331148140414363,0.8885246900690607,270937.94,1629.8566380182858,Domínio válido; magnitude confrontada na escala oficial e dentro do nível/geo,manter no exemplo simulado; sem evidência de corrupção,plausibilidade comercial não demonstrada
check_geo_std,1,Geo30,Channel2,2021-07-05,655330.0,2.271081410532719,-0.5331148140414363,0.8885246900690607,270937.94,2418.745783628531,Domínio válido; magnitude confrontada na escala oficial e dentro do nível/geo,manter no exemplo simulado; sem evidência de corrupção,plausibilidade comercial não demonstrada
check_geo_std,1,Geo30,Channel2,2021-08-30,1019384.0,3.532730155180573,-0.5331148140414363,0.8885246900690607,270937.94,3762.4261851256415,Domínio válido; magnitude confrontada na escala oficial e dentro do nível/geo,manter no exemplo simulado; sem evidência de corrupção,plausibilidade comercial não demonstrada
check_geo_std,1,Geo30,Channel2,2021-09-27,537267.0,1.861927725257019,-0.5331148140414363,0.8885246900690607,270937.94,1982.9891671871424,Domínio válido; magnitude confrontada na escala oficial e dentro do nível/geo,manter no exemplo simulado; sem evidência de corrupção,plausibilidade comercial não demonstrada
check_geo_std,1,Geo30,Channel2,2021-10-04,683905.0,2.370109612058626,-0.5331148140414363,0.8885246900690607,270937.94,2524.212740378848,Domínio válido; magnitude confrontada na escala oficial e dentro do nível/geo,manter no exemplo simulado; sem evidência de corrupção,plausibilidade comercial não demonstrada
check_geo_std,1,Geo30,Channel2,2021-11-08,479105.0,1.6603641816997212,-0.5331148140414363,0.8885246900690607,270937.94,1768.320080975001,Domínio válido; magnitude confrontada na escala oficial e dentro do nível/geo,manter no exemplo simulado; sem evidência de corrupção,plausibilidade comercial não demonstrada
check_geo_std,1,Geo30,Channel2,2021-11-15,357001.0,1.2372061932790979,-0.5331148140414363,0.8885246900690607,270937.94,1317.648609862465,Domínio válido; magnitude confrontada na escala oficial e dentro do nível/geo,manter no exemplo simulado; sem evidência de corrupção,plausibilidade comercial não demonstrada
check_geo_std,1,Geo30,Channel2,2021-12-13,525504.0,1.8211624152115513,-0.5331148140414363,0.8885246900690607,270937.94,1939.5733207390592,Domínio válido; magnitude confrontada na escala oficial e dentro do nível/geo,manter no exemplo simulado; sem evidência de corrupção,plausibilidade comercial não demonstrada
check_geo_std,1,Geo30,Channel2,2022-01-03,486809.0,1.6870628086308004,-0.5331148140414363,0.8885246900690607,270937.94,1796.7546368736694,Domínio válido; magnitude confrontada na escala oficial e dentro do nível/geo,manter no exemplo simulado; sem evidência de corrupção,plausibilidade comercial não demonstrada
check_geo_std,1,Geo30,Channel2,2022-01-17,1047359.0,3.6296790243909753,-0.5331148140414363,0.8885246900690607,270937.94,3865.6786126003617,Domínio válido; magnitude confrontada na escala oficial e dentro do nível/geo,manter no exemplo simulado; sem evidência de corrupção,plausibilidade comercial não demonstrada
check_geo_std,1,Geo30,Channel2,2022-07-04,422162.0,1.463025148296757,-0.5331148140414363,0.8885246900690607,270937.94,1558.150180074448,Domínio válido; magnitude confrontada na escala oficial e dentro do nível/geo,manter no exemplo simulado; sem evidência de corrupção,plausibilidade comercial não demonstrada
check_geo_std,1,Geo30,Channel2,2022-07-18,317885.0,1.1016475885236343,-0.5331148140414363,0.8885246900690607,270937.94,1173.276064622031,Domínio válido; magnitude confrontada na escala oficial e dentro do nível/geo,manter no exemplo simulado; sem evidência de corrupção,plausibilidade comercial não demonstrada
check_geo_std,1,Geo30,Channel2,2022-09-26,528421.0,1.8312714358187627,-0.5331148140414363,0.8885246900690607,270937.94,1950.3396239005876,Domínio válido; magnitude confrontada na escala oficial e dentro do nível/geo,manter no exemplo simulado; sem evidência de corrupção,plausibilidade comercial não demonstrada
check_geo_std,1,Geo30,Channel2,2022-10-03,291039.0,1.0086113296202401,-0.5331148140414363,0.8885246900690607,270937.94,1074.1906430675601,Domínio válido; magnitude confrontada na escala oficial e dentro do nível/geo,manter no exemplo simulado; sem evidência de corrupção,plausibilidade comercial não demonstrada
check_geo_std,1,Geo30,Channel2,2022-10-31,1233053.0,4.2732115827164945,-0.5331148140414363,0.8885246900690607,270937.94,4551.0532781049415,Domínio válido; magnitude confrontada na escala oficial e dentro do nível/geo,manter no exemplo simulado; sem evidência de corrupção,plausibilidade comercial não demonstrada
check_geo_std,1,Geo30,Channel2,2022-11-14,477492.0,1.6547742433248729,-0.5331148140414363,0.8885246900690607,270937.94,1762.3666881057707,Domínio válido; magnitude confrontada na escala oficial e dentro do nível/geo,manter no exemplo simulado; sem evidência de corrupção,plausibilidade comercial não demonstrada
check_geo_std,1,Geo30,Channel2,2022-11-28,500505.0,1.734527034286052,-0.5331148140414363,0.8885246900690607,270937.94,1847.3049584713015,Domínio válido; magnitude confrontada na escala oficial e dentro do nível/geo,manter no exemplo simulado; sem evidência de corrupção,plausibilidade comercial não demonstrada
check_geo_std,1,Geo30,Channel2,2023-06-26,295853.0,1.0252945058983054,-0.5331148140414363,0.8885246900690607,270937.94,1091.9585496221016,Domínio válido; magnitude confrontada na escala oficial e dentro do nível/geo,manter no exemplo simulado; sem evidência de corrupção,plausibilidade comercial não demonstrada
check_geo_std,1,Geo30,Channel2,2023-09-04,836459.0,2.8987937154911076,-0.5331148140414363,0.8885246900690607,270937.94,3087.2715722279427,Domínio válido; magnitude confrontada na escala oficial e dentro do nível/geo,manter no exemplo simulado; sem evidência de corrupção,plausibilidade comercial não demonstrada
check_geo_std,1,Geo30,Channel2,2023-09-11,602937.0,2.0895106471889977,-0.5331148140414363,0.8885246900690607,270937.94,2225.369396401257,Domínio válido; magnitude confrontada na escala oficial e dentro do nível/geo,manter no exemplo simulado; sem evidência de corrupção,plausibilidade comercial não demonstrada
check_geo_std,1,Geo30,Channel2,2023-10-09,806624.0,2.7953989161026414,-0.5331148140414363,0.8885246900690607,270937.94,2977.1541039988715,Domínio válido; magnitude confrontada na escala oficial e dentro do nível/geo,manter no exemplo simulado; sem evidência de corrupção,plausibilidade comercial não demonstrada
check_geo_std,1,Geo30,Channel2,2023-10-16,321015.0,1.1124947721028502,-0.5331148140414363,0.8885246900690607,270937.94,1184.8285256763966,Domínio válido; magnitude confrontada na escala oficial e dentro do nível/geo,manter no exemplo simulado; sem evidência de corrupção,plausibilidade comercial não demonstrada
check_geo_std,1,Geo30,Channel2,2023-10-23,576397.0,1.997534847766511,-0.5331148140414363,0.8885246900690607,270937.94,2127.4133847773405,Domínio válido; magnitude confrontada na escala oficial e dentro do nível/geo,manter no exemplo simulado; sem evidência de corrupção,plausibilidade comercial não demonstrada
check_geo_std,1,Geo30,Channel2,2023-11-06,370967.0,1.2856061184763266,-0.5331148140414363,0.8885246900690607,270937.94,1369.1954696341163,Domínio válido; magnitude confrontada na escala oficial e dentro do nível/geo,manter no exemplo simulado; sem evidência de corrupção,plausibilidade comercial não demonstrada
check_geo_std,1,Geo30,Channel2,2023-11-13,804918.0,2.78948668121889,-0.5331148140414363,0.8885246900690607,270937.94,2970.8574590919234,Domínio válido; magnitude confrontada na escala oficial e dentro do nível/geo,manter no exemplo simulado; sem evidência de corrupção,plausibilidade comercial não demonstrada
check_geo_std,1,Geo30,Channel2,2023-11-27,1104946.0,3.829249874479248,-0.5331148140414363,0.8885246900690607,270937.94,4078.2254415900557,Domínio válido; magnitude confrontada na escala oficial e dentro do nível/geo,manter no exemplo simulado; sem evidência de corrupção,plausibilidade comercial não demonstrada
check_geo_std,1,Geo30,Channel2,2023-12-04,863979.0,2.994165757695585,-0.5331148140414363,0.8885246900690607,270937.94,3188.8446483353346,Domínio válido; magnitude confrontada na escala oficial e dentro do nível/geo,manter no exemplo simulado; sem evidência de corrupção,plausibilidade comercial não demonstrada
check_geo_std,1,Geo30,Organic_channel0,2021-05-17,1149319.0,3.2935429430295535,-1.828707123095001,3.047845205158335,270937.94,4242.000954166847,Domínio válido; magnitude confrontada na escala oficial e dentro do nível/geo,manter no exemplo simulado; sem evidência de corrupção,plausibilidade comercial não demonstrada
check_geo_std,1,Geo30,Organic_channel0,2022-03-28,1124243.0,3.221683970160046,-1.828707123095001,3.047845205158335,270937.94,4149.448393975388,Domínio válido; magnitude confrontada na escala oficial e dentro do nível/geo,manter no exemplo simulado; sem evidência de corrupção,plausibilidade comercial não demonstrada
check_geo_std,1,Geo30,Organic_channel0,2022-10-31,1285987.0,3.6851852346282854,-1.828707123095001,3.047845205158335,270937.94,4746.426432562379,Domínio válido; magnitude confrontada na escala oficial e dentro do nível/geo,manter no exemplo simulado; sem evidência de corrupção,plausibilidade comercial não demonstrada
check_geo_std,1,Geo30,Promo,2021-06-21,2.4336982,2.796173348912693,-2.3239550994865006,1.9813496678525424,270937.94,,Promo contínuo e zero-inflado; IQR não diagnostica erro,manter no exemplo simulado; sem evidência de corrupção,plausibilidade comercial não demonstrada
check_geo_std,1,Geo30,Promo,2021-08-30,1.9409138,2.086338296071728,-2.3239550994865006,1.9813496678525424,270937.94,,Promo contínuo e zero-inflado; IQR não diagnostica erro,manter no exemplo simulado; sem evidência de corrupção,plausibilidade comercial não demonstrada
check_geo_std,1,Geo30,Promo,2021-12-27,2.768558,3.2785247054639863,-2.3239550994865006,1.9813496678525424,270937.94,,Promo contínuo e zero-inflado; IQR não diagnostica erro,manter no exemplo simulado; sem evidência de corrupção,plausibilidade comercial não demonstrada
check_geo_std,1,Geo30,Promo,2022-03-28,2.6592815,3.1211165363909075,-2.3239550994865006,1.9813496678525424,270937.94,,Promo contínuo e zero-inflado; IQR não diagnostica erro,manter no exemplo simulado; sem evidência de corrupção,plausibilidade comercial não demonstrada
check_geo_std,1,Geo30,Promo,2022-06-20,1.9204235,2.0568228869329097,-2.3239550994865006,1.9813496678525424,270937.94,,Promo contínuo e zero-inflado; IQR não diagnostica erro,manter no exemplo simulado; sem evidência de corrupção,plausibilidade comercial não demonstrada
check_geo_std,1,Geo30,Promo,2022-10-31,2.2902088,2.5894829467183085,-2.3239550994865006,1.9813496678525424,270937.94,,Promo contínuo e zero-inflado; IQR não diagnostica erro,manter no exemplo simulado; sem evidência de corrupção,plausibilidade comercial não demonstrada
check_geo_std,1,Geo30,Promo,2023-08-07,2.4434588,2.8102330797336355,-2.3239550994865006,1.9813496678525424,270937.94,,Promo contínuo e zero-inflado; IQR não diagnostica erro,manter no exemplo simulado; sem evidência de corrupção,plausibilidade comercial não demonstrada
check_geo_std,1,Geo30,Promo,2023-09-11,1.9806799,2.1436196785480788,-2.3239550994865006,1.9813496678525424,270937.94,,Promo contínuo e zero-inflado; IQR não diagnostica erro,manter no exemplo simulado; sem evidência de corrupção,plausibilidade comercial não demonstrada
check_geo_std,1,Geo30,Promo,2023-10-02,2.2978847,2.6005397555014236,-2.3239550994865006,1.9813496678525424,270937.94,,Promo contínuo e zero-inflado; IQR não diagnostica erro,manter no exemplo simulado; sem evidência de corrupção,plausibilidade comercial não demonstrada
check_geo_std,1,Geo30,Promo,2023-11-13,2.9980226,3.6090587411723627,-2.3239550994865006,1.9813496678525424,270937.94,,Promo contínuo e zero-inflado; IQR não diagnostica erro,manter no exemplo simulado; sem evidência de corrupção,plausibilidade comercial não demonstrada
check_geo_std,1,Geo30,competitor_sales_control,2021-04-12,-3.0763571,-2.505601049351794,-2.5044366923188663,2.5099824214397612,270937.94,,Índice sintético com valores negativos admissíveis,manter no exemplo simulado; sem evidência de corrupção,plausibilidade comercial não demonstrada
check_geo_std,1,Geo30,competitor_sales_control,2022-01-17,3.2574158,2.728632259909004,-2.5044366923188663,2.5099824214397612,270937.94,,Índice sintético com valores negativos admissíveis,manter no exemplo simulado; sem evidência de corrupção,plausibilidade comercial não demonstrada
check_geo_std,1,Geo30,competitor_sales_control,2022-09-26,3.167521,2.6543431491501797,-2.5044366923188663,2.5099824214397612,270937.94,,Índice sintético com valores negativos admissíveis,manter no exemplo simulado; sem evidência de corrupção,plausibilidade comercial não demonstrada
check_geo_std,1,Geo30,competitor_sales_control,2023-04-03,-3.3928678,-2.767165660971742,-2.5044366923188663,2.5099824214397612,270937.94,,Índice sintético com valores negativos admissíveis,manter no exemplo simulado; sem evidência de corrupção,plausibilidade comercial não demonstrada
check_geo_std,1,Geo30,sentiment_score_control,2023-12-04,3.3268404,2.858849905426492,-2.8955165337169273,2.784379042084677,270937.94,,Índice sintético com valores negativos admissíveis,manter no exemplo simulado; sem evidência de corrupção,plausibilidade comercial não demonstrada
check_geo_std,1,Geo31,Channel0,2022-11-21,4696564.0,3.1250670489795596,-0.9945982556812973,2.9319369273560385,873369.7,5377.521111620887,Domínio válido; magnitude confrontada na escala oficial e dentro do nível/geo,manter no exemplo simulado; sem evidência de corrupção,plausibilidade comercial não demonstrada
check_geo_std,1,Geo31,Channel2,2021-02-01,1267434.0,1.3626041573980545,-0.41371864650258094,0.6895310775043015,873369.7,1451.1998756082335,Domínio válido; magnitude confrontada na escala oficial e dentro do nível/geo,manter no exemplo simulado; sem evidência de corrupção,plausibilidade comercial não demonstrada
check_geo_std,1,Geo31,Channel2,2021-05-10,1309003.0,1.4072945256688125,-0.41371864650258094,0.6895310775043015,873369.7,1498.7959852511485,Domínio válido; magnitude confrontada na escala oficial e dentro do nível/geo,manter no exemplo simulado; sem evidência de corrupção,plausibilidade comercial não demonstrada
check_geo_std,1,Geo31,Channel2,2021-06-14,1276682.0,1.3725465790528446,-0.41371864650258094,0.6895310775043015,873369.7,1461.7887476517676,Domínio válido; magnitude confrontada na escala oficial e dentro do nível/geo,manter no exemplo simulado; sem evidência de corrupção,plausibilidade comercial não demonstrada
check_geo_std,1,Geo31,Channel2,2021-06-21,1465409.0,1.5754448718343723,-0.41371864650258094,0.6895310775043015,873369.7,1677.8793676950322,Domínio válido; magnitude confrontada na escala oficial e dentro do nível/geo,manter no exemplo simulado; sem evidência de corrupção,plausibilidade comercial não demonstrada
check_geo_std,1,Geo31,Channel2,2021-08-02,994664.0,1.069352172668698,-0.41371864650258094,0.6895310775043015,873369.7,1138.8808198864697,Domínio válido; magnitude confrontada na escala oficial e dentro do nível/geo,manter no exemplo simulado; sem evidência de corrupção,plausibilidade comercial não demonstrada
check_geo_std,1,Geo31,Channel2,2021-08-30,2199664.0,2.3648342330084517,-0.41371864650258094,0.6895310775043015,873369.7,2518.5943592959547,Domínio válido; magnitude confrontada na escala oficial e dentro do nível/geo,manter no exemplo simulado; sem evidência de corrupção,plausibilidade comercial não demonstrada
check_geo_std,1,Geo31,Channel2,2021-09-13,3557363.0,3.824481285158845,-0.41371864650258094,0.6895310775043015,873369.7,4073.1468014060947,Domínio válido; magnitude confrontada na escala oficial e dentro do nível/geo,manter no exemplo simulado; sem evidência de corrupção,plausibilidade comercial não demonstrada
check_geo_std,1,Geo31,Channel2,2021-09-27,751766.0,0.8082152419696063,-0.41371864650258094,0.6895310775043015,873369.7,860.7649200561916,Domínio válido; magnitude confrontada na escala oficial e dentro do nível/geo,manter no exemplo simulado; sem evidência de corrupção,plausibilidade comercial não demonstrada
check_geo_std,1,Geo31,Channel2,2021-11-08,1049337.0,1.1281305051873332,-0.41371864650258094,0.6895310775043015,873369.7,1201.4808848990297,Domínio válido; magnitude confrontada na escala oficial e dentro do nível/geo,manter no exemplo simulado; sem evidência de corrupção,plausibilidade comercial não demonstrada
check_geo_std,1,Geo31,Channel2,2021-11-29,964443.0,1.0368619126309155,-0.41371864650258094,0.6895310775043015,873369.7,1104.2780623142753,Domínio válido; magnitude confrontada na escala oficial e dentro do nível/geo,manter no exemplo simulado; sem evidência de corrupção,plausibilidade comercial não demonstrada
check_geo_std,1,Geo31,Channel2,2021-12-27,933938.0,1.004066327360655,-0.41371864650258094,0.6895310775043015,873369.7,1069.3501274431665,Domínio válido; magnitude confrontada na escala oficial e dentro do nível/geo,manter no exemplo simulado; sem evidência de corrupção,plausibilidade comercial não demonstrada
check_geo_std,1,Geo31,Channel2,2022-02-21,3058976.0,3.2886709800911698,-0.41371864650258094,0.6895310775043015,873369.7,3502.4984264968207,Domínio válido; magnitude confrontada na escala oficial e dentro do nível/geo,manter no exemplo simulado; sem evidência de corrupção,plausibilidade comercial não demonstrada
check_geo_std,1,Geo31,Channel2,2022-04-11,1297957.0,1.3954190942675568,-0.41371864650258094,0.6895310775043015,873369.7,1486.1484203081468,Domínio válido; magnitude confrontada na escala oficial e dentro do nível/geo,manter no exemplo simulado; sem evidência de corrupção,plausibilidade comercial não demonstrada
check_geo_std,1,Geo31,Channel2,2022-06-20,655436.0,0.7046519333616987,-0.41371864650258094,0.6895310775043015,873369.7,750.4679862376723,Domínio válido; magnitude confrontada na escala oficial e dentro do nível/geo,manter no exemplo simulado; sem evidência de corrupção,plausibilidade comercial não demonstrada
check_geo_std,1,Geo31,Channel2,2022-09-19,3492908.0,3.755186433541253,-0.41371864650258094,0.6895310775043015,873369.7,3999.3464394288007,Domínio válido; magnitude confrontada na escala oficial e dentro do nível/geo,manter no exemplo simulado; sem evidência de corrupção,plausibilidade comercial não demonstrada
check_geo_std,1,Geo31,Channel2,2022-10-10,1238613.0,1.3316190217457293,-0.41371864650258094,0.6895310775043015,873369.7,1418.20010472083,Domínio válido; magnitude confrontada na escala oficial e dentro do nível/geo,manter no exemplo simulado; sem evidência de corrupção,plausibilidade comercial não demonstrada
check_geo_std,1,Geo31,Channel2,2022-10-17,3002143.0,3.227570455663544,-0.41371864650258094,0.6895310775043015,873369.7,3437.4251820277254,Domínio válido; magnitude confrontada na escala oficial e dentro do nível/geo,manter no exemplo simulado; sem evidência de corrupção,plausibilidade comercial não demonstrada
check_geo_std,1,Geo31,Channel2,2022-12-05,1341711.0,1.4424585316684744,-0.41371864650258094,0.6895310775043015,873369.7,1536.2463341698253,Domínio válido; magnitude confrontada na escala oficial e dentro do nível/geo,manter no exemplo simulado; sem evidência de corrupção,plausibilidade comercial não demonstrada
check_geo_std,1,Geo31,Channel2,2022-12-19,1317744.0,1.4166918772782977,-0.41371864650258094,0.6895310775043015,873369.7,1508.8043471166907,Domínio válido; magnitude confrontada na escala oficial e dentro do nível/geo,manter no exemplo simulado; sem evidência de corrupção,plausibilidade comercial não demonstrada
check_geo_std,1,Geo31,Channel2,2023-01-02,2485023.0,2.671620511229607,-0.41371864650258094,0.6895310775043015,873369.7,2845.327700285458,Domínio válido; magnitude confrontada na escala oficial e dentro do nível/geo,manter no exemplo simulado; sem evidência de corrupção,plausibilidade comercial não demonstrada
check_geo_std,1,Geo31,Channel2,2023-01-09,2766730.0,2.974480564982413,-0.41371864650258094,0.6895310775043015,873369.7,3167.8795360086347,Domínio válido; magnitude confrontada na escala oficial e dentro do nível/geo,manter no exemplo simulado; sem evidência de corrupção,plausibilidade comercial não demonstrada
check_geo_std,1,Geo31,Channel2,2023-01-23,926326.0,0.995882751059156,-0.41371864650258094,0.6895310775043015,873369.7,1060.6344598398593,Domínio válido; magnitude confrontada na escala oficial e dentro do nível/geo,manter no exemplo simulado; sem evidência de corrupção,plausibilidade comercial não demonstrada
check_geo_std,1,Geo31,Channel2,2023-02-20,957366.0,1.0292535088624306,-0.41371864650258094,0.6895310775043015,873369.7,1096.1749646226565,Domínio válido; magnitude confrontada na escala oficial e dentro do nível/geo,manter no exemplo simulado; sem evidência de corrupção,plausibilidade comercial não demonstrada
check_geo_std,1,Geo31,Channel2,2023-04-17,1603475.0,1.7238780885504457,-0.41371864650258094,0.6895310775043015,873369.7,1835.9636245681525,Domínio válido; magnitude confrontada na escala oficial e dentro do nível/geo,manter no exemplo simulado; sem evidência de corrupção,plausibilidade comercial não demonstrada
check_geo_std,1,Geo31,Channel2,2023-06-12,2870811.0,3.086376887241518,-0.41371864650258094,0.6895310775043015,873369.7,3287.0512911084506,Domínio válido; magnitude confrontada na escala oficial e dentro do nível/geo,manter no exemplo simulado; sem evidência de corrupção,plausibilidade comercial não demonstrada
check_geo_std,1,Geo31,Channel2,2023-09-04,3233616.0,3.47642449628846,-0.41371864650258094,0.6895310775043015,873369.7,3702.4595655196194,Domínio válido; magnitude confrontada na escala oficial e dentro do nível/geo,manter no exemplo simulado; sem evidência de corrupção,plausibilidade comercial não demonstrada
check_geo_std,1,Geo31,Channel2,2023-10-02,2698948.0,2.901608892771667,-0.41371864650258094,0.6895310775043015,873369.7,3090.2697906739836,Domínio válido; magnitude confrontada na escala oficial e dentro do nível/geo,manter no exemplo simulado; sem evidência de corrupção,plausibilidade comercial não demonstrada
check_geo_std,1,Geo31,Channel2,2023-10-09,1914456.0,2.0582102932031567,-0.41371864650258094,0.6895310775043015,873369.7,2192.0339118703114,Domínio válido; magnitude confrontada na escala oficial e dentro do nível/geo,manter no exemplo simulado; sem evidência de corrupção,plausibilidade comercial não demonstrada
check_geo_std,1,Geo31,Channel2,2023-11-27,986904.0,1.0610094832178794,-0.41371864650258094,0.6895310775043015,873369.7,1129.9956936907704,Domínio válido; magnitude confrontada na escala oficial e dentro do nível/geo,manter no exemplo simulado; sem evidência de corrupção,plausibilidade comercial não demonstrada
check_geo_std,1,Geo31,Channel2,2023-12-04,2617250.0,2.813776284169478,-0.41371864650258094,0.6895310775043015,873369.7,2996.72635769251,Domínio válido; magnitude confrontada na escala oficial e dentro do nível/geo,manter no exemplo simulado; sem evidência de corrupção,plausibilidade comercial não demonstrada
check_geo_std,1,Geo31,Channel3,2021-08-30,7178174.0,2.464561901941755,-0.4803159091665201,2.2801706261984283,873369.7,8218.940959366922,Domínio válido; magnitude confrontada na escala oficial e dentro do nível/geo,manter no exemplo simulado; sem evidência de corrupção,plausibilidade comercial não demonstrada
check_geo_std,1,Geo31,Channel4,2022-02-21,5388352.0,3.1562638374345307,-1.4499126834677436,3.1093523324050487,873369.7,6169.611792119648,Domínio válido; magnitude confrontada na escala oficial e dentro do nível/geo,manter no exemplo simulado; sem evidência de corrupção,plausibilidade comercial não demonstrada
check_geo_std,1,Geo31,Promo,2021-07-05,2.012861,2.1899751898406046,-2.4036850725510694,2.1142329562934905,873369.7,,Promo contínuo e zero-inflado; IQR não diagnostica erro,manter no exemplo simulado; sem evidência de corrupção,plausibilidade comercial não demonstrada
check_geo_std,1,Geo31,Promo,2022-04-11,1.9696335,2.127707807296265,-2.4036850725510694,2.1142329562934905,873369.7,,Promo contínuo e zero-inflado; IQR não diagnostica erro,manter no exemplo simulado; sem evidência de corrupção,plausibilidade comercial não demonstrada
check_geo_std,1,Geo31,Promo,2022-06-27,2.6601167,3.1223196066101204,-2.4036850725510694,2.1142329562934905,873369.7,,Promo contínuo e zero-inflado; IQR não diagnostica erro,manter no exemplo simulado; sem evidência de corrupção,plausibilidade comercial não demonstrada
check_geo_std,1,Geo31,Promo,2022-08-08,2.7869165,3.3049693470102297,-2.4036850725510694,2.1142329562934905,873369.7,,Promo contínuo e zero-inflado; IQR não diagnostica erro,manter no exemplo simulado; sem evidência de corrupção,plausibilidade comercial não demonstrada
check_geo_std,1,Geo31,Promo,2023-08-14,2.3403034,2.6616420959081917,-2.4036850725510694,2.1142329562934905,873369.7,,Promo contínuo e zero-inflado; IQR não diagnostica erro,manter no exemplo simulado; sem evidência de corrupção,plausibilidade comercial não demonstrada
check_geo_std,1,Geo31,Promo,2023-10-02,2.033679,2.2199626369473777,-2.4036850725510694,2.1142329562934905,873369.7,,Promo contínuo e zero-inflado; IQR não diagnostica erro,manter no exemplo simulado; sem evidência de corrupção,plausibilidade comercial não demonstrada
check_geo_std,1,Geo31,Promo,2023-11-06,2.463087,2.8385066703427797,-2.4036850725510694,2.1142329562934905,873369.7,,Promo contínuo e zero-inflado; IQR não diagnostica erro,manter no exemplo simulado; sem evidência de corrupção,plausibilidade comercial não demonstrada
check_geo_std,1,Geo31,competitor_sales_control,2023-05-29,-3.3309407,-2.7159890724385596,-2.6786780076814742,2.453895309281203,873369.7,,Índice sintético com valores negativos admissíveis,manter no exemplo simulado; sem evidência de corrupção,plausibilidade comercial não demonstrada
check_geo_std,1,Geo32,Channel0,2023-08-21,3803422.0,3.0923538321471007,-1.4857290413608424,3.0551135183584255,714763.8,5321.229194875285,Domínio válido; magnitude confrontada na escala oficial e dentro do nível/geo,manter no exemplo simulado; sem evidência de corrupção,plausibilidade comercial não demonstrada
check_geo_std,1,Geo32,Channel1,2023-04-10,3363626.0,3.974005290510664,-1.8683152148681668,3.1138586914469446,714763.8,4705.926629188551,Domínio válido; magnitude confrontada na escala oficial e dentro do nível/geo,manter no exemplo simulado; sem evidência de corrupção,plausibilidade comercial não demonstrada
check_geo_std,1,Geo32,Channel2,2021-03-29,2195032.0,2.883505499471538,-0.8047326155996897,1.3412210259994828,714763.8,3070.9893254247067,Domínio válido; magnitude confrontada na escala oficial e dentro do nível/geo,manter no exemplo simulado; sem evidência de corrupção,plausibilidade comercial não demonstrada
check_geo_std,1,Geo32,Channel2,2021-05-17,1183430.0,1.554613742870082,-0.8047326155996897,1.3412210259994828,714763.8,1655.693811018409,Domínio válido; magnitude confrontada na escala oficial e dentro do nível/geo,manter no exemplo simulado; sem evidência de corrupção,plausibilidade comercial não demonstrada
check_geo_std,1,Geo32,Channel2,2021-08-09,1712110.0,2.2491146373721267,-0.8047326155996897,1.3412210259994828,714763.8,2395.3507438401325,Domínio válido; magnitude confrontada na escala oficial e dentro do nível/geo,manter no exemplo simulado; sem evidência de corrupção,plausibilidade comercial não demonstrada
check_geo_std,1,Geo32,Channel2,2021-10-18,1417725.0,1.862395552428523,-0.8047326155996897,1.3412210259994828,714763.8,1983.4874122052627,Domínio válido; magnitude confrontada na escala oficial e dentro do nível/geo,manter no exemplo simulado; sem evidência de corrupção,plausibilidade comercial não demonstrada
check_geo_std,1,Geo32,Channel2,2022-03-14,1790899.0,2.352615868697166,-0.8047326155996897,1.3412210259994828,714763.8,2505.5815641474846,Domínio válido; magnitude confrontada na escala oficial e dentro do nível/geo,manter no exemplo simulado; sem evidência de corrupção,plausibilidade comercial não demonstrada
check_geo_std,1,Geo32,Channel2,2022-05-02,1411757.0,1.854555684571997,-0.8047326155996897,1.3412210259994828,714763.8,1975.1378007671906,Domínio válido; magnitude confrontada na escala oficial e dentro do nível/geo,manter no exemplo simulado; sem evidência de corrupção,plausibilidade comercial não demonstrada
check_geo_std,1,Geo32,Channel2,2022-06-13,1250301.0,1.6424588841961134,-0.8047326155996897,1.3412210259994828,714763.8,1749.2505915940342,Domínio válido; magnitude confrontada na escala oficial e dentro do nível/geo,manter no exemplo simulado; sem evidência de corrupção,plausibilidade comercial não demonstrada
check_geo_std,1,Geo32,Channel2,2022-07-04,1061617.0,1.3945940003756097,-0.8047326155996897,1.3412210259994828,714763.8,1485.269679298252,Domínio válido; magnitude confrontada na escala oficial e dentro do nível/geo,manter no exemplo simulado; sem evidência de corrupção,plausibilidade comercial não demonstrada
check_geo_std,1,Geo32,Channel2,2022-09-05,2295334.0,3.0152673000320735,-0.8047326155996897,1.3412210259994828,714763.8,3211.31820050204,Domínio válido; magnitude confrontada na escala oficial e dentro do nível/geo,manter no exemplo simulado; sem evidência de corrupção,plausibilidade comercial não demonstrada
check_geo_std,1,Geo32,Channel2,2022-09-12,1621603.0,2.13022004620413,-0.8047326155996897,1.3412210259994828,714763.8,2268.725696516807,Domínio válido; magnitude confrontada na escala oficial e dentro do nível/geo,manter no exemplo simulado; sem evidência de corrupção,plausibilidade comercial não demonstrada
check_geo_std,1,Geo32,Channel2,2022-11-21,2142062.0,2.813921417641748,-0.8047326155996897,1.3412210259994828,714763.8,2996.8809276575003,Domínio válido; magnitude confrontada na escala oficial e dentro do nível/geo,manter no exemplo simulado; sem evidência de corrupção,plausibilidade comercial não demonstrada
check_geo_std,1,Geo32,Channel2,2023-06-26,1612390.0,2.1181173815656957,-0.8047326155996897,1.3412210259994828,714763.8,2255.8361237656413,Domínio válido; magnitude confrontada na escala oficial e dentro do nível/geo,manter no exemplo simulado; sem evidência de corrupção,plausibilidade comercial não demonstrada
check_geo_std,1,Geo32,Channel2,2023-07-24,1633345.0,2.145644933665814,-0.8047326155996897,1.3412210259994828,714763.8,2285.1535010586713,Domínio válido; magnitude confrontada na escala oficial e dentro do nível/geo,manter no exemplo simulado; sem evidência de corrupção,plausibilidade comercial não demonstrada
check_geo_std,1,Geo32,Channel2,2023-11-20,1949399.0,2.5608295173666336,-0.8047326155996897,1.3412210259994828,714763.8,2727.33314138181,Domínio válido; magnitude confrontada na escala oficial e dentro do nível/geo,manter no exemplo simulado; sem evidência de corrupção,plausibilidade comercial não demonstrada
check_geo_std,1,Geo32,Channel2,2023-11-27,1435908.0,1.8862816645657907,-0.8047326155996897,1.3412210259994828,714763.8,2008.9265852579551,Domínio válido; magnitude confrontada na escala oficial e dentro do nível/geo,manter no exemplo simulado; sem evidência de corrupção,plausibilidade comercial não demonstrada
check_geo_std,1,Geo32,Channel2,2023-12-04,2599989.0,3.4154775784888347,-0.8047326155996897,1.3412210259994828,714763.8,3637.549915090831,Domínio válido; magnitude confrontada na escala oficial e dentro do nível/geo,manter no exemplo simulado; sem evidência de corrupção,plausibilidade comercial não demonstrada
check_geo_std,1,Geo32,Promo,2021-03-22,2.5657651,2.986410123737632,-2.5510729771544396,2.3598794639657745,714763.8,,Promo contínuo e zero-inflado; IQR não diagnostica erro,manter no exemplo simulado; sem evidência de corrupção,plausibilidade comercial não demonstrada
check_geo_std,1,Geo32,Promo,2021-03-29,2.5372577,2.945346421669631,-2.5510729771544396,2.3598794639657745,714763.8,,Promo contínuo e zero-inflado; IQR não diagnostica erro,manter no exemplo simulado; sem evidência de corrupção,plausibilidade comercial não demonstrada
check_geo_std,1,Geo32,Promo,2021-10-11,2.8408399,3.382643720404283,-2.5510729771544396,2.3598794639657745,714763.8,,Promo contínuo e zero-inflado; IQR não diagnostica erro,manter no exemplo simulado; sem evidência de corrupção,plausibilidade comercial não demonstrada
check_geo_std,1,Geo32,Promo,2021-10-18,2.2253213,2.4960152517360448,-2.5510729771544396,2.3598794639657745,714763.8,,Promo contínuo e zero-inflado; IQR não diagnostica erro,manter no exemplo simulado; sem evidência de corrupção,plausibilidade comercial não demonstrada
check_geo_std,1,Geo32,Promo,2022-07-04,3.5322428,4.378580308607758,-2.5510729771544396,2.3598794639657745,714763.8,,Promo contínuo e zero-inflado; IQR não diagnostica erro,manter no exemplo simulado; sem evidência de corrupção,plausibilidade comercial não demonstrada
check_geo_std,1,Geo32,Promo,2022-12-12,2.215435,2.481774455390012,-2.5510729771544396,2.3598794639657745,714763.8,,Promo contínuo e zero-inflado; IQR não diagnostica erro,manter no exemplo simulado; sem evidência de corrupção,plausibilidade comercial não demonstrada
check_geo_std,1,Geo32,Promo,2023-01-02,2.3314288,2.6488586105544702,-2.5510729771544396,2.3598794639657745,714763.8,,Promo contínuo e zero-inflado; IQR não diagnostica erro,manter no exemplo simulado; sem evidência de corrupção,plausibilidade comercial não demonstrada
check_geo_std,1,Geo32,Promo,2023-06-05,2.2889228,2.587630518195909,-2.5510729771544396,2.3598794639657745,714763.8,,Promo contínuo e zero-inflado; IQR não diagnostica erro,manter no exemplo simulado; sem evidência de corrupção,plausibilidade comercial não demonstrada
check_geo_std,1,Geo32,Promo,2023-08-14,2.5132453,2.9107575766842,-2.5510729771544396,2.3598794639657745,714763.8,,Promo contínuo e zero-inflado; IQR não diagnostica erro,manter no exemplo simulado; sem evidência de corrupção,plausibilidade comercial não demonstrada
check_geo_std,1,Geo32,Promo,2023-12-11,3.942986,4.970238488282413,-2.5510729771544396,2.3598794639657745,714763.8,,Promo contínuo e zero-inflado; IQR não diagnostica erro,manter no exemplo simulado; sem evidência de corrupção,plausibilidade comercial não demonstrada
check_geo_std,1,Geo32,sentiment_score_control,2023-03-20,-3.55904,-2.999090210278536,-2.9599374768536655,2.890571492414125,714763.8,,Índice sintético com valores negativos admissíveis,manter no exemplo simulado; sem evidência de corrupção,plausibilidade comercial não demonstrada
check_geo_std,1,Geo32,sentiment_score_control,2023-09-18,-3.555376,-2.9959731807431487,-2.9599374768536655,2.890571492414125,714763.8,,Índice sintético com valores negativos admissíveis,manter no exemplo simulado; sem evidência de corrupção,plausibilidade comercial não demonstrada
check_geo_std,1,Geo33,Channel0,2021-02-15,2816621.0,2.789437965503084,-0.8829697222363032,2.6926122804681567,586798.4,4799.980708877189,Domínio válido; magnitude confrontada na escala oficial e dentro do nível/geo,manter no exemplo simulado; sem evidência de corrupção,plausibilidade comercial não demonstrada
check_geo_std,1,Geo33,Channel0,2021-11-01,2768670.0,2.7419497376286777,-0.8829697222363032,2.6926122804681567,586798.4,4718.264398812266,Domínio válido; magnitude confrontada na escala oficial e dentro do nível/geo,manter no exemplo simulado; sem evidência de corrupção,plausibilidade comercial não demonstrada
check_geo_std,1,Geo33,Channel0,2022-06-13,2781896.0,2.755048094323364,-0.8829697222363032,2.6926122804681567,586798.4,4740.803655906356,Domínio válido; magnitude confrontada na escala oficial e dentro do nível/geo,manter no exemplo simulado; sem evidência de corrupção,plausibilidade comercial não demonstrada
check_geo_std,1,Geo33,Channel2,2021-02-01,1338557.0,2.141856771748894,-0.9869892971391094,1.6449821618985156,586798.4,2281.1190350893935,Domínio válido; magnitude confrontada na escala oficial e dentro do nível/geo,manter no exemplo simulado; sem evidência de corrupção,plausibilidade comercial não demonstrada
check_geo_std,1,Geo33,Channel2,2021-09-13,1241933.0,1.9872464199196738,-0.9869892971391094,1.6449821618985156,586798.4,2116.4560094233384,Domínio válido; magnitude confrontada na escala oficial e dentro do nível/geo,manter no exemplo simulado; sem evidência de corrupção,plausibilidade comercial não demonstrada
check_geo_std,1,Geo33,Channel2,2021-10-18,1755446.0,2.8089307385038578,-0.9869892971391094,1.6449821618985156,586798.4,2991.5657575071778,Domínio válido; magnitude confrontada na escala oficial e dentro do nível/geo,manter no exemplo simulado; sem evidência de corrupção,plausibilidade comercial não demonstrada
check_geo_std,1,Geo33,Channel2,2021-11-15,1854660.0,2.9676854107010784,-0.9869892971391094,1.6449821618985156,586798.4,3160.6425648059026,Domínio válido; magnitude confrontada na escala oficial e dentro do nível/geo,manter no exemplo simulado; sem evidência de corrupção,plausibilidade comercial não demonstrada
check_geo_std,1,Geo33,Channel2,2021-11-22,2005332.0,3.2087792479548893,-0.9869892971391094,1.6449821618985156,586798.4,3417.412181082975,Domínio válido; magnitude confrontada na escala oficial e dentro do nível/geo,manter no exemplo simulado; sem evidência de corrupção,plausibilidade comercial não demonstrada
check_geo_std,1,Geo33,Channel2,2022-03-14,1037311.0,1.6598259093633045,-0.9869892971391094,1.6449821618985156,586798.4,1767.7468104889174,Domínio válido; magnitude confrontada na escala oficial e dentro do nível/geo,manter no exemplo simulado; sem evidência de corrupção,plausibilidade comercial não demonstrada
check_geo_std,1,Geo33,Channel2,2022-06-13,1677185.0,2.6837034580713923,-0.9869892971391094,1.6449821618985156,586798.4,2858.196273200472,Domínio válido; magnitude confrontada na escala oficial e dentro do nível/geo,manter no exemplo simulado; sem evidência de corrupção,plausibilidade comercial não demonstrada
check_geo_std,1,Geo33,Channel2,2022-07-18,1380503.0,2.2089755602261714,-0.9869892971391094,1.6449821618985156,586798.4,2352.6018475851333,Domínio válido; magnitude confrontada na escala oficial e dentro do nível/geo,manter no exemplo simulado; sem evidência de corrupção,plausibilidade comercial não demonstrada
check_geo_std,1,Geo33,Channel2,2022-10-03,2294784.0,3.6719382514909813,-0.9869892971391094,1.6449821618985156,586798.4,3910.6855097082744,Domínio válido; magnitude confrontada na escala oficial e dentro do nível/geo,manter no exemplo simulado; sem evidência de corrupção,plausibilidade comercial não demonstrada
check_geo_std,1,Geo33,Channel2,2022-10-10,2401512.0,3.842716253126486,-0.9869892971391094,1.6449821618985156,586798.4,4092.567396230119,Domínio válido; magnitude confrontada na escala oficial e dentro do nível/geo,manter no exemplo simulado; sem evidência de corrupção,plausibilidade comercial não demonstrada
check_geo_std,1,Geo33,Channel2,2022-10-17,1678842.0,2.686354863032696,-0.9869892971391094,1.6449821618985156,586798.4,2861.0200709477053,Domínio válido; magnitude confrontada na escala oficial e dentro do nível/geo,manter no exemplo simulado; sem evidência de corrupção,plausibilidade comercial não demonstrada
check_geo_std,1,Geo33,Channel2,2022-11-07,2972033.0,4.755620423270119,-0.9869892971391094,1.6449821618985156,586798.4,5064.828056790884,Domínio válido; magnitude confrontada na escala oficial e dentro do nível/geo,manter no exemplo simulado; sem evidência de corrupção,plausibilidade comercial não demonstrada
check_geo_std,1,Geo33,Channel2,2022-12-19,1566720.0,2.5069457941906297,-0.9869892971391094,1.6449821618985156,586798.4,2669.9459303229187,Domínio válido; magnitude confrontada na escala oficial e dentro do nível/geo,manter no exemplo simulado; sem evidência de corrupção,plausibilidade comercial não demonstrada
check_geo_std,1,Geo33,Channel2,2023-06-26,1598537.0,2.5578569297692675,-0.9869892971391094,1.6449821618985156,586798.4,2724.1672778930547,Domínio válido; magnitude confrontada na escala oficial e dentro do nível/geo,manter no exemplo simulado; sem evidência de corrupção,plausibilidade comercial não demonstrada
check_geo_std,1,Geo33,Channel2,2023-08-28,1507806.0,2.4126761068700193,-0.9869892971391094,1.6449821618985156,586798.4,2569.546883563418,Domínio válido; magnitude confrontada na escala oficial e dentro do nível/geo,manter no exemplo simulado; sem evidência de corrupção,plausibilidade comercial não demonstrada
check_geo_std,1,Geo33,Channel2,2023-09-11,1868035.0,2.9890870651111197,-0.9869892971391094,1.6449821618985156,586798.4,3183.4357421560794,Domínio válido; magnitude confrontada na escala oficial e dentro do nível/geo,manter no exemplo simulado; sem evidência de corrupção,plausibilidade comercial não demonstrada
check_geo_std,1,Geo33,Channel2,2024-01-01,1062642.0,1.7003586426613047,-0.9869892971391094,1.6449821618985156,586798.4,1810.9149581866618,Domínio válido; magnitude confrontada na escala oficial e dentro do nível/geo,manter no exemplo simulado; sem evidência de corrupção,plausibilidade comercial não demonstrada
check_geo_std,1,Geo33,Channel3,2022-11-07,4862399.0,2.4847662667401353,-0.3756469101300046,2.394536397340403,586798.4,8286.319458267099,Domínio válido; magnitude confrontada na escala oficial e dentro do nível/geo,manter no exemplo simulado; sem evidência de corrupção,plausibilidade comercial não demonstrada
check_geo_std,1,Geo33,Channel4,2022-10-17,3524314.0,3.0725653993474515,-0.9188044965588078,2.698805841726956,586798.4,6006.004788015782,Domínio válido; magnitude confrontada na escala oficial e dentro do nível/geo,manter no exemplo simulado; sem evidência de corrupção,plausibilidade comercial não demonstrada
check_geo_std,1,Geo33,Channel4,2022-11-07,4056736.0,3.5367412403909477,-0.9188044965588078,2.698805841726956,586798.4,6913.338550343696,Domínio válido; magnitude confrontada na escala oficial e dentro do nível/geo,manter no exemplo simulado; sem evidência de corrupção,plausibilidade comercial não demonstrada
check_geo_std,1,Geo33,Channel4,2023-09-11,3232100.0,2.8178075583591298,-0.9188044965588078,2.698805841726956,586798.4,5508.0245617574965,Domínio válido; magnitude confrontada na escala oficial e dentro do nível/geo,manter no exemplo simulado; sem evidência de corrupção,plausibilidade comercial não demonstrada
check_geo_std,1,Geo33,Organic_channel0,2021-11-15,2733736.0,3.61709753330314,-2.0449333377840655,3.408222229640109,586798.4,4658.731175817794,Domínio válido; magnitude confrontada na escala oficial e dentro do nível/geo,manter no exemplo simulado; sem evidência de corrupção,plausibilidade comercial não demonstrada
check_geo_std,1,Geo33,Organic_channel0,2022-06-13,2651578.0,3.5083915356716497,-2.0449333377840655,3.408222229640109,586798.4,4518.720569108573,Domínio válido; magnitude confrontada na escala oficial e dentro do nível/geo,manter no exemplo simulado; sem evidência de corrupção,plausibilidade comercial não demonstrada
check_geo_std,1,Geo33,Promo,2021-10-18,3.7326086,4.667198755601052,-2.478838149921403,2.239488085244046,586798.4,,Promo contínuo e zero-inflado; IQR não diagnostica erro,manter no exemplo simulado; sem evidência de corrupção,plausibilidade comercial não demonstrada
check_geo_std,1,Geo33,Promo,2021-12-13,3.2834494,4.0202039553070374,-2.478838149921403,2.239488085244046,586798.4,,Promo contínuo e zero-inflado; IQR não diagnostica erro,manter no exemplo simulado; sem evidência de corrupção,plausibilidade comercial não demonstrada
check_geo_std,1,Geo33,Promo,2022-05-16,2.2691555,2.5591565599293262,-2.478838149921403,2.239488085244046,586798.4,,Promo contínuo e zero-inflado; IQR não diagnostica erro,manter no exemplo simulado; sem evidência de corrupção,plausibilidade comercial não demonstrada
check_geo_std,1,Geo33,Promo,2022-06-13,2.915538,3.4902431690893874,-2.478838149921403,2.239488085244046,586798.4,,Promo contínuo e zero-inflado; IQR não diagnostica erro,manter no exemplo simulado; sem evidência de corrupção,plausibilidade comercial não demonstrada
check_geo_std,1,Geo33,Promo,2023-04-10,2.2459924,2.5257910956158036,-2.478838149921403,2.239488085244046,586798.4,,Promo contínuo e zero-inflado; IQR não diagnostica erro,manter no exemplo simulado; sem evidência de corrupção,plausibilidade comercial não demonstrada
check_geo_std,1,Geo33,competitor_sales_control,2022-06-27,-3.7703326,-3.0791027734049123,-2.80433623660498,2.83255652665831,586798.4,,Índice sintético com valores negativos admissíveis,manter no exemplo simulado; sem evidência de corrupção,plausibilidade comercial não demonstrada
check_geo_std,1,Geo33,competitor_sales_control,2022-10-10,3.91587,3.272779162659917,-2.80433623660498,2.83255652665831,586798.4,,Índice sintético com valores negativos admissíveis,manter no exemplo simulado; sem evidência de corrupção,plausibilidade comercial não demonstrada
check_geo_std,1,Geo33,competitor_sales_control,2022-11-07,3.4131005,2.8572901791852496,-2.80433623660498,2.83255652665831,586798.4,,Índice sintético com valores negativos admissíveis,manter no exemplo simulado; sem evidência de corrupção,plausibilidade comercial não demonstrada
check_geo_std,1,Geo33,competitor_sales_control,2023-03-20,-3.935061,-3.2152344111940154,-2.80433623660498,2.83255652665831,586798.4,,Índice sintético com valores negativos admissíveis,manter no exemplo simulado; sem evidência de corrupção,plausibilidade comercial não demonstrada
check_geo_std,1,Geo33,competitor_sales_control,2023-04-03,-3.5140724,-2.86732920718219,-2.80433623660498,2.83255652665831,586798.4,,Índice sintético com valores negativos admissíveis,manter no exemplo simulado; sem evidência de corrupção,plausibilidade comercial não demonstrada
check_geo_std,1,Geo33,sentiment_score_control,2021-10-25,-2.9029143,-2.4409124848891954,-2.259187244811155,2.3085591346204968,586798.4,,Índice sintético com valores negativos admissíveis,manter no exemplo simulado; sem evidência de corrupção,plausibilidade comercial não demonstrada
check_geo_std,1,Geo34,Channel1,2023-09-04,2813307.0,3.913567025274481,-2.278997306501763,3.798328844169605,607054.44,4634.357010880277,Domínio válido; magnitude confrontada na escala oficial e dentro do nível/geo,manter no exemplo simulado; sem evidência de corrupção,plausibilidade comercial não demonstrada
check_geo_std,1,Geo34,Channel2,2021-03-08,783802.0,1.212330983641781,-0.6813265728765612,1.135544288127602,607054.44,1291.1560287739599,Domínio válido; magnitude confrontada na escala oficial e dentro do nível/geo,manter no exemplo simulado; sem evidência de corrupção,plausibilidade comercial não demonstrada
check_geo_std,1,Geo34,Channel2,2021-08-30,852232.0,1.3181737975292258,-0.6813265728765612,1.135544288127602,607054.44,1403.8806799601039,Domínio válido; magnitude confrontada na escala oficial e dentro do nível/geo,manter no exemplo simulado; sem evidência de corrupção,plausibilidade comercial não demonstrada
check_geo_std,1,Geo34,Channel2,2021-11-22,1248966.0,1.931814641089383,-0.6813265728765612,1.135544288127602,607054.44,2057.4200890450616,Domínio válido; magnitude confrontada na escala oficial e dentro do nível/geo,manter no exemplo simulado; sem evidência de corrupção,plausibilidade comercial não demonstrada
check_geo_std,1,Geo34,Channel2,2022-02-21,1295827.0,2.004296010394944,-0.6813265728765612,1.135544288127602,607054.44,2134.6141542099585,Domínio válido; magnitude confrontada na escala oficial e dentro do nível/geo,manter no exemplo simulado; sem evidência de corrupção,plausibilidade comercial não demonstrada
check_geo_std,1,Geo34,Channel2,2022-05-09,1746950.0,2.7020620155001,-0.6813265728765612,1.135544288127602,607054.44,2877.7484931993913,Domínio válido; magnitude confrontada na escala oficial e dentro do nível/geo,manter no exemplo simulado; sem evidência de corrupção,plausibilidade comercial não demonstrada
check_geo_std,1,Geo34,Channel2,2022-05-30,1285009.0,1.9875634726098446,-0.6813265728765612,1.135544288127602,607054.44,2116.7936766923244,Domínio válido; magnitude confrontada na escala oficial e dentro do nível/geo,manter no exemplo simulado; sem evidência de corrupção,plausibilidade comercial não demonstrada
check_geo_std,1,Geo34,Channel2,2022-08-22,984596.0,1.5229053219687663,-0.6813265728765612,1.135544288127602,607054.44,1621.9237273019535,Domínio válido; magnitude confrontada na escala oficial e dentro do nível/geo,manter no exemplo simulado; sem evidência de corrupção,plausibilidade comercial não demonstrada
check_geo_std,1,Geo34,Channel2,2022-09-12,1051877.0,1.6269709417431515,-0.6813265728765612,1.135544288127602,607054.44,1732.7556322625694,Domínio válido; magnitude confrontada na escala oficial e dentro do nível/geo,manter no exemplo simulado; sem evidência de corrupção,plausibilidade comercial não demonstrada
check_geo_std,1,Geo34,Channel2,2022-09-19,1322856.0,2.0461026071589914,-0.6813265728765612,1.135544288127602,607054.44,2179.1389912245763,Domínio válido; magnitude confrontada na escala oficial e dentro do nível/geo,manter no exemplo simulado; sem evidência de corrupção,plausibilidade comercial não demonstrada
check_geo_std,1,Geo34,Channel2,2022-09-26,3317915.0,5.131922546242316,-0.6813265728765612,1.135544288127602,607054.44,5465.597121734256,Domínio válido; magnitude confrontada na escala oficial e dentro do nível/geo,manter no exemplo simulado; sem evidência de corrupção,plausibilidade comercial não demonstrada
check_geo_std,1,Geo34,Channel2,2022-10-31,3227469.0,4.992026898940492,-0.6813265728765612,1.135544288127602,607054.44,5316.605542000483,Domínio válido; magnitude confrontada na escala oficial e dentro do nível/geo,manter no exemplo simulado; sem evidência de corrupção,plausibilidade comercial não demonstrada
check_geo_std,1,Geo34,Channel2,2022-11-21,1962551.0,3.035538802244905,-0.6813265728765612,1.135544288127602,607054.44,3232.9077438260733,Domínio válido; magnitude confrontada na escala oficial e dentro do nível/geo,manter no exemplo simulado; sem evidência de corrupção,plausibilidade comercial não demonstrada
check_geo_std,1,Geo34,Channel2,2023-01-02,2125006.0,3.286813014287647,-0.6813265728765612,1.135544288127602,607054.44,3500.5196568531815,Domínio válido; magnitude confrontada na escala oficial e dentro do nível/geo,manter no exemplo simulado; sem evidência de corrupção,plausibilidade comercial não demonstrada
check_geo_std,1,Geo34,Channel2,2023-05-01,1360699.0,2.1046355547834628,-0.6813265728765612,1.135544288127602,607054.44,2241.4777165619616,Domínio válido; magnitude confrontada na escala oficial e dentro do nível/geo,manter no exemplo simulado; sem evidência de corrupção,plausibilidade comercial não demonstrada
check_geo_std,1,Geo34,Channel2,2023-06-26,1988866.0,3.0762410329543615,-0.6813265728765612,1.135544288127602,607054.44,3276.2564095569423,Domínio válido; magnitude confrontada na escala oficial e dentro do nível/geo,manter no exemplo simulado; sem evidência de corrupção,plausibilidade comercial não demonstrada
check_geo_std,1,Geo34,Channel2,2023-07-10,1905409.0,2.9471554897919403,-0.6813265728765612,1.135544288127602,607054.44,3138.7778005544283,Domínio válido; magnitude confrontada na escala oficial e dentro do nível/geo,manter no exemplo simulado; sem evidência de corrupção,plausibilidade comercial não demonstrada
check_geo_std,1,Geo34,Channel2,2023-07-31,1571850.0,2.4312293878266877,-0.6813265728765612,1.135544288127602,607054.44,2589.3064878991745,Domínio válido; magnitude confrontada na escala oficial e dentro do nível/geo,manter no exemplo simulado; sem evidência de corrupção,plausibilidade comercial não demonstrada
check_geo_std,1,Geo34,Channel2,2023-09-25,1562431.0,2.416660726946871,-0.6813265728765612,1.135544288127602,607054.44,2573.790581286252,Domínio válido; magnitude confrontada na escala oficial e dentro do nível/geo,manter no exemplo simulado; sem evidência de corrupção,plausibilidade comercial não demonstrada
check_geo_std,1,Geo34,Channel2,2023-10-09,1215422.0,1.8799310907599887,-0.6813265728765612,1.135544288127602,607054.44,2002.1631008909187,Domínio válido; magnitude confrontada na escala oficial e dentro do nível/geo,manter no exemplo simulado; sem evidência de corrupção,plausibilidade comercial não demonstrada
check_geo_std,1,Geo34,Channel2,2023-11-27,1209986.0,1.8715230601258788,-0.6813265728765612,1.135544288127602,607054.44,1993.2083850667498,Domínio válido; magnitude confrontada na escala oficial e dentro do nível/geo,manter no exemplo simulado; sem evidência de corrupção,plausibilidade comercial não demonstrada
check_geo_std,1,Geo34,Channel2,2024-01-01,985428.0,1.5241922023012864,-0.6813265728765612,1.135544288127602,607054.44,1623.2942798342767,Domínio válido; magnitude confrontada na escala oficial e dentro do nível/geo,manter no exemplo simulado; sem evidência de corrupção,plausibilidade comercial não demonstrada
check_geo_std,1,Geo34,Channel3,2021-08-30,4843538.0,2.392538535394509,-0.4478960872468487,2.370901198665069,607054.44,7978.7539318549425,Domínio válido; magnitude confrontada na escala oficial e dentro do nível/geo,manter no exemplo simulado; sem evidência de corrupção,plausibilidade comercial não demonstrada
check_geo_std,1,Geo34,Channel3,2022-11-21,4890541.0,2.415756375076813,-0.4478960872468487,2.370901198665069,607054.44,8056.181913437616,Domínio válido; magnitude confrontada na escala oficial e dentro do nível/geo,manter no exemplo simulado; sem evidência de corrupção,plausibilidade comercial não demonstrada
check_geo_std,1,Geo34,Promo,2021-10-18,2.8047583,3.3306697040949467,-2.9935335692837306,3.09731378418126,607054.44,,Promo contínuo e zero-inflado; IQR não diagnostica erro,manter no exemplo simulado; sem evidência de corrupção,plausibilidade comercial não demonstrada
check_geo_std,1,Geo34,Promo,2023-08-07,2.7956216,3.3175086747943197,-2.9935335692837306,3.09731378418126,607054.44,,Promo contínuo e zero-inflado; IQR não diagnostica erro,manter no exemplo simulado; sem evidência de corrupção,plausibilidade comercial não demonstrada
check_geo_std,1,Geo34,Promo,2023-11-20,3.163012,3.8467189825826003,-2.9935335692837306,3.09731378418126,607054.44,,Promo contínuo e zero-inflado; IQR não diagnostica erro,manter no exemplo simulado; sem evidência de corrupção,plausibilidade comercial não demonstrada
check_geo_std,1,Geo34,sentiment_score_control,2022-09-26,3.2538981,2.796796602075218,-2.5394344436191165,2.4900151044788785,607054.44,,Índice sintético com valores negativos admissíveis,manter no exemplo simulado; sem evidência de corrupção,plausibilidade comercial não demonstrada
check_geo_std,1,Geo35,Channel0,2021-11-22,3700045.0,2.8972291041813825,-1.0303759389349876,2.8662300106968983,742166.56,4985.464448842858,Domínio válido; magnitude confrontada na escala oficial e dentro do nível/geo,manter no exemplo simulado; sem evidência de corrupção,plausibilidade comercial não demonstrada
check_geo_std,1,Geo35,Channel1,2021-11-22,3045964.0,3.4658253425282126,-1.8767563634915034,3.127927272485839,742166.56,4104.151499361545,Domínio válido; magnitude confrontada na escala oficial e dentro do nível/geo,manter no exemplo simulado; sem evidência de corrupção,plausibilidade comercial não demonstrada
check_geo_std,1,Geo35,Channel1,2022-12-05,2931128.0,3.3351601347205797,-1.8767563634915034,3.127927272485839,742166.56,3949.420733804013,Domínio válido; magnitude confrontada na escala oficial e dentro do nível/geo,manter no exemplo simulado; sem evidência de corrupção,plausibilidade comercial não demonstrada
check_geo_std,1,Geo35,Channel1,2023-12-04,2936373.0,3.3411281152750316,-1.8767563634915034,3.127927272485839,742166.56,3956.4878805641683,Domínio válido; magnitude confrontada na escala oficial e dentro do nível/geo,manter no exemplo simulado; sem evidência de corrupção,plausibilidade comercial não demonstrada
check_geo_std,1,Geo35,Channel2,2021-03-08,2060109.0,2.6063413502406836,-1.1393997285837145,1.8989995476395243,742166.56,2775.8041267717585,Domínio válido; magnitude confrontada na escala oficial e dentro do nível/geo,manter no exemplo simulado; sem evidência de corrupção,plausibilidade comercial não demonstrada
check_geo_std,1,Geo35,Channel2,2021-04-05,3223399.0,4.078074559173554,-1.1393997285837145,1.8989995476395243,742166.56,4343.228560446054,Domínio válido; magnitude confrontada na escala oficial e dentro do nível/geo,manter no exemplo simulado; sem evidência de corrupção,plausibilidade comercial não demonstrada
check_geo_std,1,Geo35,Channel2,2021-06-07,1945854.0,2.461791944858857,-1.1393997285837145,1.8989995476395243,742166.56,2621.856204353912,Domínio válido; magnitude confrontada na escala oficial e dentro do nível/geo,manter no exemplo simulado; sem evidência de corrupção,plausibilidade comercial não demonstrada
check_geo_std,1,Geo35,Channel2,2021-08-30,2511078.0,3.176883565422837,-1.1393997285837145,1.8989995476395243,742166.56,3383.44266009506,Domínio válido; magnitude confrontada na escala oficial e dentro do nível/geo,manter no exemplo simulado; sem evidência de corrupção,plausibilidade comercial não demonstrada
check_geo_std,1,Geo35,Channel2,2021-10-04,2080419.0,2.632036492013953,-1.1393997285837145,1.8989995476395243,742166.56,2803.169951499836,Domínio válido; magnitude confrontada na escala oficial e dentro do nível/geo,manter no exemplo simulado; sem evidência de corrupção,plausibilidade comercial não demonstrada
check_geo_std,1,Geo35,Channel2,2021-10-18,1546267.0,1.9562555285242729,-1.1393997285837145,1.8989995476395243,742166.56,2083.4501085578418,Domínio válido; magnitude confrontada na escala oficial e dentro do nível/geo,manter no exemplo simulado; sem evidência de corrupção,plausibilidade comercial não demonstrada
check_geo_std,1,Geo35,Channel2,2021-11-22,4002902.0,5.064260679197622,-1.1393997285837145,1.8989995476395243,742166.56,5393.535920023128,Domínio válido; magnitude confrontada na escala oficial e dentro do nível/geo,manter no exemplo simulado; sem evidência de corrupção,plausibilidade comercial não demonstrada
check_geo_std,1,Geo35,Channel2,2022-10-17,1738710.0,2.199724271423007,-1.1393997285837145,1.8989995476395243,742166.56,2342.7490454433837,Domínio válido; magnitude confrontada na escala oficial e dentro do nível/geo,manter no exemplo simulado; sem evidência de corrupção,plausibilidade comercial não demonstrada
check_geo_std,1,Geo35,Channel2,2022-10-31,1718649.0,2.174344151328789,-1.1393997285837145,1.8989995476395243,742166.56,2315.7187249180292,Domínio válido; magnitude confrontada na escala oficial e dentro do nível/geo,manter no exemplo simulado; sem evidência de corrupção,plausibilidade comercial não demonstrada
check_geo_std,1,Geo35,Channel2,2022-11-07,3559486.0,4.503274121613376,-1.1393997285837145,1.8989995476395243,742166.56,4796.074347515738,Domínio válido; magnitude confrontada na escala oficial e dentro do nível/geo,manter no exemplo simulado; sem evidência de corrupção,plausibilidade comercial não demonstrada
check_geo_std,1,Geo35,Channel2,2023-09-25,3680313.0,4.656138075086484,-1.1393997285837145,1.8989995476395243,742166.56,4958.877425035155,Domínio válido; magnitude confrontada na escala oficial e dentro do nível/geo,manter no exemplo simulado; sem evidência de corrupção,plausibilidade comercial não demonstrada
check_geo_std,1,Geo35,Channel2,2023-10-23,2227100.0,2.8176095639216308,-1.1393997285837145,1.8989995476395243,742166.56,3000.808875032041,Domínio válido; magnitude confrontada na escala oficial e dentro do nível/geo,manter no exemplo simulado; sem evidência de corrupção,plausibilidade comercial não demonstrada
check_geo_std,1,Geo35,Channel2,2023-12-04,1646947.0,2.0836305592348965,-1.1393997285837145,1.8989995476395243,742166.56,2219.1069885983543,Domínio válido; magnitude confrontada na escala oficial e dentro do nível/geo,manter no exemplo simulado; sem evidência de corrupção,plausibilidade comercial não demonstrada
check_geo_std,1,Geo35,Channel2,2023-12-18,1924003.0,2.434147211087921,-1.1393997285837145,1.8989995476395243,742166.56,2592.4140263069785,Domínio válido; magnitude confrontada na escala oficial e dentro do nível/geo,manter no exemplo simulado; sem evidência de corrupção,plausibilidade comercial não demonstrada
check_geo_std,1,Geo35,Channel3,2021-11-22,6557968.0,2.6496699526460588,-0.37966631472450585,2.440135662656996,742166.56,8836.248294452933,Domínio válido; magnitude confrontada na escala oficial e dentro do nível/geo,manter no exemplo simulado; sem evidência de corrupção,plausibilidade comercial não demonstrada
check_geo_std,1,Geo35,Channel3,2022-11-07,7587806.0,3.065763901975045,-0.37966631472450585,2.440135662656996,742166.56,10223.858644345279,Domínio válido; magnitude confrontada na escala oficial e dentro do nível/geo,manter no exemplo simulado; sem evidência de corrupção,plausibilidade comercial não demonstrada
check_geo_std,1,Geo35,Organic_channel0,2021-06-07,3395519.0,3.5521995190945552,-1.588413148061182,2.6473552467686368,742166.56,4575.144156319842,Domínio válido; magnitude confrontada na escala oficial e dentro do nível/geo,manter no exemplo simulado; sem evidência de corrupção,plausibilidade comercial não demonstrada
check_geo_std,1,Geo35,Organic_channel0,2021-07-26,2662540.0,2.7853984346929046,-1.588413148061182,2.6473552467686368,742166.56,3587.5235338008224,Domínio válido; magnitude confrontada na escala oficial e dentro do nível/geo,manter no exemplo simulado; sem evidência de corrupção,plausibilidade comercial não demonstrada
check_geo_std,1,Geo35,Organic_channel0,2021-08-30,3282995.0,3.434483288177692,-1.588413148061182,2.6473552467686368,742166.56,4423.528594443813,Domínio válido; magnitude confrontada na escala oficial e dentro do nível/geo,manter no exemplo simulado; sem evidência de corrupção,plausibilidade comercial não demonstrada
check_geo_std,1,Geo35,Organic_channel0,2021-10-04,3528184.0,3.690986122615454,-1.588413148061182,2.6473552467686368,742166.56,4753.897831236158,Domínio válido; magnitude confrontada na escala oficial e dentro do nível/geo,manter no exemplo simulado; sem evidência de corrupção,plausibilidade comercial não demonstrada
check_geo_std,1,Geo35,Organic_channel0,2021-11-22,3117097.0,3.260930203709972,-1.588413148061182,2.6473552467686368,742166.56,4199.996561418773,Domínio válido; magnitude confrontada na escala oficial e dentro do nível/geo,manter no exemplo simulado; sem evidência de corrupção,plausibilidade comercial não demonstrada
check_geo_std,1,Geo35,Organic_channel0,2023-08-14,2685327.0,2.809236902521124,-1.588413148061182,2.6473552467686368,742166.56,3618.2268842724466,Domínio válido; magnitude confrontada na escala oficial e dentro do nível/geo,manter no exemplo simulado; sem evidência de corrupção,plausibilidade comercial não demonstrada
check_geo_std,1,Geo35,Promo,2022-06-27,3.55016,4.404389276198376,-2.6819268012281405,2.577969170755276,742166.56,,Promo contínuo e zero-inflado; IQR não diagnostica erro,manter no exemplo simulado; sem evidência de corrupção,plausibilidade comercial não demonstrada
check_geo_std,1,Geo35,Promo,2023-12-11,3.1428058,3.8176128074587226,-2.6819268012281405,2.577969170755276,742166.56,,Promo contínuo e zero-inflado; IQR não diagnostica erro,manter no exemplo simulado; sem evidência de corrupção,plausibilidade comercial não demonstrada
check_geo_std,1,Geo35,competitor_sales_control,2021-06-28,3.7666893,3.1494961524593394,-2.5286698580881684,2.690268669738307,742166.56,,Índice sintético com valores negativos admissíveis,manter no exemplo simulado; sem evidência de corrupção,plausibilidade comercial não demonstrada
check_geo_std,1,Geo35,competitor_sales_control,2022-10-10,3.2487464,2.7214678631161684,-2.5286698580881684,2.690268669738307,742166.56,,Índice sintético com valores negativos admissíveis,manter no exemplo simulado; sem evidência de corrupção,plausibilidade comercial não demonstrada
check_geo_std,1,Geo35,competitor_sales_control,2022-11-07,3.4521286,2.8895430218814506,-2.5286698580881684,2.690268669738307,742166.56,,Índice sintético com valores negativos admissíveis,manter no exemplo simulado; sem evidência de corrupção,plausibilidade comercial não demonstrada
check_geo_std,1,Geo35,competitor_sales_control,2023-09-25,3.628428,3.0352369402539727,-2.5286698580881684,2.690268669738307,742166.56,,Índice sintético com valores negativos admissíveis,manter no exemplo simulado; sem evidência de corrupção,plausibilidade comercial não demonstrada
check_geo_std,1,Geo35,sentiment_score_control,2021-04-26,-3.5600376,-2.9999388862240877,-2.5759153386982105,2.573038714255525,742166.56,,Índice sintético com valores negativos admissíveis,manter no exemplo simulado; sem evidência de corrupção,plausibilidade comercial não demonstrada
check_geo_std,1,Geo35,sentiment_score_control,2021-11-22,4.2033124,3.604480121294345,-2.5759153386982105,2.573038714255525,742166.56,,Índice sintético com valores negativos admissíveis,manter no exemplo simulado; sem evidência de corrupção,plausibilidade comercial não demonstrada
check_geo_std,1,Geo36,Channel0,2022-01-24,5192032.0,3.1109545175060065,-1.0996686834063665,2.976137757383099,969886.5,5353.236693159458,Domínio válido; magnitude confrontada na escala oficial e dentro do nível/geo,manter no exemplo simulado; sem evidência de corrupção,plausibilidade comercial não demonstrada
check_geo_std,1,Geo36,Channel0,2022-08-08,5012579.0,3.0034301183825027,-1.0996686834063665,2.976137757383099,969886.5,5168.211950573598,Domínio válido; magnitude confrontada na escala oficial e dentro do nível/geo,manter no exemplo simulado; sem evidência de corrupção,plausibilidade comercial não demonstrada
check_geo_std,1,Geo36,Channel1,2021-03-29,4208919.0,3.664653712572095,-2.1381020128268324,3.592921567924307,969886.5,4339.599530460523,Domínio válido; magnitude confrontada na escala oficial e dentro do nível/geo,manter no exemplo simulado; sem evidência de corrupção,plausibilidade comercial não demonstrada
check_geo_std,1,Geo36,Channel1,2022-09-05,4397540.0,3.828883684191663,-2.1381020128268324,3.592921567924307,969886.5,4534.076925495921,Domínio válido; magnitude confrontada na escala oficial e dentro do nível/geo,manter no exemplo simulado; sem evidência de corrupção,plausibilidade comercial não demonstrada
check_geo_std,1,Geo36,Channel2,2021-08-30,4822958.0,4.669120075129361,-0.8670934259951136,1.4451557099918562,969886.5,4972.703507059847,Domínio válido; magnitude confrontada na escala oficial e dentro do nível/geo,manter no exemplo simulado; sem evidência de corrupção,plausibilidade comercial não demonstrada
check_geo_std,1,Geo36,Channel2,2021-11-22,4160359.0,4.02765600004087,-0.8670934259951136,1.4451557099918562,969886.5,4289.531816351708,Domínio válido; magnitude confrontada na escala oficial e dentro do nível/geo,manter no exemplo simulado; sem evidência de corrupção,plausibilidade comercial não demonstrada
check_geo_std,1,Geo36,Channel2,2021-12-13,2088259.0,2.0216497881527404,-0.8670934259951136,1.4451557099918562,969886.5,2153.0962643567054,Domínio válido; magnitude confrontada na escala oficial e dentro do nível/geo,manter no exemplo simulado; sem evidência de corrupção,plausibilidade comercial não demonstrada
check_geo_std,1,Geo36,Channel2,2022-01-17,1784810.0,1.7278799030162888,-0.8670934259951136,1.4451557099918562,969886.5,1840.2256346490026,Domínio válido; magnitude confrontada na escala oficial e dentro do nível/geo,manter no exemplo simulado; sem evidência de corrupção,plausibilidade comercial não demonstrada
check_geo_std,1,Geo36,Channel2,2022-05-23,2682720.0,2.5971492615011447,-0.8670934259951136,1.4451557099918562,969886.5,2766.014373846837,Domínio válido; magnitude confrontada na escala oficial e dentro do nível/geo,manter no exemplo simulado; sem evidência de corrupção,plausibilidade comercial não demonstrada
check_geo_std,1,Geo36,Channel2,2022-07-04,1720753.0,1.6658661295908181,-0.8670934259951136,1.4451557099918562,969886.5,1774.1797622711524,Domínio válido; magnitude confrontada na escala oficial e dentro do nível/geo,manter no exemplo simulado; sem evidência de corrupção,plausibilidade comercial não demonstrada
check_geo_std,1,Geo36,Channel2,2022-08-29,2803798.0,2.7143652356930232,-0.8670934259951136,1.4451557099918562,969886.5,2890.851661508847,Domínio válido; magnitude confrontada na escala oficial e dentro do nível/geo,manter no exemplo simulado; sem evidência de corrupção,plausibilidade comercial não demonstrada
check_geo_std,1,Geo36,Channel2,2022-09-19,2350166.0,2.2752027387521245,-0.8670934259951136,1.4451557099918562,969886.5,2423.1350781766732,Domínio válido; magnitude confrontada na escala oficial e dentro do nível/geo,manter no exemplo simulado; sem evidência de corrupção,plausibilidade comercial não demonstrada
check_geo_std,1,Geo36,Channel2,2022-09-26,2298362.0,2.225051131300432,-0.8670934259951136,1.4451557099918562,969886.5,2369.7226428040804,Domínio válido; magnitude confrontada na escala oficial e dentro do nível/geo,manter no exemplo simulado; sem evidência de corrupção,plausibilidade comercial não demonstrada
check_geo_std,1,Geo36,Channel2,2022-11-21,4862704.0,4.707598296690919,-0.8670934259951136,1.4451557099918562,969886.5,5013.683559880461,Domínio válido; magnitude confrontada na escala oficial e dentro do nível/geo,manter no exemplo simulado; sem evidência de corrupção,plausibilidade comercial não demonstrada
check_geo_std,1,Geo36,Channel2,2022-12-26,3067975.0,2.970115780086619,-0.8670934259951136,1.4451557099918562,969886.5,3163.2309553746754,Domínio válido; magnitude confrontada na escala oficial e dentro do nível/geo,manter no exemplo simulado; sem evidência de corrupção,plausibilidade comercial não demonstrada
check_geo_std,1,Geo36,Channel2,2023-01-23,1955426.0,1.8930537632776203,-0.8670934259951136,1.4451557099918562,969886.5,2016.1390018316579,Domínio válido; magnitude confrontada na escala oficial e dentro do nível/geo,manter no exemplo simulado; sem evidência de corrupção,plausibilidade comercial não demonstrada
check_geo_std,1,Geo36,Channel2,2023-05-01,3159969.0,3.0591754468287826,-0.8670934259951136,1.4451557099918562,969886.5,3258.0812290922704,Domínio válido; magnitude confrontada na escala oficial e dentro do nível/geo,manter no exemplo simulado; sem evidência de corrupção,plausibilidade comercial não demonstrada
check_geo_std,1,Geo36,Channel2,2023-05-22,2562006.0,2.4802856767987347,-0.8670934259951136,1.4451557099918562,969886.5,2641.5523878309473,Domínio válido; magnitude confrontada na escala oficial e dentro do nível/geo,manter no exemplo simulado; sem evidência de corrupção,plausibilidade comercial não demonstrada
check_geo_std,1,Geo36,Channel2,2023-07-10,2426216.0,2.3488269713731817,-0.8670934259951136,1.4451557099918562,969886.5,2501.54631495541,Domínio válido; magnitude confrontada na escala oficial e dentro do nível/geo,manter no exemplo simulado; sem evidência de corrupção,plausibilidade comercial não demonstrada
check_geo_std,1,Geo36,Channel2,2023-07-31,1732825.0,1.6775530689228548,-0.8670934259951136,1.4451557099918562,969886.5,1786.6265795018282,Domínio válido; magnitude confrontada na escala oficial e dentro do nível/geo,manter no exemplo simulado; sem evidência de corrupção,plausibilidade comercial não demonstrada
check_geo_std,1,Geo36,Channel2,2023-10-02,2330907.0,2.2565580432090746,-0.8670934259951136,1.4451557099918562,969886.5,2403.2781155320754,Domínio válido; magnitude confrontada na escala oficial e dentro do nível/geo,manter no exemplo simulado; sem evidência de corrupção,plausibilidade comercial não demonstrada
check_geo_std,1,Geo36,Channel2,2023-10-09,3744202.0,3.624773162764325,-0.8670934259951136,1.4451557099918562,969886.5,3860.453774745808,Domínio válido; magnitude confrontada na escala oficial e dentro do nível/geo,manter no exemplo simulado; sem evidência de corrupção,plausibilidade comercial não demonstrada
check_geo_std,1,Geo36,Channel2,2023-10-23,2203295.0,2.133016484060642,-0.8670934259951136,1.4451557099918562,969886.5,2271.7039571125074,Domínio válido; magnitude confrontada na escala oficial e dentro do nível/geo,manter no exemplo simulado; sem evidência de corrupção,plausibilidade comercial não demonstrada
check_geo_std,1,Geo36,Channel2,2023-12-04,3458448.0,3.348133860089801,-0.8670934259951136,1.4451557099918562,969886.5,3565.8275478625587,Domínio válido; magnitude confrontada na escala oficial e dentro do nível/geo,manter no exemplo simulado; sem evidência de corrupção,plausibilidade comercial não demonstrada
check_geo_std,1,Geo36,Channel2,2023-12-25,2516426.0,2.4361595423757527,-0.8670934259951136,1.4451557099918562,969886.5,2594.5571981876233,Domínio válido; magnitude confrontada na escala oficial e dentro do nível/geo,manter no exemplo simulado; sem evidência de corrupção,plausibilidade comercial não demonstrada
check_geo_std,1,Geo36,Channel3,2021-11-22,7625789.0,2.3576956387697106,-0.38650463140938573,2.3286103658578097,969886.5,7862.558144690127,Domínio válido; magnitude confrontada na escala oficial e dentro do nível/geo,manter no exemplo simulado; sem evidência de corrupção,plausibilidade comercial não demonstrada
check_geo_std,1,Geo36,Channel4,2021-11-22,6975542.0,3.6793618847897682,-0.998599730195487,2.6792915791272005,969886.5,7192.121964786601,Domínio válido; magnitude confrontada na escala oficial e dentro do nível/geo,manter no exemplo simulado; sem evidência de corrupção,plausibilidade comercial não demonstrada
check_geo_std,1,Geo36,Channel4,2023-10-09,5295219.0,2.793048477124013,-0.998599730195487,2.6792915791272005,969886.5,5459.627492495256,Domínio válido; magnitude confrontada na escala oficial e dentro do nível/geo,manter no exemplo simulado; sem evidência de corrupção,plausibilidade comercial não demonstrada
check_geo_std,1,Geo36,Organic_channel0,2023-10-09,4083109.0,3.268606408622218,-1.9345454670855404,3.2242424451425675,969886.5,4209.883321398947,Domínio válido; magnitude confrontada na escala oficial e dentro do nível/geo,manter no exemplo simulado; sem evidência de corrupção,plausibilidade comercial não demonstrada
check_geo_std,1,Geo36,Organic_channel0,2023-12-25,4457710.0,3.5684816334267215,-1.9345454670855404,3.2242424451425675,969886.5,4596.115112438414,Domínio válido; magnitude confrontada na escala oficial e dentro do nível/geo,manter no exemplo simulado; sem evidência de corrupção,plausibilidade comercial não demonstrada
check_geo_std,1,Geo36,Promo,2021-02-15,2.0212674,2.2020842529282394,-2.3292226315981095,1.9901288880385577,969886.5,,Promo contínuo e zero-inflado; IQR não diagnostica erro,manter no exemplo simulado; sem evidência de corrupção,plausibilidade comercial não demonstrada
check_geo_std,1,Geo36,Promo,2021-03-22,2.1945882,2.451745523103266,-2.3292226315981095,1.9901288880385577,969886.5,,Promo contínuo e zero-inflado; IQR não diagnostica erro,manter no exemplo simulado; sem evidência de corrupção,plausibilidade comercial não demonstrada
check_geo_std,1,Geo36,Promo,2021-10-18,2.3513825,2.677601070124767,-2.3292226315981095,1.9901288880385577,969886.5,,Promo contínuo e zero-inflado; IQR não diagnostica erro,manter no exemplo simulado; sem evidência de corrupção,plausibilidade comercial não demonstrada
check_geo_std,1,Geo36,Promo,2022-07-04,2.167496,2.412720356684487,-2.3292226315981095,1.9901288880385577,969886.5,,Promo contínuo e zero-inflado; IQR não diagnostica erro,manter no exemplo simulado; sem evidência de corrupção,plausibilidade comercial não demonstrada
check_geo_std,1,Geo36,Promo,2022-08-29,1.9334695,2.0756150972775615,-2.3292226315981095,1.9901288880385577,969886.5,,Promo contínuo e zero-inflado; IQR não diagnostica erro,manter no exemplo simulado; sem evidência de corrupção,plausibilidade comercial não demonstrada
check_geo_std,1,Geo36,Promo,2022-09-26,1.9523597,2.1028256301499018,-2.3292226315981095,1.9901288880385577,969886.5,,Promo contínuo e zero-inflado; IQR não diagnostica erro,manter no exemplo simulado; sem evidência de corrupção,plausibilidade comercial não demonstrada
check_geo_std,1,Geo36,Promo,2023-05-15,2.0348299,2.221620459642891,-2.3292226315981095,1.9901288880385577,969886.5,,Promo contínuo e zero-inflado; IQR não diagnostica erro,manter no exemplo simulado; sem evidência de corrupção,plausibilidade comercial não demonstrada
check_geo_std,1,Geo36,Promo,2023-08-14,2.2323627,2.506158090147882,-2.3292226315981095,1.9901288880385577,969886.5,,Promo contínuo e zero-inflado; IQR não diagnostica erro,manter no exemplo simulado; sem evidência de corrupção,plausibilidade comercial não demonstrada
check_geo_std,1,Geo36,Promo,2023-10-02,1.8898258,2.0127481962643086,-2.3292226315981095,1.9901288880385577,969886.5,,Promo contínuo e zero-inflado; IQR não diagnostica erro,manter no exemplo simulado; sem evidência de corrupção,plausibilidade comercial não demonstrada
check_geo_std,1,Geo36,Promo,2023-12-11,2.113863,2.3354642921884934,-2.3292226315981095,1.9901288880385577,969886.5,,Promo contínuo e zero-inflado; IQR não diagnostica erro,manter no exemplo simulado; sem evidência de corrupção,plausibilidade comercial não demonstrada
check_geo_std,1,Geo36,competitor_sales_control,2021-04-19,-3.4609604,-2.8234374219997025,-2.536926433058257,2.614785989720665,969886.5,,Índice sintético com valores negativos admissíveis,manter no exemplo simulado; sem evidência de corrupção,plausibilidade comercial não demonstrada
check_geo_std,1,Geo36,competitor_sales_control,2021-11-22,3.6128526,3.0223654213706452,-2.536926433058257,2.614785989720665,969886.5,,Índice sintético com valores negativos admissíveis,manter no exemplo simulado; sem evidência de corrupção,plausibilidade comercial não demonstrada
check_geo_std,1,Geo36,competitor_sales_control,2022-07-25,-4.8256345,-3.9512048275070106,-2.536926433058257,2.614785989720665,969886.5,,Índice sintético com valores negativos admissíveis,manter no exemplo simulado; sem evidência de corrupção,plausibilidade comercial não demonstrada
check_geo_std,1,Geo36,competitor_sales_control,2023-06-19,-3.3721185,-2.7500184283635374,-2.536926433058257,2.614785989720665,969886.5,,Índice sintético com valores negativos admissíveis,manter no exemplo simulado; sem evidência de corrupção,plausibilidade comercial não demonstrada
check_geo_std,1,Geo36,competitor_sales_control,2023-09-11,3.282673,2.7495048234861823,-2.536926433058257,2.614785989720665,969886.5,,Índice sintético com valores negativos admissíveis,manter no exemplo simulado; sem evidência de corrupção,plausibilidade comercial não demonstrada
check_geo_std,1,Geo36,sentiment_score_control,2021-11-22,3.0226483,2.6000683115041587,-2.449302649607106,2.382991454071571,969886.5,,Índice sintético com valores negativos admissíveis,manter no exemplo simulado; sem evidência de corrupção,plausibilidade comercial não demonstrada
check_geo_std,1,Geo36,sentiment_score_control,2022-06-06,-2.9311938,-2.464970355180129,-2.449302649607106,2.382991454071571,969886.5,,Índice sintético com valores negativos admissíveis,manter no exemplo simulado; sem evidência de corrupção,plausibilidade comercial não demonstrada
check_geo_std,1,Geo36,sentiment_score_control,2023-10-23,3.374263,2.8991931491068548,-2.449302649607106,2.382991454071571,969886.5,,Índice sintético com valores negativos admissíveis,manter no exemplo simulado; sem evidência de corrupção,plausibilidade comercial não demonstrada
check_geo_std,1,Geo37,Channel0,2021-01-25,1897638.0,3.362300478417862,-0.952620174972555,2.857025990867791,327985.06,5785.745240957012,Domínio válido; magnitude confrontada na escala oficial e dentro do nível/geo,manter no exemplo simulado; sem evidência de corrupção,plausibilidade comercial não demonstrada
check_geo_std,1,Geo37,Channel1,2021-11-22,1392548.0,3.5854147550744853,-2.0900371189897626,3.4833951983162708,327985.06,4245.766560220761,Domínio válido; magnitude confrontada na escala oficial e dentro do nível/geo,manter no exemplo simulado; sem evidência de corrupção,plausibilidade comercial não demonstrada
check_geo_std,1,Geo37,Channel1,2023-12-18,1358520.0,3.4978023400728664,-2.0900371189897626,3.4833951983162708,327985.06,4142.017932158251,Domínio válido; magnitude confrontada na escala oficial e dentro do nível/geo,manter no exemplo simulado; sem evidência de corrupção,plausibilidade comercial não demonstrada
check_geo_std,1,Geo37,Channel2,2021-01-25,420245.0,1.2030702028090732,-0.702929504257318,1.1715491737621968,327985.06,1281.2931174365076,Domínio válido; magnitude confrontada na escala oficial e dentro do nível/geo,manter no exemplo simulado; sem evidência de corrupção,plausibilidade comercial não demonstrada
check_geo_std,1,Geo37,Channel2,2021-02-08,927258.0,2.6545383529044617,-0.702929504257318,1.1715491737621968,327985.06,2827.1348701065835,Domínio válido; magnitude confrontada na escala oficial e dentro do nível/geo,manter no exemplo simulado; sem evidência de corrupção,plausibilidade comercial não demonstrada
check_geo_std,1,Geo37,Channel2,2021-02-22,578955.0,1.6574224780005162,-0.702929504257318,1.1715491737621968,327985.06,1765.187109437241,Domínio válido; magnitude confrontada na escala oficial e dentro do nível/geo,manter no exemplo simulado; sem evidência de corrupção,plausibilidade comercial não demonstrada
check_geo_std,1,Geo37,Channel2,2021-06-28,1143690.0,3.2741361830615685,-0.702929504257318,1.1715491737621968,327985.06,3487.0185855416707,Domínio válido; magnitude confrontada na escala oficial e dentro do nível/geo,manter no exemplo simulado; sem evidência de corrupção,plausibilidade comercial não demonstrada
check_geo_std,1,Geo37,Channel2,2021-07-26,642389.0,1.8390202489317367,-0.702929504257318,1.1715491737621968,327985.06,1958.5922602694159,Domínio válido; magnitude confrontada na escala oficial e dentro do nível/geo,manter no exemplo simulado; sem evidência de corrupção,plausibilidade comercial não demonstrada
check_geo_std,1,Geo37,Channel2,2021-08-09,487521.0,1.3956667856695075,-0.702929504257318,1.1715491737621968,327985.06,1486.4122164588837,Domínio válido; magnitude confrontada na escala oficial e dentro do nível/geo,manter no exemplo simulado; sem evidência de corrupção,plausibilidade comercial não demonstrada
check_geo_std,1,Geo37,Channel2,2021-08-30,506679.0,1.4505119806044056,-0.702929504257318,1.1715491737621968,327985.06,1544.8234136030464,Domínio válido; magnitude confrontada na escala oficial e dentro do nível/geo,manter no exemplo simulado; sem evidência de corrupção,plausibilidade comercial não demonstrada
check_geo_std,1,Geo37,Channel2,2021-10-18,1110620.0,3.1794639523226045,-0.702929504257318,1.1715491737621968,327985.06,3386.190822228305,Domínio válido; magnitude confrontada na escala oficial e dentro do nível/geo,manter no exemplo simulado; sem evidência de corrupção,plausibilidade comercial não demonstrada
check_geo_std,1,Geo37,Channel2,2021-11-08,454434.0,1.300945887621122,-0.702929504257318,1.1715491737621968,327985.06,1385.5326215163582,Domínio válido; magnitude confrontada na escala oficial e dentro do nível/geo,manter no exemplo simulado; sem evidência de corrupção,plausibilidade comercial não demonstrada
check_geo_std,1,Geo37,Channel2,2021-11-22,1564341.0,4.478368675730938,-0.702929504257318,1.1715491737621968,327985.06,4769.549564239298,Domínio válido; magnitude confrontada na escala oficial e dentro do nível/geo,manter no exemplo simulado; sem evidência de corrupção,plausibilidade comercial não demonstrada
check_geo_std,1,Geo37,Channel2,2021-12-13,548156.0,1.5692516272436563,-0.702929504257318,1.1715491737621968,327985.06,1671.283441995803,Domínio válido; magnitude confrontada na escala oficial e dentro do nível/geo,manter no exemplo simulado; sem evidência de corrupção,plausibilidade comercial não demonstrada
check_geo_std,1,Geo37,Channel2,2022-08-01,458318.0,1.3120649364324353,-0.702929504257318,1.1715491737621968,327985.06,1397.3746243197784,Domínio válido; magnitude confrontada na escala oficial e dentro do nível/geo,manter no exemplo simulado; sem evidência de corrupção,plausibilidade comercial não demonstrada
check_geo_std,1,Geo37,Channel2,2022-10-10,672874.0,1.9262921858557562,-0.702929504257318,1.1715491737621968,327985.06,2051.538567031071,Domínio válido; magnitude confrontada na escala oficial e dentro do nível/geo,manter no exemplo simulado; sem evidência de corrupção,plausibilidade comercial não demonstrada
check_geo_std,1,Geo37,Channel2,2022-10-17,580475.0,1.6617739080193619,-0.702929504257318,1.1715491737621968,327985.06,1769.8214668680337,Domínio válido; magnitude confrontada na escala oficial e dentro do nível/geo,manter no exemplo simulado; sem evidência de corrupção,plausibilidade comercial não demonstrada
check_geo_std,1,Geo37,Channel2,2022-10-24,903792.0,2.587360289205625,-0.702929504257318,1.1715491737621968,327985.06,2755.5889283493584,Domínio válido; magnitude confrontada na escala oficial e dentro do nível/geo,manter no exemplo simulado; sem evidência de corrupção,plausibilidade comercial não demonstrada
check_geo_std,1,Geo37,Channel2,2022-10-31,481226.0,1.3776455672690908,-0.702929504257318,1.1715491737621968,327985.06,1467.2192690728048,Domínio válido; magnitude confrontada na escala oficial e dentro do nível/geo,manter no exemplo simulado; sem evidência de corrupção,plausibilidade comercial não demonstrada
check_geo_std,1,Geo37,Channel2,2022-11-14,1696983.0,4.858093926099179,-0.702929504257318,1.1715491737621968,327985.06,5173.964326301935,Domínio válido; magnitude confrontada na escala oficial e dentro do nível/geo,manter no exemplo simulado; sem evidência de corrupção,plausibilidade comercial não demonstrada
check_geo_std,1,Geo37,Channel2,2022-12-05,621706.0,1.7798093100634573,-0.702929504257318,1.1715491737621968,327985.06,1895.5314610976488,Domínio válido; magnitude confrontada na escala oficial e dentro do nível/geo,manter no exemplo simulado; sem evidência de corrupção,plausibilidade comercial não demonstrada
check_geo_std,1,Geo37,Channel2,2022-12-19,939229.0,2.6888087270857786,-0.702929504257318,1.1715491737621968,327985.06,2863.6334837934387,Domínio válido; magnitude confrontada na escala oficial e dentro do nível/geo,manter no exemplo simulado; sem evidência de corrupção,plausibilidade comercial não demonstrada
check_geo_std,1,Geo37,Channel2,2023-02-27,528328.0,1.5124883677609775,-0.702929504257318,1.1715491737621968,327985.06,1610.829468878857,Domínio válido; magnitude confrontada na escala oficial e dentro do nível/geo,manter no exemplo simulado; sem evidência de corrupção,plausibilidade comercial não demonstrada
check_geo_std,1,Geo37,Channel2,2023-05-01,517161.0,1.4805196710369977,-0.702929504257318,1.1715491737621968,327985.06,1576.7821863593422,Domínio válido; magnitude confrontada na escala oficial e dentro do nível/geo,manter no exemplo simulado; sem evidência de corrupção,plausibilidade comercial não demonstrada
check_geo_std,1,Geo37,Channel2,2023-10-02,840482.0,2.4061175033548894,-0.702929504257318,1.1715491737621968,327985.06,2562.5618435181163,Domínio válido; magnitude confrontada na escala oficial e dentro do nível/geo,manter no exemplo simulado; sem evidência de corrupção,plausibilidade comercial não demonstrada
check_geo_std,1,Geo37,Channel3,2021-11-22,3096002.0,2.830551369024798,-0.4263958661575724,2.395694939092087,327985.06,9439.460443716553,Domínio válido; magnitude confrontada na escala oficial e dentro do nível/geo,manter no exemplo simulado; sem evidência de corrupção,plausibilidade comercial não demonstrada
check_geo_std,1,Geo37,Organic_channel0,2021-08-30,1295698.0,3.067201410453315,-1.806055523352446,3.0100925389207434,327985.06,3950.478719975843,Domínio válido; magnitude confrontada na escala oficial e dentro do nível/geo,manter no exemplo simulado; sem evidência de corrupção,plausibilidade comercial não demonstrada
check_geo_std,1,Geo37,Organic_channel0,2021-11-15,1378141.0,3.2623620774312707,-1.806055523352446,3.0100925389207434,327985.06,4201.840778967188,Domínio válido; magnitude confrontada na escala oficial e dentro do nível/geo,manter no exemplo simulado; sem evidência de corrupção,plausibilidade comercial não demonstrada
check_geo_std,1,Geo37,Organic_channel0,2021-11-22,1285324.0,3.0426438766514243,-1.806055523352446,3.0100925389207434,327985.06,3918.8492305106824,Domínio válido; magnitude confrontada na escala oficial e dentro do nível/geo,manter no exemplo simulado; sem evidência de corrupção,plausibilidade comercial não demonstrada
check_geo_std,1,Geo37,Organic_channel0,2022-11-14,1288481.0,3.0501171882200158,-1.806055523352446,3.0100925389207434,327985.06,3928.4746689376643,Domínio válido; magnitude confrontada na escala oficial e dentro do nível/geo,manter no exemplo simulado; sem evidência de corrupção,plausibilidade comercial não demonstrada
check_geo_std,1,Geo37,Organic_channel0,2023-10-16,1454722.0,3.443646104429788,-1.806055523352446,3.0100925389207434,327985.06,4435.3300726563575,Domínio válido; magnitude confrontada na escala oficial e dentro do nível/geo,manter no exemplo simulado; sem evidência de corrupção,plausibilidade comercial não demonstrada
check_geo_std,1,Geo37,Promo,2021-02-22,2.7613642,3.2681623413081256,-2.641909964352522,2.511274442629245,327985.06,,Promo contínuo e zero-inflado; IQR não diagnostica erro,manter no exemplo simulado; sem evidência de corrupção,plausibilidade comercial não demonstrada
check_geo_std,1,Geo37,Promo,2021-11-15,2.5194888,2.91975107394672,-2.641909964352522,2.511274442629245,327985.06,,Promo contínuo e zero-inflado; IQR não diagnostica erro,manter no exemplo simulado; sem evidência de corrupção,plausibilidade comercial não demonstrada
check_geo_std,1,Geo37,Promo,2022-03-07,2.736159,3.2318553184521517,-2.641909964352522,2.511274442629245,327985.06,,Promo contínuo e zero-inflado; IQR não diagnostica erro,manter no exemplo simulado; sem evidência de corrupção,plausibilidade comercial não demonstrada
check_geo_std,1,Geo37,Promo,2023-04-17,2.37593,2.7129607039922625,-2.641909964352522,2.511274442629245,327985.06,,Promo contínuo e zero-inflado; IQR não diagnostica erro,manter no exemplo simulado; sem evidência de corrupção,plausibilidade comercial não demonstrada
check_geo_std,1,Geo37,Promo,2023-05-29,2.2657423,2.5542399899194863,-2.641909964352522,2.511274442629245,327985.06,,Promo contínuo e zero-inflado; IQR não diagnostica erro,manter no exemplo simulado; sem evidência de corrupção,plausibilidade comercial não demonstrada
check_geo_std,1,Geo37,Promo,2023-11-06,2.3813477,2.720764671337366,-2.641909964352522,2.511274442629245,327985.06,,Promo contínuo e zero-inflado; IQR não diagnostica erro,manter no exemplo simulado; sem evidência de corrupção,plausibilidade comercial não demonstrada
check_geo_std,1,Geo37,Promo,2023-12-11,2.4541364,2.8256137102085743,-2.641909964352522,2.511274442629245,327985.06,,Promo contínuo e zero-inflado; IQR não diagnostica erro,manter no exemplo simulado; sem evidência de corrupção,plausibilidade comercial não demonstrada
check_geo_std,1,Geo38,Channel0,2021-11-22,1258360.0,2.999084075895502,-1.0017524967077394,2.5720328884768264,243833.56,5160.733411758414,Domínio válido; magnitude confrontada na escala oficial e dentro do nível/geo,manter no exemplo simulado; sem evidência de corrupção,plausibilidade comercial não demonstrada
check_geo_std,1,Geo38,Channel0,2022-10-17,1100950.0,2.6239244837384796,-1.0017524967077394,2.5720328884768264,243833.56,4515.170102097513,Domínio válido; magnitude confrontada na escala oficial e dentro do nível/geo,manter no exemplo simulado; sem evidência de corrupção,plausibilidade comercial não demonstrada
check_geo_std,1,Geo38,Channel0,2022-10-31,1126060.0,2.6837698389196167,-1.0017524967077394,2.5720328884768264,243833.56,4618.150184084587,Domínio válido; magnitude confrontada na escala oficial e dentro do nível/geo,manter no exemplo simulado; sem evidência de corrupção,plausibilidade comercial não demonstrada
check_geo_std,1,Geo38,Channel0,2023-03-27,1248106.0,2.9746454350341964,-1.0017524967077394,2.5720328884768264,243833.56,5118.680135745055,Domínio válido; magnitude confrontada na escala oficial e dentro do nível/geo,manter no exemplo simulado; sem evidência de corrupção,plausibilidade comercial não demonstrada
check_geo_std,1,Geo38,Channel1,2021-10-11,950150.0,3.2906521980249415,-1.9547570189953016,3.2579283649921695,243833.56,3896.7154480293857,Domínio válido; magnitude confrontada na escala oficial e dentro do nível/geo,manter no exemplo simulado; sem evidência de corrupção,plausibilidade comercial não demonstrada
check_geo_std,1,Geo38,Channel2,2021-03-01,345151.0,1.3291014558580458,-0.7734600047024445,1.2891000078374075,243833.56,1415.518848184803,Domínio válido; magnitude confrontada na escala oficial e dentro do nível/geo,manter no exemplo simulado; sem evidência de corrupção,plausibilidade comercial não demonstrada
check_geo_std,1,Geo38,Channel2,2021-03-15,574534.0,2.212405514803511,-0.7734600047024445,1.2891000078374075,243833.56,2356.2548157849974,Domínio válido; magnitude confrontada na escala oficial e dentro do nível/geo,manter no exemplo simulado; sem evidência de corrupção,plausibilidade comercial não demonstrada
check_geo_std,1,Geo38,Channel2,2021-07-05,397445.0,1.5304742797311932,-0.7734600047024445,1.2891000078374075,243833.56,1629.9848142314784,Domínio válido; magnitude confrontada na escala oficial e dentro do nível/geo,manter no exemplo simulado; sem evidência de corrupção,plausibilidade comercial não demonstrada
check_geo_std,1,Geo38,Channel2,2021-09-06,424573.0,1.6349383093718928,-0.7734600047024445,1.2891000078374075,243833.56,1741.2410334328056,Domínio válido; magnitude confrontada na escala oficial e dentro do nível/geo,manter no exemplo simulado; sem evidência de corrupção,plausibilidade comercial não demonstrada
check_geo_std,1,Geo38,Channel2,2021-11-08,426021.0,1.6405142425376158,-0.7734600047024445,1.2891000078374075,243833.56,1747.1795104824782,Domínio válido; magnitude confrontada na escala oficial e dentro do nível/geo,manter no exemplo simulado; sem evidência de corrupção,plausibilidade comercial não demonstrada
check_geo_std,1,Geo38,Channel2,2021-11-29,550444.0,2.1196401626196253,-0.7734600047024445,1.2891000078374075,243833.56,2257.4579151450685,Domínio válido; magnitude confrontada na escala oficial e dentro do nível/geo,manter no exemplo simulado; sem evidência de corrupção,plausibilidade comercial não demonstrada
check_geo_std,1,Geo38,Channel2,2022-01-10,793927.0,3.057240255844575,-0.7734600047024445,1.2891000078374075,243833.56,3256.0202131322694,Domínio válido; magnitude confrontada na escala oficial e dentro do nível/geo,manter no exemplo simulado; sem evidência de corrupção,plausibilidade comercial não demonstrada
check_geo_std,1,Geo38,Channel2,2022-01-17,838386.0,3.2284421982581644,-0.7734600047024445,1.2891000078374075,243833.56,3438.3536048114133,Domínio válido; magnitude confrontada na escala oficial e dentro do nível/geo,manter no exemplo simulado; sem evidência de corrupção,plausibilidade comercial não demonstrada
check_geo_std,1,Geo38,Channel2,2022-08-08,477784.0,1.839842300864493,-0.7734600047024445,1.2891000078374075,243833.56,1959.4677615337282,Domínio válido; magnitude confrontada na escala oficial e dentro do nível/geo,manter no exemplo simulado; sem evidência de corrupção,plausibilidade comercial não demonstrada
check_geo_std,1,Geo38,Channel2,2022-08-22,435661.0,1.677635786541462,-0.7734600047024445,1.2891000078374075,243833.56,1786.7146753711836,Domínio válido; magnitude confrontada na escala oficial e dentro do nível/geo,manter no exemplo simulado; sem evidência de corrupção,plausibilidade comercial não demonstrada
check_geo_std,1,Geo38,Channel2,2022-09-12,897633.0,3.4565895133614717,-0.7734600047024445,1.2891000078374075,243833.56,3681.3349237077946,Domínio válido; magnitude confrontada na escala oficial e dentro do nível/geo,manter no exemplo simulado; sem evidência de corrupção,plausibilidade comercial não demonstrada
check_geo_std,1,Geo38,Channel2,2022-12-26,350783.0,1.3507890633092559,-0.7734600047024445,1.2891000078374075,243833.56,1438.6165710741377,Domínio válido; magnitude confrontada na escala oficial e dentro do nível/geo,manter no exemplo simulado; sem evidência de corrupção,plausibilidade comercial não demonstrada
check_geo_std,1,Geo38,Channel2,2023-03-27,486225.0,1.8723467565632965,-0.7734600047024445,1.2891000078374075,243833.56,1994.0856377604462,Domínio válido; magnitude confrontada na escala oficial e dentro do nível/geo,manter no exemplo simulado; sem evidência de corrupção,plausibilidade comercial não demonstrada
check_geo_std,1,Geo38,Channel2,2023-06-12,356694.0,1.3735510390983363,-0.7734600047024445,1.2891000078374075,243833.56,1462.8585170966621,Domínio válido; magnitude confrontada na escala oficial e dentro do nível/geo,manter no exemplo simulado; sem evidência de corrupção,plausibilidade comercial não demonstrada
check_geo_std,1,Geo38,Channel2,2023-08-21,342467.0,1.3187659554320788,-0.7734600047024445,1.2891000078374075,243833.56,1404.5113396203542,Domínio válido; magnitude confrontada na escala oficial e dentro do nível/geo,manter no exemplo simulado; sem evidência de corrupção,plausibilidade comercial não demonstrada
check_geo_std,1,Geo38,Channel2,2023-11-13,926651.0,3.568331522065166,-0.7734600047024445,1.2891000078374075,243833.56,3800.3423318758914,Domínio válido; magnitude confrontada na escala oficial e dentro do nível/geo,manter no exemplo simulado; sem evidência de corrupção,plausibilidade comercial não demonstrada
check_geo_std,1,Geo38,Channel2,2023-12-04,589933.0,2.2717037156453395,-0.7734600047024445,1.2891000078374075,243833.56,2419.408550652339,Domínio válido; magnitude confrontada na escala oficial e dentro do nível/geo,manter no exemplo simulado; sem evidência de corrupção,plausibilidade comercial não demonstrada
check_geo_std,1,Geo38,Channel2,2023-12-11,624795.0,2.4059496977057226,-0.7734600047024445,1.2891000078374075,243833.56,2562.3831272446664,Domínio válido; magnitude confrontada na escala oficial e dentro do nível/geo,manter no exemplo simulado; sem evidência de corrupção,plausibilidade comercial não demonstrada
check_geo_std,1,Geo38,Channel4,2021-10-11,1476201.0,3.097187353175973,-0.8501681209732406,2.9111558712587198,243833.56,6054.133811604933,Domínio válido; magnitude confrontada na escala oficial e dentro do nível/geo,manter no exemplo simulado; sem evidência de corrupção,plausibilidade comercial não demonstrada
check_geo_std,1,Geo38,Organic_channel0,2021-12-13,949014.0,3.02184168849508,-1.8042707940227658,3.0071179900379432,243833.56,3892.056532332957,Domínio válido; magnitude confrontada na escala oficial e dentro do nível/geo,manter no exemplo simulado; sem evidência de corrupção,plausibilidade comercial não demonstrada
check_geo_std,1,Geo38,Promo,2021-02-22,1.9329736,2.074900774334904,-2.3645210910302934,2.048959653758865,243833.56,,Promo contínuo e zero-inflado; IQR não diagnostica erro,manter no exemplo simulado; sem evidência de corrupção,plausibilidade comercial não demonstrada
check_geo_std,1,Geo38,Promo,2021-07-05,2.1371517,2.369010677981342,-2.3645210910302934,2.048959653758865,243833.56,,Promo contínuo e zero-inflado; IQR não diagnostica erro,manter no exemplo simulado; sem evidência de corrupção,plausibilidade comercial não demonstrada
check_geo_std,1,Geo38,Promo,2021-11-22,2.5752208,3.000030659024764,-2.3645210910302934,2.048959653758865,243833.56,,Promo contínuo e zero-inflado; IQR não diagnostica erro,manter no exemplo simulado; sem evidência de corrupção,plausibilidade comercial não demonstrada
check_geo_std,1,Geo38,Promo,2022-08-15,2.1803777,2.431275899839225,-2.3645210910302934,2.048959653758865,243833.56,,Promo contínuo e zero-inflado; IQR não diagnostica erro,manter no exemplo simulado; sem evidência de corrupção,plausibilidade comercial não demonstrada
check_geo_std,1,Geo38,Promo,2023-10-23,2.577551,3.0033872134127075,-2.3645210910302934,2.048959653758865,243833.56,,Promo contínuo e zero-inflado; IQR não diagnostica erro,manter no exemplo simulado; sem evidência de corrupção,plausibilidade comercial não demonstrada
check_geo_std,1,Geo38,sentiment_score_control,2021-02-01,2.5684693,2.2136902117900257,-2.1457397774402516,2.1057219212940304,243833.56,,Índice sintético com valores negativos admissíveis,manter no exemplo simulado; sem evidência de corrupção,plausibilidade comercial não demonstrada
check_geo_std,1,Geo38,sentiment_score_control,2021-05-10,2.4813066,2.1395393629133643,-2.1457397774402516,2.1057219212940304,243833.56,,Índice sintético com valores negativos admissíveis,manter no exemplo simulado; sem evidência de corrupção,plausibilidade comercial não demonstrada
check_geo_std,1,Geo38,sentiment_score_control,2021-11-08,2.5229564,2.174971583640157,-2.1457397774402516,2.1057219212940304,243833.56,,Índice sintético com valores negativos admissíveis,manter no exemplo simulado; sem evidência de corrupção,plausibilidade comercial não demonstrada
check_geo_std,1,Geo38,sentiment_score_control,2021-11-22,2.755237,2.3725767939833444,-2.1457397774402516,2.1057219212940304,243833.56,,Índice sintético com valores negativos admissíveis,manter no exemplo simulado; sem evidência de corrupção,plausibilidade comercial não demonstrada
check_geo_std,1,Geo38,sentiment_score_control,2021-12-13,3.1072788,2.672064973102024,-2.1457397774402516,2.1057219212940304,243833.56,,Índice sintético com valores negativos admissíveis,manter no exemplo simulado; sem evidência de corrupção,plausibilidade comercial não demonstrada
check_geo_std,1,Geo38,sentiment_score_control,2022-04-11,-2.6098173,-2.1915696885645892,-2.1457397774402516,2.1057219212940304,243833.56,,Índice sintético com valores negativos admissíveis,manter no exemplo simulado; sem evidência de corrupção,plausibilidade comercial não demonstrada
check_geo_std,1,Geo38,sentiment_score_control,2023-07-17,-2.9277046,-2.4620020310931006,-2.1457397774402516,2.1057219212940304,243833.56,,Índice sintético com valores negativos admissíveis,manter no exemplo simulado; sem evidência de corrupção,plausibilidade comercial não demonstrada
check_geo_std,1,Geo38,sentiment_score_control,2023-08-14,-2.5617604,-2.1506868346674426,-2.1457397774402516,2.1057219212940304,243833.56,,Índice sintético com valores negativos admissíveis,manter no exemplo simulado; sem evidência de corrupção,plausibilidade comercial não demonstrada
check_geo_std,1,Geo39,Channel1,2023-11-27,2957702.0,3.126252328394445,-1.8408263559393103,3.068043926565517,798939.1,3702.0368636357894,Domínio válido; magnitude confrontada na escala oficial e dentro do nível/geo,manter no exemplo simulado; sem evidência de corrupção,plausibilidade comercial não demonstrada
check_geo_std,1,Geo39,Channel2,2021-07-05,2903639.0,3.412490273001546,-0.7041256082272171,1.1735426803786952,798939.1,3634.3683767636358,Domínio válido; magnitude confrontada na escala oficial e dentro do nível/geo,manter no exemplo simulado; sem evidência de corrupção,plausibilidade comercial não demonstrada
check_geo_std,1,Geo39,Channel2,2021-08-30,1940943.0,2.281085599122494,-0.7041256082272171,1.1735426803786952,798939.1,2429.400438656714,Domínio válido; magnitude confrontada na escala oficial e dentro do nível/geo,manter no exemplo simulado; sem evidência de corrupção,plausibilidade comercial não demonstrada
check_geo_std,1,Geo39,Channel2,2021-09-13,1010856.0,1.1880045237735306,-0.7041256082272171,1.1735426803786952,798939.1,1265.2478768406754,Domínio válido; magnitude confrontada na escala oficial e dentro do nível/geo,manter no exemplo simulado; sem evidência de corrupção,plausibilidade comercial não demonstrada
check_geo_std,1,Geo39,Channel2,2021-10-18,1416624.0,1.6648817640555666,-0.7041256082272171,1.1735426803786952,798939.1,1773.1313938696956,Domínio válido; magnitude confrontada na escala oficial e dentro do nível/geo,manter no exemplo simulado; sem evidência de corrupção,plausibilidade comercial não demonstrada
check_geo_std,1,Geo39,Channel2,2021-11-22,999576.0,1.1747477482999067,-0.7041256082272171,1.1735426803786952,798939.1,1251.1291536488827,Domínio válido; magnitude confrontada na escala oficial e dentro do nível/geo,manter no exemplo simulado; sem evidência de corrupção,plausibilidade comercial não demonstrada
check_geo_std,1,Geo39,Channel2,2021-12-06,1360697.0,1.5991537780703402,-0.7041256082272171,1.1735426803786952,798939.1,1703.1298130232954,Domínio válido; magnitude confrontada na escala oficial e dentro do nível/geo,manter no exemplo simulado; sem evidência de corrupção,plausibilidade comercial não demonstrada
check_geo_std,1,Geo39,Channel2,2022-02-07,1019621.0,1.1983055554247994,-0.7041256082272171,1.1735426803786952,798939.1,1276.2186754910356,Domínio válido; magnitude confrontada na escala oficial e dentro do nível/geo,manter no exemplo simulado; sem evidência de corrupção,plausibilidade comercial não demonstrada
check_geo_std,1,Geo39,Channel2,2022-05-30,1497811.0,1.7602964653301316,-0.7041256082272171,1.1735426803786952,798939.1,1874.7499027147376,Domínio válido; magnitude confrontada na escala oficial e dentro do nível/geo,manter no exemplo simulado; sem evidência de corrupção,plausibilidade comercial não demonstrada
check_geo_std,1,Geo39,Channel2,2022-07-04,1659576.0,1.9504101430332121,-0.7041256082272171,1.1735426803786952,798939.1,2077.224659551648,Domínio válido; magnitude confrontada na escala oficial e dentro do nível/geo,manter no exemplo simulado; sem evidência de corrupção,plausibilidade comercial não demonstrada
check_geo_std,1,Geo39,Channel2,2022-08-29,1493844.0,1.7556342642393634,-0.7041256082272171,1.1735426803786952,798939.1,1869.784568060319,Domínio válido; magnitude confrontada na escala oficial e dentro do nível/geo,manter no exemplo simulado; sem evidência de corrupção,plausibilidade comercial não demonstrada
check_geo_std,1,Geo39,Channel2,2022-10-10,2028149.0,2.383574106387816,-0.7041256082272171,1.1735426803786952,798939.1,2538.5526881836176,Domínio válido; magnitude confrontada na escala oficial e dentro do nível/geo,manter no exemplo simulado; sem evidência de corrupção,plausibilidade comercial não demonstrada
check_geo_std,1,Geo39,Channel2,2022-10-17,2290754.0,2.6921995960377245,-0.7041256082272171,1.1735426803786952,798939.1,2867.244825043611,Domínio válido; magnitude confrontada na escala oficial e dentro do nível/geo,manter no exemplo simulado; sem evidência de corrupção,plausibilidade comercial não demonstrada
check_geo_std,1,Geo39,Channel2,2022-10-31,2247044.0,2.6408295910774324,-0.7041256082272171,1.1735426803786952,798939.1,2812.5347726754144,Domínio válido; magnitude confrontada na escala oficial e dentro do nível/geo,manter no exemplo simulado; sem evidência de corrupção,plausibilidade comercial não demonstrada
check_geo_std,1,Geo39,Channel2,2022-11-07,1098158.0,1.2906058546599048,-0.7041256082272171,1.1735426803786952,798939.1,1374.5202857138922,Domínio válido; magnitude confrontada na escala oficial e dentro do nível/geo,manter no exemplo simulado; sem evidência de corrupção,plausibilidade comercial não demonstrada
check_geo_std,1,Geo39,Channel2,2022-12-05,1137618.0,1.3369810638965356,-0.7041256082272171,1.1735426803786952,798939.1,1423.9107836880182,Domínio válido; magnitude confrontada na escala oficial e dentro do nível/geo,manter no exemplo simulado; sem evidência de corrupção,plausibilidade comercial não demonstrada
check_geo_std,1,Geo39,Channel2,2022-12-19,1702154.0,2.000449769461931,-0.7041256082272171,1.1735426803786952,798939.1,2130.517832961236,Domínio válido; magnitude confrontada na escala oficial e dentro do nível/geo,manter no exemplo simulado; sem evidência de corrupção,plausibilidade comercial não demonstrada
check_geo_std,1,Geo39,Channel2,2023-01-09,1092178.0,1.2835778832652,-0.7041256082272171,1.1735426803786952,798939.1,1367.0353597664705,Domínio válido; magnitude confrontada na escala oficial e dentro do nível/geo,manter no exemplo simulado; sem evidência de corrupção,plausibilidade comercial não demonstrada
check_geo_std,1,Geo39,Channel2,2023-05-29,1317817.0,1.5487592273337278,-0.7041256082272171,1.1735426803786952,798939.1,1649.4586383367644,Domínio válido; magnitude confrontada na escala oficial e dentro do nível/geo,manter no exemplo simulado; sem evidência de corrupção,plausibilidade comercial não demonstrada
check_geo_std,1,Geo39,Channel2,2023-06-26,1199517.0,1.409727619308046,-0.7041256082272171,1.1735426803786952,798939.1,1501.3872772029808,Domínio válido; magnitude confrontada na escala oficial e dentro do nível/geo,manter no exemplo simulado; sem evidência de corrupção,plausibilidade comercial não demonstrada
check_geo_std,1,Geo39,Channel2,2023-09-04,1811572.0,2.1290428420481873,-0.7041256082272171,1.1735426803786952,798939.1,2267.47195124134,Domínio válido; magnitude confrontada na escala oficial e dentro do nível/geo,manter no exemplo simulado; sem evidência de corrupção,plausibilidade comercial não demonstrada
check_geo_std,1,Geo39,Channel2,2023-09-11,1168906.0,1.3737521623911046,-0.7041256082272171,1.1735426803786952,798939.1,1463.0727173072391,Domínio válido; magnitude confrontada na escala oficial e dentro do nível/geo,manter no exemplo simulado; sem evidência de corrupção,plausibilidade comercial não demonstrada
check_geo_std,1,Geo39,Channel2,2023-09-25,1353480.0,1.5906720273085366,-0.7041256082272171,1.1735426803786952,798939.1,1694.0965838322345,Domínio válido; magnitude confrontada na escala oficial e dentro do nível/geo,manter no exemplo simulado; sem evidência de corrupção,plausibilidade comercial não demonstrada
check_geo_std,1,Geo39,Channel2,2023-10-02,2626460.0,3.0867367473806624,-0.7041256082272171,1.1735426803786952,798939.1,3287.4345491414806,Domínio válido; magnitude confrontada na escala oficial e dentro do nível/geo,manter no exemplo simulado; sem evidência de corrupção,plausibilidade comercial não demonstrada
check_geo_std,1,Geo39,Channel2,2023-11-27,1567859.0,1.8426201008244931,-0.7041256082272171,1.1735426803786952,798939.1,1962.4261724078845,Domínio válido; magnitude confrontada na escala oficial e dentro do nível/geo,manter no exemplo simulado; sem evidência de corrupção,plausibilidade comercial não demonstrada
check_geo_std,1,Geo39,Organic_channel0,2021-05-03,3216161.0,3.12547963717934,-1.8144658446433237,3.0241097410722064,798939.1,4025.5396187268843,Domínio válido; magnitude confrontada na escala oficial e dentro do nível/geo,manter no exemplo simulado; sem evidência de corrupção,plausibilidade comercial não demonstrada
check_geo_std,1,Geo39,Organic_channel0,2021-07-05,3782597.0,3.6759446741489805,-1.8144658446433237,3.0241097410722064,798939.1,4734.524821729216,Domínio válido; magnitude confrontada na escala oficial e dentro do nível/geo,manter no exemplo simulado; sem evidência de corrupção,plausibilidade comercial não demonstrada
check_geo_std,1,Geo39,Organic_channel0,2023-10-02,3288424.0,3.1957051436205566,-1.8144658446433237,3.0241097410722064,798939.1,4115.988315004235,Domínio válido; magnitude confrontada na escala oficial e dentro do nível/geo,manter no exemplo simulado; sem evidência de corrupção,plausibilidade comercial não demonstrada
check_geo_std,1,Geo39,Promo,2021-07-05,1.9582793,2.111352563183491,-2.22129612700631,1.8102513803855582,798939.1,,Promo contínuo e zero-inflado; IQR não diagnostica erro,manter no exemplo simulado; sem evidência de corrupção,plausibilidade comercial não demonstrada
check_geo_std,1,Geo39,Promo,2021-10-18,2.49213,2.880341881521665,-2.22129612700631,1.8102513803855582,798939.1,,Promo contínuo e zero-inflado; IQR não diagnostica erro,manter no exemplo simulado; sem evidência de corrupção,plausibilidade comercial não demonstrada
check_geo_std,1,Geo39,Promo,2022-02-28,1.8847874,2.0054905945012784,-2.22129612700631,1.8102513803855582,798939.1,,Promo contínuo e zero-inflado; IQR não diagnostica erro,manter no exemplo simulado; sem evidência de corrupção,plausibilidade comercial não demonstrada
check_geo_std,1,Geo39,Promo,2022-06-27,2.0285099,2.212516767371068,-2.22129612700631,1.8102513803855582,798939.1,,Promo contínuo e zero-inflado; IQR não diagnostica erro,manter no exemplo simulado; sem evidência de corrupção,plausibilidade comercial não demonstrada
check_geo_std,1,Geo39,Promo,2022-11-14,2.4625106,2.8376763905602673,-2.22129612700631,1.8102513803855582,798939.1,,Promo contínuo e zero-inflado; IQR não diagnostica erro,manter no exemplo simulado; sem evidência de corrupção,plausibilidade comercial não demonstrada
check_geo_std,1,Geo39,Promo,2023-01-02,2.3628554,2.694127296559165,-2.22129612700631,1.8102513803855582,798939.1,,Promo contínuo e zero-inflado; IQR não diagnostica erro,manter no exemplo simulado; sem evidência de corrupção,plausibilidade comercial não demonstrada
check_geo_std,1,Geo39,Promo,2023-05-29,1.7968943,1.8788843072834682,-2.22129612700631,1.8102513803855582,798939.1,,Promo contínuo e zero-inflado; IQR não diagnostica erro,manter no exemplo simulado; sem evidência de corrupção,plausibilidade comercial não demonstrada
check_geo_std,1,Geo39,Promo,2023-08-28,2.0325282,2.2183049582976286,-2.22129612700631,1.8102513803855582,798939.1,,Promo contínuo e zero-inflado; IQR não diagnostica erro,manter no exemplo simulado; sem evidência de corrupção,plausibilidade comercial não demonstrada
check_geo_std,1,Geo39,Promo,2023-10-23,2.255173,2.539015361006737,-2.22129612700631,1.8102513803855582,798939.1,,Promo contínuo e zero-inflado; IQR não diagnostica erro,manter no exemplo simulado; sem evidência de corrupção,plausibilidade comercial não demonstrada
check_geo_std,1,Geo39,Promo,2023-11-13,1.9736136,2.1334409727410564,-2.22129612700631,1.8102513803855582,798939.1,,Promo contínuo e zero-inflado; IQR não diagnostica erro,manter no exemplo simulado; sem evidência de corrupção,plausibilidade comercial não demonstrada
check_geo_std,1,Geo39,sentiment_score_control,2023-03-20,-4.230392,-3.57022121809546,-3.218398672424496,3.0745462756509645,798939.1,,Índice sintético com valores negativos admissíveis,manter no exemplo simulado; sem evidência de corrupção,plausibilidade comercial não demonstrada
check_geo_std,1,Geo4,Channel0,2023-09-04,1806496.0,3.1073306482754566,-1.2299253469157665,2.8615445929814602,337852.2,5347.0008482999365,Domínio válido; magnitude confrontada na escala oficial e dentro do nível/geo,manter no exemplo simulado; sem evidência de corrupção,plausibilidade comercial não demonstrada
check_geo_std,1,Geo4,Channel1,2021-06-21,1442886.0,3.6065217653063453,-2.123100654020753,3.538501090034589,337852.2,4270.761001408308,Domínio válido; magnitude confrontada na escala oficial e dentro do nível/geo,manter no exemplo simulado; sem evidência de corrupção,plausibilidade comercial não demonstrada
check_geo_std,1,Geo4,Channel1,2022-10-03,1536371.0,3.8401893504306477,-2.123100654020753,3.538501090034589,337852.2,4547.464838174799,Domínio válido; magnitude confrontada na escala oficial e dentro do nível/geo,manter no exemplo simulado; sem evidência de corrupção,plausibilidade comercial não demonstrada
check_geo_std,1,Geo4,Channel2,2021-03-29,517727.0,1.4388533768600205,-0.5353105848910582,0.8921843081517636,337852.2,1532.40677432321,Domínio válido; magnitude confrontada na escala oficial e dentro do nível/geo,manter no exemplo simulado; sem evidência de corrupção,plausibilidade comercial não demonstrada
check_geo_std,1,Geo4,Channel2,2021-04-05,891940.0,2.4788563875488947,-0.5353105848910582,0.8921843081517636,337852.2,2640.030167037539,Domínio válido; magnitude confrontada na escala oficial e dentro do nível/geo,manter no exemplo simulado; sem evidência de corrupção,plausibilidade comercial não demonstrada
check_geo_std,1,Geo4,Channel2,2021-06-28,863708.0,2.400394749396911,-0.5353105848910582,0.8921843081517636,337852.2,2556.4669994749183,Domínio válido; magnitude confrontada na escala oficial e dentro do nível/geo,manter no exemplo simulado; sem evidência de corrupção,plausibilidade comercial não demonstrada
check_geo_std,1,Geo4,Channel2,2021-07-19,591849.0,1.6448513062699575,-0.5353105848910582,0.8921843081517636,337852.2,1751.7985675392965,Domínio válido; magnitude confrontada na escala oficial e dentro do nível/geo,manter no exemplo simulado; sem evidência de corrupção,plausibilidade comercial não demonstrada
check_geo_std,1,Geo4,Channel2,2021-10-04,905170.0,2.5156248585304315,-0.5353105848910582,0.8921843081517636,337852.2,2679.1893023043804,Domínio válido; magnitude confrontada na escala oficial e dentro do nível/geo,manter no exemplo simulado; sem evidência de corrupção,plausibilidade comercial não demonstrada
check_geo_std,1,Geo4,Channel2,2021-12-27,389498.0,1.0824826840791077,-0.5353105848910582,0.8921843081517636,337852.2,1152.8650694001697,Domínio válido; magnitude confrontada na escala oficial e dentro do nível/geo,manter no exemplo simulado; sem evidência de corrupção,plausibilidade comercial não demonstrada
check_geo_std,1,Geo4,Channel2,2022-01-03,1002049.0,2.784868448872102,-0.5353105848910582,0.8921843081517636,337852.2,2965.9389520032723,Domínio válido; magnitude confrontada na escala oficial e dentro do nível/geo,manter no exemplo simulado; sem evidência de corrupção,plausibilidade comercial não demonstrada
check_geo_std,1,Geo4,Channel2,2022-07-04,404714.0,1.1247705944687574,-0.5353105848910582,0.8921843081517636,337852.2,1197.9025147682923,Domínio válido; magnitude confrontada na escala oficial e dentro do nível/geo,manter no exemplo simulado; sem evidência de corrupção,plausibilidade comercial não demonstrada
check_geo_std,1,Geo4,Channel2,2022-08-01,1181096.0,3.2824712019961537,-0.5353105848910582,0.8921843081517636,337852.2,3495.8955424886976,Domínio válido; magnitude confrontada na escala oficial e dentro do nível/geo,manter no exemplo simulado; sem evidência de corrupção,plausibilidade comercial não demonstrada
check_geo_std,1,Geo4,Channel2,2022-08-22,1205522.0,3.3503553042028824,-0.5353105848910582,0.8921843081517636,337852.2,3568.193428960948,Domínio válido; magnitude confrontada na escala oficial e dentro do nível/geo,manter no exemplo simulado; sem evidência de corrupção,plausibilidade comercial não demonstrada
check_geo_std,1,Geo4,Channel2,2022-08-29,396159.0,1.1009947615702655,-0.5353105848910582,0.8921843081517636,337852.2,1172.5807912454025,Domínio válido; magnitude confrontada na escala oficial e dentro do nível/geo,manter no exemplo simulado; sem evidência de corrupção,plausibilidade comercial não demonstrada
check_geo_std,1,Geo4,Channel2,2022-09-19,350139.0,0.9730971777025164,-0.5353105848910582,0.8921843081517636,337852.2,1036.3673819498586,Domínio válido; magnitude confrontada na escala oficial e dentro do nível/geo,manter no exemplo simulado; sem evidência de corrupção,plausibilidade comercial não demonstrada
check_geo_std,1,Geo4,Channel2,2022-11-14,1000953.0,2.78182247425413,-0.5353105848910582,0.8921843081517636,337852.2,2962.6949299131393,Domínio válido; magnitude confrontada na escala oficial e dentro do nível/geo,manter no exemplo simulado; sem evidência de corrupção,plausibilidade comercial não demonstrada
check_geo_std,1,Geo4,Channel2,2022-12-05,534918.0,1.4866301557446462,-0.5353105848910582,0.8921843081517636,337852.2,1583.2899711767452,Domínio válido; magnitude confrontada na escala oficial e dentro do nível/geo,manter no exemplo simulado; sem evidência de corrupção,plausibilidade comercial não demonstrada
check_geo_std,1,Geo4,Channel2,2022-12-19,1146894.0,3.1874178955327737,-0.5353105848910582,0.8921843081517636,337852.2,3394.661926132196,Domínio válido; magnitude confrontada na escala oficial e dentro do nível/geo,manter no exemplo simulado; sem evidência de corrupção,plausibilidade comercial não demonstrada
check_geo_std,1,Geo4,Channel2,2023-01-09,746933.0,2.075856714712939,-0.5353105848910582,0.8921843081517636,337852.2,2210.8276932931026,Domínio válido; magnitude confrontada na escala oficial e dentro do nível/geo,manter no exemplo simulado; sem evidência de corrupção,plausibilidade comercial não demonstrada
check_geo_std,1,Geo4,Channel2,2023-01-23,497359.0,1.3822471624267672,-0.5353105848910582,0.8921843081517636,337852.2,1472.120057232127,Domínio válido; magnitude confrontada na escala oficial e dentro do nível/geo,manter no exemplo simulado; sem evidência de corrupção,plausibilidade comercial não demonstrada
check_geo_std,1,Geo4,Channel2,2023-09-04,828635.0,2.3029207824478983,-0.5353105848910582,0.8921843081517636,337852.2,2452.655332716495,Domínio válido; magnitude confrontada na escala oficial e dentro do nível/geo,manter no exemplo simulado; sem evidência de corrupção,plausibilidade comercial não demonstrada
check_geo_std,1,Geo4,Channel2,2023-09-25,767445.0,2.132863130190889,-0.5353105848910582,0.8921843081517636,337852.2,2271.540632264641,Domínio válido; magnitude confrontada na escala oficial e dentro do nível/geo,manter no exemplo simulado; sem evidência de corrupção,plausibilidade comercial não demonstrada
check_geo_std,1,Geo4,Channel2,2023-10-09,1748687.0,4.859905307278196,-0.5353105848910582,0.8921843081517636,337852.2,5175.893482416275,Domínio válido; magnitude confrontada na escala oficial e dentro do nível/geo,manter no exemplo simulado; sem evidência de corrupção,plausibilidade comercial não demonstrada
check_geo_std,1,Geo4,Channel2,2023-11-06,445163.0,1.2371854004197913,-0.5353105848910582,0.8921843081517636,337852.2,1317.626465063717,Domínio válido; magnitude confrontada na escala oficial e dentro do nível/geo,manter no exemplo simulado; sem evidência de corrupção,plausibilidade comercial não demonstrada
check_geo_std,1,Geo4,Channel2,2023-12-04,832613.0,2.313976336307653,-0.5353105848910582,0.8921843081517636,337852.2,2464.4297121640766,Domínio válido; magnitude confrontada na escala oficial e dentro do nível/geo,manter no exemplo simulado; sem evidência de corrupção,plausibilidade comercial não demonstrada
check_geo_std,1,Geo4,Channel2,2023-12-25,463899.0,1.2892560030131452,-0.5353105848910582,0.8921843081517636,337852.2,1373.082667509639,Domínio válido; magnitude confrontada na escala oficial e dentro do nível/geo,manter no exemplo simulado; sem evidência de corrupção,plausibilidade comercial não demonstrada
check_geo_std,1,Geo4,Channel2,2024-01-08,326662.0,0.9078505115472981,-0.5353105848910582,0.8921843081517636,337852.2,966.8784160647762,Domínio válido; magnitude confrontada na escala oficial e dentro do nível/geo,manter no exemplo simulado; sem evidência de corrupção,plausibilidade comercial não demonstrada
check_geo_std,1,Geo4,Organic_channel0,2021-10-04,1563447.0,3.5929318586961805,-1.7037856553900954,2.8396427589834925,337852.2,4627.606391197097,Domínio válido; magnitude confrontada na escala oficial e dentro do nível/geo,manter no exemplo simulado; sem evidência de corrupção,plausibilidade comercial não demonstrada
check_geo_std,1,Geo4,Promo,2021-06-21,2.4767365,2.858168196871933,-2.3895887595078396,2.0907391012214407,337852.2,,Promo contínuo e zero-inflado; IQR não diagnostica erro,manter no exemplo simulado; sem evidência de corrupção,plausibilidade comercial não demonstrada
check_geo_std,1,Geo4,Promo,2021-06-28,2.578923,3.00536352129197,-2.3895887595078396,2.0907391012214407,337852.2,,Promo contínuo e zero-inflado; IQR não diagnostica erro,manter no exemplo simulado; sem evidência de corrupção,plausibilidade comercial não demonstrada
check_geo_std,1,Geo4,Promo,2021-12-06,1.9895792,2.156438743205458,-2.3895887595078396,2.0907391012214407,337852.2,,Promo contínuo e zero-inflado; IQR não diagnostica erro,manter no exemplo simulado; sem evidência de corrupção,plausibilidade comercial não demonstrada
check_geo_std,1,Geo4,Promo,2023-06-05,2.2579188,2.542970569589011,-2.3895887595078396,2.0907391012214407,337852.2,,Promo contínuo e zero-inflado; IQR não diagnostica erro,manter no exemplo simulado; sem evidência de corrupção,plausibilidade comercial não demonstrada
check_geo_std,1,Geo4,Promo,2023-08-14,2.2805479,2.5755668295238703,-2.3895887595078396,2.0907391012214407,337852.2,,Promo contínuo e zero-inflado; IQR não diagnostica erro,manter no exemplo simulado; sem evidência de corrupção,plausibilidade comercial não demonstrada
check_geo_std,1,Geo4,Promo,2023-11-27,1.9787912,2.1408990862072894,-2.3895887595078396,2.0907391012214407,337852.2,,Promo contínuo e zero-inflado; IQR não diagnostica erro,manter no exemplo simulado; sem evidência de corrupção,plausibilidade comercial não demonstrada
check_geo_std,1,Geo4,Promo,2023-12-25,3.2897778,4.02931974742302,-2.3895887595078396,2.0907391012214407,337852.2,,Promo contínuo e zero-inflado; IQR não diagnostica erro,manter no exemplo simulado; sem evidência de corrupção,plausibilidade comercial não demonstrada
check_geo_std,1,Geo4,Promo,2024-01-01,2.3105798,2.6188265092609204,-2.3895887595078396,2.0907391012214407,337852.2,,Promo contínuo e zero-inflado; IQR não diagnostica erro,manter no exemplo simulado; sem evidência de corrupção,plausibilidade comercial não demonstrada
check_geo_std,1,Geo4,competitor_sales_control,2023-09-25,3.5755312,2.991522996466486,-3.1039799458796584,2.75083059720349,337852.2,,Índice sintético com valores negativos admissíveis,manter no exemplo simulado; sem evidência de corrupção,plausibilidade comercial não demonstrada
check_geo_std,1,Geo4,sentiment_score_control,2021-03-22,-3.5796337,-3.016609634717101,-2.513800658193988,2.43480763147795,337852.2,,Índice sintético com valores negativos admissíveis,manter no exemplo simulado; sem evidência de corrupção,plausibilidade comercial não demonstrada
check_geo_std,1,Geo4,sentiment_score_control,2021-12-13,2.898321,2.4943008807850173,-2.513800658193988,2.43480763147795,337852.2,,Índice sintético com valores negativos admissíveis,manter no exemplo simulado; sem evidência de corrupção,plausibilidade comercial não demonstrada
check_geo_std,1,Geo4,sentiment_score_control,2022-05-02,-3.0360665,-2.554187413956273,-2.513800658193988,2.43480763147795,337852.2,,Índice sintético com valores negativos admissíveis,manter no exemplo simulado; sem evidência de corrupção,plausibilidade comercial não demonstrada
check_geo_std,1,Geo5,Channel1,2021-10-04,1347898.0,3.371879521625984,-1.639748957864992,2.997028790062567,337573.44,3992.9029961598876,Domínio válido; magnitude confrontada na escala oficial e dentro do nível/geo,manter no exemplo simulado; sem evidência de corrupção,plausibilidade comercial não demonstrada
check_geo_std,1,Geo5,Channel1,2023-02-13,1325461.0,3.3157514905533643,-1.639748957864992,2.997028790062567,337573.44,3926.43745906076,Domínio válido; magnitude confrontada na escala oficial e dentro do nível/geo,manter no exemplo simulado; sem evidência de corrupção,plausibilidade comercial não demonstrada
check_geo_std,1,Geo5,Channel2,2021-03-08,1001749.0,2.7863336853603116,-0.714504425438686,1.1908407090644766,337573.44,2967.499457303276,Domínio válido; magnitude confrontada na escala oficial e dentro do nível/geo,manter no exemplo simulado; sem evidência de corrupção,plausibilidade comercial não demonstrada
check_geo_std,1,Geo5,Channel2,2021-03-29,646728.0,1.7988538163409233,-0.714504425438686,1.1908407090644766,337573.44,1915.8142299346773,Domínio válido; magnitude confrontada na escala oficial e dentro do nível/geo,manter no exemplo simulado; sem evidência de corrupção,plausibilidade comercial não demonstrada
check_geo_std,1,Geo5,Channel2,2021-07-26,846313.0,2.3539932860011255,-0.714504425438686,1.1908407090644766,337573.44,2507.0485403117023,Domínio válido; magnitude confrontada na escala oficial e dentro do nível/geo,manter no exemplo simulado; sem evidência de corrupção,plausibilidade comercial não demonstrada
check_geo_std,1,Geo5,Channel2,2021-08-30,783313.0,2.178760745536698,-0.714504425438686,1.1908407090644766,337573.44,2320.4224834750034,Domínio válido; magnitude confrontada na escala oficial e dentro do nível/geo,manter no exemplo simulado; sem evidência de corrupção,plausibilidade comercial não demonstrada
check_geo_std,1,Geo5,Channel2,2021-09-13,1211574.0,3.369955396518224,-0.714504425438686,1.1908407090644766,337573.44,3589.067907712171,Domínio válido; magnitude confrontada na escala oficial e dentro do nível/geo,manter no exemplo simulado; sem evidência de corrupção,plausibilidade comercial não demonstrada
check_geo_std,1,Geo5,Channel2,2021-09-20,710855.0,1.9772210722514367,-0.714504425438686,1.1908407090644766,337573.44,2105.7788195658995,Domínio válido; magnitude confrontada na escala oficial e dentro do nível/geo,manter no exemplo simulado; sem evidência de corrupção,plausibilidade comercial não demonstrada
check_geo_std,1,Geo5,Channel2,2021-10-04,1119125.0,3.1128113785278138,-0.714504425438686,1.1908407090644766,337573.44,3315.2045374185836,Domínio válido; magnitude confrontada na escala oficial e dentro do nível/geo,manter no exemplo simulado; sem evidência de corrupção,plausibilidade comercial não demonstrada
check_geo_std,1,Geo5,Channel2,2021-10-11,1013777.0,2.819789193244536,-0.714504425438686,1.1908407090644766,337573.44,3003.130222567273,Domínio válido; magnitude confrontada na escala oficial e dentro do nível/geo,manter no exemplo simulado; sem evidência de corrupção,plausibilidade comercial não demonstrada
check_geo_std,1,Geo5,Channel2,2021-12-27,1019680.0,2.8362082041391634,-0.714504425438686,1.1908407090644766,337573.44,3020.6167878610354,Domínio válido; magnitude confrontada na escala oficial e dentro do nível/geo,manter no exemplo simulado; sem evidência de corrupção,plausibilidade comercial não demonstrada
check_geo_std,1,Geo5,Channel2,2022-01-03,750910.0,2.088632808891161,-0.714504425438686,1.1908407090644766,337573.44,2224.4344815753275,Domínio válido; magnitude confrontada na escala oficial e dentro do nível/geo,manter no exemplo simulado; sem evidência de corrupção,plausibilidade comercial não demonstrada
check_geo_std,1,Geo5,Channel2,2022-07-18,594310.0,1.6530547797367274,-0.714504425438686,1.1908407090644766,337573.44,1760.5354260098188,Domínio válido; magnitude confrontada na escala oficial e dentro do nível/geo,manter no exemplo simulado; sem evidência de corrupção,plausibilidade comercial não demonstrada
check_geo_std,1,Geo5,Channel2,2022-09-12,940822.0,2.616867129917833,-0.714504425438686,1.1908407090644766,337573.44,2787.0142864320133,Domínio válido; magnitude confrontada na escala oficial e dentro do nível/geo,manter no exemplo simulado; sem evidência de corrupção,plausibilidade comercial não demonstrada
check_geo_std,1,Geo5,Channel2,2022-10-17,612970.0,1.7049569893409529,-0.714504425438686,1.1908407090644766,337573.44,1815.8122866538315,Domínio válido; magnitude confrontada na escala oficial e dentro do nível/geo,manter no exemplo simulado; sem evidência de corrupção,plausibilidade comercial não demonstrada
check_geo_std,1,Geo5,Channel2,2022-10-31,495046.0,1.3769550512183,-0.714504425438686,1.1908407090644766,337573.44,1466.4838560758808,Domínio válido; magnitude confrontada na escala oficial e dentro do nível/geo,manter no exemplo simulado; sem evidência de corrupção,plausibilidade comercial não demonstrada
check_geo_std,1,Geo5,Channel2,2022-11-07,727527.0,2.023593721689896,-0.714504425438686,1.1908407090644766,337573.44,2155.1665913052875,Domínio válido; magnitude confrontada na escala oficial e dentro do nível/geo,manter no exemplo simulado; sem evidência de corrupção,plausibilidade comercial não demonstrada
check_geo_std,1,Geo5,Channel2,2022-11-28,768837.0,2.1384962017944273,-0.714504425438686,1.1908407090644766,337573.44,2277.5399628596374,Domínio válido; magnitude confrontada na escala oficial e dentro do nível/geo,manter no exemplo simulado; sem evidência de corrupção,plausibilidade comercial não demonstrada
check_geo_std,1,Geo5,Channel2,2022-12-19,629565.0,1.7511154656744001,-0.714504425438686,1.1908407090644766,337573.44,1864.9719598793079,Domínio válido; magnitude confrontada na escala oficial e dentro do nível/geo,manter no exemplo simulado; sem evidência de corrupção,plausibilidade comercial não demonstrada
check_geo_std,1,Geo5,Channel2,2023-02-13,595778.0,1.6571379760764382,-0.714504425438686,1.1908407090644766,337573.44,1764.8841093659503,Domínio válido; magnitude confrontada na escala oficial e dentro do nível/geo,manter no exemplo simulado; sem evidência de corrupção,plausibilidade comercial não demonstrada
check_geo_std,1,Geo5,Channel2,2023-04-24,578914.0,1.6102312846098967,-0.714504425438686,1.1908407090644766,337573.44,1714.9275725009645,Domínio válido; magnitude confrontada na escala oficial e dentro do nível/geo,manter no exemplo simulado; sem evidência de corrupção,plausibilidade comercial não demonstrada
check_geo_std,1,Geo5,Channel2,2023-05-01,781094.0,2.1725886660558955,-0.714504425438686,1.1908407090644766,337573.44,2313.8490990286436,Domínio válido; magnitude confrontada na escala oficial e dentro do nível/geo,manter no exemplo simulado; sem evidência de corrupção,plausibilidade comercial não demonstrada
check_geo_std,1,Geo5,Channel2,2023-09-25,939604.0,2.6134793008021875,-0.714504425438686,1.1908407090644766,337573.44,2783.4061826665034,Domínio válido; magnitude confrontada na escala oficial e dentro do nível/geo,manter no exemplo simulado; sem evidência de corrupção,plausibilidade comercial não demonstrada
check_geo_std,1,Geo5,Channel2,2023-10-23,1772222.0,4.929380370269022,-0.714504425438686,1.1908407090644766,337573.44,5249.885773003943,Domínio válido; magnitude confrontada na escala oficial e dentro do nível/geo,manter no exemplo simulado; sem evidência de corrupção,plausibilidade comercial não demonstrada
check_geo_std,1,Geo5,Channel2,2024-01-15,978763.0,2.722398841310862,-0.714504425438686,1.1908407090644766,337573.44,2899.4076074231434,Domínio válido; magnitude confrontada na escala oficial e dentro do nível/geo,manter no exemplo simulado; sem evidência de corrupção,plausibilidade comercial não demonstrada
check_geo_std,1,Geo5,Channel3,2021-10-11,2520602.0,2.2390298173904633,-0.28275323909162575,2.163269861715892,337573.44,7466.825589122178,Domínio válido; magnitude confrontada na escala oficial e dentro do nível/geo,manter no exemplo simulado; sem evidência de corrupção,plausibilidade comercial não demonstrada
check_geo_std,1,Geo5,Channel3,2022-11-28,2606058.0,2.3149396722881894,-0.28275323909162575,2.163269861715892,337573.44,7719.973467106891,Domínio válido; magnitude confrontada na escala oficial e dentro do nível/geo,manter no exemplo simulado; sem evidência de corrupção,plausibilidade comercial não demonstrada
check_geo_std,1,Geo5,Channel3,2023-09-11,2594240.0,2.304441841062982,-0.28275323909162575,2.163269861715892,337573.44,7684.964788699016,Domínio válido; magnitude confrontada na escala oficial e dentro do nível/geo,manter no exemplo simulado; sem evidência de corrupção,plausibilidade comercial não demonstrada
check_geo_std,1,Geo5,Channel3,2023-10-23,2695561.0,2.394444443666574,-0.28275323909162575,2.163269861715892,337573.44,7985.10984750459,Domínio válido; magnitude confrontada na escala oficial e dentro do nível/geo,manter no exemplo simulado; sem evidência de corrupção,plausibilidade comercial não demonstrada
check_geo_std,1,Geo5,Channel4,2022-11-28,2022569.0,3.065141573673791,-1.110663328212952,2.923419415099595,337573.44,5991.493288097547,Domínio válido; magnitude confrontada na escala oficial e dentro do nível/geo,manter no exemplo simulado; sem evidência de corrupção,plausibilidade comercial não demonstrada
check_geo_std,1,Geo5,Organic_channel0,2021-09-20,2006027.0,4.613824525161694,-1.985951313976473,3.309918856627455,337573.44,5942.490617745282,Domínio válido; magnitude confrontada na escala oficial e dentro do nível/geo,manter no exemplo simulado; sem evidência de corrupção,plausibilidade comercial não demonstrada
check_geo_std,1,Geo5,Organic_channel0,2023-10-23,1445673.0,3.3250208211375427,-1.985951313976473,3.309918856627455,337573.44,4282.543674052082,Domínio válido; magnitude confrontada na escala oficial e dentro do nível/geo,manter no exemplo simulado; sem evidência de corrupção,plausibilidade comercial não demonstrada
check_geo_std,1,Geo5,Promo,2021-03-22,2.6300359,3.0789894884945745,-2.340338536956393,2.00865539696903,337573.44,,Promo contínuo e zero-inflado; IQR não diagnostica erro,manter no exemplo simulado; sem evidência de corrupção,plausibilidade comercial não demonstrada
check_geo_std,1,Geo5,Promo,2021-06-07,2.9727738,3.572688914363375,-2.340338536956393,2.00865539696903,337573.44,,Promo contínuo e zero-inflado; IQR não diagnostica erro,manter no exemplo simulado; sem evidência de corrupção,plausibilidade comercial não demonstrada
check_geo_std,1,Geo5,Promo,2021-08-30,2.0614316,2.259939081590257,-2.340338536956393,2.00865539696903,337573.44,,Promo contínuo e zero-inflado; IQR não diagnostica erro,manter no exemplo simulado; sem evidência de corrupção,plausibilidade comercial não demonstrada
check_geo_std,1,Geo5,Promo,2021-09-20,2.9306154,3.5119615250797644,-2.340338536956393,2.00865539696903,337573.44,,Promo contínuo e zero-inflado; IQR não diagnostica erro,manter no exemplo simulado; sem evidência de corrupção,plausibilidade comercial não demonstrada
check_geo_std,1,Geo5,Promo,2021-10-11,2.1698523,2.416114507016781,-2.340338536956393,2.00865539696903,337573.44,,Promo contínuo e zero-inflado; IQR não diagnostica erro,manter no exemplo simulado; sem evidência de corrupção,plausibilidade comercial não demonstrada
check_geo_std,1,Geo5,Promo,2021-12-27,2.2776127,2.571338798264969,-2.340338536956393,2.00865539696903,337573.44,,Promo contínuo e zero-inflado; IQR não diagnostica erro,manter no exemplo simulado; sem evidência de corrupção,plausibilidade comercial não demonstrada
check_geo_std,1,Geo5,Promo,2022-07-04,3.2754366,4.008661856345698,-2.340338536956393,2.00865539696903,337573.44,,Promo contínuo e zero-inflado; IQR não diagnostica erro,manter no exemplo simulado; sem evidência de corrupção,plausibilidade comercial não demonstrada
check_geo_std,1,Geo5,Promo,2022-07-18,2.5996892,3.035276352693098,-2.340338536956393,2.00865539696903,337573.44,,Promo contínuo e zero-inflado; IQR não diagnostica erro,manter no exemplo simulado; sem evidência de corrupção,plausibilidade comercial não demonstrada
check_geo_std,1,Geo5,Promo,2022-10-31,1.9340621,2.076468712473809,-2.340338536956393,2.00865539696903,337573.44,,Promo contínuo e zero-inflado; IQR não diagnostica erro,manter no exemplo simulado; sem evidência de corrupção,plausibilidade comercial não demonstrada
check_geo_std,1,Geo5,Promo,2023-08-14,1.909303,2.040804277770124,-2.340338536956393,2.00865539696903,337573.44,,Promo contínuo e zero-inflado; IQR não diagnostica erro,manter no exemplo simulado; sem evidência de corrupção,plausibilidade comercial não demonstrada
check_geo_std,1,Geo5,Promo,2023-09-25,2.0286605,2.2127337002913428,-2.340338536956393,2.00865539696903,337573.44,,Promo contínuo e zero-inflado; IQR não diagnostica erro,manter no exemplo simulado; sem evidência de corrupção,plausibilidade comercial não demonstrada
check_geo_std,1,Geo5,Promo,2023-10-23,1.9422433,2.088253384501378,-2.340338536956393,2.00865539696903,337573.44,,Promo contínuo e zero-inflado; IQR não diagnostica erro,manter no exemplo simulado; sem evidência de corrupção,plausibilidade comercial não demonstrada
check_geo_std,1,Geo5,Promo,2023-11-13,1.89296,2.0172628785931614,-2.340338536956393,2.00865539696903,337573.44,,Promo contínuo e zero-inflado; IQR não diagnostica erro,manter no exemplo simulado; sem evidência de corrupção,plausibilidade comercial não demonstrada
check_geo_std,1,Geo5,competitor_sales_control,2024-01-15,3.7631156,3.1465428448695922,-2.8658968360599513,2.8734708082764033,337573.44,,Índice sintético com valores negativos admissíveis,manter no exemplo simulado; sem evidência de corrupção,plausibilidade comercial não demonstrada
check_geo_std,1,Geo5,sentiment_score_control,2022-05-16,-2.5264046,-2.1206090309427594,-2.1130005630416075,2.246495643925149,337573.44,,Índice sintético com valores negativos admissíveis,manter no exemplo simulado; sem evidência de corrupção,plausibilidade comercial não demonstrada
check_geo_std,1,Geo5,sentiment_score_control,2022-05-23,-3.0074308,-2.529826518032014,-2.1130005630416075,2.246495643925149,337573.44,,Índice sintético com valores negativos admissíveis,manter no exemplo simulado; sem evidência de corrupção,plausibilidade comercial não demonstrada
check_geo_std,1,Geo5,sentiment_score_control,2022-11-07,3.0017855,2.582319958941147,-2.1130005630416075,2.246495643925149,337573.44,,Índice sintético com valores negativos admissíveis,manter no exemplo simulado; sem evidência de corrupção,plausibilidade comercial não demonstrada
check_geo_std,1,Geo5,sentiment_score_control,2023-04-03,-2.6322846,-2.210683017625835,-2.1130005630416075,2.246495643925149,337573.44,,Índice sintético com valores negativos admissíveis,manter no exemplo simulado; sem evidência de corrupção,plausibilidade comercial não demonstrada
check_geo_std,1,Geo5,sentiment_score_control,2023-10-23,3.1641839,2.72047514706877,-2.1130005630416075,2.246495643925149,337573.44,,Índice sintético com valores negativos admissíveis,manter no exemplo simulado; sem evidência de corrupção,plausibilidade comercial não demonstrada
check_geo_std,1,Geo5,sentiment_score_control,2023-11-20,2.627499,2.2639078205141088,-2.1130005630416075,2.246495643925149,337573.44,,Índice sintético com valores negativos admissíveis,manter no exemplo simulado; sem evidência de corrupção,plausibilidade comercial não demonstrada
check_geo_std,1,Geo6,Channel0,2022-07-04,1094086.0,2.9044423325033053,-1.1960905270590982,2.8889891397261436,218910.16,4997.876754555385,Domínio válido; magnitude confrontada na escala oficial e dentro do nível/geo,manter no exemplo simulado; sem evidência de corrupção,plausibilidade comercial não demonstrada
check_geo_std,1,Geo6,Channel1,2022-09-05,917086.0,3.5377524017141977,-1.999330765789457,3.332217942982428,218910.16,4189.325886016437,Domínio válido; magnitude confrontada na escala oficial e dentro do nível/geo,manter no exemplo simulado; sem evidência de corrupção,plausibilidade comercial não demonstrada
check_geo_std,1,Geo6,Channel1,2022-11-14,895905.0,3.456044542668581,-1.999330765789457,3.332217942982428,218910.16,4092.569298747943,Domínio válido; magnitude confrontada na escala oficial e dentro do nível/geo,manter no exemplo simulado; sem evidência de corrupção,plausibilidade comercial não demonstrada
check_geo_std,1,Geo6,Channel2,2021-05-10,248962.0,1.0678484532946166,-0.6170886478161721,1.0284810796936201,218910.16,1137.279329566065,Domínio válido; magnitude confrontada na escala oficial e dentro do nível/geo,manter no exemplo simulado; sem evidência de corrupção,plausibilidade comercial não demonstrada
check_geo_std,1,Geo6,Channel2,2021-06-28,407493.0,1.7478200278692462,-0.6170886478161721,1.0284810796936201,218910.16,1861.4622546527762,Domínio válido; magnitude confrontada na escala oficial e dentro do nível/geo,manter no exemplo simulado; sem evidência de corrupção,plausibilidade comercial não demonstrada
check_geo_std,1,Geo6,Channel2,2021-08-02,419943.0,1.8012206000188833,-0.6170886478161721,1.0284810796936201,218910.16,1918.3349004906854,Domínio válido; magnitude confrontada na escala oficial e dentro do nível/geo,manter no exemplo simulado; sem evidência de corrupção,plausibilidade comercial não demonstrada
check_geo_std,1,Geo6,Channel2,2021-08-30,335958.0,1.4409919211444029,-0.6170886478161721,1.0284810796936201,218910.16,1534.6843654949591,Domínio válido; magnitude confrontada na escala oficial e dentro do nível/geo,manter no exemplo simulado; sem evidência de corrupção,plausibilidade comercial não demonstrada
check_geo_std,1,Geo6,Channel2,2021-10-18,459166.0,1.9694559929044433,-0.6170886478161721,1.0284810796936201,218910.16,2097.5088593421156,Domínio válido; magnitude confrontada na escala oficial e dentro do nível/geo,manter no exemplo simulado; sem evidência de corrupção,plausibilidade comercial não demonstrada
check_geo_std,1,Geo6,Channel2,2021-11-22,245792.0,1.0542516811087252,-0.6170886478161721,1.0284810796936201,218910.16,1122.7985032764125,Domínio válido; magnitude confrontada na escala oficial e dentro do nível/geo,manter no exemplo simulado; sem evidência de corrupção,plausibilidade comercial não demonstrada
check_geo_std,1,Geo6,Channel2,2022-01-10,467507.0,2.005232231643409,-0.6170886478161721,1.0284810796936201,218910.16,2135.611248011513,Domínio válido; magnitude confrontada na escala oficial e dentro do nível/geo,manter no exemplo simulado; sem evidência de corrupção,plausibilidade comercial não demonstrada
check_geo_std,1,Geo6,Channel2,2022-02-21,351802.0,1.508950046858367,-0.6170886478161721,1.0284810796936201,218910.16,1607.0610884392026,Domínio válido; magnitude confrontada na escala oficial e dentro do nível/geo,manter no exemplo simulado; sem evidência de corrupção,plausibilidade comercial não demonstrada
check_geo_std,1,Geo6,Channel2,2022-06-13,334189.0,1.433404321776314,-0.6170886478161721,1.0284810796936201,218910.16,1526.6034248935728,Domínio válido; magnitude confrontada na escala oficial e dentro do nível/geo,manter no exemplo simulado; sem evidência de corrupção,plausibilidade comercial não demonstrada
check_geo_std,1,Geo6,Channel2,2022-07-11,251827.0,1.0801370186929067,-0.6170886478161721,1.0284810796936201,218910.16,1150.3668902347886,Domínio válido; magnitude confrontada na escala oficial e dentro do nível/geo,manter no exemplo simulado; sem evidência de corrupção,plausibilidade comercial não demonstrada
check_geo_std,1,Geo6,Channel2,2022-08-01,454523.0,1.9495412253148234,-0.6170886478161721,1.0284810796936201,218910.16,2076.2992453159777,Domínio válido; magnitude confrontada na escala oficial e dentro do nível/geo,manter no exemplo simulado; sem evidência de corrupção,plausibilidade comercial não demonstrada
check_geo_std,1,Geo6,Channel2,2022-08-29,285958.0,1.226531792029394,-0.6170886478161721,1.0284810796936201,218910.16,1306.280165342714,Domínio válido; magnitude confrontada na escala oficial e dentro do nível/geo,manter no exemplo simulado; sem evidência de corrupção,plausibilidade comercial não demonstrada
check_geo_std,1,Geo6,Channel2,2022-09-26,409012.0,1.75433532659176,-0.6170886478161721,1.0284810796936201,218910.16,1868.4011742534015,Domínio válido; magnitude confrontada na escala oficial e dentro do nível/geo,manter no exemplo simulado; sem evidência de corrupção,plausibilidade comercial não demonstrada
check_geo_std,1,Geo6,Channel2,2022-10-03,294041.0,1.2612014165021264,-0.6170886478161721,1.0284810796936201,218910.16,1343.203988339326,Domínio válido; magnitude confrontada na escala oficial e dentro do nível/geo,manter no exemplo simulado; sem evidência de corrupção,plausibilidade comercial não demonstrada
check_geo_std,1,Geo6,Channel2,2022-11-07,306815.0,1.3159916902884288,-0.6170886478161721,1.0284810796936201,218910.16,1401.5566933942216,Domínio válido; magnitude confrontada na escala oficial e dentro do nível/geo,manter no exemplo simulado; sem evidência de corrupção,plausibilidade comercial não demonstrada
check_geo_std,1,Geo6,Channel2,2022-11-14,317060.0,1.3599345707440942,-0.6170886478161721,1.0284810796936201,218910.16,1448.3567140054165,Domínio válido; magnitude confrontada na escala oficial e dentro do nível/geo,manter no exemplo simulado; sem evidência de corrupção,plausibilidade comercial não demonstrada
check_geo_std,1,Geo6,Channel2,2023-01-23,273441.0,1.1728438433067427,-0.6170886478161721,1.0284810796936201,218910.16,1249.101457876601,Domínio válido; magnitude confrontada na escala oficial e dentro do nível/geo,manter no exemplo simulado; sem evidência de corrupção,plausibilidade comercial não demonstrada
check_geo_std,1,Geo6,Channel2,2023-01-30,267085.0,1.1455816716936429,-0.6170886478161721,1.0284810796936201,218910.16,1220.0667159532477,Domínio válido; magnitude confrontada na escala oficial e dentro do nível/geo,manter no exemplo simulado; sem evidência de corrupção,plausibilidade comercial não demonstrada
check_geo_std,1,Geo6,Channel2,2023-05-01,287358.0,1.2325366756446143,-0.6170886478161721,1.0284810796936201,218910.16,1312.675482946977,Domínio válido; magnitude confrontada na escala oficial e dentro do nível/geo,manter no exemplo simulado; sem evidência de corrupção,plausibilidade comercial não demonstrada
check_geo_std,1,Geo6,Channel2,2023-09-04,300533.0,1.2890469196664192,-0.6170886478161721,1.0284810796936201,218910.16,1372.8599896870935,Domínio válido; magnitude confrontada na escala oficial e dentro do nível/geo,manter no exemplo simulado; sem evidência de corrupção,plausibilidade comercial não demonstrada
check_geo_std,1,Geo6,Channel2,2023-10-02,292620.0,1.255106459632678,-0.6170886478161721,1.0284810796936201,218910.16,1336.7127409709992,Domínio válido; magnitude confrontada na escala oficial e dentro do nível/geo,manter no exemplo simulado; sem evidência de corrupção,plausibilidade comercial não demonstrada
check_geo_std,1,Geo6,Channel2,2023-12-04,367866.0,1.577851797140437,-0.6170886478161721,1.0284810796936201,218910.16,1680.4427898641159,Domínio válido; magnitude confrontada na escala oficial e dentro do nível/geo,manter no exemplo simulado; sem evidência de corrupção,plausibilidade comercial não demonstrada
check_geo_std,1,Geo6,Channel4,2022-01-10,1153402.0,2.6954435643294743,-1.1105645238337287,2.6877748607410052,218910.16,5268.837225279996,Domínio válido; magnitude confrontada na escala oficial e dentro do nível/geo,manter no exemplo simulado; sem evidência de corrupção,plausibilidade comercial não demonstrada
check_geo_std,1,Geo6,Organic_channel0,2021-06-07,994762.0,3.528140218709443,-1.7978268839064455,2.996378139844076,218910.16,4544.156379036953,Domínio válido; magnitude confrontada na escala oficial e dentro do nível/geo,manter no exemplo simulado; sem evidência de corrupção,plausibilidade comercial não demonstrada
check_geo_std,1,Geo6,Organic_channel0,2021-06-28,846238.0,3.0013674852881813,-1.7978268839064455,2.996378139844076,218910.16,3865.6862705687117,Domínio válido; magnitude confrontada na escala oficial e dentro do nível/geo,manter no exemplo simulado; sem evidência de corrupção,plausibilidade comercial não demonstrada
check_geo_std,1,Geo6,Promo,2021-06-28,2.5173235,2.916632051023274,-2.2537780776247374,1.8643879647496044,218910.16,,Promo contínuo e zero-inflado; IQR não diagnostica erro,manter no exemplo simulado; sem evidência de corrupção,plausibilidade comercial não demonstrada
check_geo_std,1,Geo6,Promo,2021-08-23,2.302263,2.6068465111776455,-2.2537780776247374,1.8643879647496044,218910.16,,Promo contínuo e zero-inflado; IQR não diagnostica erro,manter no exemplo simulado; sem evidência de corrupção,plausibilidade comercial não demonstrada
check_geo_std,1,Geo6,Promo,2022-01-03,2.2996562,2.603091526207046,-2.2537780776247374,1.8643879647496044,218910.16,,Promo contínuo e zero-inflado; IQR não diagnostica erro,manter no exemplo simulado; sem evidência de corrupção,plausibilidade comercial não demonstrada
check_geo_std,1,Geo6,Promo,2022-05-02,2.4331467,2.7953789365253656,-2.2537780776247374,1.8643879647496044,218910.16,,Promo contínuo e zero-inflado; IQR não diagnostica erro,manter no exemplo simulado; sem evidência de corrupção,plausibilidade comercial não demonstrada
check_geo_std,1,Geo6,Promo,2022-07-04,1.8777473,1.9953496286843702,-2.2537780776247374,1.8643879647496044,218910.16,,Promo contínuo e zero-inflado; IQR não diagnostica erro,manter no exemplo simulado; sem evidência de corrupção,plausibilidade comercial não demonstrada
check_geo_std,1,Geo6,Promo,2022-07-18,2.1888967,2.443547158456892,-2.2537780776247374,1.8643879647496044,218910.16,,Promo contínuo e zero-inflado; IQR não diagnostica erro,manter no exemplo simulado; sem evidência de corrupção,plausibilidade comercial não demonstrada
check_geo_std,1,Geo6,competitor_sales_control,2023-04-17,-3.762361,-3.072515038904974,-2.8341000548946607,2.642346044672289,218910.16,,Índice sintético com valores negativos admissíveis,manter no exemplo simulado; sem evidência de corrupção,plausibilidade comercial não demonstrada
check_geo_std,1,Geo6,sentiment_score_control,2021-04-19,-3.653327,-3.0793018270370087,-2.9785176356308734,2.930076872770496,218910.16,,Índice sintético com valores negativos admissíveis,manter no exemplo simulado; sem evidência de corrupção,plausibilidade comercial não demonstrada
check_geo_std,1,Geo7,Channel2,2021-03-22,1869706.0,2.3918058081878923,-1.1823071237255778,1.970511872875963,733989.56,2547.3196103770197,Domínio válido; magnitude confrontada na escala oficial e dentro do nível/geo,manter no exemplo simulado; sem evidência de corrupção,plausibilidade comercial não demonstrada
check_geo_std,1,Geo7,Channel2,2021-11-08,1884003.0,2.410095126208834,-1.1823071237255778,1.970511872875963,733989.56,2566.798089062738,Domínio válido; magnitude confrontada na escala oficial e dentro do nível/geo,manter no exemplo simulado; sem evidência de corrupção,plausibilidade comercial não demonstrada
check_geo_std,1,Geo7,Channel2,2021-12-06,2375748.0,3.039155816577991,-1.1823071237255778,1.970511872875963,733989.56,3236.759934296613,Domínio válido; magnitude confrontada na escala oficial e dentro do nível/geo,manter no exemplo simulado; sem evidência de corrupção,plausibilidade comercial não demonstrada
check_geo_std,1,Geo7,Channel2,2022-05-30,1857965.0,2.376786231851327,-1.1823071237255778,1.970511872875963,733989.56,2531.323470050446,Domínio válido; magnitude confrontada na escala oficial e dentro do nível/geo,manter no exemplo simulado; sem evidência de corrupção,plausibilidade comercial não demonstrada
check_geo_std,1,Geo7,Channel2,2022-06-13,1567134.0,2.004743100470729,-1.1823071237255778,1.970511872875963,733989.56,2135.0903138186322,Domínio válido; magnitude confrontada na escala oficial e dentro do nível/geo,manter no exemplo simulado; sem evidência de corrupção,plausibilidade comercial não demonstrada
check_geo_std,1,Geo7,Channel2,2022-07-18,1882360.0,2.407993332160544,-1.1823071237255778,1.970511872875963,733989.56,2564.5596376057447,Domínio válido; magnitude confrontada na escala oficial e dentro do nível/geo,manter no exemplo simulado; sem evidência de corrupção,plausibilidade comercial não demonstrada
check_geo_std,1,Geo7,Channel2,2022-10-17,1939123.0,2.4806069265385737,-1.1823071237255778,1.970511872875963,733989.56,2641.894525039293,Domínio válido; magnitude confrontada na escala oficial e dentro do nível/geo,manter no exemplo simulado; sem evidência de corrupção,plausibilidade comercial não demonstrada
check_geo_std,1,Geo7,Channel2,2022-12-12,1720370.0,2.2007689755673914,-1.1823071237255778,1.970511872875963,733989.56,2343.861675634732,Domínio válido; magnitude confrontada na escala oficial e dentro do nível/geo,manter no exemplo simulado; sem evidência de corrupção,plausibilidade comercial não demonstrada
check_geo_std,1,Geo7,Channel2,2023-07-24,1721696.0,2.202465250009286,-1.1823071237255778,1.970511872875963,733989.56,2345.6682408398287,Domínio válido; magnitude confrontada na escala oficial e dentro do nível/geo,manter no exemplo simulado; sem evidência de corrupção,plausibilidade comercial não demonstrada
check_geo_std,1,Geo7,Channel2,2023-09-25,2020572.0,2.5847998805490415,-1.1823071237255778,1.970511872875963,733989.56,2752.862043432879,Domínio válido; magnitude confrontada na escala oficial e dentro do nível/geo,manter no exemplo simulado; sem evidência de corrupção,plausibilidade comercial não demonstrada
check_geo_std,1,Geo7,Channel2,2023-10-09,2100546.0,2.687105953110192,-1.1823071237255778,1.970511872875963,733989.56,2861.819996458805,Domínio válido; magnitude confrontada na escala oficial e dentro do nível/geo,manter no exemplo simulado; sem evidência de corrupção,plausibilidade comercial não demonstrada
check_geo_std,1,Geo7,Channel2,2023-11-13,2178569.0,2.7869162251916015,-1.1823071237255778,1.970511872875963,733989.56,2968.119873530626,Domínio válido; magnitude confrontada na escala oficial e dentro do nível/geo,manter no exemplo simulado; sem evidência de corrupção,plausibilidade comercial não demonstrada
check_geo_std,1,Geo7,Channel2,2023-11-27,2817199.0,3.603878326871242,-1.1823071237255778,1.970511872875963,733989.56,3838.2003689534763,Domínio válido; magnitude confrontada na escala oficial e dentro do nível/geo,manter no exemplo simulado; sem evidência de corrupção,plausibilidade comercial não demonstrada
check_geo_std,1,Geo7,Channel4,2021-03-22,4346532.0,3.029482583773923,-1.2204494209112258,3.0195389981103617,733989.56,5921.789950254878,Domínio válido; magnitude confrontada na escala oficial e dentro do nível/geo,manter no exemplo simulado; sem evidência de corrupção,plausibilidade comercial não demonstrada
check_geo_std,1,Geo7,Channel4,2021-11-08,4349496.0,3.0315484575275975,-1.2204494209112258,3.0195389981103617,733989.56,5925.828154830976,Domínio válido; magnitude confrontada na escala oficial e dentro do nível/geo,manter no exemplo simulado; sem evidência de corrupção,plausibilidade comercial não demonstrada
check_geo_std,1,Geo7,competitor_sales_control,2021-05-31,-3.1896362,-2.599214958126939,-2.533593601023091,2.7353847270254654,733989.56,,Índice sintético com valores negativos admissíveis,manter no exemplo simulado; sem evidência de corrupção,plausibilidade comercial não demonstrada
check_geo_std,1,Geo7,sentiment_score_control,2022-04-18,-3.2840776,-2.7651748385752266,-2.7063685544190035,3.0476946804403804,733989.56,,Índice sintético com valores negativos admissíveis,manter no exemplo simulado; sem evidência de corrupção,plausibilidade comercial não demonstrada
check_geo_std,1,Geo8,Channel0,2022-08-29,1520290.0,2.929061475697368,-1.5048903705013967,2.841645427832799,301630.44,5040.24063353818,Domínio válido; magnitude confrontada na escala oficial e dentro do nível/geo,manter no exemplo simulado; sem evidência de corrupção,plausibilidade comercial não demonstrada
check_geo_std,1,Geo8,Channel2,2021-03-29,758885.0,2.3623447574859244,-0.3065174891714727,0.5108624819524545,301630.44,2515.9430195440486,Domínio válido; magnitude confrontada na escala oficial e dentro do nível/geo,manter no exemplo simulado; sem evidência de corrupção,plausibilidade comercial não demonstrada
check_geo_std,1,Geo8,Channel2,2021-05-10,765368.0,2.3825257876324963,-0.3065174891714727,0.5108624819524545,301630.44,2537.4362083614637,Domínio válido; magnitude confrontada na escala oficial e dentro do nível/geo,manter no exemplo simulado; sem evidência de corrupção,plausibilidade comercial não demonstrada
check_geo_std,1,Geo8,Channel2,2021-08-02,595172.0,1.8527200484953747,-0.3065174891714727,0.5108624819524545,301630.44,1973.182812716117,Domínio válido; magnitude confrontada na escala oficial e dentro do nível/geo,manter no exemplo simulado; sem evidência de corrupção,plausibilidade comercial não demonstrada
check_geo_std,1,Geo8,Channel2,2021-08-09,508151.0,1.5818310427287796,-0.3065174891714727,0.5108624819524545,301630.44,1684.6807636523688,Domínio válido; magnitude confrontada na escala oficial e dentro do nível/geo,manter no exemplo simulado; sem evidência de corrupção,plausibilidade comercial não demonstrada
check_geo_std,1,Geo8,Channel2,2021-09-13,802922.0,2.499428210295517,-0.3065174891714727,0.5108624819524545,301630.44,2661.9395575592434,Domínio válido; magnitude confrontada na escala oficial e dentro do nível/geo,manter no exemplo simulado; sem evidência de corrupção,plausibilidade comercial não demonstrada
check_geo_std,1,Geo8,Channel2,2021-09-27,690053.0,2.1480765688311596,-0.3065174891714727,0.5108624819524545,301630.44,2287.7432397075045,Domínio válido; magnitude confrontada na escala oficial e dentro do nível/geo,manter no exemplo simulado; sem evidência de corrupção,plausibilidade comercial não demonstrada
check_geo_std,1,Geo8,Channel2,2021-10-11,720456.0,2.242718533900761,-0.3065174891714727,0.5108624819524545,301630.44,2388.5387694955457,Domínio válido; magnitude confrontada na escala oficial e dentro do nível/geo,manter no exemplo simulado; sem evidência de corrupção,plausibilidade comercial não demonstrada
check_geo_std,1,Geo8,Channel2,2021-11-15,433496.0,1.3494363480515732,-0.3065174891714727,0.5108624819524545,301630.44,1437.175903068669,Domínio válido; magnitude confrontada na escala oficial e dentro do nível/geo,manter no exemplo simulado; sem evidência de corrupção,plausibilidade comercial não demonstrada
check_geo_std,1,Geo8,Channel2,2021-11-22,741555.0,2.308397934650803,-0.3065174891714727,0.5108624819524545,301630.44,2458.48860612344,Domínio válido; magnitude confrontada na escala oficial e dentro do nível/geo,manter no exemplo simulado; sem evidência de corrupção,plausibilidade comercial não demonstrada
check_geo_std,1,Geo8,Channel2,2021-11-29,453862.0,1.4128339818576945,-0.3065174891714727,0.5108624819524545,301630.44,1504.6956136124722,Domínio válido; magnitude confrontada na escala oficial e dentro do nível/geo,manter no exemplo simulado; sem evidência de corrupção,plausibilidade comercial não demonstrada
check_geo_std,1,Geo8,Channel2,2022-01-17,523418.0,1.6293559212183235,-0.3065174891714727,0.5108624819524545,301630.44,1735.2956816957862,Domínio válido; magnitude confrontada na escala oficial e dentro do nível/geo,manter no exemplo simulado; sem evidência de corrupção,plausibilidade comercial não demonstrada
check_geo_std,1,Geo8,Channel2,2022-02-07,166970.0,0.5197634742515991,-0.3065174891714727,0.5108624819524545,301630.44,553.5581886231377,Domínio válido; magnitude confrontada na escala oficial e dentro do nível/geo,manter no exemplo simulado; sem evidência de corrupção,plausibilidade comercial não demonstrada
check_geo_std,1,Geo8,Channel2,2022-02-21,808969.0,2.518252009354027,-0.3065174891714727,0.5108624819524545,301630.44,2681.9872689241843,Domínio válido; magnitude confrontada na escala oficial e dentro do nível/geo,manter no exemplo simulado; sem evidência de corrupção,plausibilidade comercial não demonstrada
check_geo_std,1,Geo8,Channel2,2022-05-02,668525.0,2.081061727400433,-0.3065174891714727,0.5108624819524545,301630.44,2216.371132833941,Domínio válido; magnitude confrontada na escala oficial e dentro do nível/geo,manter no exemplo simulado; sem evidência de corrupção,plausibilidade comercial não demonstrada
check_geo_std,1,Geo8,Channel2,2022-08-29,435358.0,1.3552325964138927,-0.3065174891714727,0.5108624819524545,301630.44,1443.349020079008,Domínio válido; magnitude confrontada na escala oficial e dentro do nível/geo,manter no exemplo simulado; sem evidência de corrupção,plausibilidade comercial não demonstrada
check_geo_std,1,Geo8,Channel2,2022-09-12,899895.0,2.801296949521727,-0.3065174891714727,0.5108624819524545,301630.44,2983.4356240703028,Domínio válido; magnitude confrontada na escala oficial e dentro do nível/geo,manter no exemplo simulado; sem evidência de corrupção,plausibilidade comercial não demonstrada
check_geo_std,1,Geo8,Channel2,2022-09-19,1311628.0,4.08298692103777,-0.3065174891714727,0.5108624819524545,301630.44,4348.460321179785,Domínio válido; magnitude confrontada na escala oficial e dentro do nível/geo,manter no exemplo simulado; sem evidência de corrupção,plausibilidade comercial não demonstrada
check_geo_std,1,Geo8,Channel2,2022-09-26,539857.0,1.6805291364858688,-0.3065174891714727,0.5108624819524545,301630.44,1789.7961492215443,Domínio válido; magnitude confrontada na escala oficial e dentro do nível/geo,manter no exemplo simulado; sem evidência de corrupção,plausibilidade comercial não demonstrada
check_geo_std,1,Geo8,Channel2,2022-10-03,277138.0,0.8627071313837196,-0.3065174891714727,0.5108624819524545,301630.44,918.7998399631019,Domínio válido; magnitude confrontada na escala oficial e dentro do nível/geo,manter no exemplo simulado; sem evidência de corrupção,plausibilidade comercial não demonstrada
check_geo_std,1,Geo8,Channel2,2022-10-10,760743.0,2.3681285541868853,-0.3065174891714727,0.5108624819524545,301630.44,2522.1028752933557,Domínio válido; magnitude confrontada na escala oficial e dentro do nível/geo,manter no exemplo simulado; sem evidência de corrupção,plausibilidade comercial não demonstrada
check_geo_std,1,Geo8,Channel2,2022-10-24,253427.0,0.7888967957666647,-0.3065174891714727,0.5108624819524545,301630.44,840.1903998813913,Domínio válido; magnitude confrontada na escala oficial e dentro do nível/geo,manter no exemplo simulado; sem evidência de corrupção,plausibilidade comercial não demonstrada
check_geo_std,1,Geo8,Channel2,2022-11-14,660662.0,2.0565848740852246,-0.3065174891714727,0.5108624819524545,301630.44,2190.3028089605277,Domínio válido; magnitude confrontada na escala oficial e dentro do nível/geo,manter no exemplo simulado; sem evidência de corrupção,plausibilidade comercial não demonstrada
check_geo_std,1,Geo8,Channel2,2022-12-05,401323.0,1.2492845228308949,-0.3065174891714727,0.5108624819524545,301630.44,1330.512265274022,Domínio válido; magnitude confrontada na escala oficial e dentro do nível/geo,manter no exemplo simulado; sem evidência de corrupção,plausibilidade comercial não demonstrada
check_geo_std,1,Geo8,Channel2,2022-12-26,1146586.0,3.569225147560903,-0.3065174891714727,0.5108624819524545,301630.44,3801.2940603740126,Domínio válido; magnitude confrontada na escala oficial e dentro do nível/geo,manter no exemplo simulado; sem evidência de corrupção,plausibilidade comercial não demonstrada
check_geo_std,1,Geo8,Channel2,2023-01-02,327682.0,1.0200463243080342,-0.3065174891714727,0.5108624819524545,301630.44,1086.3691343619032,Domínio válido; magnitude confrontada na escala oficial e dentro do nível/geo,manter no exemplo simulado; sem evidência de corrupção,plausibilidade comercial não demonstrada
check_geo_std,1,Geo8,Channel2,2023-02-27,188793.0,0.5876966257075052,-0.3065174891714727,0.5108624819524545,301630.44,625.9083134978022,Domínio válido; magnitude confrontada na escala oficial e dentro do nível/geo,manter no exemplo simulado; sem evidência de corrupção,plausibilidade comercial não demonstrada
check_geo_std,1,Geo8,Channel2,2023-05-22,471616.0,1.4681006807968027,-0.3065174891714727,0.5108624819524545,301630.44,1563.5557207024594,Domínio válido; magnitude confrontada na escala oficial e dentro do nível/geo,manter no exemplo simulado; sem evidência de corrupção,plausibilidade comercial não demonstrada
check_geo_std,1,Geo8,Channel2,2023-07-24,429093.0,1.3357301818113518,-0.3065174891714727,0.5108624819524545,301630.44,1422.5785699878302,Domínio válido; magnitude confrontada na escala oficial e dentro do nível/geo,manter no exemplo simulado; sem evidência de corrupção,plausibilidade comercial não demonstrada
check_geo_std,1,Geo8,Channel2,2023-10-02,628058.0,1.9550913823531821,-0.3065174891714727,0.5108624819524545,301630.44,2082.2102702896964,Domínio válido; magnitude confrontada na escala oficial e dentro do nível/geo,manter no exemplo simulado; sem evidência de corrupção,plausibilidade comercial não demonstrada
check_geo_std,1,Geo8,Channel2,2023-11-06,860643.0,2.67910879661208,-0.3065174891714727,0.5108624819524545,301630.44,2853.3028695644907,Domínio válido; magnitude confrontada na escala oficial e dentro do nível/geo,manter no exemplo simulado; sem evidência de corrupção,plausibilidade comercial não demonstrada
check_geo_std,1,Geo8,Channel2,2023-11-20,513961.0,1.5999170808518064,-0.3065174891714727,0.5108624819524545,301630.44,1703.9427453011706,Domínio válido; magnitude confrontada na escala oficial e dentro do nível/geo,manter no exemplo simulado; sem evidência de corrupção,plausibilidade comercial não demonstrada
check_geo_std,1,Geo8,Channel2,2023-12-25,1252396.0,3.8986027196430837,-0.3065174891714727,0.5108624819524545,301630.44,4152.087567819746,Domínio válido; magnitude confrontada na escala oficial e dentro do nível/geo,manter no exemplo simulado; sem evidência de corrupção,plausibilidade comercial não demonstrada
check_geo_std,1,Geo8,Channel3,2022-10-10,2567635.0,2.5525954419451002,-0.5768461728933449,2.5473156746426056,301630.44,8512.519492396059,Domínio válido; magnitude confrontada na escala oficial e dentro do nível/geo,manter no exemplo simulado; sem evidência de corrupção,plausibilidade comercial não demonstrada
check_geo_std,1,Geo8,Channel4,2022-10-10,1996864.0,3.386793997192386,-1.3319743727806843,2.8185962295213436,301630.44,6620.233687289651,Domínio válido; magnitude confrontada na escala oficial e dentro do nível/geo,manter no exemplo simulado; sem evidência de corrupção,plausibilidade comercial não demonstrada
check_geo_std,1,Geo8,Promo,2022-04-11,2.420814,2.7776142046138608,-2.4922813522692993,2.261893422490541,301630.44,,Promo contínuo e zero-inflado; IQR não diagnostica erro,manter no exemplo simulado; sem evidência de corrupção,plausibilidade comercial não demonstrada
check_geo_std,1,Geo8,Promo,2022-08-29,3.7845514,4.742020158597388,-2.4922813522692993,2.261893422490541,301630.44,,Promo contínuo e zero-inflado; IQR não diagnostica erro,manter no exemplo simulado; sem evidência de corrupção,plausibilidade comercial não demonstrada
check_geo_std,1,Geo8,Promo,2022-10-10,3.1037567,3.761364233108779,-2.4922813522692993,2.261893422490541,301630.44,,Promo contínuo e zero-inflado; IQR não diagnostica erro,manter no exemplo simulado; sem evidência de corrupção,plausibilidade comercial não demonstrada
check_geo_std,1,Geo8,competitor_sales_control,2022-09-12,3.358917,2.812512905830164,-2.905419100726902,2.6664688725412415,301630.44,,Índice sintético com valores negativos admissíveis,manter no exemplo simulado; sem evidência de corrupção,plausibilidade comercial não demonstrada
check_geo_std,1,Geo8,sentiment_score_control,2023-06-19,-4.0132847,-3.3855242021434537,-2.8087832132297903,2.691725866590249,301630.44,,Índice sintético com valores negativos admissíveis,manter no exemplo simulado; sem evidência de corrupção,plausibilidade comercial não demonstrada
check_geo_std,1,Geo9,Channel1,2023-09-04,2362948.0,3.8844714076892313,-2.1552515784969724,3.5920859641616207,513695.22,4599.90264266037,Domínio válido; magnitude confrontada na escala oficial e dentro do nível/geo,manter no exemplo simulado; sem evidência de corrupção,plausibilidade comercial não demonstrada
check_geo_std,1,Geo9,Channel2,2021-08-02,1141730.0,2.086893879221681,-0.940208542690562,1.5670142378176033,513695.22,2222.58248772492,Domínio válido; magnitude confrontada na escala oficial e dentro do nível/geo,manter no exemplo simulado; sem evidência de corrupção,plausibilidade comercial não demonstrada
check_geo_std,1,Geo9,Channel2,2021-08-09,2476872.0,4.527312951762293,-0.940208542690562,1.5670142378176033,513695.22,4821.676168215075,Domínio válido; magnitude confrontada na escala oficial e dentro do nível/geo,manter no exemplo simulado; sem evidência de corrupção,plausibilidade comercial não demonstrada
check_geo_std,1,Geo9,Channel2,2021-08-30,1494446.0,2.731600474917296,-0.940208542690562,1.5670142378176033,513695.22,2909.207525816573,Domínio válido; magnitude confrontada na escala oficial e dentro do nível/geo,manter no exemplo simulado; sem evidência de corrupção,plausibilidade comercial não demonstrada
check_geo_std,1,Geo9,Channel2,2022-01-03,900053.0,1.645148237039503,-0.940208542690562,1.5670142378176033,513695.22,1752.114804572252,Domínio válido; magnitude confrontada na escala oficial e dentro do nível/geo,manter no exemplo simulado; sem evidência de corrupção,plausibilidade comercial não demonstrada
check_geo_std,1,Geo9,Channel2,2022-07-18,1055560.0,1.9293893505042676,-0.940208542690562,1.5670142378176033,513695.22,2054.837107497321,Domínio válido; magnitude confrontada na escala oficial e dentro do nível/geo,manter no exemplo simulado; sem evidência de corrupção,plausibilidade comercial não demonstrada
check_geo_std,1,Geo9,Channel2,2022-09-26,1139767.0,2.0833058394181267,-0.940208542690562,1.5670142378176033,513695.22,2218.7611556907227,Domínio válido; magnitude confrontada na escala oficial e dentro do nível/geo,manter no exemplo simulado; sem evidência de corrupção,plausibilidade comercial não demonstrada
check_geo_std,1,Geo9,Channel2,2022-10-03,910695.0,1.6646000554752776,-0.940208542690562,1.5670142378176033,513695.22,1772.8313687637585,Domínio válido; magnitude confrontada na escala oficial e dentro do nível/geo,manter no exemplo simulado; sem evidência de corrupção,plausibilidade comercial não demonstrada
check_geo_std,1,Geo9,Channel2,2022-10-10,919419.0,1.6805460866755877,-0.940208542690562,1.5670142378176033,513695.22,1789.8142015025953,Domínio válido; magnitude confrontada na escala oficial e dentro do nível/geo,manter no exemplo simulado; sem evidência de corrupção,plausibilidade comercial não demonstrada
check_geo_std,1,Geo9,Channel2,2022-10-17,1052066.0,1.9230028955508194,-0.940208542690562,1.5670142378176033,513695.22,2048.0354090115925,Domínio válido; magnitude confrontada na escala oficial e dentro do nível/geo,manter no exemplo simulado; sem evidência de corrupção,plausibilidade comercial não demonstrada
check_geo_std,1,Geo9,Channel2,2022-11-14,1072446.0,1.9602541697211906,-0.940208542690562,1.5670142378176033,513695.22,2087.708739045693,Domínio válido; magnitude confrontada na escala oficial e dentro do nível/geo,manter no exemplo simulado; sem evidência de corrupção,plausibilidade comercial não demonstrada
check_geo_std,1,Geo9,Channel2,2023-01-02,1170392.0,2.139283281590237,-0.940208542690562,1.5670142378176033,513695.22,2278.3782181192964,Domínio válido; magnitude confrontada na escala oficial e dentro do nível/geo,manter no exemplo simulado; sem evidência de corrupção,plausibilidade comercial não demonstrada
check_geo_std,1,Geo9,Channel2,2023-05-01,1197111.0,2.188121200852168,-0.940208542690562,1.5670142378176033,513695.22,2330.391550071266,Domínio válido; magnitude confrontada na escala oficial e dentro do nível/geo,manter no exemplo simulado; sem evidência de corrupção,plausibilidade comercial não demonstrada
check_geo_std,1,Geo9,Channel2,2023-06-26,1348996.0,2.4657418965031406,-0.940208542690562,1.5670142378176033,513695.22,2626.0629795231503,Domínio válido; magnitude confrontada na escala oficial e dentro do nível/geo,manter no exemplo simulado; sem evidência de corrupção,plausibilidade comercial não demonstrada
check_geo_std,1,Geo9,Channel2,2023-08-07,1985666.0,3.62946950818372,-0.940208542690562,1.5670142378176033,513695.22,3865.4554737729504,Domínio válido; magnitude confrontada na escala oficial e dentro do nível/geo,manter no exemplo simulado; sem evidência de corrupção,plausibilidade comercial não demonstrada
check_geo_std,1,Geo9,Channel2,2023-09-04,2188381.0,3.999999049079048,-0.940208542690562,1.5670142378176033,513695.22,4260.076626759346,Domínio válido; magnitude confrontada na escala oficial e dentro do nível/geo,manter no exemplo simulado; sem evidência de corrupção,plausibilidade comercial não demonstrada
check_geo_std,1,Geo9,Channel2,2023-09-11,1062921.0,1.9428440428088851,-0.940208542690562,1.5670142378176033,513695.22,2069.1666159556635,Domínio válido; magnitude confrontada na escala oficial e dentro do nível/geo,manter no exemplo simulado; sem evidência de corrupção,plausibilidade comercial não demonstrada
check_geo_std,1,Geo9,Channel2,2023-10-02,2034984.0,3.719614667140264,-0.940208542690562,1.5670142378176033,513695.22,3961.4618177681314,Domínio válido; magnitude confrontada na escala oficial e dentro do nível/geo,manter no exemplo simulado; sem evidência de corrupção,plausibilidade comercial não demonstrada
check_geo_std,1,Geo9,Channel2,2023-10-09,1895643.0,3.464922331802988,-0.940208542690562,1.5670142378176033,513695.22,3690.209537086991,Domínio válido; magnitude confrontada na escala oficial e dentro do nível/geo,manter no exemplo simulado; sem evidência de corrupção,plausibilidade comercial não demonstrada
check_geo_std,1,Geo9,Channel2,2023-10-23,1547474.0,2.8285269011541185,-0.940208542690562,1.5670142378176033,513695.22,3012.436051088815,Domínio válido; magnitude confrontada na escala oficial e dentro do nível/geo,manter no exemplo simulado; sem evidência de corrupção,plausibilidade comercial não demonstrada
check_geo_std,1,Geo9,Channel2,2023-11-06,1317835.0,2.40878473485334,-0.940208542690562,1.5670142378176033,513695.22,2565.4024968346016,Domínio válido; magnitude confrontada na escala oficial e dentro do nível/geo,manter no exemplo simulado; sem evidência de corrupção,plausibilidade comercial não demonstrada
check_geo_std,1,Geo9,Channel2,2023-12-04,1227307.0,2.2433145018751577,-0.940208542690562,1.5670142378176033,513695.22,2389.1734869559427,Domínio válido; magnitude confrontada na escala oficial e dentro do nível/geo,manter no exemplo simulado; sem evidência de corrupção,plausibilidade comercial não demonstrada
check_geo_std,1,Geo9,Channel2,2023-12-11,912556.0,1.6680016561244955,-0.940208542690562,1.5670142378176033,513695.22,1776.4541394798264,Domínio válido; magnitude confrontada na escala oficial e dentro do nível/geo,manter no exemplo simulado; sem evidência de corrupção,plausibilidade comercial não demonstrada
check_geo_std,1,Geo9,Channel2,2024-01-15,903322.0,1.651123429152503,-0.940208542690562,1.5670142378176033,513695.22,1758.4785001503421,Domínio válido; magnitude confrontada na escala oficial e dentro do nível/geo,manter no exemplo simulado; sem evidência de corrupção,plausibilidade comercial não demonstrada
check_geo_std,1,Geo9,Channel3,2021-08-09,4358900.0,2.5444577923959404,-0.48001408734367135,2.430935172644759,513695.22,8485.381662690963,Domínio válido; magnitude confrontada na escala oficial e dentro do nível/geo,manter no exemplo simulado; sem evidência de corrupção,plausibilidade comercial não demonstrada
check_geo_std,1,Geo9,Channel4,2021-08-09,3256297.0,3.242902907059505,-1.3034889771866536,2.87449279351992,513695.22,6338.966907264585,Domínio válido; magnitude confrontada na escala oficial e dentro do nível/geo,manter no exemplo simulado; sem evidência de corrupção,plausibilidade comercial não demonstrada
check_geo_std,1,Geo9,Channel4,2021-11-22,2915727.0,2.903733770135798,-1.3034889771866536,2.87449279351992,513695.22,5675.986239467053,Domínio válido; magnitude confrontada na escala oficial e dentro do nível/geo,manter no exemplo simulado; sem evidência de corrupção,plausibilidade comercial não demonstrada
check_geo_std,1,Geo9,Channel4,2022-11-14,2951038.0,2.9388995257628734,-1.3034889771866536,2.87449279351992,513695.22,5744.725442452043,Domínio válido; magnitude confrontada na escala oficial e dentro do nível/geo,manter no exemplo simulado; sem evidência de corrupção,plausibilidade comercial não demonstrada
check_geo_std,1,Geo9,Channel4,2023-10-02,3160048.0,3.1470498070807347,-1.3034889771866536,2.87449279351992,513695.22,6151.60094345437,Domínio válido; magnitude confrontada na escala oficial e dentro do nível/geo,manter no exemplo simulado; sem evidência de corrupção,plausibilidade comercial não demonstrada
check_geo_std,1,Geo9,Organic_channel0,2021-10-11,2353917.0,3.5577726264902507,-1.7236735238864331,2.8727892064773886,513695.22,4582.322179287555,Domínio válido; magnitude confrontada na escala oficial e dentro do nível/geo,manter no exemplo simulado; sem evidência de corrupção,plausibilidade comercial não demonstrada
check_geo_std,1,Geo9,Organic_channel0,2023-08-07,2031092.0,3.0698463537513585,-1.7236735238864331,2.8727892064773886,513695.22,3953.8853408057803,Domínio válido; magnitude confrontada na escala oficial e dentro do nível/geo,manter no exemplo simulado; sem evidência de corrupção,plausibilidade comercial não demonstrada
check_geo_std,1,Geo9,Organic_channel0,2023-09-04,2088291.0,3.1562984404063323,-1.7236735238864331,2.8727892064773886,513695.22,4065.2334666458455,Domínio válido; magnitude confrontada na escala oficial e dentro do nível/geo,manter no exemplo simulado; sem evidência de corrupção,plausibilidade comercial não demonstrada
check_geo_std,1,Geo9,Organic_channel0,2023-11-27,2363542.0,3.5723201069366595,-1.7236735238864331,2.8727892064773886,513695.22,4601.058970336536,Domínio válido; magnitude confrontada na escala oficial e dentro do nível/geo,manter no exemplo simulado; sem evidência de corrupção,plausibilidade comercial não demonstrada
check_geo_std,1,Geo9,Promo,2021-05-17,2.1905537,2.44593399676297,-2.4949785371734725,2.266388730664163,513695.22,,Promo contínuo e zero-inflado; IQR não diagnostica erro,manter no exemplo simulado; sem evidência de corrupção,plausibilidade comercial não demonstrada
check_geo_std,1,Geo9,Promo,2021-11-22,3.1150794,3.7776741028059577,-2.4949785371734725,2.266388730664163,513695.22,,Promo contínuo e zero-inflado; IQR não diagnostica erro,manter no exemplo simulado; sem evidência de corrupção,plausibilidade comercial não demonstrada
check_geo_std,1,Geo9,Promo,2021-12-27,3.0491989,3.6827760333892123,-2.4949785371734725,2.266388730664163,513695.22,,Promo contínuo e zero-inflado; IQR não diagnostica erro,manter no exemplo simulado; sem evidência de corrupção,plausibilidade comercial não demonstrada
check_geo_std,1,Geo9,Promo,2022-09-26,3.3358676,4.095710151864454,-2.4949785371734725,2.266388730664163,513695.22,,Promo contínuo e zero-inflado; IQR não diagnostica erro,manter no exemplo simulado; sem evidência de corrupção,plausibilidade comercial não demonstrada
check_geo_std,1,Geo9,Promo,2023-06-05,2.2144966,2.480422729942563,-2.4949785371734725,2.266388730664163,513695.22,,Promo contínuo e zero-inflado; IQR não diagnostica erro,manter no exemplo simulado; sem evidência de corrupção,plausibilidade comercial não demonstrada
check_geo_std,1,Geo9,Promo,2023-08-14,2.1339266,2.3643650580532007,-2.4949785371734725,2.266388730664163,513695.22,,Promo contínuo e zero-inflado; IQR não diagnostica erro,manter no exemplo simulado; sem evidência de corrupção,plausibilidade comercial não demonstrada
check_geo_std,1,Geo9,Promo,2023-10-02,2.099927,2.315390074546069,-2.4949785371734725,2.266388730664163,513695.22,,Promo contínuo e zero-inflado; IQR não diagnostica erro,manter no exemplo simulado; sem evidência de corrupção,plausibilidade comercial não demonstrada
check_geo_std,1,Geo9,Promo,2023-11-06,3.7086716,4.6327185211215225,-2.4949785371734725,2.266388730664163,513695.22,,Promo contínuo e zero-inflado; IQR não diagnostica erro,manter no exemplo simulado; sem evidência de corrupção,plausibilidade comercial não demonstrada
check_geo_std,1,Geo9,Promo,2023-11-20,3.5293636,4.374432942976582,-2.4949785371734725,2.266388730664163,513695.22,,Promo contínuo e zero-inflado; IQR não diagnostica erro,manter no exemplo simulado; sem evidência de corrupção,plausibilidade comercial não demonstrada
check_geo_std,1,Geo9,sentiment_score_control,2021-08-09,3.0786805,2.6477358940185467,-2.4288070883031296,2.38110110305333,513695.22,,Índice sintético com valores negativos admissíveis,manter no exemplo simulado; sem evidência de corrupção,plausibilidade comercial não demonstrada
check_geo_std,1,Geo9,sentiment_score_control,2022-04-25,-2.9132059,-2.449667730840721,-2.4288070883031296,2.38110110305333,513695.22,,Índice sintético com valores negativos admissíveis,manter no exemplo simulado; sem evidência de corrupção,plausibilidade comercial não demonstrada
check_national_std,0,NATIONAL,conversions,2022-09-19,340283293.3,-2.828100949431676,-2.4030950854766098,2.4224576767972765,21696753.310000002,15683.604290378502,Domínio válido; magnitude confrontada na escala oficial e dentro do nível/geo,manter no exemplo simulado; sem evidência de corrupção,plausibilidade comercial não demonstrada
check_national_std,1,NATIONAL,Channel1,2021-11-22,51606260.0,2.664096710260319,-0.3480951838045043,2.426055588669174,21696753.310000002,2378.5245314198573,Domínio válido; magnitude confrontada na escala oficial e dentro do nível/geo,manter no exemplo simulado; sem evidência de corrupção,plausibilidade comercial não demonstrada
check_national_std,1,NATIONAL,Channel1,2022-09-05,49233120.0,2.541586873915132,-0.3480951838045043,2.426055588669174,21696753.310000002,2269.1468763351118,Domínio válido; magnitude confrontada na escala oficial e dentro do nível/geo,manter no exemplo simulado; sem evidência de corrupção,plausibilidade comercial não demonstrada
check_national_std,1,NATIONAL,Channel1,2023-09-04,52366813.0,2.703359132014552,-0.3480951838045043,2.426055588669174,21696753.310000002,2413.578301407161,Domínio válido; magnitude confrontada na escala oficial e dentro do nível/geo,manter no exemplo simulado; sem evidência de corrupção,plausibilidade comercial não demonstrada
check_national_std,1,NATIONAL,Channel2,2021-08-30,46085569.0,5.439542798410447,-1.8012003554160583,4.0398805569758665,21696753.310000002,2124.076738189175,Domínio válido; magnitude confrontada na escala oficial e dentro do nível/geo,manter no exemplo simulado; sem evidência de corrupção,plausibilidade comercial não demonstrada
check_national_std,1,NATIONAL,Channel2,2021-11-22,39985543.0,4.719548378933572,-1.8012003554160583,4.0398805569758665,21696753.310000002,1842.9274845269463,Domínio válido; magnitude confrontada na escala oficial e dentro do nível/geo,manter no exemplo simulado; sem evidência de corrupção,plausibilidade comercial não demonstrada
check_national_std,1,NATIONAL,Channel2,2022-10-17,35582045.0,4.199797481777137,-1.8012003554160583,4.0398805569758665,21696753.310000002,1639.9709436526748,Domínio válido; magnitude confrontada na escala oficial e dentro do nível/geo,manter no exemplo simulado; sem evidência de corrupção,plausibilidade comercial não demonstrada
check_national_std,1,NATIONAL,Channel2,2023-12-04,38020008.0,4.487553592143077,-1.8012003554160583,4.0398805569758665,21696753.310000002,1752.3362807686362,Domínio válido; magnitude confrontada na escala oficial e dentro do nível/geo,manter no exemplo simulado; sem evidência de corrupção,plausibilidade comercial não demonstrada
check_national_std,1,NATIONAL,Channel3,2021-08-30,136784864.0,1.9305746678034983,0.20714656129850606,1.7758293303820123,21696753.310000002,6304.3931986338275,Domínio válido; magnitude confrontada na escala oficial e dentro do nível/geo,manter no exemplo simulado; sem evidência de corrupção,plausibilidade comercial não demonstrada
check_national_std,1,NATIONAL,Channel3,2021-11-22,140264489.0,1.9796859194581824,0.20714656129850606,1.7758293303820123,21696753.310000002,6464.768576013274,Domínio válido; magnitude confrontada na escala oficial e dentro do nível/geo,manter no exemplo simulado; sem evidência de corrupção,plausibilidade comercial não demonstrada
check_national_std,1,NATIONAL,Channel4,2022-10-10,83707898.0,2.2180253945775084,-0.16242664894462888,2.210418341593683,21696753.310000002,3858.0840554341903,Domínio válido; magnitude confrontada na escala oficial e dentro do nível/geo,manter no exemplo simulado; sem evidência de corrupção,plausibilidade comercial não demonstrada
check_national_std,1,NATIONAL,Organic_channel0,2021-08-30,55613220.0,2.758934323231196,-0.5783639568804677,2.6522574190187918,21696753.310000002,2563.2046972838075,Domínio válido; magnitude confrontada na escala oficial e dentro do nível/geo,manter no exemplo simulado; sem evidência de corrupção,plausibilidade comercial não demonstrada
check_national_std,1,NATIONAL,Organic_channel0,2021-11-22,60934429.0,3.0229159116230706,-0.5783639568804677,2.6522574190187918,21696753.310000002,2808.4583960271793,Domínio válido; magnitude confrontada na escala oficial e dentro do nível/geo,manter no exemplo simulado; sem evidência de corrupção,plausibilidade comercial não demonstrada
check_national_std,1,NATIONAL,Promo,2021-10-18,54.614384681,2.8226107834627374,-2.7270582476758998,2.4709387537755676,21696753.310000002,,Promo contínuo e zero-inflado; IQR não diagnostica erro,manter no exemplo simulado; sem evidência de corrupção,plausibilidade comercial não demonstrada
check_national_std,1,NATIONAL,Promo,2021-12-13,53.010268429,2.692923794739544,-2.7270582476758998,2.4709387537755676,21696753.310000002,,Promo contínuo e zero-inflado; IQR não diagnostica erro,manter no exemplo simulado; sem evidência de corrupção,plausibilidade comercial não demonstrada
check_national_std,1,NATIONAL,Promo,2022-07-04,52.70891609,2.668560549656231,-2.7270582476758998,2.4709387537755676,21696753.310000002,,Promo contínuo e zero-inflado; IQR não diagnostica erro,manter no exemplo simulado; sem evidência de corrupção,plausibilidade comercial não demonstrada
check_national_std,1,NATIONAL,Promo,2023-08-14,62.009495789999995,3.4204787308785827,-2.7270582476758998,2.4709387537755676,21696753.310000002,,Promo contínuo e zero-inflado; IQR não diagnostica erro,manter no exemplo simulado; sem evidência de corrupção,plausibilidade comercial não demonstrada
check_national_std,1,NATIONAL,Promo,2023-12-11,57.710251455,3.0729003986372394,-2.7270582476758998,2.4709387537755676,21696753.310000002,,Promo contínuo e zero-inflado; IQR não diagnostica erro,manter no exemplo simulado; sem evidência de corrupção,plausibilidade comercial não demonstrada
check_national_std,1,NATIONAL,competitor_sales_control,2022-10-10,84.66009228,3.0984275762157383,-2.7977219536900075,2.7636515134278836,21696753.310000002,,Índice sintético com valores negativos admissíveis,manter no exemplo simulado; sem evidência de corrupção,plausibilidade comercial não demonstrada
check_national_std,1,NATIONAL,sentiment_score_control,2021-04-26,-71.39571514299999,-2.8462997886563617,-2.5754397870284844,2.65007203973634,21696753.310000002,,Índice sintético com valores negativos admissíveis,manter no exemplo simulado; sem evidência de corrupção,plausibilidade comercial não demonstrada
check_national_std,1,NATIONAL,sentiment_score_control,2021-11-22,77.822453564,3.216904430574933,-2.5754397870284844,2.65007203973634,21696753.310000002,,Índice sintético com valores negativos admissíveis,manter no exemplo simulado; sem evidência de corrupção,plausibilidade comercial não demonstrada
check_national_std,1,NATIONAL,sentiment_score_control,2021-12-13,76.920139286,3.180240559245801,-2.5754397870284844,2.65007203973634,21696753.310000002,,Índice sintético com valores negativos admissíveis,manter no exemplo simulado; sem evidência de corrupção,plausibilidade comercial não demonstrada
