geo,time,kpi_da
Geo0,2021-01-25,-0.7933973499297159
Geo0,2021-02-01,-0.6667125965703178
Geo0,2021-02-08,-0.6411461937516223
Geo0,2021-02-15,0.213695544887705
Geo0,2021-02-22,1.0517291976011458
Geo0,2021-03-01,-0.4622807139554401
Geo0,2021-03-08,-0.101077246088016
Geo0,2021-03-15,-0.4879620507683374
Geo0,2021-03-22,-0.36870445917694605
Geo0,2021-03-29,-0.32080412880963965
Geo0,2021-04-05,-0.475738618339794
Geo0,2021-04-12,1.0203514086032777
Geo0,2021-04-19,0.8153470507368799
Geo0,2021-04-26,0.1593851319674111
Geo0,2021-05-03,-0.3535031389388407
Geo0,2021-05-10,-0.24452896326080295
Geo0,2021-05-17,1.961784418474
Geo0,2021-05-24,0.4931474445278078
Geo0,2021-05-31,-0.5332471995992403
Geo0,2021-06-07,-0.7721940494517021
Geo0,2021-06-14,-1.8401745849580928
Geo0,2021-06-21,1.4463570881440877
Geo0,2021-06-28,-1.745657950635082
Geo0,2021-07-05,-1.1679290027086413
Geo0,2021-07-12,-1.1602701247674
Geo0,2021-07-19,-0.6804185042567324
Geo0,2021-07-26,-0.7740577128310456
Geo0,2021-08-02,-0.5284205494005378
Geo0,2021-08-09,0.6356288646641199
Geo0,2021-08-16,-0.36013870004125687
Geo0,2021-08-23,0.4711552001498984
Geo0,2021-08-30,-1.0615925333196397
Geo0,2021-09-06,-0.0463217671580155
Geo0,2021-09-13,-1.1552469894188118
Geo0,2021-09-20,0.6414550363219432
Geo0,2021-09-27,-0.285018650012033
Geo0,2021-10-04,-1.8226637267500736
Geo0,2021-10-11,-1.4639508034544868
Geo0,2021-10-18,0.11535767291426252
Geo0,2021-10-25,-0.033439456837084526
Geo0,2021-11-01,-0.3234808780032383
Geo0,2021-11-08,-1.410355984598593
Geo0,2021-11-15,-0.04224859881275639
Geo0,2021-11-22,1.4377237547505013
Geo0,2021-11-29,-0.5864914408949314
Geo0,2021-12-06,-0.743622036050974
Geo0,2021-12-13,0.04073166579277734
Geo0,2021-12-20,0.20323516527674654
Geo0,2021-12-27,-0.7581552374725353
Geo0,2022-01-03,0.3934806121490508
Geo0,2022-01-10,-0.8117467064934223
Geo0,2022-01-17,0.06006945470661635
Geo0,2022-01-24,0.9264252693338925
Geo0,2022-01-31,-1.9546029850966389
Geo0,2022-02-07,-1.241288541174423
Geo0,2022-02-14,-0.786290386183746
Geo0,2022-02-21,-1.904078232268772
Geo0,2022-02-28,1.6081631288773148
Geo0,2022-03-07,-0.9805117406745574
Geo0,2022-03-14,-0.17599919380562623
Geo0,2022-03-21,-0.22723053079684047
Geo0,2022-03-28,0.1285964518845456
Geo0,2022-04-04,1.2006855022710952
Geo0,2022-04-11,-1.6451199301314328
Geo0,2022-04-18,-0.10564272466773432
Geo0,2022-04-25,-0.5851242461659181
Geo0,2022-05-02,-1.4583091037451457
Geo0,2022-05-09,1.1420072510364894
Geo0,2022-05-16,-0.281053138433202
Geo0,2022-05-23,0.6647585678377173
Geo0,2022-05-30,0.17169207924802227
Geo0,2022-06-06,0.15022968635895953
Geo0,2022-06-13,-0.21559701586416363
Geo0,2022-06-20,-1.2510797623648695
Geo0,2022-06-27,0.9335462099776499
Geo0,2022-07-04,0.43474457283307716
Geo0,2022-07-11,0.29117953882781655
Geo0,2022-07-18,-0.506653552548953
Geo0,2022-07-25,-0.28162549817317023
Geo0,2022-08-01,-2.307634010662802
Geo0,2022-08-08,-1.153320949801409
Geo0,2022-08-15,-0.351604706582357
Geo0,2022-08-22,0.22966582552721682
Geo0,2022-08-29,-0.12763069511822095
Geo0,2022-09-05,-1.7812917627649634
Geo0,2022-09-12,0.15323298670995297
Geo0,2022-09-19,-0.7244286365770866
Geo0,2022-09-26,0.3821833513441328
Geo0,2022-10-03,-0.5176023150016036
Geo0,2022-10-10,0.24097509953353816
Geo0,2022-10-17,-0.9964940345154729
Geo0,2022-10-24,-1.0354448763714748
Geo0,2022-10-31,1.0737064254773
Geo0,2022-11-07,-0.670525170854352
Geo0,2022-11-14,1.323579859564436
Geo0,2022-11-21,-0.30958761057954304
Geo0,2022-11-28,-1.8007879180165414
Geo0,2022-12-05,0.21017648545720438
Geo0,2022-12-12,-1.758070590985738
Geo0,2022-12-19,-1.3695059018052438
Geo0,2022-12-26,-0.6566419529356772
Geo0,2023-01-02,-0.6530928605016665
Geo0,2023-01-09,-1.1957613956421613
Geo0,2023-01-16,-1.5579232628562083
Geo0,2023-01-23,0.7093319344854345
Geo0,2023-01-30,0.338140413743022
Geo0,2023-02-06,-1.9170347010060615
Geo0,2023-02-13,-0.4901679748761423
Geo0,2023-02-20,-1.7992305912729991
Geo0,2023-02-27,0.4761889625612672
Geo0,2023-03-06,-0.6838579762279315
Geo0,2023-03-13,-1.089381493909622
Geo0,2023-03-20,-1.1239721212137412
Geo0,2023-03-27,0.08373430635692518
Geo0,2023-04-03,0.28505476980817346
Geo0,2023-04-10,-0.34448053161514464
Geo0,2023-04-17,-1.3645705552361458
Geo0,2023-04-24,-0.15435602533774406
Geo0,2023-05-01,-1.4752925362069096
Geo0,2023-05-08,-0.23839472229389883
Geo0,2023-05-15,0.4074211237974987
Geo0,2023-05-22,-0.8760310798793656
Geo0,2023-05-29,1.6551266605582153
Geo0,2023-06-05,0.7428938159077864
Geo0,2023-06-12,-0.9718047109108195
Geo0,2023-06-19,0.0316508406468923
Geo0,2023-06-26,-0.9308217898327147
Geo0,2023-07-03,-0.06936401154325299
Geo0,2023-07-10,-1.3164432446692353
Geo0,2023-07-17,0.8267494270540825
Geo0,2023-07-24,-1.7928883140010128
Geo0,2023-07-31,-1.341904647487198
Geo0,2023-08-07,-1.8907908229351131
Geo0,2023-08-14,0.9979895272590921
Geo0,2023-08-21,-2.0632733653930186
Geo0,2023-08-28,0.6239598876849908
Geo0,2023-09-04,-0.8495244130277052
Geo0,2023-09-11,-0.019884984795291463
Geo0,2023-09-18,0.1399795377725706
Geo0,2023-09-25,-0.4308121328777309
Geo0,2023-10-02,-1.5131285760749331
Geo0,2023-10-09,0.08814026348338433
Geo0,2023-10-16,-1.2559356369862182
Geo0,2023-10-23,-0.17187970532803107
Geo0,2023-10-30,1.089201491592043
Geo0,2023-11-06,-0.6689871345399876
Geo0,2023-11-13,-0.9076745454467445
Geo0,2023-11-20,-1.068569893104309
Geo0,2023-11-27,-2.0091942065997506
Geo0,2023-12-04,-0.6533103687540095
Geo0,2023-12-11,0.03196734229926623
Geo0,2023-12-18,1.023269461428924
Geo0,2023-12-25,-0.2957557953014903
Geo0,2024-01-01,-0.6806718210901835
Geo0,2024-01-08,-0.6094925631676711
Geo0,2024-01-15,-0.4386836675861328
Geo1,2021-01-25,-1.3712204975800404
Geo1,2021-02-01,-1.5498412490159628
Geo1,2021-02-08,2.619364238976163
Geo1,2021-02-15,2.2294656170734273
Geo1,2021-02-22,-0.607373563957477
Geo1,2021-03-01,0.1266176264219308
Geo1,2021-03-08,1.1181382650777512
Geo1,2021-03-15,0.692313659834066
Geo1,2021-03-22,-2.5207769861893135
Geo1,2021-03-29,-1.53851130874779
Geo1,2021-04-05,-1.0293894453215513
Geo1,2021-04-12,-0.11950081969279784
Geo1,2021-04-19,0.15579279739344581
Geo1,2021-04-26,0.3931356219702238
Geo1,2021-05-03,-0.1728823677928442
Geo1,2021-05-10,0.549696477294091
Geo1,2021-05-17,1.3154663001605806
Geo1,2021-05-24,1.9813968660451344
Geo1,2021-05-31,-1.7596999832924805
Geo1,2021-06-07,0.24828212666628538
Geo1,2021-06-14,-1.293330209908513
Geo1,2021-06-21,0.9214284651964059
Geo1,2021-06-28,-2.4867781585077386
Geo1,2021-07-05,-0.5398480585705657
Geo1,2021-07-12,-1.115499930445862
Geo1,2021-07-19,1.4476291846992266
Geo1,2021-07-26,-1.2356959146914959
Geo1,2021-08-02,-2.541740966585102
Geo1,2021-08-09,0.7124436350174751
Geo1,2021-08-16,-1.6472529946157128
Geo1,2021-08-23,-0.663179305116583
Geo1,2021-08-30,-1.7480107950420523
Geo1,2021-09-06,-0.3779278743748412
Geo1,2021-09-13,-0.8013042682206484
Geo1,2021-09-20,1.0815422964960877
Geo1,2021-09-27,-0.20846964515184305
Geo1,2021-10-04,-1.286195815187231
Geo1,2021-10-11,-0.14905807186998388
Geo1,2021-10-18,0.1486539782413292
Geo1,2021-10-25,-2.4109050952661533
Geo1,2021-11-01,0.11575501666069485
Geo1,2021-11-08,1.4536325842883364
Geo1,2021-11-15,-0.7588149577668931
Geo1,2021-11-22,-2.081196272426059
Geo1,2021-11-29,-1.0223975804793084
Geo1,2021-12-06,0.7940491014595322
Geo1,2021-12-13,-0.20343804019254244
Geo1,2021-12-20,-0.1975296078509963
Geo1,2021-12-27,1.3055642659366795
Geo1,2022-01-03,-0.552389976856728
Geo1,2022-01-10,0.6468008829662023
Geo1,2022-01-17,-1.7640090628949026
Geo1,2022-01-24,-1.7121584468714262
Geo1,2022-01-31,-2.38161986657762
Geo1,2022-02-07,-1.0946521703671832
Geo1,2022-02-14,1.3672341161212895
Geo1,2022-02-21,-1.4274652054841237
Geo1,2022-02-28,0.5746332805488488
Geo1,2022-03-07,0.7425001368097643
Geo1,2022-03-14,-0.9875504471928338
Geo1,2022-03-21,0.9678024259232064
Geo1,2022-03-28,0.3539624224272289
Geo1,2022-04-04,0.47363498070355503
Geo1,2022-04-11,0.25602906803512093
Geo1,2022-04-18,-2.6687374432378306
Geo1,2022-04-25,1.3608013097181135
Geo1,2022-05-02,-0.03507288240884589
Geo1,2022-05-09,-0.8982234008515481
Geo1,2022-05-16,-0.872090658140577
Geo1,2022-05-23,-1.3226732722286738
Geo1,2022-05-30,-1.383028039355302
Geo1,2022-06-06,0.9016295322486799
Geo1,2022-06-13,-0.4359659779132365
Geo1,2022-06-20,1.301196720641082
Geo1,2022-06-27,2.320612842657115
Geo1,2022-07-04,0.9858327716523732
Geo1,2022-07-11,-0.18772554316701084
Geo1,2022-07-18,2.2721815215920844
Geo1,2022-07-25,0.5918743394201463
Geo1,2022-08-01,0.057771902476961665
Geo1,2022-08-08,-0.8939305178262894
Geo1,2022-08-15,-1.4875967758766697
Geo1,2022-08-22,-0.315772363898407
Geo1,2022-08-29,0.6898620511053686
Geo1,2022-09-05,0.49904424996532576
Geo1,2022-09-12,0.3175987364643978
Geo1,2022-09-19,-2.4407871480712378
Geo1,2022-09-26,-1.1592570773568978
Geo1,2022-10-03,0.2855113419111945
Geo1,2022-10-10,-2.3699986249435847
Geo1,2022-10-17,-2.3360864370986807
Geo1,2022-10-24,-2.3364580418841965
Geo1,2022-10-31,0.6588874799148371
Geo1,2022-11-07,-2.51399586646866
Geo1,2022-11-14,-2.350373398310745
Geo1,2022-11-21,-0.2927864976187611
Geo1,2022-11-28,-2.3728912862203675
Geo1,2022-12-05,-1.107461845726551
Geo1,2022-12-12,0.3762738000276324
Geo1,2022-12-19,0.6086358215920176
Geo1,2022-12-26,-0.6189795571066705
Geo1,2023-01-02,-1.2355487233585418
Geo1,2023-01-09,-0.06032547941444511
Geo1,2023-01-16,1.5482403468464663
Geo1,2023-01-23,-0.5397084519761857
Geo1,2023-01-30,-0.4812119458002168
Geo1,2023-02-06,-0.6768642277043266
Geo1,2023-02-13,-0.3904449052375572
Geo1,2023-02-20,-2.653873062198734
Geo1,2023-02-27,-0.622967549442788
Geo1,2023-03-06,-1.075357859557717
Geo1,2023-03-13,2.4186538845354364
Geo1,2023-03-20,-0.8855726889714631
Geo1,2023-03-27,0.3764254947991148
Geo1,2023-04-03,-0.8670797531969683
Geo1,2023-04-10,0.3931277212008758
Geo1,2023-04-17,-0.3795941466303433
Geo1,2023-04-24,1.0736277008016866
Geo1,2023-05-01,-1.0340461587752874
Geo1,2023-05-08,-0.2001799999364902
Geo1,2023-05-15,-1.694684078281281
Geo1,2023-05-22,-0.5088406991872397
Geo1,2023-05-29,-2.227333721756748
Geo1,2023-06-05,-1.6716728505320284
Geo1,2023-06-12,0.5498612083349976
Geo1,2023-06-19,2.4611260503197063
Geo1,2023-06-26,-0.3868251677607517
Geo1,2023-07-03,0.47626672697338784
Geo1,2023-07-10,0.8446855272496014
Geo1,2023-07-17,0.4593634259917192
Geo1,2023-07-24,-0.08538632474796722
Geo1,2023-07-31,-1.606240574976187
Geo1,2023-08-07,0.5595969313641225
Geo1,2023-08-14,-1.1359321100568336
Geo1,2023-08-21,-2.590830579752211
Geo1,2023-08-28,-2.1542215033561423
Geo1,2023-09-04,0.15456454379059947
Geo1,2023-09-11,-2.532773830398155
Geo1,2023-09-18,-0.4507364662094012
Geo1,2023-09-25,-2.3637811935128368
Geo1,2023-10-02,-0.6858080566216974
Geo1,2023-10-09,2.051999326054641
Geo1,2023-10-16,-2.2615267503488976
Geo1,2023-10-23,-0.3721615768738659
Geo1,2023-10-30,1.6214694176257292
Geo1,2023-11-06,0.43011359274986516
Geo1,2023-11-13,-2.363755081470141
Geo1,2023-11-20,-2.466441736221265
Geo1,2023-11-27,-0.2955321729825928
Geo1,2023-12-04,-1.9657299257352436
Geo1,2023-12-11,-0.3398674981945181
Geo1,2023-12-18,-0.14909496846283937
Geo1,2023-12-25,-0.6734528335152291
Geo1,2024-01-01,-0.5166664112264754
Geo1,2024-01-08,1.4056693838071772
Geo1,2024-01-15,-2.585447390556923
Geo2,2021-01-25,-1.4518383403740178
Geo2,2021-02-01,-0.5390790758570534
Geo2,2021-02-08,0.2126700758550052
Geo2,2021-02-15,-1.0550615430042722
Geo2,2021-02-22,-1.863772412851619
Geo2,2021-03-01,-0.5117258528123497
Geo2,2021-03-08,1.171115405925185
Geo2,2021-03-15,-0.30028136085904145
Geo2,2021-03-22,-0.018275584351323357
Geo2,2021-03-29,0.4084032048397975
Geo2,2021-04-05,0.6625232536857659
Geo2,2021-04-12,-0.9922704030629104
Geo2,2021-04-19,-0.7314068289702452
Geo2,2021-04-26,-0.4426771644292829
Geo2,2021-05-03,-0.5393830103859852
Geo2,2021-05-10,0.07437385018868581
Geo2,2021-05-17,-1.461467828350904
Geo2,2021-05-24,-1.7588423780627165
Geo2,2021-05-31,-0.47481638328958264
Geo2,2021-06-07,-0.7829495607518013
Geo2,2021-06-14,0.07706680210917528
Geo2,2021-06-21,-1.2500013993303156
Geo2,2021-06-28,0.26321909387113035
Geo2,2021-07-05,-0.35916734900084435
Geo2,2021-07-12,-0.7464091293124755
Geo2,2021-07-19,-1.0489950593421054
Geo2,2021-07-26,-2.1609395334393495
Geo2,2021-08-02,0.2595690489346214
Geo2,2021-08-09,-0.6037849325659527
Geo2,2021-08-16,-0.11394508079086452
Geo2,2021-08-23,0.6441948339730771
Geo2,2021-08-30,0.28557685749007783
Geo2,2021-09-06,-1.4326453525339193
Geo2,2021-09-13,-0.40331852749177033
Geo2,2021-09-20,0.5930591763190367
Geo2,2021-09-27,0.20887567086284525
Geo2,2021-10-04,0.5054414681305295
Geo2,2021-10-11,-1.3032937891393084
Geo2,2021-10-18,0.3998219194728771
Geo2,2021-10-25,0.09797176575630176
Geo2,2021-11-01,-1.0533106465940052
Geo2,2021-11-08,-0.8032151650348068
Geo2,2021-11-15,0.2709115741895329
Geo2,2021-11-22,0.27559796864320296
Geo2,2021-11-29,0.3250841003672312
Geo2,2021-12-06,0.1482026962968626
Geo2,2021-12-13,0.5503211695493608
Geo2,2021-12-20,-0.5123912182159077
Geo2,2021-12-27,0.3364418400397725
Geo2,2022-01-03,1.1765508450793773
Geo2,2022-01-10,-0.3412872238727383
Geo2,2022-01-17,0.009357690124869972
Geo2,2022-01-24,-0.9475377153772235
Geo2,2022-01-31,-0.26958733476174784
Geo2,2022-02-07,0.4875454209374619
Geo2,2022-02-14,0.22177678936565529
Geo2,2022-02-21,-0.5342242613384571
Geo2,2022-02-28,2.122187404623524
Geo2,2022-03-07,-0.9864753021524207
Geo2,2022-03-14,0.8812071547534054
Geo2,2022-03-21,0.22308169104516723
Geo2,2022-03-28,-2.0841524561172413
Geo2,2022-04-04,-0.3921898886428419
Geo2,2022-04-11,-0.6827949955244367
Geo2,2022-04-18,-1.2565022015422658
Geo2,2022-04-25,0.17266217249072896
Geo2,2022-05-02,0.2722614114746028
Geo2,2022-05-09,-1.5610308004090323
Geo2,2022-05-16,-1.6022213593762828
Geo2,2022-05-23,-0.20462336368863915
Geo2,2022-05-30,1.0871930321024104
Geo2,2022-06-06,-1.4907502749334436
Geo2,2022-06-13,-0.02133651288425654
Geo2,2022-06-20,-1.1764899330503715
Geo2,2022-06-27,-0.3171543269224157
Geo2,2022-07-04,0.14362775629792307
Geo2,2022-07-11,0.38319751453473516
Geo2,2022-07-18,-0.6560034675492084
Geo2,2022-07-25,-1.334524035002139
Geo2,2022-08-01,0.8933804579756416
Geo2,2022-08-08,0.06817556721100422
Geo2,2022-08-15,0.522115408381885
Geo2,2022-08-22,0.38726436374956974
Geo2,2022-08-29,-0.25525093055857445
Geo2,2022-09-05,-0.10538679396222184
Geo2,2022-09-12,0.318630002879168
Geo2,2022-09-19,-0.13495955286255956
Geo2,2022-09-26,-0.1972164190685463
Geo2,2022-10-03,-0.5470843362960331
Geo2,2022-10-10,-1.3230626249955149
Geo2,2022-10-17,1.0127867457716297
Geo2,2022-10-24,-0.46182539357565655
Geo2,2022-10-31,0.40059077829868495
Geo2,2022-11-07,0.4921157612287459
Geo2,2022-11-14,-1.0994494295276258
Geo2,2022-11-21,0.8404632981642417
Geo2,2022-11-28,0.549276682087886
Geo2,2022-12-05,-0.6381277652169249
Geo2,2022-12-12,1.19086831971643
Geo2,2022-12-19,-0.6182531360846408
Geo2,2022-12-26,-0.54553034275579
Geo2,2023-01-02,0.7362891191814284
Geo2,2023-01-09,-0.5869954688877099
Geo2,2023-01-16,0.512674685330709
Geo2,2023-01-23,-0.8578412931520751
Geo2,2023-01-30,1.4542744706716146
Geo2,2023-02-06,0.5003626832314747
Geo2,2023-02-13,-0.882715981417771
Geo2,2023-02-20,-0.3499996009078418
Geo2,2023-02-27,-0.32279781439210525
Geo2,2023-03-06,-0.30354361505782124
Geo2,2023-03-13,-0.6633644150927457
Geo2,2023-03-20,0.16290583872964937
Geo2,2023-03-27,-1.2223693632369526
Geo2,2023-04-03,0.023104801012634724
Geo2,2023-04-10,-0.05566660788325953
Geo2,2023-04-17,0.12785925080737862
Geo2,2023-04-24,-1.7769588573995845
Geo2,2023-05-01,-1.3383304699989365
Geo2,2023-05-08,0.33184142473689454
Geo2,2023-05-15,-0.5150399421781707
Geo2,2023-05-22,0.036305961984052705
Geo2,2023-05-29,-2.01401487540264
Geo2,2023-06-05,0.7215035358345074
Geo2,2023-06-12,-1.0970674886093845
Geo2,2023-06-19,-0.6726538785267874
Geo2,2023-06-26,0.899685949524064
Geo2,2023-07-03,-0.7096801098592721
Geo2,2023-07-10,-0.9664515363449971
Geo2,2023-07-17,-0.42103642446910194
Geo2,2023-07-24,-1.291887044889052
Geo2,2023-07-31,0.43552555794255937
Geo2,2023-08-07,-0.19830442684091593
Geo2,2023-08-14,-0.0345935779948727
Geo2,2023-08-21,-0.6758558057905463
Geo2,2023-08-28,0.8507528441896988
Geo2,2023-09-04,0.3486239888536541
Geo2,2023-09-11,-0.012825992250498384
Geo2,2023-09-18,1.2772066015293637
Geo2,2023-09-25,-1.093094225754157
Geo2,2023-10-02,-0.7784009806159647
Geo2,2023-10-09,-0.35163851212787955
Geo2,2023-10-16,-1.2403061001515885
Geo2,2023-10-23,0.42343575710545456
Geo2,2023-10-30,1.4043036005254252
Geo2,2023-11-06,0.7788806429534583
Geo2,2023-11-13,-0.7204204272349728
Geo2,2023-11-20,0.29832477034559163
Geo2,2023-11-27,0.48237499570896203
Geo2,2023-12-04,-0.25253869524829825
Geo2,2023-12-11,-1.2041368297376984
Geo2,2023-12-18,-2.2830493878658014
Geo2,2023-12-25,0.9069035984829479
Geo2,2024-01-01,-0.30107021072196766
Geo2,2024-01-08,-1.8296587694801763
Geo2,2024-01-15,-0.032646132538247545
Geo3,2021-01-25,-1.108807518911557
Geo3,2021-02-01,-0.30265298275128044
Geo3,2021-02-08,0.8654345931935741
Geo3,2021-02-15,-0.10544895859580874
Geo3,2021-02-22,-0.5446835053034768
Geo3,2021-03-01,-0.9961940070765192
Geo3,2021-03-08,0.23957881344450851
Geo3,2021-03-15,-0.9863731053126334
Geo3,2021-03-22,-0.49824612562815646
Geo3,2021-03-29,-0.10186845735678433
Geo3,2021-04-05,0.32413269448303555
Geo3,2021-04-12,-0.29861114769876634
Geo3,2021-04-19,-0.24582615902879312
Geo3,2021-04-26,0.510084993494873
Geo3,2021-05-03,-1.2263271437135748
Geo3,2021-05-10,1.1083261574379626
Geo3,2021-05-17,1.0694216015232052
Geo3,2021-05-24,-0.2911203259719689
Geo3,2021-05-31,-1.0001139673753203
Geo3,2021-06-07,0.02132419623529556
Geo3,2021-06-14,0.5372255371656435
Geo3,2021-06-21,-0.7538662340656906
Geo3,2021-06-28,0.6219498362919893
Geo3,2021-07-05,0.5705617250957873
Geo3,2021-07-12,-1.33336374944566
Geo3,2021-07-19,-1.5299104073448053
Geo3,2021-07-26,0.06594516008974155
Geo3,2021-08-02,0.6006083275125773
Geo3,2021-08-09,0.2407713957802759
Geo3,2021-08-16,0.6684736299875976
Geo3,2021-08-23,-0.5744601930114789
Geo3,2021-08-30,0.0425183536175631
Geo3,2021-09-06,-0.6134433822419089
Geo3,2021-09-13,0.6931604974727406
Geo3,2021-09-20,0.6239232433210363
Geo3,2021-09-27,-0.41724541007880966
Geo3,2021-10-04,0.007945859923059982
Geo3,2021-10-11,-0.6882485223876751
Geo3,2021-10-18,-0.18164319551073055
Geo3,2021-10-25,-0.7456482951641991
Geo3,2021-11-01,-0.7608319615146267
Geo3,2021-11-08,-0.39411289326616206
Geo3,2021-11-15,-0.7183340283275431
Geo3,2021-11-22,1.5697164326779556
Geo3,2021-11-29,-0.04097377109200705
Geo3,2021-12-06,-0.9348682835471978
Geo3,2021-12-13,0.3451233829968162
Geo3,2021-12-20,-0.3176430266116286
Geo3,2021-12-27,0.4467369753234334
Geo3,2022-01-03,-0.8627451453968399
Geo3,2022-01-10,-0.061808156955545694
Geo3,2022-01-17,-0.7732528580243887
Geo3,2022-01-24,-0.3429408515485763
Geo3,2022-01-31,-0.6934741950902379
Geo3,2022-02-07,-1.2423892722718384
Geo3,2022-02-14,-1.149423623274361
Geo3,2022-02-21,0.28565607732213466
Geo3,2022-02-28,0.5608506483218294
Geo3,2022-03-07,0.021162385121608878
Geo3,2022-03-14,-0.9485380864314484
Geo3,2022-03-21,-1.541282492414705
Geo3,2022-03-28,-1.123079259138722
Geo3,2022-04-04,0.29998118078891994
Geo3,2022-04-11,0.2174929735421378
Geo3,2022-04-18,-1.0949583466863897
Geo3,2022-04-25,0.08895366761909165
Geo3,2022-05-02,-0.976365053503216
Geo3,2022-05-09,-1.7376298127929473
Geo3,2022-05-16,-1.3774275322226792
Geo3,2022-05-23,1.2777864611754746
Geo3,2022-05-30,-0.5586994462594309
Geo3,2022-06-06,0.5103376942553964
Geo3,2022-06-13,0.5534620774477234
Geo3,2022-06-20,1.2414068471921598
Geo3,2022-06-27,0.44518531002686773
Geo3,2022-07-04,-0.6994649245094706
Geo3,2022-07-11,0.9880974014580715
Geo3,2022-07-18,-0.5037512839947428
Geo3,2022-07-25,-1.115296282281979
Geo3,2022-08-01,-0.6650704918958156
Geo3,2022-08-08,-1.1973009841499065
Geo3,2022-08-15,-0.35512522840918337
Geo3,2022-08-22,0.0784249283025681
Geo3,2022-08-29,0.10943895461182541
Geo3,2022-09-05,0.8763795657791341
Geo3,2022-09-12,-2.0515778700974296
Geo3,2022-09-19,0.6509202226632805
Geo3,2022-09-26,1.042123722365297
Geo3,2022-10-03,-0.6326526336776885
Geo3,2022-10-10,2.406467178195212
Geo3,2022-10-17,-0.3175840171969776
Geo3,2022-10-24,-1.1879306746957938
Geo3,2022-10-31,-0.6853315844263521
Geo3,2022-11-07,0.5032644829134968
Geo3,2022-11-14,1.0346067354371375
Geo3,2022-11-21,0.9110295222408277
Geo3,2022-11-28,1.109108014968138
Geo3,2022-12-05,-0.7696739404686044
Geo3,2022-12-12,-0.47476457880049683
Geo3,2022-12-19,-0.22606137905462023
Geo3,2022-12-26,0.04395812825040926
Geo3,2023-01-02,-0.23781458093909696
Geo3,2023-01-09,-1.425872058265645
Geo3,2023-01-16,0.5375963256112616
Geo3,2023-01-23,0.3530920639274373
Geo3,2023-01-30,1.384144217643799
Geo3,2023-02-06,1.3347160865969976
Geo3,2023-02-13,0.05892909905608013
Geo3,2023-02-20,0.6614252067311989
Geo3,2023-02-27,-0.3479375098834281
Geo3,2023-03-06,0.3665950292251081
Geo3,2023-03-13,0.5275853818585354
Geo3,2023-03-20,-1.1993062025553465
Geo3,2023-03-27,0.7301656663359885
Geo3,2023-04-03,-0.6201017374306331
Geo3,2023-04-10,0.050724587034234846
Geo3,2023-04-17,-0.19831924231990056
Geo3,2023-04-24,-0.696159020173162
Geo3,2023-05-01,0.8214818748107575
Geo3,2023-05-08,-2.154604452153394
Geo3,2023-05-15,-2.5870029957262473
Geo3,2023-05-22,-1.9697415206435291
Geo3,2023-05-29,0.62140002278442
Geo3,2023-06-05,-1.54939783618454
Geo3,2023-06-12,-0.007311895260698125
Geo3,2023-06-19,-0.3788753128297699
Geo3,2023-06-26,0.15742214684130143
Geo3,2023-07-03,-1.0192040982891095
Geo3,2023-07-10,-1.0790736595068369
Geo3,2023-07-17,-0.6023323294834922
Geo3,2023-07-24,-1.0623513416047317
Geo3,2023-07-31,0.19269559250913665
Geo3,2023-08-07,1.11424224717752
Geo3,2023-08-14,-0.1495538482812838
Geo3,2023-08-21,-1.3997356386250415
Geo3,2023-08-28,-0.31827897871631344
Geo3,2023-09-04,-0.5475572018267592
Geo3,2023-09-11,-1.0601887188563612
Geo3,2023-09-18,-0.29797271678553094
Geo3,2023-09-25,1.447331801817413
Geo3,2023-10-02,-0.48285492791745177
Geo3,2023-10-09,1.928368356211726
Geo3,2023-10-16,-1.20892329117178
Geo3,2023-10-23,0.656621138049531
Geo3,2023-10-30,1.297944683151182
Geo3,2023-11-06,0.8840597409368416
Geo3,2023-11-13,0.02791920409440631
Geo3,2023-11-20,-0.9435089970180666
Geo3,2023-11-27,-0.845511710942864
Geo3,2023-12-04,-0.7686479891520378
Geo3,2023-12-11,-0.3644290231672022
Geo3,2023-12-18,-1.7692322118538866
Geo3,2023-12-25,-0.6946089385598365
Geo3,2024-01-01,0.7812418607896372
Geo3,2024-01-08,-0.4610987695522434
Geo3,2024-01-15,-0.7901743757358111
Geo4,2021-01-25,-0.37477712600608354
Geo4,2021-02-01,-0.46401918054248514
Geo4,2021-02-08,0.3079358292207286
Geo4,2021-02-15,-0.025460109281436494
Geo4,2021-02-22,-1.2642426086006997
Geo4,2021-03-01,1.70238434381847
Geo4,2021-03-08,0.28037089716850616
Geo4,2021-03-15,-0.7993998801314662
Geo4,2021-03-22,0.9240575383684236
Geo4,2021-03-29,-1.38999468794622
Geo4,2021-04-05,-1.4747285895603675
Geo4,2021-04-12,0.4442243147736813
Geo4,2021-04-19,2.0558811575817444
Geo4,2021-04-26,0.02810858076978835
Geo4,2021-05-03,0.1340819726751201
Geo4,2021-05-10,0.25198846316893014
Geo4,2021-05-17,0.02221551085892807
Geo4,2021-05-24,0.701748175572057
Geo4,2021-05-31,0.2112946694626233
Geo4,2021-06-07,0.24396484159819062
Geo4,2021-06-14,0.8012191677355203
Geo4,2021-06-21,0.023672014757128244
Geo4,2021-06-28,-0.12328394833577046
Geo4,2021-07-05,0.3424050196456994
Geo4,2021-07-12,-0.20111111500653744
Geo4,2021-07-19,-0.8121362287042262
Geo4,2021-07-26,-0.0739200546682332
Geo4,2021-08-02,-0.6362251830627479
Geo4,2021-08-09,-0.13334700245822467
Geo4,2021-08-16,1.6730491310417268
Geo4,2021-08-23,0.46223388968304346
Geo4,2021-08-30,0.002920689246967356
Geo4,2021-09-06,-0.6145551900312968
Geo4,2021-09-13,-0.37112441796237783
Geo4,2021-09-20,1.2343213726112041
Geo4,2021-09-27,-0.8655350633922827
Geo4,2021-10-04,-0.5276992879351131
Geo4,2021-10-11,1.222831486710388
Geo4,2021-10-18,-0.6088754322890372
Geo4,2021-10-25,0.4260937149975774
Geo4,2021-11-01,-1.1631476870187525
Geo4,2021-11-08,0.15984952190911123
Geo4,2021-11-15,-0.06746391539666353
Geo4,2021-11-22,-1.1378235841111626
Geo4,2021-11-29,1.4593734205633249
Geo4,2021-12-06,-0.17814582880671584
Geo4,2021-12-13,-0.5777591914057845
Geo4,2021-12-20,-0.6397657445117895
Geo4,2021-12-27,1.007711421548208
Geo4,2022-01-03,-0.05640649480152082
Geo4,2022-01-10,1.9286377621659299
Geo4,2022-01-17,-0.6386012890371938
Geo4,2022-01-24,0.5149860123418702
Geo4,2022-01-31,0.4341222429818335
Geo4,2022-02-07,1.3978124165323709
Geo4,2022-02-14,2.2846102120064145
Geo4,2022-02-21,-0.2623284364525937
Geo4,2022-02-28,0.2134149410179917
Geo4,2022-03-07,0.3703341944918413
Geo4,2022-03-14,1.0209148139599962
Geo4,2022-03-21,-0.08317915789018908
Geo4,2022-03-28,0.0517341300456949
Geo4,2022-04-04,-1.294557001332104
Geo4,2022-04-11,0.42931652776173734
Geo4,2022-04-18,0.3517276726046316
Geo4,2022-04-25,1.3577812222895378
Geo4,2022-05-02,2.5929530685380944
Geo4,2022-05-09,1.116061853982941
Geo4,2022-05-16,0.738783887543664
Geo4,2022-05-23,-0.32766036972912854
Geo4,2022-05-30,0.026754877916696944
Geo4,2022-06-06,1.2030581729611938
Geo4,2022-06-13,-0.10025861698005577
Geo4,2022-06-20,-0.20519091466492234
Geo4,2022-06-27,-0.22724968255787567
Geo4,2022-07-04,-0.027182260425747288
Geo4,2022-07-11,1.842386750764716
Geo4,2022-07-18,0.724668603134013
Geo4,2022-07-25,-0.5339673480218815
Geo4,2022-08-01,0.9800756969581037
Geo4,2022-08-08,0.23671339605946123
Geo4,2022-08-15,1.0044577684705154
Geo4,2022-08-22,-0.8594543815740989
Geo4,2022-08-29,0.9875021379122568
Geo4,2022-09-05,-1.4761997659713697
Geo4,2022-09-12,-0.7646979855225674
Geo4,2022-09-19,-0.6449314970285053
Geo4,2022-09-26,-1.4675579362975444
Geo4,2022-10-03,-0.16568353847466624
Geo4,2022-10-10,0.5456431531032166
Geo4,2022-10-17,-0.19358888216944203
Geo4,2022-10-24,-0.5106016050236135
Geo4,2022-10-31,-0.5178030518722218
Geo4,2022-11-07,0.05170983161685101
Geo4,2022-11-14,1.4898702851497971
Geo4,2022-11-21,1.3611811332177715
Geo4,2022-11-28,0.45773447484962365
Geo4,2022-12-05,-1.9044276125654733
Geo4,2022-12-12,0.826295146302416
Geo4,2022-12-19,-0.22482217606087537
Geo4,2022-12-26,1.3006663634595381
Geo4,2023-01-02,0.24915302343383916
Geo4,2023-01-09,-0.6142542633356147
Geo4,2023-01-16,0.1363113535215471
Geo4,2023-01-23,1.1188066418873452
Geo4,2023-01-30,1.4922548021188429
Geo4,2023-02-06,-0.09279619566011457
Geo4,2023-02-13,0.6673654314804733
Geo4,2023-02-20,0.28874240682144336
Geo4,2023-02-27,0.11092627090310839
Geo4,2023-03-06,0.23247191839376893
Geo4,2023-03-13,0.14989978257501552
Geo4,2023-03-20,1.2369241081623672
Geo4,2023-03-27,-1.2051760252015624
Geo4,2023-04-03,0.2585761410504913
Geo4,2023-04-10,-0.9427629466978134
Geo4,2023-04-17,0.736931599621795
Geo4,2023-04-24,1.9664867705875904
Geo4,2023-05-01,1.076861479095578
Geo4,2023-05-08,0.5254457850429488
Geo4,2023-05-15,2.656185991384499
Geo4,2023-05-22,1.5290599126551716
Geo4,2023-05-29,0.8364577305276346
Geo4,2023-06-05,-0.26067100323895365
Geo4,2023-06-12,-0.30004941084534603
Geo4,2023-06-19,1.7376441677358228
Geo4,2023-06-26,-0.6510930178503427
Geo4,2023-07-03,0.4506902668722841
Geo4,2023-07-10,0.48509263661793417
Geo4,2023-07-17,0.013561064693202883
Geo4,2023-07-24,0.00013594911821408962
Geo4,2023-07-31,-1.979267334137632
Geo4,2023-08-07,1.2420319182718398
Geo4,2023-08-14,1.5087034366137242
Geo4,2023-08-21,-0.740993699991657
Geo4,2023-08-28,2.286639598092357
Geo4,2023-09-04,0.8932335795475143
Geo4,2023-09-11,0.6370545433301522
Geo4,2023-09-18,1.6897697210286684
Geo4,2023-09-25,-0.11490566315940563
Geo4,2023-10-02,-0.4093355664293079
Geo4,2023-10-09,-0.2527146696250126
Geo4,2023-10-16,0.31655242591075466
Geo4,2023-10-23,1.5088828711651865
Geo4,2023-10-30,2.206547771125592
Geo4,2023-11-06,1.2150854279614423
Geo4,2023-11-13,-0.33262776295653207
Geo4,2023-11-20,-1.0516077587040242
Geo4,2023-11-27,1.65924481979353
Geo4,2023-12-04,-0.6443705304164458
Geo4,2023-12-11,1.2659630670182063
Geo4,2023-12-18,-0.24022480992177472
Geo4,2023-12-25,2.021368510351341
Geo4,2024-01-01,0.9104069614104121
Geo4,2024-01-08,0.20077625343808497
Geo4,2024-01-15,0.3757074182086857
Geo5,2021-01-25,-0.4834762022232993
Geo5,2021-02-01,-0.5324251214739615
Geo5,2021-02-08,0.5895174802074588
Geo5,2021-02-15,1.1859388316992652
Geo5,2021-02-22,-0.39058236150525044
Geo5,2021-03-01,-0.25064275751588894
Geo5,2021-03-08,-0.6618062901406119
Geo5,2021-03-15,-0.5769658460418988
Geo5,2021-03-22,-0.33514928998682075
Geo5,2021-03-29,-0.7650803864472195
Geo5,2021-04-05,-0.256923710060588
Geo5,2021-04-12,-0.1801581750950455
Geo5,2021-04-19,0.736196346818866
Geo5,2021-04-26,-0.0027896030134725684
Geo5,2021-05-03,-0.19485215737079434
Geo5,2021-05-10,0.6516114807377754
Geo5,2021-05-17,-1.4949375478001623
Geo5,2021-05-24,-0.011151657440001121
Geo5,2021-05-31,0.04080340178738008
Geo5,2021-06-07,0.12535670059273502
Geo5,2021-06-14,-0.3751256203150603
Geo5,2021-06-21,-0.5679848391792801
Geo5,2021-06-28,-1.0156551077813902
Geo5,2021-07-05,-0.5344246161022226
Geo5,2021-07-12,-0.023437874987974883
Geo5,2021-07-19,-0.15843076995372934
Geo5,2021-07-26,-0.12077475130789363
Geo5,2021-08-02,-0.5507783355866483
Geo5,2021-08-09,0.6535422288544346
Geo5,2021-08-16,-0.15600991065231581
Geo5,2021-08-23,1.034996746041845
Geo5,2021-08-30,-0.44186328402192215
Geo5,2021-09-06,0.1116850303874759
Geo5,2021-09-13,-0.8833218142542796
Geo5,2021-09-20,-1.9750506514509583
Geo5,2021-09-27,-0.6593463809499551
Geo5,2021-10-04,-0.37681739246281715
Geo5,2021-10-11,-1.4468700804207073
Geo5,2021-10-18,1.9087700528001486
Geo5,2021-10-25,-0.06839669058565517
Geo5,2021-11-01,-1.501621859979261
Geo5,2021-11-08,-0.7440851082712977
Geo5,2021-11-15,-2.331796737041919
Geo5,2021-11-22,-0.892771419787818
Geo5,2021-11-29,1.7668515313696722
Geo5,2021-12-06,-0.5346729453380094
Geo5,2021-12-13,-0.6196202505108792
Geo5,2021-12-20,-0.9830042560771906
Geo5,2021-12-27,-0.9735450634450952
Geo5,2022-01-03,0.06824892663861287
Geo5,2022-01-10,-0.5434159115584144
Geo5,2022-01-17,0.7981809141266326
Geo5,2022-01-24,-1.7817635206267668
Geo5,2022-01-31,-0.7711511243186868
Geo5,2022-02-07,0.51548450216226
Geo5,2022-02-14,-1.1080050560300982
Geo5,2022-02-21,-1.6943427440262575
Geo5,2022-02-28,1.66680758578167
Geo5,2022-03-07,-0.854969022515238
Geo5,2022-03-14,-1.0936724839867713
Geo5,2022-03-21,-0.5426779388012173
Geo5,2022-03-28,0.6814495712580958
Geo5,2022-04-04,-0.5500611738482697
Geo5,2022-04-11,0.6167191186246749
Geo5,2022-04-18,-0.6931432416791937
Geo5,2022-04-25,-1.1989718899382418
Geo5,2022-05-02,-0.49654388521948367
Geo5,2022-05-09,-1.9895587843137097
Geo5,2022-05-16,0.48774855837425957
Geo5,2022-05-23,0.7906707084816216
Geo5,2022-05-30,-1.0732008484573852
Geo5,2022-06-06,-0.24211327961212553
Geo5,2022-06-13,0.5074514488983982
Geo5,2022-06-20,-0.4148856563465928
Geo5,2022-06-27,0.6105705148063933
Geo5,2022-07-04,1.1437803842068421
Geo5,2022-07-11,-0.3202717498484611
Geo5,2022-07-18,-0.05867396965908553
Geo5,2022-07-25,0.7684031521777182
Geo5,2022-08-01,-0.9367899982319212
Geo5,2022-08-08,-2.5141238032633733
Geo5,2022-08-15,-0.6790752267896984
Geo5,2022-08-22,-0.0477341548791538
Geo5,2022-08-29,-0.0878199184299435
Geo5,2022-09-05,-0.3892909091801556
Geo5,2022-09-12,0.680347990250759
Geo5,2022-09-19,0.0735728061493425
Geo5,2022-09-26,-0.12369554272429048
Geo5,2022-10-03,-0.586101181808114
Geo5,2022-10-10,1.2474108399817543
Geo5,2022-10-17,-0.5334659062465483
Geo5,2022-10-24,-0.2901170512440961
Geo5,2022-10-31,-0.8372967262317518
Geo5,2022-11-07,-1.3593661532775938
Geo5,2022-11-14,0.2724875638263419
Geo5,2022-11-21,-0.3523055197699476
Geo5,2022-11-28,-0.8855366678525591
Geo5,2022-12-05,-0.056898018109366996
Geo5,2022-12-12,-0.35857618372107364
Geo5,2022-12-19,-1.2983626501333558
Geo5,2022-12-26,-1.2810042494865177
Geo5,2023-01-02,-1.465469051620788
Geo5,2023-01-09,-0.6371789046017172
Geo5,2023-01-16,0.6521043979025952
Geo5,2023-01-23,-1.071720693972893
Geo5,2023-01-30,0.29529363447112766
Geo5,2023-02-06,-0.05648530520808283
Geo5,2023-02-13,-1.3923182737081476
Geo5,2023-02-20,-0.04163091440526264
Geo5,2023-02-27,1.1881728594946586
Geo5,2023-03-06,-1.291870734654074
Geo5,2023-03-13,-0.2046777642330949
Geo5,2023-03-20,0.2178483508347449
Geo5,2023-03-27,0.40874057767312777
Geo5,2023-04-03,1.8504234386471576
Geo5,2023-04-10,0.6494978762535218
Geo5,2023-04-17,0.7452739261620686
Geo5,2023-04-24,-0.8891432875632713
Geo5,2023-05-01,-0.25187084145784044
Geo5,2023-05-08,0.5827994962675754
Geo5,2023-05-15,0.3364611033371245
Geo5,2023-05-22,0.7639294846268011
Geo5,2023-05-29,0.6639538178870571
Geo5,2023-06-05,0.11337446421851163
Geo5,2023-06-12,-1.028923652183922
Geo5,2023-06-19,-1.1253198236869195
Geo5,2023-06-26,-1.2484341632418667
Geo5,2023-07-03,-1.269652516832987
Geo5,2023-07-10,-2.257735371831725
Geo5,2023-07-17,0.22101957597197766
Geo5,2023-07-24,0.25626081493987485
Geo5,2023-07-31,-1.0856664148978716
Geo5,2023-08-07,-0.595078915027323
Geo5,2023-08-14,0.9373051470753269
Geo5,2023-08-21,-0.9972478785524447
Geo5,2023-08-28,-0.3414300086998477
Geo5,2023-09-04,0.0944595864294028
Geo5,2023-09-11,0.36449752082379355
Geo5,2023-09-18,-0.9116535611428307
Geo5,2023-09-25,0.7479363335807776
Geo5,2023-10-02,-0.6357537005601722
Geo5,2023-10-09,0.2957790690224398
Geo5,2023-10-16,0.5117322053198198
Geo5,2023-10-23,-0.8518141655950532
Geo5,2023-10-30,1.8117850931467636
Geo5,2023-11-06,-0.6239028775856778
Geo5,2023-11-13,0.8635876079558121
Geo5,2023-11-20,1.5868479101750277
Geo5,2023-11-27,-1.2736823718702284
Geo5,2023-12-04,0.3715409984512618
Geo5,2023-12-11,0.5027154222113673
Geo5,2023-12-18,0.6169798409390839
Geo5,2023-12-25,0.5324821940716924
Geo5,2024-01-01,-2.0225005226180213
Geo5,2024-01-08,0.7978070172829197
Geo5,2024-01-15,1.9065219951044283
Geo6,2021-01-25,-1.8169275633571802
Geo6,2021-02-01,-0.11083004424968779
Geo6,2021-02-08,0.2980031240782674
Geo6,2021-02-15,-0.08340739094021388
Geo6,2021-02-22,-0.43654088642623046
Geo6,2021-03-01,0.7588203700307256
Geo6,2021-03-08,0.3298332599642867
Geo6,2021-03-15,1.3734628397083093
Geo6,2021-03-22,-0.04721059051446945
Geo6,2021-03-29,-0.7441579438569622
Geo6,2021-04-05,-0.4182797188827857
Geo6,2021-04-12,-0.5086739297387924
Geo6,2021-04-19,2.3220700490009265
Geo6,2021-04-26,-0.19401056855607182
Geo6,2021-05-03,-0.6309382291175647
Geo6,2021-05-10,-0.3713284475049186
Geo6,2021-05-17,0.9395869403908718
Geo6,2021-05-24,1.604427662523723
Geo6,2021-05-31,0.9988379987862169
Geo6,2021-06-07,-0.7687854991609745
Geo6,2021-06-14,-0.3854286993762159
Geo6,2021-06-21,1.283620609866127
Geo6,2021-06-28,-0.023500575638845448
Geo6,2021-07-05,-0.12511751100364588
Geo6,2021-07-12,1.2387214905302484
Geo6,2021-07-19,0.1656877797741347
Geo6,2021-07-26,-0.05417323892597809
Geo6,2021-08-02,-0.6455039941119658
Geo6,2021-08-09,0.12650354617649742
Geo6,2021-08-16,-0.023552499643281485
Geo6,2021-08-23,1.1259847411487791
Geo6,2021-08-30,-1.7179435356006507
Geo6,2021-09-06,0.533735580134329
Geo6,2021-09-13,-0.6041486880788466
Geo6,2021-09-20,0.9558131917771335
Geo6,2021-09-27,2.5503315783353893
Geo6,2021-10-04,-1.0364422033610958
Geo6,2021-10-11,0.8086641690390445
Geo6,2021-10-18,-0.18478136523425776
Geo6,2021-10-25,0.6526296510418383
Geo6,2021-11-01,-0.9102137947103234
Geo6,2021-11-08,0.4518568338891598
Geo6,2021-11-15,-1.1554686083632442
Geo6,2021-11-22,-1.0991679872866316
Geo6,2021-11-29,-1.494370599633417
Geo6,2021-12-06,-0.4984063905616027
Geo6,2021-12-13,0.7948318306073026
Geo6,2021-12-20,-1.5414008387680307
Geo6,2021-12-27,0.6277944718367545
Geo6,2022-01-03,1.09749288604796
Geo6,2022-01-10,-0.7932115604811063
Geo6,2022-01-17,0.5087489559163066
Geo6,2022-01-24,-0.9473634727341418
Geo6,2022-01-31,0.7439578449276382
Geo6,2022-02-07,-0.4840798365709718
Geo6,2022-02-14,-0.23398123447089658
Geo6,2022-02-21,-0.09209326724894348
Geo6,2022-02-28,1.421666705576523
Geo6,2022-03-07,1.6575163512259299
Geo6,2022-03-14,3.0930246858661032
Geo6,2022-03-21,-1.27549310811733
Geo6,2022-03-28,-0.30408202994317035
Geo6,2022-04-04,-1.002339094180889
Geo6,2022-04-11,-0.4111464424233667
Geo6,2022-04-18,0.14828386312059447
Geo6,2022-04-25,-0.4429891987271309
Geo6,2022-05-02,0.535199909176098
Geo6,2022-05-09,0.061378945362689716
Geo6,2022-05-16,-0.05051692361360711
Geo6,2022-05-23,2.792678215039855
Geo6,2022-05-30,0.9824902308062402
Geo6,2022-06-06,-0.8255993024814305
Geo6,2022-06-13,-0.5686151446930999
Geo6,2022-06-20,1.9851950410539259
Geo6,2022-06-27,-0.5932139975613269
Geo6,2022-07-04,1.7870768386280396
Geo6,2022-07-11,-0.07154665022691224
Geo6,2022-07-18,0.24810559814869187
Geo6,2022-07-25,1.6213062092157122
Geo6,2022-08-01,-0.8579766596808672
Geo6,2022-08-08,-0.846036879094146
Geo6,2022-08-15,2.2954333953086032
Geo6,2022-08-22,-0.9682639662697394
Geo6,2022-08-29,-0.0367039124501829
Geo6,2022-09-05,-1.6621247981318736
Geo6,2022-09-12,-0.6651813888764032
Geo6,2022-09-19,-0.2131948295117128
Geo6,2022-09-26,-2.367764850020345
Geo6,2022-10-03,-0.9779389948629753
Geo6,2022-10-10,-0.08408961466516514
Geo6,2022-10-17,0.21014302098875806
Geo6,2022-10-24,1.5917672200254334
Geo6,2022-10-31,-0.5676160403077429
Geo6,2022-11-07,-1.6632389286103906
Geo6,2022-11-14,-1.0253417887294178
Geo6,2022-11-21,1.0325893228363696
Geo6,2022-11-28,-2.1421933014290295
Geo6,2022-12-05,-1.3246869195534516
Geo6,2022-12-12,1.1084210860649253
Geo6,2022-12-19,-0.03267742225618681
Geo6,2022-12-26,-0.15211611827689214
Geo6,2023-01-02,0.5419179378333746
Geo6,2023-01-09,-0.7240453249720087
Geo6,2023-01-16,-0.3903244118278057
Geo6,2023-01-23,-1.6322933758332774
Geo6,2023-01-30,-1.3861016223669773
Geo6,2023-02-06,-0.273693289996961
Geo6,2023-02-13,-0.36112343348307074
Geo6,2023-02-20,0.17702379957594128
Geo6,2023-02-27,1.3463487736418658
Geo6,2023-03-06,-1.1437191436761158
Geo6,2023-03-13,0.019234322345470026
Geo6,2023-03-20,0.9943454906524072
Geo6,2023-03-27,-0.17324327451518745
Geo6,2023-04-03,0.10358090113480753
Geo6,2023-04-10,-0.34285000610524524
Geo6,2023-04-17,1.351093329547209
Geo6,2023-04-24,-0.5477070789068554
Geo6,2023-05-01,0.19978562443722508
Geo6,2023-05-08,-0.13908485184692163
Geo6,2023-05-15,0.9870653125304378
Geo6,2023-05-22,-0.44088642078081713
Geo6,2023-05-29,0.13495778373210393
Geo6,2023-06-05,-0.5617069443695762
Geo6,2023-06-12,-1.1314908242814106
Geo6,2023-06-19,0.9748667773216103
Geo6,2023-06-26,-0.43121052678750715
Geo6,2023-07-03,0.2347611290086302
Geo6,2023-07-10,-0.7630750846564486
Geo6,2023-07-17,-1.1604295142870706
Geo6,2023-07-24,0.36683344012533314
Geo6,2023-07-31,-0.7982568429121414
Geo6,2023-08-07,-0.9582743647496283
Geo6,2023-08-14,1.383140897201804
Geo6,2023-08-21,-1.8867080886854255
Geo6,2023-08-28,-0.9253373821690476
Geo6,2023-09-04,0.4663263231253356
Geo6,2023-09-11,-0.6170647841823109
Geo6,2023-09-18,0.466262499869883
Geo6,2023-09-25,-1.2975609542359916
Geo6,2023-10-02,0.5537050474237192
Geo6,2023-10-09,-0.7372289739316642
Geo6,2023-10-16,0.4662567305360568
Geo6,2023-10-23,-1.5691622962064495
Geo6,2023-10-30,-0.47956590978533215
Geo6,2023-11-06,0.1834115338716663
Geo6,2023-11-13,0.22250706396172534
Geo6,2023-11-20,0.3150331157831953
Geo6,2023-11-27,-0.5246549844374396
Geo6,2023-12-04,-1.4650200513092366
Geo6,2023-12-11,0.7173449897373482
Geo6,2023-12-18,-0.5948725368030212
Geo6,2023-12-25,0.5553045952270406
Geo6,2024-01-01,0.24654535393206176
Geo6,2024-01-08,-0.35747396925461844
Geo6,2024-01-15,-1.1844616743402168
Geo7,2021-01-25,0.16739559014076688
Geo7,2021-02-01,0.3792617602922987
Geo7,2021-02-08,0.5290948228567867
Geo7,2021-02-15,0.8097381155198684
Geo7,2021-02-22,-0.6426435178642169
Geo7,2021-03-01,-0.2914529466433821
Geo7,2021-03-08,1.1576161504992004
Geo7,2021-03-15,-0.5144216301544448
Geo7,2021-03-22,-1.8205201919269676
Geo7,2021-03-29,-0.30051494111951976
Geo7,2021-04-05,0.8605405186169398
Geo7,2021-04-12,0.4483073098689352
Geo7,2021-04-19,0.9053717100305749
Geo7,2021-04-26,1.82823471408705
Geo7,2021-05-03,0.7764837016312414
Geo7,2021-05-10,1.1845225224014817
Geo7,2021-05-17,1.1328924691870608
Geo7,2021-05-24,-0.13534174497408122
Geo7,2021-05-31,0.8368557016672739
Geo7,2021-06-07,1.196394827801032
Geo7,2021-06-14,1.3678074476092037
Geo7,2021-06-21,-0.45044694314710043
Geo7,2021-06-28,-1.2488107643355622
Geo7,2021-07-05,0.03793824965707139
Geo7,2021-07-12,1.789626814901948
Geo7,2021-07-19,0.9482417492170805
Geo7,2021-07-26,0.5349653743908154
Geo7,2021-08-02,1.6920269061051683
Geo7,2021-08-09,1.1938421896532392
Geo7,2021-08-16,0.8975068830578593
Geo7,2021-08-23,-0.14725620718834043
Geo7,2021-08-30,1.1268980282383767
Geo7,2021-09-06,2.30354376632878
Geo7,2021-09-13,0.36232590524029357
Geo7,2021-09-20,0.3561015375828136
Geo7,2021-09-27,0.8341757327321967
Geo7,2021-10-04,1.614425243828903
Geo7,2021-10-11,0.6289477552968196
Geo7,2021-10-18,-1.162080215902677
Geo7,2021-10-25,0.010400170791521906
Geo7,2021-11-01,0.8633254494172111
Geo7,2021-11-08,-0.8219885015829546
Geo7,2021-11-15,-0.16712733800735988
Geo7,2021-11-22,1.364239174364185
Geo7,2021-11-29,0.6773945388291264
Geo7,2021-12-06,-1.7413136670336011
Geo7,2021-12-13,1.552930926144136
Geo7,2021-12-20,1.543126455523224
Geo7,2021-12-27,0.8834131716260879
Geo7,2022-01-03,-1.1129791413992223
Geo7,2022-01-10,3.0226448176899656
Geo7,2022-01-17,0.18260968344916895
Geo7,2022-01-24,1.8484544989705767
Geo7,2022-01-31,0.08689220548062308
Geo7,2022-02-07,0.19288734280661127
Geo7,2022-02-14,1.8688558162602995
Geo7,2022-02-21,-0.2863506815488474
Geo7,2022-02-28,0.499463098917879
Geo7,2022-03-07,0.38229016820609385
Geo7,2022-03-14,-0.9398019577753705
Geo7,2022-03-21,0.17159277423379235
Geo7,2022-03-28,0.9715918926785456
Geo7,2022-04-04,0.5968552348421641
Geo7,2022-04-11,2.2416274503253435
Geo7,2022-04-18,0.7925970686248406
Geo7,2022-04-25,-0.07721932720867251
Geo7,2022-05-02,0.46968253561275364
Geo7,2022-05-09,0.4255774738239035
Geo7,2022-05-16,-0.26408672132350897
Geo7,2022-05-23,1.7979506349490983
Geo7,2022-05-30,-0.28321021393881024
Geo7,2022-06-06,1.4798955351753902
Geo7,2022-06-13,-0.4099114451180049
Geo7,2022-06-20,-0.8785960701340976
Geo7,2022-06-27,0.02752938796813649
Geo7,2022-07-04,1.2298148577474448
Geo7,2022-07-11,2.363024020682242
Geo7,2022-07-18,0.08686919130116455
Geo7,2022-07-25,1.481151636185089
Geo7,2022-08-01,-0.49032320323189327
Geo7,2022-08-08,0.3723310509026522
Geo7,2022-08-15,-0.2704222883340736
Geo7,2022-08-22,0.44601040872465825
Geo7,2022-08-29,0.5861998848386547
Geo7,2022-09-05,1.7139252204886424
Geo7,2022-09-12,-0.2887110330009773
Geo7,2022-09-19,0.6493047649139402
Geo7,2022-09-26,0.3781747167130145
Geo7,2022-10-03,0.44679160031151227
Geo7,2022-10-10,-0.05219345036252131
Geo7,2022-10-17,0.3167705199739775
Geo7,2022-10-24,0.51574014619716
Geo7,2022-10-31,-0.46716082966451483
Geo7,2022-11-07,1.544598072493834
Geo7,2022-11-14,0.3347222252089978
Geo7,2022-11-21,-0.08856875905435643
Geo7,2022-11-28,1.3733962367592074
Geo7,2022-12-05,1.0441011838065855
Geo7,2022-12-12,-0.5612180604252067
Geo7,2022-12-19,0.002060219310171931
Geo7,2022-12-26,1.0260636593416217
Geo7,2023-01-02,-1.3309361109330589
Geo7,2023-01-09,1.1653764457783007
Geo7,2023-01-16,0.8505863482866528
Geo7,2023-01-23,-0.24892876540612255
Geo7,2023-01-30,2.5168865004240764
Geo7,2023-02-06,-0.3700231402290095
Geo7,2023-02-13,0.6134998637354137
Geo7,2023-02-20,0.14173090850029949
Geo7,2023-02-27,1.619416954827721
Geo7,2023-03-06,-0.20191079677234858
Geo7,2023-03-13,0.5737201771700309
Geo7,2023-03-20,1.1614352137745803
Geo7,2023-03-27,-0.30385199714100647
Geo7,2023-04-03,0.8227499454312998
Geo7,2023-04-10,-0.0030422608701521294
Geo7,2023-04-17,-1.275454516489069
Geo7,2023-04-24,2.477211345552309
Geo7,2023-05-01,-0.5212325367594332
Geo7,2023-05-08,0.14199051704802323
Geo7,2023-05-15,2.1161515628879735
Geo7,2023-05-22,1.2801845082363799
Geo7,2023-05-29,-0.3097143754150406
Geo7,2023-06-05,1.3864713018927024
Geo7,2023-06-12,1.2550831362781731
Geo7,2023-06-19,0.025489299256322064
Geo7,2023-06-26,-0.9210550803771896
Geo7,2023-07-03,2.1404063571793697
Geo7,2023-07-10,-0.6614166357286964
Geo7,2023-07-17,0.06693052354429482
Geo7,2023-07-24,0.3021225324630974
Geo7,2023-07-31,-0.5737517546269528
Geo7,2023-08-07,0.8321952227840271
Geo7,2023-08-14,1.5362862972508864
Geo7,2023-08-21,0.41329930153988387
Geo7,2023-08-28,0.33102447031880133
Geo7,2023-09-04,-1.2838515732474867
Geo7,2023-09-11,0.6243251315124954
Geo7,2023-09-18,-0.3995421592143071
Geo7,2023-09-25,0.4300323306925488
Geo7,2023-10-02,1.1121569085807157
Geo7,2023-10-09,1.5309156050912653
Geo7,2023-10-16,0.5284779568129823
Geo7,2023-10-23,1.3656884224127044
Geo7,2023-10-30,1.167435246953787
Geo7,2023-11-06,0.3984951617459486
Geo7,2023-11-13,0.10786909234259859
Geo7,2023-11-20,0.5458857100867819
Geo7,2023-11-27,-0.2615826925641053
Geo7,2023-12-04,0.22438751699744633
Geo7,2023-12-11,0.033201845490190465
Geo7,2023-12-18,0.6917115093102245
Geo7,2023-12-25,0.8782072351810951
Geo7,2024-01-01,1.0884006831489916
Geo7,2024-01-08,0.3303656625460773
Geo7,2024-01-15,0.5255104181775682
Geo8,2021-01-25,-0.756198236500432
Geo8,2021-02-01,1.8265809384798581
Geo8,2021-02-08,2.4136107731318397
Geo8,2021-02-15,-0.2670229327515896
Geo8,2021-02-22,0.2246426664203303
Geo8,2021-03-01,-1.5001717435626065
Geo8,2021-03-08,-0.7226017541113299
Geo8,2021-03-15,1.0733165568603749
Geo8,2021-03-22,-0.10786594355175635
Geo8,2021-03-29,0.21842216177483284
Geo8,2021-04-05,1.1643560106924984
Geo8,2021-04-12,0.5858113944934241
Geo8,2021-04-19,-0.6467139526967498
Geo8,2021-04-26,-0.6897042606960654
Geo8,2021-05-03,-0.0658480964385437
Geo8,2021-05-10,0.4111976157949934
Geo8,2021-05-17,0.13261923709527146
Geo8,2021-05-24,2.110763005272724
Geo8,2021-05-31,-0.332661687303054
Geo8,2021-06-07,1.14443050696056
Geo8,2021-06-14,-0.005755195250452552
Geo8,2021-06-21,-1.2947199112199759
Geo8,2021-06-28,-0.7592841511314672
Geo8,2021-07-05,0.45215585738403197
Geo8,2021-07-12,0.9910381486539123
Geo8,2021-07-19,0.4345086756312145
Geo8,2021-07-26,-0.30270015693439606
Geo8,2021-08-02,-1.2624210726817429
Geo8,2021-08-09,0.5293505666740691
Geo8,2021-08-16,-2.5087970263956634
Geo8,2021-08-23,-0.10037019619959049
Geo8,2021-08-30,0.2995734469897869
Geo8,2021-09-06,0.06755647458102795
Geo8,2021-09-13,0.8663668835253603
Geo8,2021-09-20,0.9209704576018001
Geo8,2021-09-27,-0.17233073159755383
Geo8,2021-10-04,-0.8859110675522278
Geo8,2021-10-11,-0.6387031883844518
Geo8,2021-10-18,1.2804017885212777
Geo8,2021-10-25,-1.2725680582570276
Geo8,2021-11-01,-0.4104049105912806
Geo8,2021-11-08,0.06571518427031194
Geo8,2021-11-15,1.1173188417828768
Geo8,2021-11-22,1.3327343680956718
Geo8,2021-11-29,1.3439147896341483
Geo8,2021-12-06,-2.488338710402125
Geo8,2021-12-13,0.5544356610492815
Geo8,2021-12-20,0.8910243672741217
Geo8,2021-12-27,2.80332264136835
Geo8,2022-01-03,1.946793957199462
Geo8,2022-01-10,-0.42140031333361205
Geo8,2022-01-17,-2.2630761540220248
Geo8,2022-01-24,0.9057177906788648
Geo8,2022-01-31,0.88889547348821
Geo8,2022-02-07,-2.4019507390172428
Geo8,2022-02-14,1.4724230357939276
Geo8,2022-02-21,1.4196317038155137
Geo8,2022-02-28,0.20372324276228346
Geo8,2022-03-07,-0.07007762088450621
Geo8,2022-03-14,-1.6298769854417172
Geo8,2022-03-21,-0.9755071130788107
Geo8,2022-03-28,1.2339115634361866
Geo8,2022-04-04,1.0204260422458378
Geo8,2022-04-11,0.33654946648414585
Geo8,2022-04-18,1.3626783648584715
Geo8,2022-04-25,0.9766090378150906
Geo8,2022-05-02,-0.11305379732089144
Geo8,2022-05-09,-0.2883409188233972
Geo8,2022-05-16,1.951946220365661
Geo8,2022-05-23,0.8075256724390535
Geo8,2022-05-30,0.4557434424990982
Geo8,2022-06-06,0.8665728379702912
Geo8,2022-06-13,0.10350900254536836
Geo8,2022-06-20,2.941417321107173
Geo8,2022-06-27,0.2803788590960848
Geo8,2022-07-04,-0.10996317216887946
Geo8,2022-07-11,0.13236329878886438
Geo8,2022-07-18,2.4254226661768197
Geo8,2022-07-25,0.9974125303179857
Geo8,2022-08-01,1.1957471841776204
Geo8,2022-08-08,-0.5495005760376773
Geo8,2022-08-15,-1.5455530596706324
Geo8,2022-08-22,0.34779478853385853
Geo8,2022-08-29,2.183084157221024
Geo8,2022-09-05,-0.25358407810033895
Geo8,2022-09-12,-2.249860787421563
Geo8,2022-09-19,-1.2465689657949468
Geo8,2022-09-26,-1.4003591014285257
Geo8,2022-10-03,0.2590613964154969
Geo8,2022-10-10,-0.696701477911518
Geo8,2022-10-17,-1.3492413128749312
Geo8,2022-10-24,0.2652363660248851
Geo8,2022-10-31,1.4772120654536922
Geo8,2022-11-07,-1.4160431997338154
Geo8,2022-11-14,-1.57516637786086
Geo8,2022-11-21,0.9660247588757913
Geo8,2022-11-28,-1.3168839591983417
Geo8,2022-12-05,0.04117336998109243
Geo8,2022-12-12,-0.7308488295592981
Geo8,2022-12-19,1.0964287280331302
Geo8,2022-12-26,-0.8531001953838149
Geo8,2023-01-02,-0.9030748975137018
Geo8,2023-01-09,1.6446166534927134
Geo8,2023-01-16,-0.41001446074142434
Geo8,2023-01-23,-1.1744380665549885
Geo8,2023-01-30,2.2792599107871476
Geo8,2023-02-06,0.8260979481725961
Geo8,2023-02-13,1.2642933769542204
Geo8,2023-02-20,0.391202762726452
Geo8,2023-02-27,1.7605373408199971
Geo8,2023-03-06,-1.2896304550001343
Geo8,2023-03-13,0.41772744465130185
Geo8,2023-03-20,0.9032774791172634
Geo8,2023-03-27,0.8741230180093004
Geo8,2023-04-03,1.234104694796236
Geo8,2023-04-10,0.6674031134197106
Geo8,2023-04-17,0.2706987384887247
Geo8,2023-04-24,1.9664771307967042
Geo8,2023-05-01,1.4249629667788317
Geo8,2023-05-08,0.16490410108793974
Geo8,2023-05-15,1.304187302498108
Geo8,2023-05-22,-1.0028378698210376
Geo8,2023-05-29,1.0143062904101223
Geo8,2023-06-05,0.19491613870929356
Geo8,2023-06-12,-0.673467618280195
Geo8,2023-06-19,-1.919960968644682
Geo8,2023-06-26,-1.2234078575431544
Geo8,2023-07-03,-0.3389601772402787
Geo8,2023-07-10,-0.09117578264406226
Geo8,2023-07-17,1.5562922916125057
Geo8,2023-07-24,0.6421942370210518
Geo8,2023-07-31,0.6239838863158946
Geo8,2023-08-07,0.4461580557024941
Geo8,2023-08-14,0.37465313236123293
Geo8,2023-08-21,0.6862606373679604
Geo8,2023-08-28,-1.263908655206222
Geo8,2023-09-04,-0.9390867257032282
Geo8,2023-09-11,-0.53547944865457
Geo8,2023-09-18,-0.6643988186173817
Geo8,2023-09-25,0.2432463456270516
Geo8,2023-10-02,1.0698828487638845
Geo8,2023-10-09,-1.6374702405781032
Geo8,2023-10-16,0.003986162129606171
Geo8,2023-10-23,-1.2749926157429177
Geo8,2023-10-30,1.773154732952013
Geo8,2023-11-06,0.45059824511436425
Geo8,2023-11-13,0.5744475243324615
Geo8,2023-11-20,1.8551612394198693
Geo8,2023-11-27,-2.0520466461298668
Geo8,2023-12-04,-0.4825596241317327
Geo8,2023-12-11,0.2321289927305425
Geo8,2023-12-18,-1.3062125356209715
Geo8,2023-12-25,-0.5136016956733506
Geo8,2024-01-01,-0.19800856652901586
Geo8,2024-01-08,0.3163222277140814
Geo8,2024-01-15,-0.13501476950603458
Geo9,2021-01-25,0.007491922692148448
Geo9,2021-02-01,-0.2411369587164431
Geo9,2021-02-08,2.4864556760084917
Geo9,2021-02-15,2.1473190382826663
Geo9,2021-02-22,-2.150646216006605
Geo9,2021-03-01,-0.4294750735307556
Geo9,2021-03-08,0.746662621753356
Geo9,2021-03-15,-0.2834708005879995
Geo9,2021-03-22,0.16363111713937045
Geo9,2021-03-29,0.38401664172881206
Geo9,2021-04-05,1.194908091027761
Geo9,2021-04-12,-0.5832185259503209
Geo9,2021-04-19,0.22626737833374913
Geo9,2021-04-26,1.3576117200475886
Geo9,2021-05-03,0.3271239534617475
Geo9,2021-05-10,1.223605672299079
Geo9,2021-05-17,2.520850731649732
Geo9,2021-05-24,0.6672298901876667
Geo9,2021-05-31,0.2015668493120242
Geo9,2021-06-07,0.7981645447190124
Geo9,2021-06-14,-1.738781513099282
Geo9,2021-06-21,1.696129715133215
Geo9,2021-06-28,-0.2900327765708777
Geo9,2021-07-05,1.6578178187322434
Geo9,2021-07-12,0.6764661971467066
Geo9,2021-07-19,1.7356125148919408
Geo9,2021-07-26,1.1008461359356119
Geo9,2021-08-02,0.31677421267983524
Geo9,2021-08-09,-1.3283791178971731
Geo9,2021-08-16,0.4894004025164104
Geo9,2021-08-23,0.36419579866887714
Geo9,2021-08-30,-0.7800015891551124
Geo9,2021-09-06,0.9780438815756282
Geo9,2021-09-13,0.6147257845843105
Geo9,2021-09-20,0.8443224155880844
Geo9,2021-09-27,1.7763018675594704
Geo9,2021-10-04,-0.597714524645918
Geo9,2021-10-11,-0.4612157742373706
Geo9,2021-10-18,-1.0190347485188653
Geo9,2021-10-25,1.7157984329537566
Geo9,2021-11-01,-1.9020428424664368
Geo9,2021-11-08,2.743059300522165
Geo9,2021-11-15,1.3686609296069938
Geo9,2021-11-22,0.6390845696339035
Geo9,2021-11-29,1.5354200023824447
Geo9,2021-12-06,0.8952564043266728
Geo9,2021-12-13,1.7266844536199948
Geo9,2021-12-20,-0.32550223592306515
Geo9,2021-12-27,2.0073235586340856
Geo9,2022-01-03,1.1105010177957702
Geo9,2022-01-10,1.5153204167121468
Geo9,2022-01-17,-0.673236408264337
Geo9,2022-01-24,0.7319445816729878
Geo9,2022-01-31,-0.08832700208406369
Geo9,2022-02-07,0.710997397194111
Geo9,2022-02-14,0.7234553786674125
Geo9,2022-02-21,-0.22142798148911252
Geo9,2022-02-28,0.9118641779363926
Geo9,2022-03-07,0.7795942018592615
Geo9,2022-03-14,0.9339284841227329
Geo9,2022-03-21,1.9139847362455575
Geo9,2022-03-28,1.8038737220592784
Geo9,2022-04-04,-0.39788065891293084
Geo9,2022-04-11,-1.1786863457156336
Geo9,2022-04-18,-1.0594507367410608
Geo9,2022-04-25,0.901475714366271
Geo9,2022-05-02,0.4244484571223789
Geo9,2022-05-09,-0.2656420298548264
Geo9,2022-05-16,0.6980141994902579
Geo9,2022-05-23,0.2762840057802387
Geo9,2022-05-30,-0.31078450316641293
Geo9,2022-06-06,0.3064481358240509
Geo9,2022-06-13,0.9264789572482028
Geo9,2022-06-20,2.368051224023695
Geo9,2022-06-27,1.3179783316680493
Geo9,2022-07-04,1.0364264752175987
Geo9,2022-07-11,1.6874776305581884
Geo9,2022-07-18,-0.6437814276950701
Geo9,2022-07-25,1.6367473974432722
Geo9,2022-08-01,1.475160275483476
Geo9,2022-08-08,0.6446363725624673
Geo9,2022-08-15,0.16767887780209476
Geo9,2022-08-22,1.8910331864912813
Geo9,2022-08-29,1.1230521183550033
Geo9,2022-09-05,0.8913358756823501
Geo9,2022-09-12,0.8336718048882612
Geo9,2022-09-19,1.576071554232913
Geo9,2022-09-26,1.4672159574262729
Geo9,2022-10-03,0.44153442643411067
Geo9,2022-10-10,0.8435396620835701
Geo9,2022-10-17,-0.5110464708357129
Geo9,2022-10-24,1.4767543635980878
Geo9,2022-10-31,-0.9378435106505332
Geo9,2022-11-07,0.21577688328993366
Geo9,2022-11-14,-0.3656408644916196
Geo9,2022-11-21,0.335658025729851
Geo9,2022-11-28,0.3421843521616794
Geo9,2022-12-05,2.7069174168794876
Geo9,2022-12-12,0.016626198177494368
Geo9,2022-12-19,1.045883440604688
Geo9,2022-12-26,2.946964283520289
Geo9,2023-01-02,-0.9196233631651027
Geo9,2023-01-09,1.010724992853038
Geo9,2023-01-16,-1.2103877089866077
Geo9,2023-01-23,-1.8266314417239007
Geo9,2023-01-30,0.18253398425977477
Geo9,2023-02-06,3.1302798068448965
Geo9,2023-02-13,2.4574971769023355
Geo9,2023-02-20,1.4374495042708948
Geo9,2023-02-27,1.6418529663362824
Geo9,2023-03-06,-0.013898729908838432
Geo9,2023-03-13,0.46762989780251435
Geo9,2023-03-20,2.158929728271105
Geo9,2023-03-27,-0.8089562467148194
Geo9,2023-04-03,1.1378789510308163
Geo9,2023-04-10,1.5297295964579891
Geo9,2023-04-17,1.1748512233539796
Geo9,2023-04-24,0.946770312917251
Geo9,2023-05-01,-0.10922993194784432
Geo9,2023-05-08,1.705006453344598
Geo9,2023-05-15,1.4755072439587793
Geo9,2023-05-22,0.8975619468436993
Geo9,2023-05-29,0.3771335124627703
Geo9,2023-06-05,0.9596659233620595
Geo9,2023-06-12,-0.04412432469583986
Geo9,2023-06-19,2.402779418573021
Geo9,2023-06-26,-0.07848649669947395
Geo9,2023-07-03,-0.0407446857915821
Geo9,2023-07-10,1.3101360450845403
Geo9,2023-07-17,2.917775291627173
Geo9,2023-07-24,1.5252961445317528
Geo9,2023-07-31,-0.3087361905996331
Geo9,2023-08-07,1.1296565050106822
Geo9,2023-08-14,0.41606743206481656
Geo9,2023-08-21,-0.18660175067440005
Geo9,2023-08-28,0.7086276240204517
Geo9,2023-09-04,0.3236705568656627
Geo9,2023-09-11,1.2632307629382877
Geo9,2023-09-18,1.1972034918621612
Geo9,2023-09-25,2.104552177295342
Geo9,2023-10-02,-1.6567343786820403
Geo9,2023-10-09,-0.6820621307388732
Geo9,2023-10-16,-0.2589263920139752
Geo9,2023-10-23,-0.7701876672719521
Geo9,2023-10-30,0.9580521665296272
Geo9,2023-11-06,1.169336913918761
Geo9,2023-11-13,1.1001411353312318
Geo9,2023-11-20,2.833210868652618
Geo9,2023-11-27,-0.13194269117483073
Geo9,2023-12-04,0.3747096503151045
Geo9,2023-12-11,1.6480489197734691
Geo9,2023-12-18,1.6306245870504807
Geo9,2023-12-25,2.5288841735845597
Geo9,2024-01-01,0.07829469699035918
Geo9,2024-01-08,0.8160603120222618
Geo9,2024-01-15,0.17015068244944814
Geo10,2021-01-25,0.49301701211713145
Geo10,2021-02-01,1.084627639305559
Geo10,2021-02-08,-0.2650634324833708
Geo10,2021-02-15,0.14258508232716383
Geo10,2021-02-22,-0.31238166105463067
Geo10,2021-03-01,1.1974920264149107
Geo10,2021-03-08,1.2374986910447465
Geo10,2021-03-15,-0.39740864777263707
Geo10,2021-03-22,-0.226194842209594
Geo10,2021-03-29,0.6852108674511018
Geo10,2021-04-05,-0.9410938934086138
Geo10,2021-04-12,-0.017607062304238186
Geo10,2021-04-19,-0.3000912203252565
Geo10,2021-04-26,-0.06357789723374471
Geo10,2021-05-03,-0.2821729812591104
Geo10,2021-05-10,1.7555585233995077
Geo10,2021-05-17,0.7700633155537985
Geo10,2021-05-24,0.18322097534085477
Geo10,2021-05-31,-0.16950425527265353
Geo10,2021-06-07,0.3454418335955191
Geo10,2021-06-14,-1.7966308881380357
Geo10,2021-06-21,1.832035659020886
Geo10,2021-06-28,-0.5017919510468977
Geo10,2021-07-05,1.9261572351890348
Geo10,2021-07-12,-0.4569988944350766
Geo10,2021-07-19,-1.5548599664479565
Geo10,2021-07-26,-1.6326468563554661
Geo10,2021-08-02,-1.8356648851159478
Geo10,2021-08-09,-0.5309594341527273
Geo10,2021-08-16,0.36814805280211554
Geo10,2021-08-23,-1.1419425771137526
Geo10,2021-08-30,-0.9009239660885703
Geo10,2021-09-06,-1.0716678355618035
Geo10,2021-09-13,-1.8401451595537937
Geo10,2021-09-20,-0.3798567968643794
Geo10,2021-09-27,0.48651350320272774
Geo10,2021-10-04,0.4900417560486958
Geo10,2021-10-11,0.08064118481951163
Geo10,2021-10-18,0.6548624297106567
Geo10,2021-10-25,-1.3600132512139567
Geo10,2021-11-01,-2.14435127557269
Geo10,2021-11-08,-1.1297991998582424
Geo10,2021-11-15,1.178301037154869
Geo10,2021-11-22,0.3039813687067712
Geo10,2021-11-29,0.9738850319055218
Geo10,2021-12-06,-1.1707323961365919
Geo10,2021-12-13,1.031359533860814
Geo10,2021-12-20,0.4133803940453711
Geo10,2021-12-27,-0.31530895473742165
Geo10,2022-01-03,-1.3280715729013675
Geo10,2022-01-10,2.320739017412476
Geo10,2022-01-17,-0.6046464929826955
Geo10,2022-01-24,0.4358258376320054
Geo10,2022-01-31,-0.2995858683016757
Geo10,2022-02-07,-0.3201941301759334
Geo10,2022-02-14,1.932826230215497
Geo10,2022-02-21,0.6125138666082495
Geo10,2022-02-28,0.5984996386809036
Geo10,2022-03-07,-1.0786382630649334
Geo10,2022-03-14,2.148697304841599
Geo10,2022-03-21,0.6883366809420247
Geo10,2022-03-28,0.4789360815342533
Geo10,2022-04-04,0.6260179780366193
Geo10,2022-04-11,-0.7441611320307634
Geo10,2022-04-18,-1.9816172039100428
Geo10,2022-04-25,0.31204826081417586
Geo10,2022-05-02,1.4299082182982716
Geo10,2022-05-09,-1.391000287473201
Geo10,2022-05-16,1.419379362938337
Geo10,2022-05-23,0.7662977918331512
Geo10,2022-05-30,0.7214427970411929
Geo10,2022-06-06,1.2275965230151233
Geo10,2022-06-13,-0.47649512775210207
Geo10,2022-06-20,0.6045816503386815
Geo10,2022-06-27,0.48873787794888496
Geo10,2022-07-04,0.33753312207123404
Geo10,2022-07-11,1.6938252157043219
Geo10,2022-07-18,0.3163334299845895
Geo10,2022-07-25,-0.46782965871921783
Geo10,2022-08-01,-1.6113002596108041
Geo10,2022-08-08,1.186036957038156
Geo10,2022-08-15,0.226425555855927
Geo10,2022-08-22,0.2286375429660568
Geo10,2022-08-29,-0.8315408166989035
Geo10,2022-09-05,-0.4562286375795245
Geo10,2022-09-12,0.816684660190592
Geo10,2022-09-19,-1.4411336857396189
Geo10,2022-09-26,0.670767519106498
Geo10,2022-10-03,-1.304791075593807
Geo10,2022-10-10,-1.5022795336185804
Geo10,2022-10-17,-0.2278007880494585
Geo10,2022-10-24,0.6513821392503333
Geo10,2022-10-31,1.550957974136521
Geo10,2022-11-07,0.009604127204335674
Geo10,2022-11-14,0.2620120578458194
Geo10,2022-11-21,1.2099457298344927
Geo10,2022-11-28,1.489925997219504
Geo10,2022-12-05,-0.31319988029582746
Geo10,2022-12-12,-0.17789703749708766
Geo10,2022-12-19,1.5002811080433611
Geo10,2022-12-26,-1.7499976323127544
Geo10,2023-01-02,0.7173774290023429
Geo10,2023-01-09,-0.9544417300440222
Geo10,2023-01-16,0.0768181697624292
Geo10,2023-01-23,-0.31300167811938845
Geo10,2023-01-30,0.4772907493644555
Geo10,2023-02-06,-2.1621508792014965
Geo10,2023-02-13,1.4989276793994406
Geo10,2023-02-20,1.9191455155658133
Geo10,2023-02-27,0.9976813630825326
Geo10,2023-03-06,0.3735188870992414
Geo10,2023-03-13,-1.395482864740821
Geo10,2023-03-20,1.2482705346498344
Geo10,2023-03-27,-0.06844719108760594
Geo10,2023-04-03,-0.0810555811416843
Geo10,2023-04-10,-0.42632091381313225
Geo10,2023-04-17,0.2627661154850279
Geo10,2023-04-24,0.0560272696646901
Geo10,2023-05-01,-0.05792849994184805
Geo10,2023-05-08,0.5291060074453675
Geo10,2023-05-15,0.609458567353175
Geo10,2023-05-22,-0.07670561510589634
Geo10,2023-05-29,1.1636397934688594
Geo10,2023-06-05,-0.4700365637222595
Geo10,2023-06-12,-0.9936902078226403
Geo10,2023-06-19,0.6464941051265843
Geo10,2023-06-26,0.7949773926585156
Geo10,2023-07-03,-0.9768592220416715
Geo10,2023-07-10,0.4122381904773029
Geo10,2023-07-17,0.3316791699690381
Geo10,2023-07-24,0.12923057542620225
Geo10,2023-07-31,-1.6871943822596602
Geo10,2023-08-07,-0.7655507678698286
Geo10,2023-08-14,0.13459950393317002
Geo10,2023-08-21,-0.35603378462515567
Geo10,2023-08-28,0.10101630503109911
Geo10,2023-09-04,-1.5486070689393385
Geo10,2023-09-11,-1.1560533650757736
Geo10,2023-09-18,1.9209255235734477
Geo10,2023-09-25,-0.49453756081021555
Geo10,2023-10-02,0.7750428276051348
Geo10,2023-10-09,1.579593106524864
Geo10,2023-10-16,-0.16672624848557785
Geo10,2023-10-23,-0.20244266183791176
Geo10,2023-10-30,1.4323187252165333
Geo10,2023-11-06,0.22078759330497874
Geo10,2023-11-13,0.931805185215402
Geo10,2023-11-20,1.067988820698862
Geo10,2023-11-27,-1.0680870146706418
Geo10,2023-12-04,1.1071423266012697
Geo10,2023-12-11,1.3724940663646517
Geo10,2023-12-18,0.2665119460407086
Geo10,2023-12-25,1.4482717769980193
Geo10,2024-01-01,-0.3930300948844781
Geo10,2024-01-08,-0.04273204685311468
Geo10,2024-01-15,1.093078230498121
Geo11,2021-01-25,0.2522895593874667
Geo11,2021-02-01,-1.8373211351853544
Geo11,2021-02-08,-0.5158940249690714
Geo11,2021-02-15,-0.6189319939131727
Geo11,2021-02-22,-0.38700922076344335
Geo11,2021-03-01,-0.7677058818572908
Geo11,2021-03-08,-0.4467516109104409
Geo11,2021-03-15,0.4983394088481568
Geo11,2021-03-22,0.1326083171100835
Geo11,2021-03-29,0.2625661244015972
Geo11,2021-04-05,0.7022540256231302
Geo11,2021-04-12,-0.16978065535053316
Geo11,2021-04-19,-0.124179699272113
Geo11,2021-04-26,-1.5308524058979613
Geo11,2021-05-03,-0.20418447485563407
Geo11,2021-05-10,-1.5531616093307208
Geo11,2021-05-17,-1.1587185917987148
Geo11,2021-05-24,-1.0439052275932827
Geo11,2021-05-31,-2.461121194580991
Geo11,2021-06-07,-1.3588047125052034
Geo11,2021-06-14,-0.814768457661088
Geo11,2021-06-21,-0.0011940190792535188
Geo11,2021-06-28,-0.1866251765864087
Geo11,2021-07-05,0.25186361257817225
Geo11,2021-07-12,-0.20525676005363894
Geo11,2021-07-19,-0.2592172812084041
Geo11,2021-07-26,-0.4039657325087289
Geo11,2021-08-02,-0.8862569293142819
Geo11,2021-08-09,-1.1733700852066244
Geo11,2021-08-16,-1.075509882603034
Geo11,2021-08-23,-1.460919597282533
Geo11,2021-08-30,-1.4584962470928
Geo11,2021-09-06,-0.31611635675538075
Geo11,2021-09-13,0.22512731423229287
Geo11,2021-09-20,-1.3158053821069235
Geo11,2021-09-27,-1.5861381480807448
Geo11,2021-10-04,1.3797666955586847
Geo11,2021-10-11,0.4708897692446893
Geo11,2021-10-18,-0.4921072886295763
Geo11,2021-10-25,-0.6844701322180987
Geo11,2021-11-01,-0.6447496350675455
Geo11,2021-11-08,0.47307334488222436
Geo11,2021-11-15,-0.46487564764592193
Geo11,2021-11-22,0.43618324034983696
Geo11,2021-11-29,-0.7857325251369388
Geo11,2021-12-06,-0.27274324606714695
Geo11,2021-12-13,-0.6857226072741929
Geo11,2021-12-20,-0.770811225533816
Geo11,2021-12-27,-0.9715281303915971
Geo11,2022-01-03,-1.5745135092743892
Geo11,2022-01-10,-0.006541805199541999
Geo11,2022-01-17,0.41697758587390027
Geo11,2022-01-24,-0.7741618475696258
Geo11,2022-01-31,-0.07072983569658071
Geo11,2022-02-07,-1.0507321020440485
Geo11,2022-02-14,0.6364136565203733
Geo11,2022-02-21,0.8669013717963165
Geo11,2022-02-28,0.7343134626053895
Geo11,2022-03-07,-0.2447693090147108
Geo11,2022-03-14,-0.41889612535834225
Geo11,2022-03-21,0.30642404870535384
Geo11,2022-03-28,0.33396509936564744
Geo11,2022-04-04,0.5110287950297685
Geo11,2022-04-11,0.4505094108997489
Geo11,2022-04-18,-0.8782371645015316
Geo11,2022-04-25,0.022892076506549088
Geo11,2022-05-02,-0.2241960781257864
Geo11,2022-05-09,-1.0905571715292433
Geo11,2022-05-16,-0.8893412149463027
Geo11,2022-05-23,0.2876048572052658
Geo11,2022-05-30,-0.7948456331921986
Geo11,2022-06-06,1.431138273719204
Geo11,2022-06-13,-0.25521409908891657
Geo11,2022-06-20,-0.6480196143647419
Geo11,2022-06-27,0.02447358350802513
Geo11,2022-07-04,0.10814221953935974
Geo11,2022-07-11,-0.8038936527462629
Geo11,2022-07-18,-2.0097153291285945
Geo11,2022-07-25,-0.12488586165089283
Geo11,2022-08-01,1.2071720912487118
Geo11,2022-08-08,1.3217249818013814
Geo11,2022-08-15,1.1414432340634444
Geo11,2022-08-22,1.2235892298995312
Geo11,2022-08-29,-1.2175631435027499
Geo11,2022-09-05,-0.5641552342378999
Geo11,2022-09-12,0.43983824684712025
Geo11,2022-09-19,-0.016859529118840297
Geo11,2022-09-26,-0.46164563077409204
Geo11,2022-10-03,-0.7163390896159768
Geo11,2022-10-10,-0.2532554616540427
Geo11,2022-10-17,-1.5463666808906524
Geo11,2022-10-24,-1.3009641270025138
Geo11,2022-10-31,1.152067974699779
Geo11,2022-11-07,-1.4825335263027057
Geo11,2022-11-14,0.33108397600390266
Geo11,2022-11-21,0.05000837683734959
Geo11,2022-11-28,-0.3538303572790046
Geo11,2022-12-05,0.5383607010207793
Geo11,2022-12-12,-0.5085694149209279
Geo11,2022-12-19,-0.7515419183324454
Geo11,2022-12-26,-1.1873650701475118
Geo11,2023-01-02,0.17364159189872083
Geo11,2023-01-09,-1.2199813488293374
Geo11,2023-01-16,-0.2939893771963725
Geo11,2023-01-23,0.40659716641300925
Geo11,2023-01-30,-0.7172721045651
Geo11,2023-02-06,-0.31793380957369066
Geo11,2023-02-13,-0.496841998499633
Geo11,2023-02-20,-0.1499049721858186
Geo11,2023-02-27,-1.3860894771920396
Geo11,2023-03-06,0.31346006782540226
Geo11,2023-03-13,0.6462094759503056
Geo11,2023-03-20,-0.007001971331156226
Geo11,2023-03-27,-1.0005111785085248
Geo11,2023-04-03,0.9568424335384532
Geo11,2023-04-10,-0.25525430081024325
Geo11,2023-04-17,0.10985677509475023
Geo11,2023-04-24,0.07803256604144411
Geo11,2023-05-01,-0.2051256258674067
Geo11,2023-05-08,-0.7047461575243582
Geo11,2023-05-15,0.5588698005923491
Geo11,2023-05-22,-0.1407753527092996
Geo11,2023-05-29,0.6274201964452524
Geo11,2023-06-05,-1.1468376670189016
Geo11,2023-06-12,0.9271175679446643
Geo11,2023-06-19,-1.103296690214533
Geo11,2023-06-26,-0.12486863234175281
Geo11,2023-07-03,-2.0529244024360573
Geo11,2023-07-10,0.7625800586172454
Geo11,2023-07-17,0.9037594106700267
Geo11,2023-07-24,-0.04843893840478222
Geo11,2023-07-31,-2.5368292915497443
Geo11,2023-08-07,-0.16038757102174833
Geo11,2023-08-14,-0.23551908437421182
Geo11,2023-08-21,-0.7203475362465905
Geo11,2023-08-28,1.341143370386005
Geo11,2023-09-04,-0.597704767164809
Geo11,2023-09-11,-0.3382459685699519
Geo11,2023-09-18,-0.8781194308890748
Geo11,2023-09-25,-1.3087516550858145
Geo11,2023-10-02,-1.283597461981312
Geo11,2023-10-09,-1.3217048650636327
Geo11,2023-10-16,-0.09126669359954284
Geo11,2023-10-23,0.07342946894954018
Geo11,2023-10-30,0.05789963971943091
Geo11,2023-11-06,-1.457888435353694
Geo11,2023-11-13,-0.8876194805121038
Geo11,2023-11-20,-0.4955337674847943
Geo11,2023-11-27,1.3944522886409338
Geo11,2023-12-04,0.41090377581012894
Geo11,2023-12-11,-0.017244317022967016
Geo11,2023-12-18,1.1170053734160332
Geo11,2023-12-25,-1.9226776452725085
Geo11,2024-01-01,-0.7971952802261664
Geo11,2024-01-08,0.4991120955038939
Geo11,2024-01-15,-0.34435136570047997
Geo12,2021-01-25,-1.8627015963132587
Geo12,2021-02-01,1.6272975574519601
Geo12,2021-02-08,0.01924397879733899
Geo12,2021-02-15,0.30028770599558646
Geo12,2021-02-22,-0.08294611640563813
Geo12,2021-03-01,0.6611175467392796
Geo12,2021-03-08,1.2990676318862984
Geo12,2021-03-15,0.2978149156269896
Geo12,2021-03-22,0.11974389772242919
Geo12,2021-03-29,-1.79265439892646
Geo12,2021-04-05,-1.290555116614578
Geo12,2021-04-12,-1.5824922634979508
Geo12,2021-04-19,-1.4389215537791753
Geo12,2021-04-26,-0.7929459454585106
Geo12,2021-05-03,-2.0641003394038493
Geo12,2021-05-10,-0.0321991787035412
Geo12,2021-05-17,-0.2557375144051975
Geo12,2021-05-24,-0.07759839415976978
Geo12,2021-05-31,-0.3320681376882099
Geo12,2021-06-07,0.49715693988192655
Geo12,2021-06-14,0.8155314436314248
Geo12,2021-06-21,-1.5603325497407199
Geo12,2021-06-28,0.7650847753413336
Geo12,2021-07-05,1.4416258117602787
Geo12,2021-07-12,-0.6639733383436492
Geo12,2021-07-19,-0.06555047094816552
Geo12,2021-07-26,-0.0899235107835816
Geo12,2021-08-02,-0.6698692562920356
Geo12,2021-08-09,-0.687242107164342
Geo12,2021-08-16,-0.3245723775587067
Geo12,2021-08-23,0.8201376383228091
Geo12,2021-08-30,0.6307104143713207
Geo12,2021-09-06,0.4811143359735849
Geo12,2021-09-13,0.35128594696377613
Geo12,2021-09-20,0.11188567554731853
Geo12,2021-09-27,0.010561774580661078
Geo12,2021-10-04,-1.0634844644560388
Geo12,2021-10-11,0.7358846303286624
Geo12,2021-10-18,1.1394092919181122
Geo12,2021-10-25,-0.17803133640251947
Geo12,2021-11-01,-0.5945798671462496
Geo12,2021-11-08,-0.34414926782635274
Geo12,2021-11-15,0.28418910057553987
Geo12,2021-11-22,-0.38751301125161963
Geo12,2021-11-29,0.4808987723657159
Geo12,2021-12-06,-2.0818187674438624
Geo12,2021-12-13,-0.0878416053383922
Geo12,2021-12-20,-0.32654227998048635
Geo12,2021-12-27,0.08887186838293039
Geo12,2022-01-03,-0.07679354831315695
Geo12,2022-01-10,0.10326707103740093
Geo12,2022-01-17,-0.2916502426273987
Geo12,2022-01-24,-0.16544056436639906
Geo12,2022-01-31,0.24997048843606914
Geo12,2022-02-07,-0.025151712082308705
Geo12,2022-02-14,-0.10118459868500075
Geo12,2022-02-21,0.2638321289488691
Geo12,2022-02-28,0.6042540620175567
Geo12,2022-03-07,-0.8516961745783506
Geo12,2022-03-14,-1.719255553276319
Geo12,2022-03-21,0.2709544518621292
Geo12,2022-03-28,1.4408482631329391
Geo12,2022-04-04,1.2021943033197044
Geo12,2022-04-11,-0.7369724345094847
Geo12,2022-04-18,-0.6915037096392306
Geo12,2022-04-25,0.24370057044217625
Geo12,2022-05-02,-0.4796869968837423
Geo12,2022-05-09,0.15677215354462104
Geo12,2022-05-16,-0.12541974535089226
Geo12,2022-05-23,-0.2917543660411213
Geo12,2022-05-30,1.26151988465402
Geo12,2022-06-06,-1.6271372877412695
Geo12,2022-06-13,0.34923527854270353
Geo12,2022-06-20,-1.1670308374764113
Geo12,2022-06-27,1.018679600779872
Geo12,2022-07-04,-0.6931219844787224
Geo12,2022-07-11,2.446927240325608
Geo12,2022-07-18,-0.98382906800701
Geo12,2022-07-25,0.8335107430350076
Geo12,2022-08-01,0.43025989788218516
Geo12,2022-08-08,0.17727940058461042
Geo12,2022-08-15,0.29400484292863616
Geo12,2022-08-22,-0.7922719574156303
Geo12,2022-08-29,-0.8736369477521322
Geo12,2022-09-05,0.3717059554679438
Geo12,2022-09-12,-1.0501095305487342
Geo12,2022-09-19,-0.4033341418448269
Geo12,2022-09-26,-0.4279779025559219
Geo12,2022-10-03,-0.7384559117404006
Geo12,2022-10-10,-1.8999066649485368
Geo12,2022-10-17,0.8517528837045822
Geo12,2022-10-24,1.3278453735368136
Geo12,2022-10-31,0.4520298523745353
Geo12,2022-11-07,0.09883282068597496
Geo12,2022-11-14,0.03590175509053929
Geo12,2022-11-21,-0.36904039199869687
Geo12,2022-11-28,-1.3080465837541384
Geo12,2022-12-05,0.499034819719146
Geo12,2022-12-12,0.9723733859657295
Geo12,2022-12-19,1.473865516209756
Geo12,2022-12-26,0.7900814300005587
Geo12,2023-01-02,-0.8324474137712466
Geo12,2023-01-09,-0.7128264962818367
Geo12,2023-01-16,0.9834138447959094
Geo12,2023-01-23,-0.17161902260499506
Geo12,2023-01-30,0.1503933280882669
Geo12,2023-02-06,0.5130492683769496
Geo12,2023-02-13,-0.358434718774467
Geo12,2023-02-20,0.6087111069541491
Geo12,2023-02-27,0.8655503616813583
Geo12,2023-03-06,-0.29408870041093016
Geo12,2023-03-13,0.2699967978705126
Geo12,2023-03-20,-1.087705821804978
Geo12,2023-03-27,-0.060401990261528586
Geo12,2023-04-03,1.0284081045971465
Geo12,2023-04-10,-0.742137377952075
Geo12,2023-04-17,-0.8686391646007615
Geo12,2023-04-24,0.8157689575805651
Geo12,2023-05-01,-0.770389437070607
Geo12,2023-05-08,0.9501875006477523
Geo12,2023-05-15,0.424246630032387
Geo12,2023-05-22,-1.3015160758113071
Geo12,2023-05-29,0.058388472649785535
Geo12,2023-06-05,-0.6372392297484144
Geo12,2023-06-12,1.172137250753559
Geo12,2023-06-19,0.4333214076602624
Geo12,2023-06-26,1.6044934041881755
Geo12,2023-07-03,0.407943436175107
Geo12,2023-07-10,-0.020000135834723272
Geo12,2023-07-17,-1.2238098978086291
Geo12,2023-07-24,-0.36316361024526483
Geo12,2023-07-31,0.04195723513508989
Geo12,2023-08-07,-0.5973188757564184
Geo12,2023-08-14,-0.648369459846101
Geo12,2023-08-21,-0.8141381557120159
Geo12,2023-08-28,-0.019962426274077773
Geo12,2023-09-04,1.2608588416841973
Geo12,2023-09-11,1.83090104347447
Geo12,2023-09-18,0.3400600358913173
Geo12,2023-09-25,-0.0700581705184607
Geo12,2023-10-02,-0.08644016047261184
Geo12,2023-10-09,-0.020451243489310808
Geo12,2023-10-16,0.30396607664631237
Geo12,2023-10-23,0.07964765958563139
Geo12,2023-10-30,-1.681672066385817
Geo12,2023-11-06,1.422067494858324
Geo12,2023-11-13,-1.9217517571475462
Geo12,2023-11-20,-0.9048148747962703
Geo12,2023-11-27,0.23113287440585384
Geo12,2023-12-04,1.0620312433759762
Geo12,2023-12-11,0.32893796681794946
Geo12,2023-12-18,-0.07763300815946676
Geo12,2023-12-25,0.5123448875538475
Geo12,2024-01-01,-0.8632762459647823
Geo12,2024-01-08,-0.7406907660379097
Geo12,2024-01-15,-0.5348425762057821
Geo13,2021-01-25,-1.2117935865463476
Geo13,2021-02-01,0.5139432916229092
Geo13,2021-02-08,0.004558034536647366
Geo13,2021-02-15,-0.3955111692974212
Geo13,2021-02-22,-0.9836040700116876
Geo13,2021-03-01,0.03778669189678051
Geo13,2021-03-08,1.5525983358439173
Geo13,2021-03-15,-2.649041384436197
Geo13,2021-03-22,-2.064591564448771
Geo13,2021-03-29,-1.125531164761117
Geo13,2021-04-05,-0.978761222497556
Geo13,2021-04-12,0.5585196632234857
Geo13,2021-04-19,1.272445932561283
Geo13,2021-04-26,-1.224190323817442
Geo13,2021-05-03,-0.6769144401504799
Geo13,2021-05-10,-0.41847489465775967
Geo13,2021-05-17,1.9078465026449558
Geo13,2021-05-24,0.6131011985869307
Geo13,2021-05-31,-0.3094578769341209
Geo13,2021-06-07,0.16297401584899565
Geo13,2021-06-14,-0.8406615337615515
Geo13,2021-06-21,0.6616167369540281
Geo13,2021-06-28,0.19156273631508605
Geo13,2021-07-05,1.1734689038908257
Geo13,2021-07-12,0.9719420560518868
Geo13,2021-07-19,-0.6943217549053765
Geo13,2021-07-26,-1.4290429868812682
Geo13,2021-08-02,0.4994154598007252
Geo13,2021-08-09,-0.4119712716918162
Geo13,2021-08-16,1.1515453175585078
Geo13,2021-08-23,-1.7527951255872638
Geo13,2021-08-30,0.7990412414900878
Geo13,2021-09-06,1.8050621458070193
Geo13,2021-09-13,0.6731364454854047
Geo13,2021-09-20,-1.4842993510845526
Geo13,2021-09-27,-0.2122548059089928
Geo13,2021-10-04,-1.588852157486187
Geo13,2021-10-11,-0.8188749387498013
Geo13,2021-10-18,-0.8302000876235622
Geo13,2021-10-25,-1.8021996327936147
Geo13,2021-11-01,-1.757124228997258
Geo13,2021-11-08,-0.39992438644432465
Geo13,2021-11-15,-0.2532852166994899
Geo13,2021-11-22,-0.7792105322038244
Geo13,2021-11-29,-0.47634475475498916
Geo13,2021-12-06,0.4271170910307246
Geo13,2021-12-13,-1.5782310835889264
Geo13,2021-12-20,0.44274085341745084
Geo13,2021-12-27,0.8915105605533913
Geo13,2022-01-03,-1.2071726614179348
Geo13,2022-01-10,2.6622657006140833
Geo13,2022-01-17,-0.7293167296685762
Geo13,2022-01-24,-0.64710505772291
Geo13,2022-01-31,-2.1149698294154846
Geo13,2022-02-07,-0.6791167844026686
Geo13,2022-02-14,-0.7597796193296716
Geo13,2022-02-21,-0.56696246998997
Geo13,2022-02-28,1.671016049791421
Geo13,2022-03-07,0.2626813095357092
Geo13,2022-03-14,1.3034070370899167
Geo13,2022-03-21,-0.5788807148793668
Geo13,2022-03-28,3.545332008519986
Geo13,2022-04-04,-1.4017149063884957
Geo13,2022-04-11,0.26139099699360385
Geo13,2022-04-18,0.6476628117017973
Geo13,2022-04-25,-0.8570537623758467
Geo13,2022-05-02,-1.5009975447494546
Geo13,2022-05-09,-0.349429847651178
Geo13,2022-05-16,1.5400203649191533
Geo13,2022-05-23,-0.016559239716894207
Geo13,2022-05-30,0.5622221601599208
Geo13,2022-06-06,2.459050892275282
Geo13,2022-06-13,1.3886234564053908
Geo13,2022-06-20,0.17268032176336226
Geo13,2022-06-27,1.7732851344767677
Geo13,2022-07-04,-0.6846639556453744
Geo13,2022-07-11,-2.152721403587007
Geo13,2022-07-18,0.01962139403741933
Geo13,2022-07-25,-0.2716265954909946
Geo13,2022-08-01,0.05553550771280723
Geo13,2022-08-08,0.006661055639423286
Geo13,2022-08-15,0.5932468741473914
Geo13,2022-08-22,0.07014436163898466
Geo13,2022-08-29,-0.33628010231709216
Geo13,2022-09-05,1.5278922798876156
Geo13,2022-09-12,0.35976853316653096
Geo13,2022-09-19,-2.028745964201672
Geo13,2022-09-26,0.1612746838257658
Geo13,2022-10-03,0.8834300271204711
Geo13,2022-10-10,-1.213468576402369
Geo13,2022-10-17,-0.28582820673657366
Geo13,2022-10-24,-2.377252132478176
Geo13,2022-10-31,-0.8250962281121362
Geo13,2022-11-07,1.2693834391743746
Geo13,2022-11-14,0.6399170274880077
Geo13,2022-11-21,0.8486342316962552
Geo13,2022-11-28,0.02024434030189486
Geo13,2022-12-05,1.0771990085020426
Geo13,2022-12-12,-1.0874445570823799
Geo13,2022-12-19,0.550676510340862
Geo13,2022-12-26,-0.3742622341248904
Geo13,2023-01-02,-1.2516788493977276
Geo13,2023-01-09,-1.6317928775943915
Geo13,2023-01-16,1.3570866685062775
Geo13,2023-01-23,-0.09729314666494396
Geo13,2023-01-30,0.6812091609960097
Geo13,2023-02-06,0.12263495814323168
Geo13,2023-02-13,-0.03565842393281084
Geo13,2023-02-20,-0.22302736981911456
Geo13,2023-02-27,2.358483982494007
Geo13,2023-03-06,0.1014124972985408
Geo13,2023-03-13,-1.5643962039719488
Geo13,2023-03-20,0.6148318022994211
Geo13,2023-03-27,0.5535666540767316
Geo13,2023-04-03,3.9162000287465935
Geo13,2023-04-10,0.21308405500827887
Geo13,2023-04-17,1.1143938399966944
Geo13,2023-04-24,0.4174406353651977
Geo13,2023-05-01,-1.640728407440505
Geo13,2023-05-08,-2.2401515386780373
Geo13,2023-05-15,0.8984542970096673
Geo13,2023-05-22,-0.13775089464585616
Geo13,2023-05-29,0.40335238399318835
Geo13,2023-06-05,-1.4553559812334387
Geo13,2023-06-12,1.0230677143919293
Geo13,2023-06-19,-0.038040047358090356
Geo13,2023-06-26,1.700094101122419
Geo13,2023-07-03,1.4532577737858055
Geo13,2023-07-10,1.6460687043236655
Geo13,2023-07-17,0.0888082297259894
Geo13,2023-07-24,0.6366455823592219
Geo13,2023-07-31,1.0504322192954878
Geo13,2023-08-07,-1.6812265243293718
Geo13,2023-08-14,-0.7461252626461533
Geo13,2023-08-21,0.2037903221760892
Geo13,2023-08-28,0.2621152208880711
Geo13,2023-09-04,-1.7910488591234923
Geo13,2023-09-11,-0.26742339616628463
Geo13,2023-09-18,-0.7881147903606774
Geo13,2023-09-25,-1.0444587773128318
Geo13,2023-10-02,-0.6855937553607198
Geo13,2023-10-09,-0.07762218803970553
Geo13,2023-10-16,-1.5068188763133483
Geo13,2023-10-23,0.9286236592238393
Geo13,2023-10-30,-0.1401573932785021
Geo13,2023-11-06,0.7919301304242464
Geo13,2023-11-13,-0.0008544552261745392
Geo13,2023-11-20,-1.4672946593288863
Geo13,2023-11-27,-0.2663914304206846
Geo13,2023-12-04,2.6387358866061073
Geo13,2023-12-11,0.8945186838441987
Geo13,2023-12-18,0.7263697446095913
Geo13,2023-12-25,-1.5389197983795209
Geo13,2024-01-01,0.1730598463557524
Geo13,2024-01-08,-1.1388051084519821
Geo13,2024-01-15,1.3215606080658053
Geo14,2021-01-25,0.6604212127572328
Geo14,2021-02-01,-1.4079026307485356
Geo14,2021-02-08,-0.7285121369760239
Geo14,2021-02-15,-0.819216925167225
Geo14,2021-02-22,-1.3904025417731007
Geo14,2021-03-01,1.7757112952047638
Geo14,2021-03-08,0.15549825619441177
Geo14,2021-03-15,0.420092886128333
Geo14,2021-03-22,-1.3537667287273325
Geo14,2021-03-29,0.9314063796579821
Geo14,2021-04-05,-0.12434456412297043
Geo14,2021-04-12,-0.8482918574663275
Geo14,2021-04-19,-0.2336750296548304
Geo14,2021-04-26,-0.3008019641906879
Geo14,2021-05-03,0.918440921665964
Geo14,2021-05-10,-0.2525119030533892
Geo14,2021-05-17,-0.2132968787751321
Geo14,2021-05-24,0.3370777794046555
Geo14,2021-05-31,0.9348168659992269
Geo14,2021-06-07,-0.44456934943696746
Geo14,2021-06-14,-1.2808257152147158
Geo14,2021-06-21,-0.1715827698937749
Geo14,2021-06-28,-0.027625019450774963
Geo14,2021-07-05,-0.05201115176911681
Geo14,2021-07-12,-0.49121748497178364
Geo14,2021-07-19,-0.15448310781913388
Geo14,2021-07-26,-0.5921326950793894
Geo14,2021-08-02,-0.6792104384715381
Geo14,2021-08-09,0.8102342914070505
Geo14,2021-08-16,1.71726649861164
Geo14,2021-08-23,-1.344492561210183
Geo14,2021-08-30,-0.730823331336207
Geo14,2021-09-06,1.6910456005402916
Geo14,2021-09-13,-1.241271622265377
Geo14,2021-09-20,1.3891994096789024
Geo14,2021-09-27,-2.2628985217419046
Geo14,2021-10-04,-0.9076187688442546
Geo14,2021-10-11,0.5061969414449486
Geo14,2021-10-18,-1.2450993445686644
Geo14,2021-10-25,-1.1816850469842308
Geo14,2021-11-01,-1.0051284425182225
Geo14,2021-11-08,1.4609924571189885
Geo14,2021-11-15,0.2546011813793929
Geo14,2021-11-22,-0.12356041625955651
Geo14,2021-11-29,-0.12105246307199381
Geo14,2021-12-06,-0.900120483804203
Geo14,2021-12-13,-0.3012872613823273
Geo14,2021-12-20,-0.20908244494004527
Geo14,2021-12-27,1.2060161164039804
Geo14,2022-01-03,-1.6024702990273296
Geo14,2022-01-10,-0.4768629591575423
Geo14,2022-01-17,-0.25897730737277364
Geo14,2022-01-24,-1.214603788786344
Geo14,2022-01-31,-0.3210811169182456
Geo14,2022-02-07,0.846609099949623
Geo14,2022-02-14,-0.786419868593785
Geo14,2022-02-21,-0.43429705367547505
Geo14,2022-02-28,-0.08969624210450057
Geo14,2022-03-07,1.651457064483854
Geo14,2022-03-14,-1.9783954665355772
Geo14,2022-03-21,-0.2263986654724939
Geo14,2022-03-28,0.7685408071407226
Geo14,2022-04-04,0.38002998392622145
Geo14,2022-04-11,0.6007146022166162
Geo14,2022-04-18,1.0235847965930267
Geo14,2022-04-25,-0.4049040898126207
Geo14,2022-05-02,-0.6024604710553104
Geo14,2022-05-09,-1.143546421364353
Geo14,2022-05-16,2.1113335931150337
Geo14,2022-05-23,0.36197230848346956
Geo14,2022-05-30,0.4751940201329073
Geo14,2022-06-06,-0.5968596505979542
Geo14,2022-06-13,-0.719804424510654
Geo14,2022-06-20,-0.2540084251199151
Geo14,2022-06-27,0.15024784794640325
Geo14,2022-07-04,-0.10945936696402517
Geo14,2022-07-11,0.5359124742868612
Geo14,2022-07-18,-1.0024134181957658
Geo14,2022-07-25,-0.17840663002236856
Geo14,2022-08-01,-2.227862044468583
Geo14,2022-08-08,-2.29909265865682
Geo14,2022-08-15,-0.450967930003657
Geo14,2022-08-22,-0.7529840676928876
Geo14,2022-08-29,-0.9825022086003308
Geo14,2022-09-05,-0.07820482534862637
Geo14,2022-09-12,-2.1318339400152446
Geo14,2022-09-19,-1.8200814371860583
Geo14,2022-09-26,-0.9006969417942717
Geo14,2022-10-03,-0.00244834563836011
Geo14,2022-10-10,-1.4405373716016951
Geo14,2022-10-17,0.45911342028686386
Geo14,2022-10-24,0.9472279343392576
Geo14,2022-10-31,-0.4538951816147653
Geo14,2022-11-07,-0.12731409619488882
Geo14,2022-11-14,-0.4495215257516522
Geo14,2022-11-21,0.7467141895475167
Geo14,2022-11-28,0.21692537212077237
Geo14,2022-12-05,-0.8678351239296398
Geo14,2022-12-12,-0.4353154971656218
Geo14,2022-12-19,0.1425218671564281
Geo14,2022-12-26,-0.4626097002030947
Geo14,2023-01-02,-2.476816368838106
Geo14,2023-01-09,-0.5303774415279126
Geo14,2023-01-16,-2.567395181880709
Geo14,2023-01-23,-0.20072328846867063
Geo14,2023-01-30,0.8588720835537432
Geo14,2023-02-06,0.26601546207505755
Geo14,2023-02-13,0.3853375223578612
Geo14,2023-02-20,0.4746317931272086
Geo14,2023-02-27,0.029484333319202024
Geo14,2023-03-06,-0.7885510100647624
Geo14,2023-03-13,-0.23112768345256174
Geo14,2023-03-20,0.3635179171337652
Geo14,2023-03-27,-1.5322112073300476
Geo14,2023-04-03,-0.9935755644095611
Geo14,2023-04-10,-1.38541819105897
Geo14,2023-04-17,1.7973485788320007
Geo14,2023-04-24,-0.5312327443131776
Geo14,2023-05-01,-1.5339026320086004
Geo14,2023-05-08,-0.5820214775612758
Geo14,2023-05-15,0.024492970235961517
Geo14,2023-05-22,1.3545508814142821
Geo14,2023-05-29,-1.0050888432573664
Geo14,2023-06-05,-0.37941392185176054
Geo14,2023-06-12,1.6479224179601328
Geo14,2023-06-19,-0.19823265995773254
Geo14,2023-06-26,0.2190909566988487
Geo14,2023-07-03,-1.2863995174263838
Geo14,2023-07-10,0.8313823591657925
Geo14,2023-07-17,0.227172505851929
Geo14,2023-07-24,0.05049132871114362
Geo14,2023-07-31,0.04564475042540879
Geo14,2023-08-07,0.35383094794680425
Geo14,2023-08-14,-0.35835330246074276
Geo14,2023-08-21,0.3358198841340186
Geo14,2023-08-28,0.3881270015405738
Geo14,2023-09-04,-2.366623670650332
Geo14,2023-09-11,-1.05212245284708
Geo14,2023-09-18,-0.9683097922602196
Geo14,2023-09-25,-2.413982736665208
Geo14,2023-10-02,-0.5195612746680975
Geo14,2023-10-09,-2.323546068469388
Geo14,2023-10-16,-0.10339944257611672
Geo14,2023-10-23,-0.7785111537146502
Geo14,2023-10-30,-1.6762952835401022
Geo14,2023-11-06,1.6097041813262416
Geo14,2023-11-13,-1.3958543493868703
Geo14,2023-11-20,0.6084830697135517
Geo14,2023-11-27,1.2881103340665998
Geo14,2023-12-04,0.029390078828518133
Geo14,2023-12-11,-0.7384890882502966
Geo14,2023-12-18,-0.0361462853962799
Geo14,2023-12-25,1.0636402739337276
Geo14,2024-01-01,1.0482365739529458
Geo14,2024-01-08,-0.9163207064174163
Geo14,2024-01-15,-0.6866610806508722
Geo15,2021-01-25,1.3903636719362975
Geo15,2021-02-01,0.2381932583932396
Geo15,2021-02-08,-1.1868693811035262
Geo15,2021-02-15,-0.9713042436253961
Geo15,2021-02-22,-0.020822769112206013
Geo15,2021-03-01,-0.19185691474787922
Geo15,2021-03-08,-0.2175874278855913
Geo15,2021-03-15,-0.45880939299943363
Geo15,2021-03-22,0.07379382498173107
Geo15,2021-03-29,-0.4792322291899425
Geo15,2021-04-05,-0.47724214043514285
Geo15,2021-04-12,-0.39230445613933046
Geo15,2021-04-19,-1.129470347728358
Geo15,2021-04-26,2.28533872809419
Geo15,2021-05-03,-0.8580741115254886
Geo15,2021-05-10,-0.17979198716688632
Geo15,2021-05-17,0.307841026963838
Geo15,2021-05-24,-0.48260644498073346
Geo15,2021-05-31,-0.9793047485401725
Geo15,2021-06-07,1.1591852148052786
Geo15,2021-06-14,1.771393143380035
Geo15,2021-06-21,-1.3374624722434716
Geo15,2021-06-28,0.9993644940518973
Geo15,2021-07-05,1.1470993999953722
Geo15,2021-07-12,-0.32697987979315274
Geo15,2021-07-19,0.7305342539210328
Geo15,2021-07-26,-0.2590599492143308
Geo15,2021-08-02,-0.525865520622528
Geo15,2021-08-09,-0.27365014277094757
Geo15,2021-08-16,0.4283965423239782
Geo15,2021-08-23,-0.48622921879559317
Geo15,2021-08-30,0.5031336002594747
Geo15,2021-09-06,0.3350937549286908
Geo15,2021-09-13,0.9120521639089584
Geo15,2021-09-20,0.39657461699416974
Geo15,2021-09-27,0.6200498641019457
Geo15,2021-10-04,0.42171123658977894
Geo15,2021-10-11,-0.19397418351872903
Geo15,2021-10-18,0.7537724564887399
Geo15,2021-10-25,-0.21886943958022845
Geo15,2021-11-01,-0.7983707526405357
Geo15,2021-11-08,1.159803012620471
Geo15,2021-11-15,0.43324957392183416
Geo15,2021-11-22,0.09039035291563567
Geo15,2021-11-29,-0.8461523775027129
Geo15,2021-12-06,-1.9673514400933783
Geo15,2021-12-13,-1.4480025613396608
Geo15,2021-12-20,0.43930919110991806
Geo15,2021-12-27,0.472768675186533
Geo15,2022-01-03,0.6152590300301872
Geo15,2022-01-10,-0.022752516983478202
Geo15,2022-01-17,-0.7738978827637284
Geo15,2022-01-24,-0.3249403579299248
Geo15,2022-01-31,2.5419318370456874
Geo15,2022-02-07,0.8083120282256705
Geo15,2022-02-14,-0.5350020587098694
Geo15,2022-02-21,0.9757972015886444
Geo15,2022-02-28,-0.9646488762526392
Geo15,2022-03-07,0.3526891565652959
Geo15,2022-03-14,-0.36428331023078775
Geo15,2022-03-21,-0.20140841244963245
Geo15,2022-03-28,0.6575301397443803
Geo15,2022-04-04,-0.8422998441698062
Geo15,2022-04-11,0.3750398839845069
Geo15,2022-04-18,-1.6836383531207886
Geo15,2022-04-25,0.0693306883235909
Geo15,2022-05-02,-0.7361284350410044
Geo15,2022-05-09,-0.3076083674579491
Geo15,2022-05-16,-0.6348850194538255
Geo15,2022-05-23,1.2901653140357499
Geo15,2022-05-30,0.05696684128881587
Geo15,2022-06-06,1.209203629803754
Geo15,2022-06-13,0.6001420141443116
Geo15,2022-06-20,0.26629377577165303
Geo15,2022-06-27,-0.41351938246629777
Geo15,2022-07-04,0.8145538284659428
Geo15,2022-07-11,-0.17541031070150823
Geo15,2022-07-18,-0.19584753587193518
Geo15,2022-07-25,1.423977257346229
Geo15,2022-08-01,-0.2202997506001503
Geo15,2022-08-08,0.1914747934827519
Geo15,2022-08-15,0.4919582365498692
Geo15,2022-08-22,1.24662518912491
Geo15,2022-08-29,0.1687694473326565
Geo15,2022-09-05,0.198741460421706
Geo15,2022-09-12,0.37993167299601327
Geo15,2022-09-19,0.036753341548083004
Geo15,2022-09-26,-1.1807567335620346
Geo15,2022-10-03,1.6176074393006843
Geo15,2022-10-10,0.7086033598029802
Geo15,2022-10-17,2.0117573396265027
Geo15,2022-10-24,1.701911080158816
Geo15,2022-10-31,0.2963156861297733
Geo15,2022-11-07,-1.1925813419703633
Geo15,2022-11-14,-0.389093392814385
Geo15,2022-11-21,0.5442482537328321
Geo15,2022-11-28,-1.0951411426478235
Geo15,2022-12-05,-0.3238669864441
Geo15,2022-12-12,1.2826561231610796
Geo15,2022-12-19,-1.0797133712117812
Geo15,2022-12-26,-0.011511242462635032
Geo15,2023-01-02,0.6001779865941067
Geo15,2023-01-09,0.5816739904997709
Geo15,2023-01-16,-0.7403434778357182
Geo15,2023-01-23,0.21985334308603413
Geo15,2023-01-30,-0.23893463999567652
Geo15,2023-02-06,0.04062328090508406
Geo15,2023-02-13,-0.2206597071784237
Geo15,2023-02-20,-0.18848757264383478
Geo15,2023-02-27,1.1884375468181025
Geo15,2023-03-06,2.2735755049308346
Geo15,2023-03-13,1.1929245877493324
Geo15,2023-03-20,-0.23222519790806628
Geo15,2023-03-27,0.9978833574416197
Geo15,2023-04-03,0.6876950115803965
Geo15,2023-04-10,-0.5185303899888024
Geo15,2023-04-17,-1.5535630190227472
Geo15,2023-04-24,-0.8082835994024898
Geo15,2023-05-01,2.0779308657878475
Geo15,2023-05-08,0.6529574611746058
Geo15,2023-05-15,1.6805931101692093
Geo15,2023-05-22,-0.5676102721681048
Geo15,2023-05-29,2.4019196358724413
Geo15,2023-06-05,-0.8059607074670041
Geo15,2023-06-12,-0.287026092086735
Geo15,2023-06-19,-0.5014896603200072
Geo15,2023-06-26,1.2144398260120093
Geo15,2023-07-03,-0.2980464261417392
Geo15,2023-07-10,0.3555381745890767
Geo15,2023-07-17,-1.2761901343466442
Geo15,2023-07-24,-0.5511163237361968
Geo15,2023-07-31,-1.2698872969818804
Geo15,2023-08-07,1.0081255261794408
Geo15,2023-08-14,-0.5719441400873034
Geo15,2023-08-21,-0.06870256395027591
Geo15,2023-08-28,1.5376738708918678
Geo15,2023-09-04,-0.17400367187435478
Geo15,2023-09-11,1.1265129471783755
Geo15,2023-09-18,2.5060299396681383
Geo15,2023-09-25,-0.7880891302481002
Geo15,2023-10-02,-0.18253215951999646
Geo15,2023-10-09,-0.7999324211222903
Geo15,2023-10-16,-0.9343816569949478
Geo15,2023-10-23,-0.2142893344401735
Geo15,2023-10-30,1.382039879134007
Geo15,2023-11-06,1.545943356898984
Geo15,2023-11-13,-0.09474963464618588
Geo15,2023-11-20,-0.5763179258217588
Geo15,2023-11-27,1.7605944460318337
Geo15,2023-12-04,-0.5284750317547691
Geo15,2023-12-11,-0.1371302862720135
Geo15,2023-12-18,0.7581599349621494
Geo15,2023-12-25,1.1592891867892026
Geo15,2024-01-01,-0.41408890757466843
Geo15,2024-01-08,0.6878818362390103
Geo15,2024-01-15,1.170557614707633
Geo16,2021-01-25,-1.6929374787788383
Geo16,2021-02-01,-1.7491098063674695
Geo16,2021-02-08,0.5050805324552953
Geo16,2021-02-15,0.6646882590608131
Geo16,2021-02-22,1.5832884872054986
Geo16,2021-03-01,1.5080711926476789
Geo16,2021-03-08,0.8827672393439823
Geo16,2021-03-15,0.9729990501782751
Geo16,2021-03-22,-2.1201973407803574
Geo16,2021-03-29,-0.23375405293082127
Geo16,2021-04-05,1.1521527030151408
Geo16,2021-04-12,-1.6144663189573927
Geo16,2021-04-19,-1.6049605508932097
Geo16,2021-04-26,-1.4683930913290069
Geo16,2021-05-03,-1.5743024564584411
Geo16,2021-05-10,-0.2265011963604484
Geo16,2021-05-17,0.14082509581191652
Geo16,2021-05-24,-1.1898360421643446
Geo16,2021-05-31,0.7460841770228082
Geo16,2021-06-07,-0.26073781692203557
Geo16,2021-06-14,0.6581153446858352
Geo16,2021-06-21,0.7183026030034376
Geo16,2021-06-28,0.5988546701496194
Geo16,2021-07-05,-2.5352761704807962
Geo16,2021-07-12,-0.6772183510236783
Geo16,2021-07-19,-0.39472963363824104
Geo16,2021-07-26,-2.053123413145053
Geo16,2021-08-02,-0.9014784714619
Geo16,2021-08-09,1.25496407365196
Geo16,2021-08-16,0.882086458231628
Geo16,2021-08-23,0.5362454585709371
Geo16,2021-08-30,-1.382027303463435
Geo16,2021-09-06,-0.5821118034689766
Geo16,2021-09-13,1.1968820774433566
Geo16,2021-09-20,-1.3726513577986812
Geo16,2021-09-27,-1.032803790623432
Geo16,2021-10-04,-0.15754117367172446
Geo16,2021-10-11,1.4434758451681977
Geo16,2021-10-18,-0.9822533811448807
Geo16,2021-10-25,-0.3010532297696585
Geo16,2021-11-01,-0.7667454716122813
Geo16,2021-11-08,-0.7537334501173106
Geo16,2021-11-15,-0.7723255277660995
Geo16,2021-11-22,-0.5009331649994028
Geo16,2021-11-29,0.11319515603291319
Geo16,2021-12-06,-0.07132169292382916
Geo16,2021-12-13,0.5084097744077011
Geo16,2021-12-20,0.2547315626920376
Geo16,2021-12-27,1.3100473611900645
Geo16,2022-01-03,1.0470074653979529
Geo16,2022-01-10,-1.0092035884577288
Geo16,2022-01-17,-0.22302745096182813
Geo16,2022-01-24,0.7831894741262251
Geo16,2022-01-31,-1.3013847329307613
Geo16,2022-02-07,0.1780845439065782
Geo16,2022-02-14,-0.9903835351252896
Geo16,2022-02-21,-0.6649508683299578
Geo16,2022-02-28,-0.8725878492225269
Geo16,2022-03-07,1.1522500173824028
Geo16,2022-03-14,-0.8197969022753129
Geo16,2022-03-21,-0.7037509874201072
Geo16,2022-03-28,-2.24504198448657
Geo16,2022-04-04,-0.8335117264528155
Geo16,2022-04-11,-0.06625819988761053
Geo16,2022-04-18,1.257235021860392
Geo16,2022-04-25,0.776317066396829
Geo16,2022-05-02,-0.27010558314643773
Geo16,2022-05-09,-0.5283674273976832
Geo16,2022-05-16,0.9645117273025059
Geo16,2022-05-23,0.283073113781644
Geo16,2022-05-30,0.1852052710558842
Geo16,2022-06-06,-0.7301196155510212
Geo16,2022-06-13,0.13821124029642992
Geo16,2022-06-20,0.2669424184910154
Geo16,2022-06-27,-0.22241105672608913
Geo16,2022-07-04,-0.39403060608202534
Geo16,2022-07-11,0.49955626427926086
Geo16,2022-07-18,0.35677574376970983
Geo16,2022-07-25,-1.635829045701334
Geo16,2022-08-01,-0.8637146245455466
Geo16,2022-08-08,-0.14480997962883094
Geo16,2022-08-15,0.6863872656678317
Geo16,2022-08-22,0.1798076793406822
Geo16,2022-08-29,1.4182584208344837
Geo16,2022-09-05,-1.3669149275236767
Geo16,2022-09-12,0.5501362455806224
Geo16,2022-09-19,1.023978775410674
Geo16,2022-09-26,1.1909106665280929
Geo16,2022-10-03,0.3424313124143616
Geo16,2022-10-10,0.46128990610437354
Geo16,2022-10-17,1.2995894223772408
Geo16,2022-10-24,-1.1936115879390208
Geo16,2022-10-31,-0.787638488750792
Geo16,2022-11-07,-0.3932128717760892
Geo16,2022-11-14,-0.09323588173087097
Geo16,2022-11-21,0.5950728324977494
Geo16,2022-11-28,1.3401607048974058
Geo16,2022-12-05,1.578546928552356
Geo16,2022-12-12,-0.8041123010777149
Geo16,2022-12-19,0.5671721322701789
Geo16,2022-12-26,0.4591739478041454
Geo16,2023-01-02,1.034088144226969
Geo16,2023-01-09,-1.2649126084022662
Geo16,2023-01-16,-0.8753051012532292
Geo16,2023-01-23,0.9769084032079365
Geo16,2023-01-30,1.289438107712988
Geo16,2023-02-06,-0.04790731086457875
Geo16,2023-02-13,-0.19512675073425764
Geo16,2023-02-20,0.648270234711674
Geo16,2023-02-27,0.04476994290565046
Geo16,2023-03-06,0.009445247048039502
Geo16,2023-03-13,0.14592843740369496
Geo16,2023-03-20,-1.530490437725061
Geo16,2023-03-27,0.26165367625126373
Geo16,2023-04-03,-0.02751135202436734
Geo16,2023-04-10,0.4790090906571618
Geo16,2023-04-17,-0.849918425423006
Geo16,2023-04-24,0.5682614659416415
Geo16,2023-05-01,0.435624500114471
Geo16,2023-05-08,-0.18464049847406236
Geo16,2023-05-15,-0.16351132621154965
Geo16,2023-05-22,-0.34723539864189074
Geo16,2023-05-29,0.34648223268088035
Geo16,2023-06-05,0.08281944104659623
Geo16,2023-06-12,-1.4569829817675424
Geo16,2023-06-19,0.59241220736179
Geo16,2023-06-26,0.598107614597492
Geo16,2023-07-03,-0.18901545041605464
Geo16,2023-07-10,0.13507306168147157
Geo16,2023-07-17,0.011355251234795204
Geo16,2023-07-24,-0.39404423848261155
Geo16,2023-07-31,-0.6349761556501167
Geo16,2023-08-07,-0.1765889929585741
Geo16,2023-08-14,-0.12184987110296286
Geo16,2023-08-21,0.10481877992499226
Geo16,2023-08-28,0.3163382685045299
Geo16,2023-09-04,0.26504793426800405
Geo16,2023-09-11,0.26040410944060266
Geo16,2023-09-18,1.5773405659650912
Geo16,2023-09-25,0.49323670282594767
Geo16,2023-10-02,0.5162062491676063
Geo16,2023-10-09,2.0313477432128866
Geo16,2023-10-16,-0.2541743403628482
Geo16,2023-10-23,1.0193236252043238
Geo16,2023-10-30,-0.4288964143629786
Geo16,2023-11-06,0.01834888246478924
Geo16,2023-11-13,-0.389322184648769
Geo16,2023-11-20,-0.5543635763987326
Geo16,2023-11-27,-0.45614779286416324
Geo16,2023-12-04,-0.26648104242440934
Geo16,2023-12-11,0.9942844707244304
Geo16,2023-12-18,-0.5225222734847721
Geo16,2023-12-25,1.0179159225468621
Geo16,2024-01-01,0.44467641410375136
Geo16,2024-01-08,-1.82017739818683
Geo16,2024-01-15,-0.971928410670083
Geo17,2021-01-25,0.6558726964532755
Geo17,2021-02-01,-1.2117591865144046
Geo17,2021-02-08,-2.3622021261354593
Geo17,2021-02-15,-1.1246312056304324
Geo17,2021-02-22,-0.9812253549537273
Geo17,2021-03-01,-0.06787612378184237
Geo17,2021-03-08,-0.4562138916559351
Geo17,2021-03-15,0.6267744035459172
Geo17,2021-03-22,1.6730829395694207
Geo17,2021-03-29,-2.0351741369612757
Geo17,2021-04-05,-1.3157976543108565
Geo17,2021-04-12,0.44128593301943664
Geo17,2021-04-19,-0.8016396264580513
Geo17,2021-04-26,1.642984477865841
Geo17,2021-05-03,-0.538566604590592
Geo17,2021-05-10,-0.6580153061051922
Geo17,2021-05-17,0.5982929423078484
Geo17,2021-05-24,-0.42572092569513725
Geo17,2021-05-31,0.7218026215108815
Geo17,2021-06-07,-0.42382170139147235
Geo17,2021-06-14,-1.56383647019273
Geo17,2021-06-21,-0.7943738854160748
Geo17,2021-06-28,-0.7782660106131082
Geo17,2021-07-05,0.052679950979731084
Geo17,2021-07-12,0.13674346827430678
Geo17,2021-07-19,-0.05856618878120671
Geo17,2021-07-26,0.34729402474507587
Geo17,2021-08-02,0.32214097744863407
Geo17,2021-08-09,-0.4074476428102179
Geo17,2021-08-16,1.314608717585422
Geo17,2021-08-23,-0.6805633664638512
Geo17,2021-08-30,-0.537578212040855
Geo17,2021-09-06,1.069269301651937
Geo17,2021-09-13,1.4681786872103273
Geo17,2021-09-20,-0.5530877316991882
Geo17,2021-09-27,-0.26949520944932787
Geo17,2021-10-04,-1.254017637906512
Geo17,2021-10-11,0.22630141670865964
Geo17,2021-10-18,0.14551494455639216
Geo17,2021-10-25,0.22247088798159723
Geo17,2021-11-01,-0.7337390074629456
Geo17,2021-11-08,-0.2192041397226481
Geo17,2021-11-15,-0.1763185016858945
Geo17,2021-11-22,-0.72761393802007
Geo17,2021-11-29,1.2416459369119999
Geo17,2021-12-06,-0.056537019688751404
Geo17,2021-12-13,-1.5924110246896432
Geo17,2021-12-20,-0.6738868438235464
Geo17,2021-12-27,-0.513430612547679
Geo17,2022-01-03,-1.5676076100905405
Geo17,2022-01-10,-0.29354697466077095
Geo17,2022-01-17,2.1139860140127578
Geo17,2022-01-24,-1.2876747594743565
Geo17,2022-01-31,0.2166982937783156
Geo17,2022-02-07,0.26616563536730364
Geo17,2022-02-14,-0.18975722931161307
Geo17,2022-02-21,-0.5472158515557215
Geo17,2022-02-28,-1.2795978786961022
Geo17,2022-03-07,-0.010512199809046899
Geo17,2022-03-14,0.5175322560746065
Geo17,2022-03-21,-1.008720454029384
Geo17,2022-03-28,1.32961368599353
Geo17,2022-04-04,0.20650818587235736
Geo17,2022-04-11,-1.205258698455164
Geo17,2022-04-18,-0.9459219953428943
Geo17,2022-04-25,-1.326841743125647
Geo17,2022-05-02,-1.05116671624904
Geo17,2022-05-09,-0.6656513897952213
Geo17,2022-05-16,-0.47405490507939396
Geo17,2022-05-23,1.1128925794038087
Geo17,2022-05-30,-0.9954195897030227
Geo17,2022-06-06,-0.5509302421278024
Geo17,2022-06-13,-1.1160156630948956
Geo17,2022-06-20,-0.8192280596982987
Geo17,2022-06-27,0.3255209632283122
Geo17,2022-07-04,-0.4826935940304341
Geo17,2022-07-11,-1.3261173009281404
Geo17,2022-07-18,-0.6307275095754029
Geo17,2022-07-25,-1.1775045219568567
Geo17,2022-08-01,1.019116704340812
Geo17,2022-08-08,0.21975219935362278
Geo17,2022-08-15,1.341322929695941
Geo17,2022-08-22,-0.44295363507607094
Geo17,2022-08-29,-0.16794640259060717
Geo17,2022-09-05,-0.40463839890755515
Geo17,2022-09-12,-0.4882716771279951
Geo17,2022-09-19,0.09537879338259847
Geo17,2022-09-26,0.05717441636201951
Geo17,2022-10-03,-0.17134303754634905
Geo17,2022-10-10,1.87986854882372
Geo17,2022-10-17,0.10895579038513932
Geo17,2022-10-24,-0.4953325520888942
Geo17,2022-10-31,-0.7099568776882427
Geo17,2022-11-07,0.19325199006714283
Geo17,2022-11-14,-0.5912155631176204
Geo17,2022-11-21,-0.9251864617491291
Geo17,2022-11-28,0.21297923331538746
Geo17,2022-12-05,-1.4104188811365548
Geo17,2022-12-12,0.41573594500098654
Geo17,2022-12-19,-1.9253801302150708
Geo17,2022-12-26,0.3116706760918465
Geo17,2023-01-02,0.1609830443132985
Geo17,2023-01-09,-0.33113106835360817
Geo17,2023-01-16,0.5674493284560488
Geo17,2023-01-23,-0.113966728210872
Geo17,2023-01-30,0.26081657995998575
Geo17,2023-02-06,0.3262184012743982
Geo17,2023-02-13,-1.933280874892894
Geo17,2023-02-20,0.06343369440706773
Geo17,2023-02-27,0.1979710162875597
Geo17,2023-03-06,0.36753658029636743
Geo17,2023-03-13,0.545623476868839
Geo17,2023-03-20,0.15175594911551674
Geo17,2023-03-27,-1.1700487366612742
Geo17,2023-04-03,-0.40841755883529884
Geo17,2023-04-10,0.9345409203241766
Geo17,2023-04-17,0.31912016718672187
Geo17,2023-04-24,-0.25360357089645774
Geo17,2023-05-01,0.593282352467583
Geo17,2023-05-08,0.5988634811461313
Geo17,2023-05-15,0.8568079476697514
Geo17,2023-05-22,0.9031084941481705
Geo17,2023-05-29,-0.268849749318758
Geo17,2023-06-05,-1.2479118571432226
Geo17,2023-06-12,-0.3590612794329801
Geo17,2023-06-19,-0.9891491445276878
Geo17,2023-06-26,-0.7445355920628366
Geo17,2023-07-03,1.0588631605346148
Geo17,2023-07-10,-0.6365788828068887
Geo17,2023-07-17,0.10837530264896465
Geo17,2023-07-24,-0.556059406587839
Geo17,2023-07-31,-1.6724829020229295
Geo17,2023-08-07,-0.22993595496687635
Geo17,2023-08-14,-0.9360626375321541
Geo17,2023-08-21,0.38894417209465815
Geo17,2023-08-28,-0.41553000563424913
Geo17,2023-09-04,0.44117344956163984
Geo17,2023-09-11,-1.0049823079256022
Geo17,2023-09-18,0.9615121794700218
Geo17,2023-09-25,0.26323842596106706
Geo17,2023-10-02,-0.33361362293570257
Geo17,2023-10-09,-1.6572073845037856
Geo17,2023-10-16,1.5388532213686432
Geo17,2023-10-23,-0.09618845375575111
Geo17,2023-10-30,0.6389892136922161
Geo17,2023-11-06,1.2370840626705264
Geo17,2023-11-13,1.0966588205867012
Geo17,2023-11-20,-0.14201713821987508
Geo17,2023-11-27,0.22886112600909828
Geo17,2023-12-04,-2.15185826309436
Geo17,2023-12-11,-1.1681722526956477
Geo17,2023-12-18,-0.15896417210420233
Geo17,2023-12-25,0.2831528709206629
Geo17,2024-01-01,1.9639225232978688
Geo17,2024-01-08,-0.5822166834551518
Geo17,2024-01-15,-0.5900446387473792
Geo18,2021-01-25,-0.9147634996602861
Geo18,2021-02-01,-1.8931143429144963
Geo18,2021-02-08,-0.5044367495866793
Geo18,2021-02-15,-1.0160757922768324
Geo18,2021-02-22,-0.8452682159436938
Geo18,2021-03-01,0.8641361446792147
Geo18,2021-03-08,-1.2341336247022863
Geo18,2021-03-15,-0.046818724388182104
Geo18,2021-03-22,-0.1221482774696684
Geo18,2021-03-29,-0.401950762223351
Geo18,2021-04-05,-0.5030911156362596
Geo18,2021-04-12,-0.9325336522484289
Geo18,2021-04-19,-1.439255259924792
Geo18,2021-04-26,0.7161685685195258
Geo18,2021-05-03,-2.00084617965466
Geo18,2021-05-10,0.28938427490018026
Geo18,2021-05-17,0.5501859050372443
Geo18,2021-05-24,-0.3806494344507463
Geo18,2021-05-31,-1.249696350502265
Geo18,2021-06-07,0.9629975173365918
Geo18,2021-06-14,0.32165983202690845
Geo18,2021-06-21,0.058060782498954515
Geo18,2021-06-28,-0.4630353095449316
Geo18,2021-07-05,-0.38574156074384175
Geo18,2021-07-12,0.24211383691963315
Geo18,2021-07-19,-0.46356711540496304
Geo18,2021-07-26,0.3373508569735038
Geo18,2021-08-02,-2.1829622445894814
Geo18,2021-08-09,0.1824844823703022
Geo18,2021-08-16,0.0263985450925189
Geo18,2021-08-23,-1.471326901349645
Geo18,2021-08-30,0.20250229447185034
Geo18,2021-09-06,-0.05388107475710627
Geo18,2021-09-13,-1.0728726057077012
Geo18,2021-09-20,-1.584129109880005
Geo18,2021-09-27,-0.9457381113033937
Geo18,2021-10-04,0.8939348337047615
Geo18,2021-10-11,-0.30760279366146
Geo18,2021-10-18,-0.7926380450741457
Geo18,2021-10-25,-0.688321796340389
Geo18,2021-11-01,0.6082549637340532
Geo18,2021-11-08,0.5972778512530396
Geo18,2021-11-15,-1.3474473261532236
Geo18,2021-11-22,2.0214901145545836
Geo18,2021-11-29,-0.49432798250452425
Geo18,2021-12-06,-0.19729095150817666
Geo18,2021-12-13,0.2846991937035011
Geo18,2021-12-20,0.24082350658501772
Geo18,2021-12-27,-0.593282139427279
Geo18,2022-01-03,0.02979617908147284
Geo18,2022-01-10,-0.8265436173036513
Geo18,2022-01-17,-1.4126614285402184
Geo18,2022-01-24,-0.010184665710708361
Geo18,2022-01-31,0.5635735737009633
Geo18,2022-02-07,-0.04757515204320958
Geo18,2022-02-14,-1.079317573768442
Geo18,2022-02-21,1.5172427539549562
Geo18,2022-02-28,-1.0588748936042467
Geo18,2022-03-07,-0.21857000057299306
Geo18,2022-03-14,-1.3591381435907997
Geo18,2022-03-21,-0.8006101530281705
Geo18,2022-03-28,-1.6204755111245637
Geo18,2022-04-04,-0.2575697959151508
Geo18,2022-04-11,-0.44483858522825215
Geo18,2022-04-18,-1.0788993893181313
Geo18,2022-04-25,0.11451293121521443
Geo18,2022-05-02,-1.3132171400461186
Geo18,2022-05-09,0.17066811786177716
Geo18,2022-05-16,-0.39368536163385304
Geo18,2022-05-23,-2.3712994158871368
Geo18,2022-05-30,-0.25559380558554157
Geo18,2022-06-06,-0.5983433376319154
Geo18,2022-06-13,-1.9931479163347214
Geo18,2022-06-20,-1.313588277107629
Geo18,2022-06-27,-1.7992609616655075
Geo18,2022-07-04,0.13069618455271131
Geo18,2022-07-11,0.220273364418549
Geo18,2022-07-18,-0.2637244855185309
Geo18,2022-07-25,-0.43835050131537967
Geo18,2022-08-01,-0.27178754302082125
Geo18,2022-08-08,0.2847644572121989
Geo18,2022-08-15,-0.8635530066817486
Geo18,2022-08-22,-0.5673979504113772
Geo18,2022-08-29,1.6668932899112254
Geo18,2022-09-05,0.5086227477871972
Geo18,2022-09-12,-0.16982602264907645
Geo18,2022-09-19,-0.6247805628058588
Geo18,2022-09-26,1.000421552781998
Geo18,2022-10-03,0.11335391420532827
Geo18,2022-10-10,-1.1362842295833917
Geo18,2022-10-17,1.2866570799351935
Geo18,2022-10-24,-0.730554625336311
Geo18,2022-10-31,0.5426533428827625
Geo18,2022-11-07,-0.09927066559542289
Geo18,2022-11-14,1.6355405954918263
Geo18,2022-11-21,-0.19147725718518144
Geo18,2022-11-28,-0.8207231083170973
Geo18,2022-12-05,0.5485302038948989
Geo18,2022-12-12,-0.18097140489950367
Geo18,2022-12-19,-0.1450604868665971
Geo18,2022-12-26,-0.6721104980413232
Geo18,2023-01-02,2.6766565869421965
Geo18,2023-01-09,-0.1734663635017017
Geo18,2023-01-16,0.4622051911612791
Geo18,2023-01-23,-0.46951474407713323
Geo18,2023-01-30,-0.3306484132026745
Geo18,2023-02-06,-0.8141713335101944
Geo18,2023-02-13,-0.39321069410673776
Geo18,2023-02-20,-1.696597530947206
Geo18,2023-02-27,0.918042754453816
Geo18,2023-03-06,-0.6828582708833385
Geo18,2023-03-13,-0.2482612275962663
Geo18,2023-03-20,-2.265841186802391
Geo18,2023-03-27,0.5283640418097245
Geo18,2023-04-03,-0.38439356787142104
Geo18,2023-04-10,-1.0572524794723617
Geo18,2023-04-17,0.07644491006350117
Geo18,2023-04-24,0.12369569036070555
Geo18,2023-05-01,-0.7859339887469481
Geo18,2023-05-08,-2.4699193921930656
Geo18,2023-05-15,-1.745047036774649
Geo18,2023-05-22,0.19661232833748538
Geo18,2023-05-29,-0.2275223716697076
Geo18,2023-06-05,-1.4189398304974354
Geo18,2023-06-12,-0.9913136638261324
Geo18,2023-06-19,0.05370647458732204
Geo18,2023-06-26,-0.03093374363260527
Geo18,2023-07-03,-0.8192983194284178
Geo18,2023-07-10,0.7241218050975416
Geo18,2023-07-17,-0.9841648196505003
Geo18,2023-07-24,-0.43125905757510824
Geo18,2023-07-31,1.2591761628269744
Geo18,2023-08-07,-2.1225676557429853
Geo18,2023-08-14,-0.2968938119812409
Geo18,2023-08-21,-0.6602587497027811
Geo18,2023-08-28,-1.5163982998202543
Geo18,2023-09-04,-1.7438366476856269
Geo18,2023-09-11,0.4428824747427293
Geo18,2023-09-18,-1.3973866222755993
Geo18,2023-09-25,-1.1969153396758672
Geo18,2023-10-02,-0.36110524146653517
Geo18,2023-10-09,1.460865042332954
Geo18,2023-10-16,0.3311660255889982
Geo18,2023-10-23,0.6151962227735863
Geo18,2023-10-30,0.7661703760749314
Geo18,2023-11-06,-0.4586429967788365
Geo18,2023-11-13,1.2821284738979224
Geo18,2023-11-20,0.08141882815409586
Geo18,2023-11-27,0.6071064308219498
Geo18,2023-12-04,-0.5578291143650354
Geo18,2023-12-11,0.09493781014254414
Geo18,2023-12-18,-0.5656827520141147
Geo18,2023-12-25,-0.28846826679811094
Geo18,2024-01-01,-0.416247926369726
Geo18,2024-01-08,0.21674992125620174
Geo18,2024-01-15,-0.5105966812389509
Geo19,2021-01-25,-1.9590670786656181
Geo19,2021-02-01,-1.7846479855181634
Geo19,2021-02-08,-0.4735659307296417
Geo19,2021-02-15,-0.21535377199650785
Geo19,2021-02-22,-1.085364029360927
Geo19,2021-03-01,0.2614680753721861
Geo19,2021-03-08,-1.814373737858567
Geo19,2021-03-15,0.12997933742906528
Geo19,2021-03-22,0.17943221701291232
Geo19,2021-03-29,-1.8327117142908442
Geo19,2021-04-05,-0.26846201907892864
Geo19,2021-04-12,0.8159078442845943
Geo19,2021-04-19,0.21701932534416657
Geo19,2021-04-26,1.3173901754984558
Geo19,2021-05-03,1.1149813794585768
Geo19,2021-05-10,-0.00414967634893514
Geo19,2021-05-17,1.1426595331373364
Geo19,2021-05-24,0.4703820545651277
Geo19,2021-05-31,1.9440876483940746
Geo19,2021-06-07,-0.16605651880388236
Geo19,2021-06-14,-2.100773059731463
Geo19,2021-06-21,1.0971443717904221
Geo19,2021-06-28,0.4105941004480603
Geo19,2021-07-05,0.6878732711485392
Geo19,2021-07-12,1.3755996333617044
Geo19,2021-07-19,0.8422691022623978
Geo19,2021-07-26,-1.8579957041562705
Geo19,2021-08-02,-0.03903740787054828
Geo19,2021-08-09,-1.9821488809874537
Geo19,2021-08-16,0.19030457313487392
Geo19,2021-08-23,-2.0743785273490603
Geo19,2021-08-30,0.27232746262821256
Geo19,2021-09-06,-0.03921304336921265
Geo19,2021-09-13,-0.005956054104185731
Geo19,2021-09-20,0.13259460187964142
Geo19,2021-09-27,0.9644873242960593
Geo19,2021-10-04,-0.6084858600601719
Geo19,2021-10-11,0.69239495889158
Geo19,2021-10-18,0.7348709591413524
Geo19,2021-10-25,-1.703037024260827
Geo19,2021-11-01,0.32581106574469876
Geo19,2021-11-08,0.9291015883225372
Geo19,2021-11-15,-0.9183906215241502
Geo19,2021-11-22,-0.5297205644202252
Geo19,2021-11-29,0.11129601862388677
Geo19,2021-12-06,-0.4801895011017406
Geo19,2021-12-13,0.9783551179100098
Geo19,2021-12-20,-0.12708211235659564
Geo19,2021-12-27,-0.33115129377519853
Geo19,2022-01-03,-2.4187007692558438
Geo19,2022-01-10,1.424515601895837
Geo19,2022-01-17,0.7604663129509298
Geo19,2022-01-24,-2.1470234446151912
Geo19,2022-01-31,-0.2192731485516182
Geo19,2022-02-07,0.08150393979770051
Geo19,2022-02-14,0.18239689976568357
Geo19,2022-02-21,-0.2953538889429925
Geo19,2022-02-28,-0.951147568372621
Geo19,2022-03-07,1.0271199065212413
Geo19,2022-03-14,-1.5540217903539415
Geo19,2022-03-21,-0.0208971140090251
Geo19,2022-03-28,1.703663400908055
Geo19,2022-04-04,0.3791675739750207
Geo19,2022-04-11,-1.3927224466332986
Geo19,2022-04-18,0.15229060384484042
Geo19,2022-04-25,-0.6103370730376553
Geo19,2022-05-02,-0.9698116191484102
Geo19,2022-05-09,-0.02282243479185219
Geo19,2022-05-16,1.1785858855508402
Geo19,2022-05-23,-0.6535426646310356
Geo19,2022-05-30,0.24422911769315464
Geo19,2022-06-06,-0.722965745059853
Geo19,2022-06-13,0.5252507325634861
Geo19,2022-06-20,0.5175427797296968
Geo19,2022-06-27,2.1401750486381435
Geo19,2022-07-04,-0.5945509988823854
Geo19,2022-07-11,-1.617048144402817
Geo19,2022-07-18,-0.4355226888564975
Geo19,2022-07-25,-1.4317841150213775
Geo19,2022-08-01,-0.11707978186936806
Geo19,2022-08-08,1.0599029763710959
Geo19,2022-08-15,-1.6883729422784595
Geo19,2022-08-22,-1.1215497590931334
Geo19,2022-08-29,0.062243321188895244
Geo19,2022-09-05,-0.489188597174129
Geo19,2022-09-12,0.9629017878007328
Geo19,2022-09-19,-0.2416646366666778
Geo19,2022-09-26,-0.1527984471583965
Geo19,2022-10-03,-0.14111850122770286
Geo19,2022-10-10,-1.9896735281647255
Geo19,2022-10-17,0.0913813986329241
Geo19,2022-10-24,-0.9239729772311712
Geo19,2022-10-31,-1.9543661241414516
Geo19,2022-11-07,-1.5328681990193418
Geo19,2022-11-14,-1.1158299334072
Geo19,2022-11-21,-2.2008237103839106
Geo19,2022-11-28,1.1932369986672726
Geo19,2022-12-05,0.3492747085335671
Geo19,2022-12-12,-0.10012206331161559
Geo19,2022-12-19,-1.3669614618787784
Geo19,2022-12-26,-0.9823643697565383
Geo19,2023-01-02,-0.33190645231164995
Geo19,2023-01-09,0.5547511971756452
Geo19,2023-01-16,0.015387549643315169
Geo19,2023-01-23,-0.23080969587897193
Geo19,2023-01-30,-0.9718269809147299
Geo19,2023-02-06,-1.1285045913551184
Geo19,2023-02-13,-1.0912357760478149
Geo19,2023-02-20,-1.3281841821937055
Geo19,2023-02-27,-0.555960656136292
Geo19,2023-03-06,-1.1634951474566457
Geo19,2023-03-13,-0.5853805285101399
Geo19,2023-03-20,-0.29366441625067147
Geo19,2023-03-27,-1.7161458427863512
Geo19,2023-04-03,-1.0274376633140911
Geo19,2023-04-10,-0.9805924521307725
Geo19,2023-04-17,-0.25622774676426474
Geo19,2023-04-24,-0.2523809958583911
Geo19,2023-05-01,1.4499319853555093
Geo19,2023-05-08,-1.094362940163802
Geo19,2023-05-15,1.686547462185894
Geo19,2023-05-22,0.5719167881273866
Geo19,2023-05-29,0.11080394279640517
Geo19,2023-06-05,-0.967508533827844
Geo19,2023-06-12,-0.32300147315204797
Geo19,2023-06-19,0.45106177917302087
Geo19,2023-06-26,1.464332243550854
Geo19,2023-07-03,0.5442886572172339
Geo19,2023-07-10,-0.42004879383123755
Geo19,2023-07-17,0.6145910267564532
Geo19,2023-07-24,-1.2945153388004815
Geo19,2023-07-31,0.07502877030580225
Geo19,2023-08-07,-1.8986593980263649
Geo19,2023-08-14,1.0923551548700912
Geo19,2023-08-21,-2.2164590492631118
Geo19,2023-08-28,-0.3701314435773994
Geo19,2023-09-04,-1.4538315576501293
Geo19,2023-09-11,0.8393333215537107
Geo19,2023-09-18,-0.6126462722521624
Geo19,2023-09-25,0.17362031237883938
Geo19,2023-10-02,-0.9189718119875575
Geo19,2023-10-09,0.1332322995446232
Geo19,2023-10-16,-1.295554330231399
Geo19,2023-10-23,-0.8241153033038384
Geo19,2023-10-30,-0.4030970038979126
Geo19,2023-11-06,0.954486105425912
Geo19,2023-11-13,-0.15220465836808078
Geo19,2023-11-20,1.434237063800812
Geo19,2023-11-27,-0.5242497409602461
Geo19,2023-12-04,-0.10579093988137536
Geo19,2023-12-11,0.5675896333733729
Geo19,2023-12-18,-0.7327540892591511
Geo19,2023-12-25,-1.3811747831351435
Geo19,2024-01-01,-0.5977235540291455
Geo19,2024-01-08,-0.24985743981692768
Geo19,2024-01-15,-0.35101014764264016
Geo20,2021-01-25,0.005106419959781536
Geo20,2021-02-01,0.6526994243606529
Geo20,2021-02-08,-0.16122053264788175
Geo20,2021-02-15,1.9179779762300049
Geo20,2021-02-22,-1.7412494173024577
Geo20,2021-03-01,-0.010202633495252527
Geo20,2021-03-08,0.8808124449642186
Geo20,2021-03-15,-1.4775524544028793
Geo20,2021-03-22,-1.371755141755031
Geo20,2021-03-29,-1.0925641540059121
Geo20,2021-04-05,0.5014855904633871
Geo20,2021-04-12,0.41691824311979286
Geo20,2021-04-19,-0.16373872983935045
Geo20,2021-04-26,-0.9868788643074723
Geo20,2021-05-03,0.18956703479451253
Geo20,2021-05-10,0.10912781044229103
Geo20,2021-05-17,-0.8533777281034249
Geo20,2021-05-24,0.0806531790384686
Geo20,2021-05-31,0.7138937525610607
Geo20,2021-06-07,-1.3830722707606957
Geo20,2021-06-14,-0.6634645332481175
Geo20,2021-06-21,-0.12066597606971305
Geo20,2021-06-28,-1.0459406803517646
Geo20,2021-07-05,1.6737606376196454
Geo20,2021-07-12,0.20754805345438143
Geo20,2021-07-19,0.3713492188589473
Geo20,2021-07-26,0.4847108214293938
Geo20,2021-08-02,-0.21833059125743773
Geo20,2021-08-09,0.933407852212423
Geo20,2021-08-16,0.31181597875905187
Geo20,2021-08-23,-0.1917604905493287
Geo20,2021-08-30,0.22989529658153007
Geo20,2021-09-06,-0.8230587238738348
Geo20,2021-09-13,-0.6155181486782464
Geo20,2021-09-20,-0.3504887170705228
Geo20,2021-09-27,-0.9865994394349205
Geo20,2021-10-04,-0.697212676620388
Geo20,2021-10-11,0.9555324549984638
Geo20,2021-10-18,-1.467108176734512
Geo20,2021-10-25,-1.042286792531413
Geo20,2021-11-01,-1.0523127762255777
Geo20,2021-11-08,-0.2738020506898257
Geo20,2021-11-15,0.5486153460043214
Geo20,2021-11-22,2.1692956301632176
Geo20,2021-11-29,0.3152216450879918
Geo20,2021-12-06,1.102560819149829
Geo20,2021-12-13,1.7422658336877161
Geo20,2021-12-20,0.8927869533103888
Geo20,2021-12-27,-0.2196754288734219
Geo20,2022-01-03,0.1959297134316752
Geo20,2022-01-10,-0.061393607480610554
Geo20,2022-01-17,-1.3925614719657882
Geo20,2022-01-24,-0.14519380142662536
Geo20,2022-01-31,-0.4201807660680847
Geo20,2022-02-07,0.7056453777014854
Geo20,2022-02-14,-1.3574268864693468
Geo20,2022-02-21,0.10276962958979721
Geo20,2022-02-28,-1.1847573546997596
Geo20,2022-03-07,0.09966700150292065
Geo20,2022-03-14,-0.43188990511879316
Geo20,2022-03-21,0.21421967367598527
Geo20,2022-03-28,-0.1370730512070285
Geo20,2022-04-04,0.743739083842713
Geo20,2022-04-11,0.7317659810542517
Geo20,2022-04-18,-0.811473976680374
Geo20,2022-04-25,-1.3383335094385644
Geo20,2022-05-02,-0.7731331734939016
Geo20,2022-05-09,-0.2986095820308317
Geo20,2022-05-16,-1.2483140037417064
Geo20,2022-05-23,-0.5479715429677228
Geo20,2022-05-30,-0.6847480503010845
Geo20,2022-06-06,-0.5318987094536107
Geo20,2022-06-13,-0.7723071272283144
Geo20,2022-06-20,0.2888117779587103
Geo20,2022-06-27,0.06838490913111452
Geo20,2022-07-04,-0.14928622325218927
Geo20,2022-07-11,1.8140892703952263
Geo20,2022-07-18,-0.3052365055172889
Geo20,2022-07-25,0.012960676437749397
Geo20,2022-08-01,0.4073778796140923
Geo20,2022-08-08,-0.030256006441291013
Geo20,2022-08-15,-1.1232889427460944
Geo20,2022-08-22,-0.7264127163578323
Geo20,2022-08-29,1.3677724110366407
Geo20,2022-09-05,-0.3780947138101748
Geo20,2022-09-12,-1.069606336609968
Geo20,2022-09-19,-1.2257082785518703
Geo20,2022-09-26,-0.3355586019738388
Geo20,2022-10-03,0.11844047359913137
Geo20,2022-10-10,-0.17671821194746543
Geo20,2022-10-17,1.5888123841369084
Geo20,2022-10-24,-0.9794492268133974
Geo20,2022-10-31,0.8821696514880422
Geo20,2022-11-07,0.28543815834553593
Geo20,2022-11-14,0.9257121426440319
Geo20,2022-11-21,1.0092742351141397
Geo20,2022-11-28,-1.3316933737096424
Geo20,2022-12-05,1.3597860321340254
Geo20,2022-12-12,-1.6012218549881478
Geo20,2022-12-19,0.09993630635996766
Geo20,2022-12-26,1.145403061455188
Geo20,2023-01-02,0.28672733587624316
Geo20,2023-01-09,-0.22334787005553258
Geo20,2023-01-16,1.026244376669686
Geo20,2023-01-23,-0.39813318784449775
Geo20,2023-01-30,-1.2024916979816966
Geo20,2023-02-06,0.9991893585519673
Geo20,2023-02-13,1.678163968810443
Geo20,2023-02-20,0.511024267299837
Geo20,2023-02-27,-0.8209201678195707
Geo20,2023-03-06,-0.868773363913334
Geo20,2023-03-13,-1.6562394598362953
Geo20,2023-03-20,-0.5743929356702182
Geo20,2023-03-27,-0.23228749819640074
Geo20,2023-04-03,-0.3313081954617817
Geo20,2023-04-10,0.15264921823264557
Geo20,2023-04-17,-1.1061246936709332
Geo20,2023-04-24,-0.4220448167017785
Geo20,2023-05-01,0.3857075530796046
Geo20,2023-05-08,-2.166325404228968
Geo20,2023-05-15,-0.09416840213938912
Geo20,2023-05-22,0.4902267921026467
Geo20,2023-05-29,-0.5307773555133597
Geo20,2023-06-05,-0.15697968392824596
Geo20,2023-06-12,-0.6804695326348473
Geo20,2023-06-19,-2.2343756493777853
Geo20,2023-06-26,-0.7397123845120605
Geo20,2023-07-03,0.009819254958104054
Geo20,2023-07-10,1.2560328220623957
Geo20,2023-07-17,-0.9778894794237052
Geo20,2023-07-24,0.5738493235542421
Geo20,2023-07-31,1.6213195606078905
Geo20,2023-08-07,0.2563324315303664
Geo20,2023-08-14,-0.45693863016266595
Geo20,2023-08-21,0.5739853815404746
Geo20,2023-08-28,-1.998457847927609
Geo20,2023-09-04,0.15957974218424972
Geo20,2023-09-11,-1.2902070729261688
Geo20,2023-09-18,-1.077635725578479
Geo20,2023-09-25,-0.47754466839988857
Geo20,2023-10-02,-0.08714539249053188
Geo20,2023-10-09,-0.32645986470031035
Geo20,2023-10-16,1.0544443620971673
Geo20,2023-10-23,0.4497267711635877
Geo20,2023-10-30,-0.6092395223920827
Geo20,2023-11-06,-0.5024514321151509
Geo20,2023-11-13,0.1041552283793428
Geo20,2023-11-20,0.09014266135510285
Geo20,2023-11-27,0.021815971116076725
Geo20,2023-12-04,-0.11404467481409188
Geo20,2023-12-11,0.549693127655593
Geo20,2023-12-18,0.15117253930355593
Geo20,2023-12-25,-0.387743867482553
Geo20,2024-01-01,-0.7268984771020673
Geo20,2024-01-08,-0.09857904223027371
Geo20,2024-01-15,0.594048874502018
Geo21,2021-01-25,-0.6078622411765191
Geo21,2021-02-01,0.9735662775991538
Geo21,2021-02-08,-0.16585673949827173
Geo21,2021-02-15,0.16405494972284068
Geo21,2021-02-22,-1.7282522889108891
Geo21,2021-03-01,-2.543392010707295
Geo21,2021-03-08,-0.09745086333489204
Geo21,2021-03-15,-1.2787898006783975
Geo21,2021-03-22,-0.18948984667172325
Geo21,2021-03-29,-1.7544904945847124
Geo21,2021-04-05,-0.6199858762856417
Geo21,2021-04-12,0.13605449234468117
Geo21,2021-04-19,-0.9860796935295707
Geo21,2021-04-26,-0.6890366236460552
Geo21,2021-05-03,-0.19720056464055646
Geo21,2021-05-10,1.0251053119862665
Geo21,2021-05-17,-0.512641780057877
Geo21,2021-05-24,1.425735187083186
Geo21,2021-05-31,-1.7047817792808637
Geo21,2021-06-07,0.43301081523592494
Geo21,2021-06-14,-1.68710704422747
Geo21,2021-06-21,-1.3609563253384984
Geo21,2021-06-28,1.298451452684072
Geo21,2021-07-05,0.5535478129245321
Geo21,2021-07-12,-0.9190950246147777
Geo21,2021-07-19,-0.32316031068780576
Geo21,2021-07-26,-0.34139076423818215
Geo21,2021-08-02,-1.657919016279746
Geo21,2021-08-09,-0.44967223742648044
Geo21,2021-08-16,-0.29333293051971754
Geo21,2021-08-23,-0.6524482140330076
Geo21,2021-08-30,-1.2941267538193493
Geo21,2021-09-06,-0.10577800854407614
Geo21,2021-09-13,-1.4104707443611255
Geo21,2021-09-20,-2.372680637596129
Geo21,2021-09-27,-0.1475778887678678
Geo21,2021-10-04,-0.027639204755156653
Geo21,2021-10-11,-1.2671465995639928
Geo21,2021-10-18,-1.6991159129243054
Geo21,2021-10-25,-0.8191215924856525
Geo21,2021-11-01,-0.6730472991602878
Geo21,2021-11-08,-1.8820581591066547
Geo21,2021-11-15,-0.38322885276199553
Geo21,2021-11-22,0.2635977601594985
Geo21,2021-11-29,-2.283168270081181
Geo21,2021-12-06,-0.6422799948116644
Geo21,2021-12-13,0.11576956435091318
Geo21,2021-12-20,-0.06727819334438503
Geo21,2021-12-27,-0.4979907366584268
Geo21,2022-01-03,-0.8991802925945537
Geo21,2022-01-10,-0.07833482629734492
Geo21,2022-01-17,1.9415480864501096
Geo21,2022-01-24,0.4955795952537601
Geo21,2022-01-31,-2.0042560291435407
Geo21,2022-02-07,-0.8302206791053032
Geo21,2022-02-14,-1.8944049023854599
Geo21,2022-02-21,0.31372223837247276
Geo21,2022-02-28,0.17564536677832662
Geo21,2022-03-07,-0.6354172180788695
Geo21,2022-03-14,0.4453353977007177
Geo21,2022-03-21,0.12357537853313387
Geo21,2022-03-28,0.012801592085639213
Geo21,2022-04-04,-0.512833387606875
Geo21,2022-04-11,-1.0304992480126312
Geo21,2022-04-18,-0.6862585972100296
Geo21,2022-04-25,1.5786838611435745
Geo21,2022-05-02,-0.36396422789103056
Geo21,2022-05-09,0.45884160722173845
Geo21,2022-05-16,2.253008563054053
Geo21,2022-05-23,-0.5111474109903598
Geo21,2022-05-30,0.027792547843060653
Geo21,2022-06-06,-1.1322458282872099
Geo21,2022-06-13,0.23767158893585294
Geo21,2022-06-20,-0.8585327463969734
Geo21,2022-06-27,-1.796231930260693
Geo21,2022-07-04,-0.22038281387375133
Geo21,2022-07-11,1.032046203465773
Geo21,2022-07-18,-0.1627876224209693
Geo21,2022-07-25,-0.3607920899158917
Geo21,2022-08-01,0.36979192806883093
Geo21,2022-08-08,-0.8512209513828118
Geo21,2022-08-15,-2.3017832123395534
Geo21,2022-08-22,-0.8699854720601589
Geo21,2022-08-29,-1.158864984863472
Geo21,2022-09-05,-0.28514814660617
Geo21,2022-09-12,-0.36831686082461906
Geo21,2022-09-19,-0.8700945779835543
Geo21,2022-09-26,0.5174936119506776
Geo21,2022-10-03,0.7097993822534675
Geo21,2022-10-10,-2.4116952742605577
Geo21,2022-10-17,0.08024093977069101
Geo21,2022-10-24,0.21919405504533587
Geo21,2022-10-31,0.6060349792010735
Geo21,2022-11-07,-1.169839399215274
Geo21,2022-11-14,-0.29094165698724533
Geo21,2022-11-21,-2.1444776599789073
Geo21,2022-11-28,-0.5707950957154212
Geo21,2022-12-05,-1.4361457313901835
Geo21,2022-12-12,-1.551143233136749
Geo21,2022-12-19,-0.9419284462199962
Geo21,2022-12-26,-1.297188087724425
Geo21,2023-01-02,-0.5439788126134912
Geo21,2023-01-09,0.1346905975461271
Geo21,2023-01-16,-0.3416191649649789
Geo21,2023-01-23,-1.4880804339508549
Geo21,2023-01-30,-1.3289380529447186
Geo21,2023-02-06,0.42425913335983256
Geo21,2023-02-13,-0.7540111114430375
Geo21,2023-02-20,-0.9978884639440697
Geo21,2023-02-27,-0.5623714391706266
Geo21,2023-03-06,1.496170631538832
Geo21,2023-03-13,-0.05664241774055359
Geo21,2023-03-20,0.8244854155987444
Geo21,2023-03-27,-1.0785446286555331
Geo21,2023-04-03,-0.812196408862822
Geo21,2023-04-10,0.8013351481277899
Geo21,2023-04-17,0.615450919448655
Geo21,2023-04-24,0.9579113464946878
Geo21,2023-05-01,-0.9016342560415059
Geo21,2023-05-08,1.2579967876454903
Geo21,2023-05-15,0.33255779818541575
Geo21,2023-05-22,-1.4216018127430168
Geo21,2023-05-29,-0.4447034602769857
Geo21,2023-06-05,-0.729287652596743
Geo21,2023-06-12,-0.632616408175053
Geo21,2023-06-19,-0.4611341613841155
Geo21,2023-06-26,-1.790965694419918
Geo21,2023-07-03,-0.5039297216040294
Geo21,2023-07-10,-0.15758648220245336
Geo21,2023-07-17,-1.5053774728829223
Geo21,2023-07-24,-0.4215367773882441
Geo21,2023-07-31,0.43613427300659163
Geo21,2023-08-07,-0.4557487722521613
Geo21,2023-08-14,-0.7555485002261347
Geo21,2023-08-21,1.4100836522720552
Geo21,2023-08-28,-1.1812311331106469
Geo21,2023-09-04,-0.1457996461824112
Geo21,2023-09-11,-1.700250133386062
Geo21,2023-09-18,0.045918565373377615
Geo21,2023-09-25,-1.3531060763184746
Geo21,2023-10-02,-0.6226743254849498
Geo21,2023-10-09,-2.1662826273573184
Geo21,2023-10-16,-2.15346595029069
Geo21,2023-10-23,-0.7010524264417833
Geo21,2023-10-30,-0.7921318153991794
Geo21,2023-11-06,-0.6338877539802211
Geo21,2023-11-13,1.1722457583944603
Geo21,2023-11-20,-0.5203788193000586
Geo21,2023-11-27,-0.41118261110679516
Geo21,2023-12-04,-1.7531812235039672
Geo21,2023-12-11,0.6136466386142948
Geo21,2023-12-18,0.022763486486864878
Geo21,2023-12-25,-1.98451111179008
Geo21,2024-01-01,-2.172978023433574
Geo21,2024-01-08,-0.13479339158059112
Geo21,2024-01-15,0.1483405834850075
Geo22,2021-01-25,-1.145923346431323
Geo22,2021-02-01,-0.8537957272921692
Geo22,2021-02-08,2.938465908776271
Geo22,2021-02-15,0.3942988377341524
Geo22,2021-02-22,0.3825376783417532
Geo22,2021-03-01,0.36958281235306445
Geo22,2021-03-08,2.258486001958834
Geo22,2021-03-15,-0.1928582828441118
Geo22,2021-03-22,0.14340959507405301
Geo22,2021-03-29,-0.8621660762967492
Geo22,2021-04-05,0.18954051707332417
Geo22,2021-04-12,-0.11877069858917334
Geo22,2021-04-19,1.9735096762461966
Geo22,2021-04-26,-0.6020797621582882
Geo22,2021-05-03,0.8685106894500777
Geo22,2021-05-10,-1.0438287860326496
Geo22,2021-05-17,1.9864960364243625
Geo22,2021-05-24,0.8634961999645064
Geo22,2021-05-31,1.6533101722069459
Geo22,2021-06-07,0.49906272272877555
Geo22,2021-06-14,-0.2824872894174403
Geo22,2021-06-21,1.3764789352290288
Geo22,2021-06-28,0.29198420208461884
Geo22,2021-07-05,0.02543504982010771
Geo22,2021-07-12,0.9568200126692072
Geo22,2021-07-19,-1.072638864008058
Geo22,2021-07-26,1.248617134856589
Geo22,2021-08-02,-0.8442309035403367
Geo22,2021-08-09,0.37466029021759056
Geo22,2021-08-16,0.2711219900842157
Geo22,2021-08-23,0.057507272897055615
Geo22,2021-08-30,-1.4594918640987529
Geo22,2021-09-06,0.7285624177524663
Geo22,2021-09-13,-1.5703271374887506
Geo22,2021-09-20,1.3003332825068388
Geo22,2021-09-27,1.0720929709867626
Geo22,2021-10-04,-2.5690515167915833
Geo22,2021-10-11,-0.5558071163063688
Geo22,2021-10-18,-1.258729964044865
Geo22,2021-10-25,0.8922046899750762
Geo22,2021-11-01,0.48167677791081015
Geo22,2021-11-08,-0.658955963901572
Geo22,2021-11-15,-1.0158456225687635
Geo22,2021-11-22,0.36774731562730273
Geo22,2021-11-29,1.4625268220134888
Geo22,2021-12-06,0.031974895080184716
Geo22,2021-12-13,1.2149129750590382
Geo22,2021-12-20,2.0804339858238725
Geo22,2021-12-27,-0.4085959772548853
Geo22,2022-01-03,0.3565138759463905
Geo22,2022-01-10,1.5900187576973095
Geo22,2022-01-17,0.7371922097447535
Geo22,2022-01-24,-0.14629738834337794
Geo22,2022-01-31,0.9017201600275447
Geo22,2022-02-07,0.7704658209276195
Geo22,2022-02-14,0.5819884599246778
Geo22,2022-02-21,-1.1595526489654058
Geo22,2022-02-28,-0.5947247166888725
Geo22,2022-03-07,3.1692015586992093
Geo22,2022-03-14,-0.6036581203492314
Geo22,2022-03-21,1.596579150995643
Geo22,2022-03-28,1.6963239375989179
Geo22,2022-04-04,2.935171693372032
Geo22,2022-04-11,0.7011751473980213
Geo22,2022-04-18,1.772855202104465
Geo22,2022-04-25,0.5580693911675605
Geo22,2022-05-02,-1.3085076827403295
Geo22,2022-05-09,0.31593898986150926
Geo22,2022-05-16,2.4515161937186662
Geo22,2022-05-23,1.6275667449130284
Geo22,2022-05-30,-2.1253182053499535
Geo22,2022-06-06,-0.0021287032180550562
Geo22,2022-06-13,2.9944871584978885
Geo22,2022-06-20,1.4433195912625745
Geo22,2022-06-27,1.8689950562390223
Geo22,2022-07-04,1.1329693188691565
Geo22,2022-07-11,0.7932242135798505
Geo22,2022-07-18,1.1004953528386312
Geo22,2022-07-25,1.2643592366140273
Geo22,2022-08-01,-1.864595785399145
Geo22,2022-08-08,0.8083222207549277
Geo22,2022-08-15,-0.07315981479176063
Geo22,2022-08-22,-0.1953722489078225
Geo22,2022-08-29,0.8187348911320205
Geo22,2022-09-05,-1.5977865372186086
Geo22,2022-09-12,-2.0954454289249718
Geo22,2022-09-19,-1.5676749042517246
Geo22,2022-09-26,-0.8924944046502569
Geo22,2022-10-03,1.2394657683605177
Geo22,2022-10-10,-1.539432681875613
Geo22,2022-10-17,0.21432798049395838
Geo22,2022-10-24,-0.3203381201502677
Geo22,2022-10-31,0.9889210414072624
Geo22,2022-11-07,-1.0817740993339093
Geo22,2022-11-14,0.3459598657921309
Geo22,2022-11-21,0.5385068905963221
Geo22,2022-11-28,-2.252429099748646
Geo22,2022-12-05,-0.023773469011875038
Geo22,2022-12-12,0.5731739276258221
Geo22,2022-12-19,-1.0746798411163858
Geo22,2022-12-26,1.1179988247539145
Geo22,2023-01-02,-1.114282824195504
Geo22,2023-01-09,-0.25371350657502717
Geo22,2023-01-16,0.4900334922357995
Geo22,2023-01-23,-1.3592513512715945
Geo22,2023-01-30,1.14850094726277
Geo22,2023-02-06,1.8328186025674962
Geo22,2023-02-13,1.4283594671853312
Geo22,2023-02-20,0.13528159769825623
Geo22,2023-02-27,-0.17116377927544643
Geo22,2023-03-06,-0.9413117426044015
Geo22,2023-03-13,-1.4251592799984836
Geo22,2023-03-20,1.645589102803726
Geo22,2023-03-27,-0.9978451569805076
Geo22,2023-04-03,0.7122491957541394
Geo22,2023-04-10,1.7553413601511831
Geo22,2023-04-17,1.0473669596431572
Geo22,2023-04-24,0.16642627848754676
Geo22,2023-05-01,-0.18772338569511166
Geo22,2023-05-08,1.1800661907042282
Geo22,2023-05-15,2.0790278854863513
Geo22,2023-05-22,0.5752529282068114
Geo22,2023-05-29,-0.31137034173432065
Geo22,2023-06-05,-1.3603067906945685
Geo22,2023-06-12,1.4484446944867981
Geo22,2023-06-19,-0.6066379699719188
Geo22,2023-06-26,0.1609992919349179
Geo22,2023-07-03,-0.9717812186973352
Geo22,2023-07-10,1.3286557766585696
Geo22,2023-07-17,-0.39456819640881724
Geo22,2023-07-24,-0.8625449667591816
Geo22,2023-07-31,1.0054539545809682
Geo22,2023-08-07,0.2121710125902384
Geo22,2023-08-14,2.8903527732173315
Geo22,2023-08-21,-1.8163061671564875
Geo22,2023-08-28,1.7609550073877875
Geo22,2023-09-04,-2.3358079691975413
Geo22,2023-09-11,-0.06002366517583616
Geo22,2023-09-18,-0.057393708316733114
Geo22,2023-09-25,-2.0227864902383144
Geo22,2023-10-02,-0.8071570575064454
Geo22,2023-10-09,0.6316501878247499
Geo22,2023-10-16,0.2498307657710536
Geo22,2023-10-23,-0.7839216431062763
Geo22,2023-10-30,0.6524751445034541
Geo22,2023-11-06,-0.4857379217759087
Geo22,2023-11-13,0.8901921344523744
Geo22,2023-11-20,0.29899204331882023
Geo22,2023-11-27,0.4146913254207646
Geo22,2023-12-04,0.568281574143346
Geo22,2023-12-11,-1.2905204677561828
Geo22,2023-12-18,0.6747277097466396
Geo22,2023-12-25,0.5329408687194149
Geo22,2024-01-01,-1.243593357283904
Geo22,2024-01-08,2.5033548614474928
Geo22,2024-01-15,-2.3258135186121796
Geo23,2021-01-25,0.45145703687015615
Geo23,2021-02-01,-0.32985315554421946
Geo23,2021-02-08,1.0383385866759278
Geo23,2021-02-15,0.8226379382044915
Geo23,2021-02-22,-0.25884911069107897
Geo23,2021-03-01,-0.06101945616673745
Geo23,2021-03-08,-0.717619820227964
Geo23,2021-03-15,-1.2906372525576884
Geo23,2021-03-22,-0.41366222095365257
Geo23,2021-03-29,0.22731931835825053
Geo23,2021-04-05,-0.4197297124187619
Geo23,2021-04-12,0.2247971075920254
Geo23,2021-04-19,0.37383850152015463
Geo23,2021-04-26,0.11024061704406872
Geo23,2021-05-03,0.9702598045071454
Geo23,2021-05-10,-0.4975159984274276
Geo23,2021-05-17,-1.3858528802519992
Geo23,2021-05-24,0.08996675172550317
Geo23,2021-05-31,0.07896790556690905
Geo23,2021-06-07,2.0484352656156624
Geo23,2021-06-14,-0.7777543300726216
Geo23,2021-06-21,-0.5510110883868321
Geo23,2021-06-28,-0.5394316287308477
Geo23,2021-07-05,-0.5026403548374965
Geo23,2021-07-12,-0.1459839585194534
Geo23,2021-07-19,0.3615465438604477
Geo23,2021-07-26,-0.10168588285956769
Geo23,2021-08-02,-0.38978646109933823
Geo23,2021-08-09,-1.3506882891599234
Geo23,2021-08-16,-0.5420514661987117
Geo23,2021-08-23,-0.5969966423887171
Geo23,2021-08-30,0.009834690686522773
Geo23,2021-09-06,-0.10498524720457103
Geo23,2021-09-13,0.4571251756167004
Geo23,2021-09-20,-1.4465577101691627
Geo23,2021-09-27,-1.5831022429484782
Geo23,2021-10-04,-0.07670374066493564
Geo23,2021-10-11,0.15806193904019522
Geo23,2021-10-18,-0.12328341828437178
Geo23,2021-10-25,-0.4716661526819867
Geo23,2021-11-01,0.024330084610563563
Geo23,2021-11-08,0.7960014496292069
Geo23,2021-11-15,1.0588469490801429
Geo23,2021-11-22,1.1542834029051787
Geo23,2021-11-29,-0.5043117497031139
Geo23,2021-12-06,-1.1946970642523682
Geo23,2021-12-13,0.36637995018276626
Geo23,2021-12-20,-0.5382898627424896
Geo23,2021-12-27,0.7072952873309826
Geo23,2022-01-03,0.030665687626960772
Geo23,2022-01-10,-0.7624698807972798
Geo23,2022-01-17,0.6967442051548633
Geo23,2022-01-24,-0.7356569564860849
Geo23,2022-01-31,0.4890711414152106
Geo23,2022-02-07,-0.6926056719153317
Geo23,2022-02-14,-1.1589028050599373
Geo23,2022-02-21,0.3560247647489797
Geo23,2022-02-28,2.8535178011312157
Geo23,2022-03-07,-0.05322122180816121
Geo23,2022-03-14,0.05916978947972305
Geo23,2022-03-21,1.392216240779453
Geo23,2022-03-28,1.783929951402104
Geo23,2022-04-04,0.16286768178313665
Geo23,2022-04-11,-0.16977077674937524
Geo23,2022-04-18,-0.5525338719306797
Geo23,2022-04-25,0.2929859007392607
Geo23,2022-05-02,-1.7253479660183033
Geo23,2022-05-09,0.18040092272620947
Geo23,2022-05-16,-0.07973418928483196
Geo23,2022-05-23,-1.5088980687996114
Geo23,2022-05-30,1.0363455222826703
Geo23,2022-06-06,0.12244250723603639
Geo23,2022-06-13,0.5326837393116954
Geo23,2022-06-20,0.12586667935776408
Geo23,2022-06-27,0.3296957922421191
Geo23,2022-07-04,-0.6914164596716468
Geo23,2022-07-11,0.5062872162040304
Geo23,2022-07-18,0.1063471290815143
Geo23,2022-07-25,-0.4931766764995642
Geo23,2022-08-01,0.8440543736852343
Geo23,2022-08-08,0.007073801130788753
Geo23,2022-08-15,0.41480247252605185
Geo23,2022-08-22,0.01621918747112126
Geo23,2022-08-29,-0.750534493808962
Geo23,2022-09-05,-0.4975364244424328
Geo23,2022-09-12,-1.0871486268683401
Geo23,2022-09-19,-0.8275743456787392
Geo23,2022-09-26,0.7417023466854664
Geo23,2022-10-03,-1.3734185838263115
Geo23,2022-10-10,-0.44967521542487887
Geo23,2022-10-17,0.09624767092220159
Geo23,2022-10-24,0.5882720937222171
Geo23,2022-10-31,1.0262206522306743
Geo23,2022-11-07,-0.6299241827508207
Geo23,2022-11-14,-1.0748574733824525
Geo23,2022-11-21,-0.8615958841043463
Geo23,2022-11-28,-0.07215276018788508
Geo23,2022-12-05,0.7002992967743406
Geo23,2022-12-12,-0.18700454336221525
Geo23,2022-12-19,-0.9870870477401329
Geo23,2022-12-26,-0.5431214998824061
Geo23,2023-01-02,-2.101112899373654
Geo23,2023-01-09,0.6046289892027105
Geo23,2023-01-16,-0.7054316009909211
Geo23,2023-01-23,-0.8286257225298305
Geo23,2023-01-30,-1.1711252821016738
Geo23,2023-02-06,-0.43296271428157945
Geo23,2023-02-13,0.8860759940980117
Geo23,2023-02-20,-0.8873096636395955
Geo23,2023-02-27,0.9845268130665619
Geo23,2023-03-06,-0.29206341943707365
Geo23,2023-03-13,0.7781188755791171
Geo23,2023-03-20,1.342360037351476
Geo23,2023-03-27,1.64872227717966
Geo23,2023-04-03,-1.1414480514816083
Geo23,2023-04-10,-0.6052288089400797
Geo23,2023-04-17,-1.301486361551166
Geo23,2023-04-24,-1.418705149944635
Geo23,2023-05-01,0.9157480780056348
Geo23,2023-05-08,0.24079727156636604
Geo23,2023-05-15,0.03687262283230199
Geo23,2023-05-22,-0.5211651420995196
Geo23,2023-05-29,0.1311793732762661
Geo23,2023-06-05,-0.6492045717332702
Geo23,2023-06-12,-0.10074113945688905
Geo23,2023-06-19,-0.1103664567324604
Geo23,2023-06-26,0.6636617809152011
Geo23,2023-07-03,0.08484159114161523
Geo23,2023-07-10,-1.2898779516376944
Geo23,2023-07-17,-1.665119287419429
Geo23,2023-07-24,0.03628718429199721
Geo23,2023-07-31,-0.3136815417116467
Geo23,2023-08-07,-0.06264871232423398
Geo23,2023-08-14,0.03850380900696437
Geo23,2023-08-21,-1.2830390966453042
Geo23,2023-08-28,0.6492291125490501
Geo23,2023-09-04,1.4666531428315672
Geo23,2023-09-11,-0.2923381252136782
Geo23,2023-09-18,0.10116985803414869
Geo23,2023-09-25,-0.8424597639050434
Geo23,2023-10-02,-1.778762397343652
Geo23,2023-10-09,0.661163695363549
Geo23,2023-10-16,-0.7446598432256729
Geo23,2023-10-23,1.1149184511211798
Geo23,2023-10-30,-0.3139353389689546
Geo23,2023-11-06,-1.4055998508842906
Geo23,2023-11-13,-0.9426328015245781
Geo23,2023-11-20,0.2608765268207094
Geo23,2023-11-27,-2.031235904127982
Geo23,2023-12-04,0.7718669066399062
Geo23,2023-12-11,0.4269442105163509
Geo23,2023-12-18,0.18684235501720023
Geo23,2023-12-25,-0.44867964823683315
Geo23,2024-01-01,0.9993171779474486
Geo23,2024-01-08,-0.8514089318335155
Geo23,2024-01-15,-0.4197576976676665
Geo24,2021-01-25,-1.2678063341235442
Geo24,2021-02-01,-0.8037389296830817
Geo24,2021-02-08,-0.6045636077614707
Geo24,2021-02-15,0.16664502775528606
Geo24,2021-02-22,-0.32231994687229576
Geo24,2021-03-01,-0.9233796160248107
Geo24,2021-03-08,-0.9478410751748735
Geo24,2021-03-15,-0.29647847276115935
Geo24,2021-03-22,0.11568436056805557
Geo24,2021-03-29,-0.6685878740426097
Geo24,2021-04-05,-0.0989565155610673
Geo24,2021-04-12,-1.7049211400391837
Geo24,2021-04-19,0.01945922495367442
Geo24,2021-04-26,0.7713273615959868
Geo24,2021-05-03,0.2716483472346697
Geo24,2021-05-10,0.07740090166327256
Geo24,2021-05-17,1.5093523172215537
Geo24,2021-05-24,1.4753844847141442
Geo24,2021-05-31,-0.1711671166541071
Geo24,2021-06-07,0.8696165554545137
Geo24,2021-06-14,-1.1579199533851778
Geo24,2021-06-21,-0.15985375868539906
Geo24,2021-06-28,-0.05411946270550955
Geo24,2021-07-05,1.4245210283715748
Geo24,2021-07-12,-1.094325555242814
Geo24,2021-07-19,-0.20256109138453413
Geo24,2021-07-26,-1.5825236567047745
Geo24,2021-08-02,-1.1974508771428904
Geo24,2021-08-09,0.3613546707601274
Geo24,2021-08-16,-0.4510323447785589
Geo24,2021-08-23,-0.006004553811463501
Geo24,2021-08-30,-0.16978141619638468
Geo24,2021-09-06,-0.4257625417814369
Geo24,2021-09-13,0.9686319321595094
Geo24,2021-09-20,-0.041118069633757644
Geo24,2021-09-27,-0.6628204393539315
Geo24,2021-10-04,0.6747129366816563
Geo24,2021-10-11,-0.5491439504770577
Geo24,2021-10-18,-0.7023477957411975
Geo24,2021-10-25,-0.6906289838252057
Geo24,2021-11-01,0.8580867026918474
Geo24,2021-11-08,-1.8721968124696091
Geo24,2021-11-15,-0.3450571398132203
Geo24,2021-11-22,-0.2797400361862881
Geo24,2021-11-29,-1.4952464894925723
Geo24,2021-12-06,-0.6583420516799471
Geo24,2021-12-13,-0.28309503661067714
Geo24,2021-12-20,0.30270286437106897
Geo24,2021-12-27,0.8984278654621685
Geo24,2022-01-03,-0.7838029029047633
Geo24,2022-01-10,-0.5913676815200707
Geo24,2022-01-17,-0.7709747502603083
Geo24,2022-01-24,0.4386049629708068
Geo24,2022-01-31,0.8689460012909415
Geo24,2022-02-07,-0.34401123139050477
Geo24,2022-02-14,0.8988893940136544
Geo24,2022-02-21,-0.6545332148465972
Geo24,2022-02-28,-0.49805385463082397
Geo24,2022-03-07,-1.3766429046277697
Geo24,2022-03-14,-0.1516187069708412
Geo24,2022-03-21,0.7071621841822198
Geo24,2022-03-28,0.47288181894312453
Geo24,2022-04-04,-0.5402190585024528
Geo24,2022-04-11,0.3303357158478648
Geo24,2022-04-18,-1.1653107645875609
Geo24,2022-04-25,-0.1901784141245569
Geo24,2022-05-02,-0.46945424576308914
Geo24,2022-05-09,-0.6202410860695561
Geo24,2022-05-16,0.8345242208942442
Geo24,2022-05-23,0.14567524390983505
Geo24,2022-05-30,0.028003969015098773
Geo24,2022-06-06,-1.2097204018715249
Geo24,2022-06-13,-0.7136259259267491
Geo24,2022-06-20,-0.7627293308753907
Geo24,2022-06-27,1.820559347283656
Geo24,2022-07-04,0.9157652858310332
Geo24,2022-07-11,1.0891781731929582
Geo24,2022-07-18,0.27683296277668884
Geo24,2022-07-25,-0.8445902264272194
Geo24,2022-08-01,-0.7304732787805577
Geo24,2022-08-08,-0.002620011100566287
Geo24,2022-08-15,-1.2010406551347743
Geo24,2022-08-22,-0.29440360092534823
Geo24,2022-08-29,-0.9882455587706162
Geo24,2022-09-05,0.19181918063231776
Geo24,2022-09-12,-1.0791336852367268
Geo24,2022-09-19,1.3423106419963386
Geo24,2022-09-26,1.3827296180345188
Geo24,2022-10-03,-1.0152173319115876
Geo24,2022-10-10,1.3410720955695246
Geo24,2022-10-17,-0.6110043836218819
Geo24,2022-10-24,0.05327455237450618
Geo24,2022-10-31,-0.19751738697514293
Geo24,2022-11-07,-0.9904370390278892
Geo24,2022-11-14,-0.4687501360212573
Geo24,2022-11-21,-0.6557932769764148
Geo24,2022-11-28,-1.169633860166806
Geo24,2022-12-05,0.7854483515862345
Geo24,2022-12-12,-0.231105071569372
Geo24,2022-12-19,-1.1334251616175075
Geo24,2022-12-26,-0.18758671949534306
Geo24,2023-01-02,-0.907966346090402
Geo24,2023-01-09,0.06907521644331438
Geo24,2023-01-16,0.2383042471537249
Geo24,2023-01-23,-0.026193975371793278
Geo24,2023-01-30,0.8663663465369837
Geo24,2023-02-06,-0.8728899532168142
Geo24,2023-02-13,0.4784337621607829
Geo24,2023-02-20,1.2677523767086745
Geo24,2023-02-27,-0.20343398234060542
Geo24,2023-03-06,-1.8156708244255473
Geo24,2023-03-13,0.16536445324540192
Geo24,2023-03-20,1.5911235825909202
Geo24,2023-03-27,0.7535558368359413
Geo24,2023-04-03,1.2310207239480182
Geo24,2023-04-10,-0.8580481314357672
Geo24,2023-04-17,-0.6261467563630271
Geo24,2023-04-24,-1.2656364810496015
Geo24,2023-05-01,0.15873717079884686
Geo24,2023-05-08,-1.113398166892809
Geo24,2023-05-15,0.23915684869038284
Geo24,2023-05-22,0.8938687660318378
Geo24,2023-05-29,0.015519733177729774
Geo24,2023-06-05,0.6495306457407943
Geo24,2023-06-12,-0.7742935195786023
Geo24,2023-06-19,-1.1717198800352615
Geo24,2023-06-26,0.6258436404185508
Geo24,2023-07-03,-0.4032750647717511
Geo24,2023-07-10,-2.1305966152172315
Geo24,2023-07-17,-1.4800597475815018
Geo24,2023-07-24,-0.2989174393431423
Geo24,2023-07-31,0.27222581532565937
Geo24,2023-08-07,0.3408508746792202
Geo24,2023-08-14,0.5244151605673077
Geo24,2023-08-21,0.7666522111458253
Geo24,2023-08-28,-1.3092757892778242
Geo24,2023-09-04,0.5452115925051354
Geo24,2023-09-11,0.8169192477419093
Geo24,2023-09-18,-1.3220458606722008
Geo24,2023-09-25,-0.2852415902963928
Geo24,2023-10-02,-0.8449548785750239
Geo24,2023-10-09,-0.26826124141313396
Geo24,2023-10-16,-0.5980559437051918
Geo24,2023-10-23,-1.295310202862642
Geo24,2023-10-30,-0.2519418593853732
Geo24,2023-11-06,0.09089470333693615
Geo24,2023-11-13,0.7315877466671673
Geo24,2023-11-20,-1.9748306176103856
Geo24,2023-11-27,0.4178904690729169
Geo24,2023-12-04,0.4576816993928805
Geo24,2023-12-11,-0.13946356105713964
Geo24,2023-12-18,-1.3451752414015619
Geo24,2023-12-25,0.5909196411512146
Geo24,2024-01-01,-1.8735449440573195
Geo24,2024-01-08,-0.639153166049469
Geo24,2024-01-15,0.5259263878726078
Geo25,2021-01-25,-1.3447043317294838
Geo25,2021-02-01,-1.414104025737284
Geo25,2021-02-08,-0.3393597227421099
Geo25,2021-02-15,1.613961645222417
Geo25,2021-02-22,0.9739819791714038
Geo25,2021-03-01,-0.40378815640495846
Geo25,2021-03-08,0.4079921564237115
Geo25,2021-03-15,0.7089693904824098
Geo25,2021-03-22,0.04352862925498616
Geo25,2021-03-29,-0.1787377255818335
Geo25,2021-04-05,0.7234378328215452
Geo25,2021-04-12,-0.15244815455155514
Geo25,2021-04-19,0.09259085180675264
Geo25,2021-04-26,0.4169694389214347
Geo25,2021-05-03,-0.21043741210489433
Geo25,2021-05-10,1.3386349475050512
Geo25,2021-05-17,0.2196017314815344
Geo25,2021-05-24,0.5041946347994887
Geo25,2021-05-31,0.9122744069029294
Geo25,2021-06-07,0.17061285406527787
Geo25,2021-06-14,1.113804146866713
Geo25,2021-06-21,1.2737690769704733
Geo25,2021-06-28,-1.0238112594384978
Geo25,2021-07-05,1.312361990566242
Geo25,2021-07-12,1.2719755655352958
Geo25,2021-07-19,0.15337188455951692
Geo25,2021-07-26,0.031578640049521836
Geo25,2021-08-02,1.5918296492768476
Geo25,2021-08-09,-1.9799153483071195
Geo25,2021-08-16,-1.347846421125861
Geo25,2021-08-23,0.9054577667396767
Geo25,2021-08-30,-0.01244282662834251
Geo25,2021-09-06,-0.17103689157502971
Geo25,2021-09-13,-0.32716497960378366
Geo25,2021-09-20,-0.7722250853761314
Geo25,2021-09-27,-0.3444867908473028
Geo25,2021-10-04,-1.2234611757358134
Geo25,2021-10-11,0.11540058111773888
Geo25,2021-10-18,-1.1422472418065033
Geo25,2021-10-25,0.18040442965585898
Geo25,2021-11-01,-1.0442072854364168
Geo25,2021-11-08,-2.2242016552775277
Geo25,2021-11-15,0.581791356838579
Geo25,2021-11-22,0.5928992952617796
Geo25,2021-11-29,-0.708578932288432
Geo25,2021-12-06,-0.7812696346832173
Geo25,2021-12-13,-0.342024866146801
Geo25,2021-12-20,-0.8673385303171957
Geo25,2021-12-27,0.739324146039959
Geo25,2022-01-03,0.08025347061483785
Geo25,2022-01-10,-0.6261744568777503
Geo25,2022-01-17,-0.9489380327351119
Geo25,2022-01-24,0.18949091941336085
Geo25,2022-01-31,0.1472860618100335
Geo25,2022-02-07,-1.4327112003500722
Geo25,2022-02-14,-0.750789665607035
Geo25,2022-02-21,0.4163648480806563
Geo25,2022-02-28,1.3315942197178372
Geo25,2022-03-07,0.7340590999312239
Geo25,2022-03-14,0.6641644275641668
Geo25,2022-03-21,-1.4742811767873207
Geo25,2022-03-28,1.0468222083894112
Geo25,2022-04-04,-0.5842735155817846
Geo25,2022-04-11,1.1977669024906745
Geo25,2022-04-18,-1.5190770222163428
Geo25,2022-04-25,0.024708713227045084
Geo25,2022-05-02,0.16731678040650383
Geo25,2022-05-09,-0.6891904901548529
Geo25,2022-05-16,1.1390721538825128
Geo25,2022-05-23,0.3901121522290045
Geo25,2022-05-30,0.40472039606952637
Geo25,2022-06-06,0.5911341493486226
Geo25,2022-06-13,0.3643262718254604
Geo25,2022-06-20,0.10298337124242374
Geo25,2022-06-27,-0.2564677655744199
Geo25,2022-07-04,0.8605786482424373
Geo25,2022-07-11,0.8130052103750005
Geo25,2022-07-18,1.2759479542833858
Geo25,2022-07-25,-0.8758664219017666
Geo25,2022-08-01,-0.7534764883749846
Geo25,2022-08-08,1.1889804794339744
Geo25,2022-08-15,-0.24536063759470553
Geo25,2022-08-22,1.4934892209842163
Geo25,2022-08-29,-0.9793179120407364
Geo25,2022-09-05,0.5556780572665705
Geo25,2022-09-12,-0.08344598307378373
Geo25,2022-09-19,-0.5564297165556583
Geo25,2022-09-26,0.7426218405857057
Geo25,2022-10-03,1.587014399303008
Geo25,2022-10-10,0.10316977324427229
Geo25,2022-10-17,-0.3220393297746918
Geo25,2022-10-24,0.18059650476211164
Geo25,2022-10-31,1.737831043333436
Geo25,2022-11-07,-1.3564606249417226
Geo25,2022-11-14,0.15151981858245436
Geo25,2022-11-21,-0.19945326892422566
Geo25,2022-11-28,0.6950155797570736
Geo25,2022-12-05,0.5304914998211437
Geo25,2022-12-12,1.106505292829113
Geo25,2022-12-19,-1.6294836370492864
Geo25,2022-12-26,-0.35389766061019545
Geo25,2023-01-02,-1.0525777483737746
Geo25,2023-01-09,-0.7403096182748438
Geo25,2023-01-16,0.03620606974541197
Geo25,2023-01-23,-0.3060350970290216
Geo25,2023-01-30,0.43749797242936356
Geo25,2023-02-06,1.0516666343287575
Geo25,2023-02-13,-0.10217614248561731
Geo25,2023-02-20,-1.0590013234461726
Geo25,2023-02-27,-0.0010040246518606619
Geo25,2023-03-06,-0.02769658870570072
Geo25,2023-03-13,1.0284936237250382
Geo25,2023-03-20,-1.051637431318797
Geo25,2023-03-27,0.8343672850085868
Geo25,2023-04-03,0.5592902038850008
Geo25,2023-04-10,-0.011218449131417776
Geo25,2023-04-17,0.35748815490982083
Geo25,2023-04-24,0.48468523397557955
Geo25,2023-05-01,-0.4300712438873464
Geo25,2023-05-08,0.1891187232422785
Geo25,2023-05-15,2.204612452814672
Geo25,2023-05-22,0.37331571097547805
Geo25,2023-05-29,0.7764035564250661
Geo25,2023-06-05,1.140788673186492
Geo25,2023-06-12,-0.9334372880053045
Geo25,2023-06-19,1.7836749948011132
Geo25,2023-06-26,-0.4703211091908514
Geo25,2023-07-03,1.1958684386240213
Geo25,2023-07-10,1.1026293468558928
Geo25,2023-07-17,0.40641503339937557
Geo25,2023-07-24,1.2130903627078542
Geo25,2023-07-31,-0.33665122061090197
Geo25,2023-08-07,0.7998419872705479
Geo25,2023-08-14,0.45613979350119066
Geo25,2023-08-21,-0.06102364574924796
Geo25,2023-08-28,0.13863275409595796
Geo25,2023-09-04,-0.691819366213532
Geo25,2023-09-11,-1.6855216506039274
Geo25,2023-09-18,0.4523550224201789
Geo25,2023-09-25,0.718303268114104
Geo25,2023-10-02,-0.5133813898939663
Geo25,2023-10-09,1.0782127107224493
Geo25,2023-10-16,0.15603317835764804
Geo25,2023-10-23,0.7205356346971119
Geo25,2023-10-30,0.388644844297062
Geo25,2023-11-06,1.7698670639033107
Geo25,2023-11-13,-1.2961174342824309
Geo25,2023-11-20,0.057854433540533136
Geo25,2023-11-27,-0.28065990886215897
Geo25,2023-12-04,0.32079127385024647
Geo25,2023-12-11,0.71704424415814
Geo25,2023-12-18,-0.4478933013727831
Geo25,2023-12-25,-0.11934842690591452
Geo25,2024-01-01,-1.1585337114962766
Geo25,2024-01-08,0.5334471872156726
Geo25,2024-01-15,1.085891662755123
Geo26,2021-01-25,-1.2941261382881233
Geo26,2021-02-01,-1.9257470372761862
Geo26,2021-02-08,-0.676706067370748
Geo26,2021-02-15,-1.2522027927501398
Geo26,2021-02-22,-0.07673818492799689
Geo26,2021-03-01,-2.078287901313811
Geo26,2021-03-08,-1.171799266104873
Geo26,2021-03-15,-2.484416807604441
Geo26,2021-03-22,-1.087655648200698
Geo26,2021-03-29,-0.10406865892051051
Geo26,2021-04-05,-1.3875168394989708
Geo26,2021-04-12,-1.0706966700806082
Geo26,2021-04-19,0.12306785696471732
Geo26,2021-04-26,0.015963022401988762
Geo26,2021-05-03,1.2657960492756961
Geo26,2021-05-10,-0.8359231891928425
Geo26,2021-05-17,1.3510295817814522
Geo26,2021-05-24,-0.651863053668301
Geo26,2021-05-31,-0.4113015357666525
Geo26,2021-06-07,0.5288156916457287
Geo26,2021-06-14,0.43078795210753623
Geo26,2021-06-21,-0.9726622403807299
Geo26,2021-06-28,0.08888054899753896
Geo26,2021-07-05,-0.9292048116805531
Geo26,2021-07-12,-0.1414285579096915
Geo26,2021-07-19,1.8313270516327327
Geo26,2021-07-26,-0.23026983282361638
Geo26,2021-08-02,-1.1525442826695655
Geo26,2021-08-09,-0.15424632594632565
Geo26,2021-08-16,-0.9047569829201151
Geo26,2021-08-23,0.7426201696743078
Geo26,2021-08-30,1.0558157258419893
Geo26,2021-09-06,-0.321448882931805
Geo26,2021-09-13,1.2304187651582463
Geo26,2021-09-20,-0.6283509167387588
Geo26,2021-09-27,0.23247759766647116
Geo26,2021-10-04,-0.34606867793522517
Geo26,2021-10-11,-0.17809384358993857
Geo26,2021-10-18,-0.15115808913688197
Geo26,2021-10-25,0.0268452975752869
Geo26,2021-11-01,-0.9271814740855178
Geo26,2021-11-08,-0.5136613004346411
Geo26,2021-11-15,0.17490352058220887
Geo26,2021-11-22,0.4639304313453634
Geo26,2021-11-29,0.001976221329925229
Geo26,2021-12-06,0.51369999850835
Geo26,2021-12-13,-0.16450205293392708
Geo26,2021-12-20,-0.4969027362885276
Geo26,2021-12-27,0.3268027690265147
Geo26,2022-01-03,0.25003927209146515
Geo26,2022-01-10,0.6010194070770729
Geo26,2022-01-17,-0.46957226229601395
Geo26,2022-01-24,0.6653133152597404
Geo26,2022-01-31,-9.743791605045876e-05
Geo26,2022-02-07,-0.2292532191239832
Geo26,2022-02-14,0.7354701320918517
Geo26,2022-02-21,-2.5116332579717024
Geo26,2022-02-28,-0.8656411782773703
Geo26,2022-03-07,-0.4176586437510541
Geo26,2022-03-14,-1.436487543181364
Geo26,2022-03-21,0.7487448672592796
Geo26,2022-03-28,-0.8593796523420959
Geo26,2022-04-04,1.164209725473895
Geo26,2022-04-11,-0.9860091129437253
Geo26,2022-04-18,-1.7340345202895704
Geo26,2022-04-25,-0.289284621683067
Geo26,2022-05-02,-0.20868329895317905
Geo26,2022-05-09,-1.153956314012484
Geo26,2022-05-16,0.3863100119613527
Geo26,2022-05-23,-0.1542355635123095
Geo26,2022-05-30,-0.8724747421244325
Geo26,2022-06-06,0.662828938261581
Geo26,2022-06-13,-0.5855732666411693
Geo26,2022-06-20,-0.30279787565842015
Geo26,2022-06-27,-0.43075594419551294
Geo26,2022-07-04,-1.4446291790762806
Geo26,2022-07-11,0.3506482505339624
Geo26,2022-07-18,0.5071628379116243
Geo26,2022-07-25,0.8958141098430963
Geo26,2022-08-01,0.5634672386585765
Geo26,2022-08-08,0.11937721472696454
Geo26,2022-08-15,-0.9907090969662355
Geo26,2022-08-22,1.2997605457710808
Geo26,2022-08-29,-1.376507625779601
Geo26,2022-09-05,-1.0677704515345967
Geo26,2022-09-12,1.1650553037356501
Geo26,2022-09-19,-0.861174942686627
Geo26,2022-09-26,-0.34811586741105305
Geo26,2022-10-03,-1.7939120491298828
Geo26,2022-10-10,-1.1417605564866642
Geo26,2022-10-17,-0.6551666555087058
Geo26,2022-10-24,0.26514478454801776
Geo26,2022-10-31,-0.15163425412294765
Geo26,2022-11-07,-0.2777824884857579
Geo26,2022-11-14,0.5756171540330196
Geo26,2022-11-21,-2.3895259161722535
Geo26,2022-11-28,0.626587750656889
Geo26,2022-12-05,0.5418583072903218
Geo26,2022-12-12,0.2569027962278156
Geo26,2022-12-19,0.9975147481467447
Geo26,2022-12-26,0.5180881628209871
Geo26,2023-01-02,-0.6251743697950638
Geo26,2023-01-09,0.6744957076116775
Geo26,2023-01-16,-0.6726234980088505
Geo26,2023-01-23,-1.580146490389719
Geo26,2023-01-30,-1.3729346140368786
Geo26,2023-02-06,0.33613554457808287
Geo26,2023-02-13,0.6691816830970571
Geo26,2023-02-20,-0.008061057334807982
Geo26,2023-02-27,0.4373495463382445
Geo26,2023-03-06,-0.5756939339675379
Geo26,2023-03-13,0.9430606134207844
Geo26,2023-03-20,0.6230416740868667
Geo26,2023-03-27,1.573759317251961
Geo26,2023-04-03,1.534342338982721
Geo26,2023-04-10,0.23698502138307087
Geo26,2023-04-17,1.3617038801893033
Geo26,2023-04-24,-0.9578190986128953
Geo26,2023-05-01,-0.8240528062262242
Geo26,2023-05-08,-0.2873438930410205
Geo26,2023-05-15,0.12444603027197398
Geo26,2023-05-22,-0.1632466295497735
Geo26,2023-05-29,-0.5311240768173245
Geo26,2023-06-05,-0.6658869124185717
Geo26,2023-06-12,-1.402903629622918
Geo26,2023-06-19,0.5514720696326899
Geo26,2023-06-26,1.249123584601712
Geo26,2023-07-03,1.1821440128171237
Geo26,2023-07-10,-0.46849340100504416
Geo26,2023-07-17,1.1497176717562627
Geo26,2023-07-24,0.3779606901775841
Geo26,2023-07-31,0.8129221339273396
Geo26,2023-08-07,-1.1411543696626196
Geo26,2023-08-14,0.7795978568176181
Geo26,2023-08-21,-1.3340781549662633
Geo26,2023-08-28,0.24913057360858845
Geo26,2023-09-04,1.0232308570368365
Geo26,2023-09-11,-0.2767428955351172
Geo26,2023-09-18,-0.6194000621564661
Geo26,2023-09-25,-0.3720698458884473
Geo26,2023-10-02,0.09901090817268207
Geo26,2023-10-09,0.5146078243614417
Geo26,2023-10-16,-1.066906955274588
Geo26,2023-10-23,1.424263291235801
Geo26,2023-10-30,1.790868444276687
Geo26,2023-11-06,0.36443696464480985
Geo26,2023-11-13,1.5214998464355094
Geo26,2023-11-20,1.9494031696068388
Geo26,2023-11-27,-0.3320085759612138
Geo26,2023-12-04,0.9219170846045792
Geo26,2023-12-11,-0.052550923421387785
Geo26,2023-12-18,-1.0790787445689771
Geo26,2023-12-25,-1.0715092047611678
Geo26,2024-01-01,-0.1688477492636896
Geo26,2024-01-08,-2.281535827780208
Geo26,2024-01-15,-0.6446213899584103
Geo27,2021-01-25,0.18514737262043815
Geo27,2021-02-01,-0.6585525528394182
Geo27,2021-02-08,-0.3781267806004129
Geo27,2021-02-15,-0.23682043608348133
Geo27,2021-02-22,-0.016626361393399795
Geo27,2021-03-01,0.04010491602854785
Geo27,2021-03-08,0.9482096397718238
Geo27,2021-03-15,1.1106727197582038
Geo27,2021-03-22,-1.2333244415490259
Geo27,2021-03-29,0.10139779119972826
Geo27,2021-04-05,0.44699069548691994
Geo27,2021-04-12,-0.3879344976894308
Geo27,2021-04-19,-0.6352207415581447
Geo27,2021-04-26,0.9056164960908233
Geo27,2021-05-03,-0.21350695013309165
Geo27,2021-05-10,-0.11253268539426524
Geo27,2021-05-17,-1.1590177621686624
Geo27,2021-05-24,-0.7228784112359538
Geo27,2021-05-31,-0.44924400662249037
Geo27,2021-06-07,-0.1534201636622337
Geo27,2021-06-14,-1.0714928806577193
Geo27,2021-06-21,-1.734286126381138
Geo27,2021-06-28,-0.6981290651287753
Geo27,2021-07-05,0.879581275611936
Geo27,2021-07-12,1.483565856211601
Geo27,2021-07-19,-0.35884120237828576
Geo27,2021-07-26,0.13250377169825106
Geo27,2021-08-02,-0.9354401265770099
Geo27,2021-08-09,-0.25944996429965356
Geo27,2021-08-16,0.26759585554839715
Geo27,2021-08-23,0.07641782785158116
Geo27,2021-08-30,-0.011386726401465867
Geo27,2021-09-06,-0.4402183582699602
Geo27,2021-09-13,0.4628364681380712
Geo27,2021-09-20,-0.18131103533923298
Geo27,2021-09-27,-0.5572106537702457
Geo27,2021-10-04,0.1878623408729172
Geo27,2021-10-11,-0.862204210376596
Geo27,2021-10-18,-0.9855995174517703
Geo27,2021-10-25,0.8550120816037539
Geo27,2021-11-01,-0.14246443507538667
Geo27,2021-11-08,-0.41632579186364194
Geo27,2021-11-15,1.4060716969701232
Geo27,2021-11-22,0.3615123305434477
Geo27,2021-11-29,-0.9038681188177033
Geo27,2021-12-06,2.821349687894706
Geo27,2021-12-13,0.8081835310632525
Geo27,2021-12-20,0.4402748846102529
Geo27,2021-12-27,0.26646137660260527
Geo27,2022-01-03,-0.08847744643533219
Geo27,2022-01-10,-1.9830051855824322
Geo27,2022-01-17,0.8465829932535337
Geo27,2022-01-24,-1.8356298579833987
Geo27,2022-01-31,0.9400131421597445
Geo27,2022-02-07,-0.25029575670276927
Geo27,2022-02-14,-0.008261552665356766
Geo27,2022-02-21,0.6833643457784057
Geo27,2022-02-28,-0.300299946121352
Geo27,2022-03-07,-0.27720495450073096
Geo27,2022-03-14,-0.345984150230201
Geo27,2022-03-21,-0.19184499938758487
Geo27,2022-03-28,0.6979823212603413
Geo27,2022-04-04,-0.7682651811281501
Geo27,2022-04-11,-0.42533762573596734
Geo27,2022-04-18,-0.18432343780836477
Geo27,2022-04-25,0.8316878823830012
Geo27,2022-05-02,0.623669439460294
Geo27,2022-05-09,-1.0045636975630121
Geo27,2022-05-16,-1.0010783605929943
Geo27,2022-05-23,0.41519145362465404
Geo27,2022-05-30,0.9583181742155038
Geo27,2022-06-06,-1.9865681373769475
Geo27,2022-06-13,-0.14695724235176325
Geo27,2022-06-20,-0.8669709108676438
Geo27,2022-06-27,-0.2558308524141838
Geo27,2022-07-04,-0.3298575771242762
Geo27,2022-07-11,1.1874039813785797
Geo27,2022-07-18,-0.0584202387196985
Geo27,2022-07-25,0.05912153477893404
Geo27,2022-08-01,-0.8211127570794824
Geo27,2022-08-08,0.22837908360069775
Geo27,2022-08-15,-0.3953714808184179
Geo27,2022-08-22,-0.07613293969565939
Geo27,2022-08-29,0.865971757184945
Geo27,2022-09-05,-0.16302461054252498
Geo27,2022-09-12,-0.38565849159366095
Geo27,2022-09-19,-0.5977913941920359
Geo27,2022-09-26,0.29315912827498447
Geo27,2022-10-03,-0.30098672313724395
Geo27,2022-10-10,1.4662069750857813
Geo27,2022-10-17,1.4930950282711848
Geo27,2022-10-24,0.389403202220447
Geo27,2022-10-31,-0.25733634882833106
Geo27,2022-11-07,0.8032263880950967
Geo27,2022-11-14,0.7597361489852915
Geo27,2022-11-21,0.7553406069266829
Geo27,2022-11-28,0.027421813559775632
Geo27,2022-12-05,-0.4539944962439101
Geo27,2022-12-12,-0.8192511853898542
Geo27,2022-12-19,0.18913891161510055
Geo27,2022-12-26,-0.24090783065507443
Geo27,2023-01-02,-0.8146691478484817
Geo27,2023-01-09,1.3220246813327607
Geo27,2023-01-16,-0.5725630521283712
Geo27,2023-01-23,-1.2729139225340855
Geo27,2023-01-30,-1.2425533601102827
Geo27,2023-02-06,-2.0294202320797443
Geo27,2023-02-13,0.3075543805046399
Geo27,2023-02-20,-0.31897486793279695
Geo27,2023-02-27,-0.8203408377570225
Geo27,2023-03-06,-1.2288006221742307
Geo27,2023-03-13,-0.936287884576512
Geo27,2023-03-20,-0.3912169873429733
Geo27,2023-03-27,-0.5373426119541808
Geo27,2023-04-03,-0.5031740457727213
Geo27,2023-04-10,-1.4394008222903
Geo27,2023-04-17,-1.1123243961844502
Geo27,2023-04-24,-1.0336768688099618
Geo27,2023-05-01,0.3603242852458416
Geo27,2023-05-08,-1.2366060854180663
Geo27,2023-05-15,0.022261682311060713
Geo27,2023-05-22,-0.1384666936610405
Geo27,2023-05-29,-0.8198852418384341
Geo27,2023-06-05,-0.9474656315952206
Geo27,2023-06-12,-0.2405072107291375
Geo27,2023-06-19,0.9853666445281825
Geo27,2023-06-26,-0.3464047870560264
Geo27,2023-07-03,-1.2812519480862214
Geo27,2023-07-10,0.38167837043250025
Geo27,2023-07-17,0.9967452653661945
Geo27,2023-07-24,1.1885159060709762
Geo27,2023-07-31,-0.6694022764353066
Geo27,2023-08-07,-0.3074820661869704
Geo27,2023-08-14,-0.6337781151253373
Geo27,2023-08-21,1.8037615434628296
Geo27,2023-08-28,0.4216301291127244
Geo27,2023-09-04,-0.09622342283583715
Geo27,2023-09-11,-0.36365230655570585
Geo27,2023-09-18,0.19915130855368227
Geo27,2023-09-25,1.2935113122620467
Geo27,2023-10-02,-0.26596588810560334
Geo27,2023-10-09,1.4501001369515776
Geo27,2023-10-16,1.2105141971202429
Geo27,2023-10-23,1.2734645279878225
Geo27,2023-10-30,1.3056818693224068
Geo27,2023-11-06,0.08195264163482822
Geo27,2023-11-13,0.7313860163235272
Geo27,2023-11-20,1.1408274746197729
Geo27,2023-11-27,0.5038790068981335
Geo27,2023-12-04,-0.2745531381577591
Geo27,2023-12-11,-1.9830152786108266
Geo27,2023-12-18,-0.7918122445652666
Geo27,2023-12-25,0.5071688266840295
Geo27,2024-01-01,1.4348419026013781
Geo27,2024-01-08,0.14092806726962465
Geo27,2024-01-15,-0.10306751102869097
Geo28,2021-01-25,1.042350959551378
Geo28,2021-02-01,-0.8181579256651412
Geo28,2021-02-08,0.5570080090329
Geo28,2021-02-15,0.31640743942280153
Geo28,2021-02-22,-1.0656987711979145
Geo28,2021-03-01,-0.08826592833838319
Geo28,2021-03-08,-1.662133424326989
Geo28,2021-03-15,1.4430447121703747
Geo28,2021-03-22,-1.1157946109044103
Geo28,2021-03-29,0.93424280643384
Geo28,2021-04-05,-0.979546818941051
Geo28,2021-04-12,-1.5414637830891178
Geo28,2021-04-19,-2.3392602003668537
Geo28,2021-04-26,0.12093202474128564
Geo28,2021-05-03,1.2489679488692647
Geo28,2021-05-10,0.2577581923959275
Geo28,2021-05-17,-1.6844511971344838
Geo28,2021-05-24,-0.944662097254386
Geo28,2021-05-31,-0.14499995943614868
Geo28,2021-06-07,-1.299826714977225
Geo28,2021-06-14,1.4236113818923661
Geo28,2021-06-21,0.18017289270428083
Geo28,2021-06-28,0.05993023633291501
Geo28,2021-07-05,-1.3588161556610043
Geo28,2021-07-12,-0.652596083146944
Geo28,2021-07-19,-2.4556513254373473
Geo28,2021-07-26,0.12288674403219335
Geo28,2021-08-02,0.4652279895832425
Geo28,2021-08-09,1.2836602659466962
Geo28,2021-08-16,-0.04258098753583524
Geo28,2021-08-23,-0.04834336615874641
Geo28,2021-08-30,1.2440114388270558
Geo28,2021-09-06,-0.21146157719059241
Geo28,2021-09-13,1.5245796509237854
Geo28,2021-09-20,-0.3850112318372907
Geo28,2021-09-27,0.5701909779834201
Geo28,2021-10-04,0.9468360134299707
Geo28,2021-10-11,2.8033606360499723
Geo28,2021-10-18,1.0467507045649356
Geo28,2021-10-25,0.5229681945433036
Geo28,2021-11-01,1.2790978600316127
Geo28,2021-11-08,2.4184040932808846
Geo28,2021-11-15,1.6017966398598342
Geo28,2021-11-22,1.7869340247585168
Geo28,2021-11-29,-1.1967960219008162
Geo28,2021-12-06,0.046717291301970866
Geo28,2021-12-13,0.7823121798362249
Geo28,2021-12-20,1.753806970299197
Geo28,2021-12-27,0.7587821185669295
Geo28,2022-01-03,-1.5692790296227532
Geo28,2022-01-10,2.0702316867828503
Geo28,2022-01-17,1.7105368467661586
Geo28,2022-01-24,-1.2156022944034428
Geo28,2022-01-31,-0.8346463965073828
Geo28,2022-02-07,-0.6041208107650785
Geo28,2022-02-14,0.16830213248364134
Geo28,2022-02-21,-0.2550154278104354
Geo28,2022-02-28,0.4127245361614477
Geo28,2022-03-07,-0.6299571712452938
Geo28,2022-03-14,0.17968374813612098
Geo28,2022-03-21,-0.703112285097526
Geo28,2022-03-28,0.13994940785682122
Geo28,2022-04-04,1.3282739685263383
Geo28,2022-04-11,0.25543818319473605
Geo28,2022-04-18,-1.0706831659660991
Geo28,2022-04-25,1.136520932389883
Geo28,2022-05-02,0.0827538845441553
Geo28,2022-05-09,-1.0879498530357838
Geo28,2022-05-16,-0.25595839629385236
Geo28,2022-05-23,1.2662927291180655
Geo28,2022-05-30,-0.9720711562796398
Geo28,2022-06-06,-0.13952525823622178
Geo28,2022-06-13,0.27465587159186494
Geo28,2022-06-20,0.3759410970085433
Geo28,2022-06-27,0.6620776565099353
Geo28,2022-07-04,-1.2226512045710651
Geo28,2022-07-11,1.5467665978919103
Geo28,2022-07-18,0.4624929627104437
Geo28,2022-07-25,1.4643913993957605
Geo28,2022-08-01,-0.26026751594798836
Geo28,2022-08-08,0.3143839378078201
Geo28,2022-08-15,0.2193695225176794
Geo28,2022-08-22,0.5355888215199772
Geo28,2022-08-29,0.18102709481000795
Geo28,2022-09-05,-0.9202748130340495
Geo28,2022-09-12,1.1727041528161573
Geo28,2022-09-19,-1.5344443842564865
Geo28,2022-09-26,0.3250140600952503
Geo28,2022-10-03,0.28966529009380376
Geo28,2022-10-10,0.15197213983402913
Geo28,2022-10-17,0.34170771604613104
Geo28,2022-10-24,-0.9021471850498602
Geo28,2022-10-31,1.2619315579754413
Geo28,2022-11-07,2.7620675395886223
Geo28,2022-11-14,0.7687523023395978
Geo28,2022-11-21,2.0619373750413312
Geo28,2022-11-28,0.3460540153349015
Geo28,2022-12-05,-0.6565815076070437
Geo28,2022-12-12,1.134420747778468
Geo28,2022-12-19,-1.8432647035938068
Geo28,2022-12-26,-1.6848657500606583
Geo28,2023-01-02,0.9461718922063123
Geo28,2023-01-09,-0.34140068227463016
Geo28,2023-01-16,0.6814396483639893
Geo28,2023-01-23,0.9382326459755524
Geo28,2023-01-30,-0.8730840970288052
Geo28,2023-02-06,0.969497930230551
Geo28,2023-02-13,-0.5825654528403069
Geo28,2023-02-20,1.3696707032192321
Geo28,2023-02-27,-0.6881923300914264
Geo28,2023-03-06,-1.0400571390540971
Geo28,2023-03-13,0.015272150564428039
Geo28,2023-03-20,-2.155624593860144
Geo28,2023-03-27,-1.9777404212214
Geo28,2023-04-03,0.2391430464525937
Geo28,2023-04-10,-0.06696478616542481
Geo28,2023-04-17,-1.809325622676798
Geo28,2023-04-24,-0.8843465054777381
Geo28,2023-05-01,0.07884676968950458
Geo28,2023-05-08,-1.205303419423334
Geo28,2023-05-15,-0.23640864728489436
Geo28,2023-05-22,-1.104061763890993
Geo28,2023-05-29,-1.2869672088480248
Geo28,2023-06-05,-0.4968443195997705
Geo28,2023-06-12,1.4596500664889986
Geo28,2023-06-19,-0.15456256146413647
Geo28,2023-06-26,0.539950225035318
Geo28,2023-07-03,-0.4962375944370791
Geo28,2023-07-10,-0.20609121134035852
Geo28,2023-07-17,-1.5807609141023877
Geo28,2023-07-24,-0.9603044990359768
Geo28,2023-07-31,2.535757427295718
Geo28,2023-08-07,-2.1612123908611744
Geo28,2023-08-14,-0.33585115706000135
Geo28,2023-08-21,1.2354875428416687
Geo28,2023-08-28,1.5468976561039967
Geo28,2023-09-04,2.1988313955291807
Geo28,2023-09-11,1.03987293690299
Geo28,2023-09-18,0.9487893384845796
Geo28,2023-09-25,2.878618258240784
Geo28,2023-10-02,0.20137179088199442
Geo28,2023-10-09,-0.5799765884061648
Geo28,2023-10-16,0.0798787369233278
Geo28,2023-10-23,2.610307706937609
Geo28,2023-10-30,0.5442609712984693
Geo28,2023-11-06,-0.748419852608534
Geo28,2023-11-13,-0.24495113308759864
Geo28,2023-11-20,0.4090186560792561
Geo28,2023-11-27,0.8679194504456932
Geo28,2023-12-04,-0.34132214029646485
Geo28,2023-12-11,-0.03362023084349307
Geo28,2023-12-18,0.24383720769791303
Geo28,2023-12-25,0.5971006680409896
Geo28,2024-01-01,0.12221193366357756
Geo28,2024-01-08,2.772548943337515
Geo28,2024-01-15,0.05816815402395722
Geo29,2021-01-25,-0.7733906086359028
Geo29,2021-02-01,0.7706334921345743
Geo29,2021-02-08,0.7288635539426752
Geo29,2021-02-15,1.2164208264608107
Geo29,2021-02-22,-1.2298531619402129
Geo29,2021-03-01,-0.08665390802916112
Geo29,2021-03-08,-0.6314237110274956
Geo29,2021-03-15,-0.5622275669012763
Geo29,2021-03-22,0.6665724783271965
Geo29,2021-03-29,-0.5926124829283673
Geo29,2021-04-05,1.3683875712991875
Geo29,2021-04-12,0.3106854461389859
Geo29,2021-04-19,0.12598710781179875
Geo29,2021-04-26,0.5224671490169137
Geo29,2021-05-03,0.3310544960315038
Geo29,2021-05-10,-0.6575010147190106
Geo29,2021-05-17,1.0961276909060624
Geo29,2021-05-24,-0.6313774955670883
Geo29,2021-05-31,-0.40716917347445475
Geo29,2021-06-07,2.0766430004230823
Geo29,2021-06-14,-0.9126166164290762
Geo29,2021-06-21,1.792487518296585
Geo29,2021-06-28,0.29872466403515896
Geo29,2021-07-05,0.8319947347816983
Geo29,2021-07-12,-0.12481057054363573
Geo29,2021-07-19,-0.19878292599641412
Geo29,2021-07-26,0.3756021491066901
Geo29,2021-08-02,-0.38941820179521147
Geo29,2021-08-09,1.0956570665363368
Geo29,2021-08-16,0.7320949536643834
Geo29,2021-08-23,-1.0067427792515988
Geo29,2021-08-30,1.7816237549700764
Geo29,2021-09-06,-1.1806314871023165
Geo29,2021-09-13,0.6527291987444668
Geo29,2021-09-20,-0.3649553090871688
Geo29,2021-09-27,1.1073921109729947
Geo29,2021-10-04,-0.267107052511123
Geo29,2021-10-11,0.4470884442151663
Geo29,2021-10-18,1.6956018689994619
Geo29,2021-10-25,1.6579224593669624
Geo29,2021-11-01,1.0193967696053847
Geo29,2021-11-08,0.4036882602605319
Geo29,2021-11-15,0.4943622570783647
Geo29,2021-11-22,0.9399400567673756
Geo29,2021-11-29,0.7257544134469051
Geo29,2021-12-06,-0.12764149765026042
Geo29,2021-12-13,0.616284901894487
Geo29,2021-12-20,1.212935333769532
Geo29,2021-12-27,0.6586790249898956
Geo29,2022-01-03,2.3385031133471745
Geo29,2022-01-10,-0.051526107362099595
Geo29,2022-01-17,-0.3938243211878312
Geo29,2022-01-24,-1.261096838554315
Geo29,2022-01-31,0.8332316888176206
Geo29,2022-02-07,-0.288313504451181
Geo29,2022-02-14,-0.5302831092421129
Geo29,2022-02-21,-1.1806331442303788
Geo29,2022-02-28,1.747010768754405
Geo29,2022-03-07,-0.15679664052969972
Geo29,2022-03-14,0.2889954810553834
Geo29,2022-03-21,1.4398340953341657
Geo29,2022-03-28,-0.07194450284580939
Geo29,2022-04-04,1.4791735790345237
Geo29,2022-04-11,-1.0354031773417374
Geo29,2022-04-18,-0.45869554519648914
Geo29,2022-04-25,0.2429464699556496
Geo29,2022-05-02,0.9043129081775065
Geo29,2022-05-09,-0.4523297798073942
Geo29,2022-05-16,0.9086965642786136
Geo29,2022-05-23,0.09531219437378513
Geo29,2022-05-30,-0.9910985697157052
Geo29,2022-06-06,-0.9728070060374342
Geo29,2022-06-13,0.4190376851266561
Geo29,2022-06-20,-1.7571537786800506
Geo29,2022-06-27,1.3376419537305109
Geo29,2022-07-04,0.43018316022377523
Geo29,2022-07-11,-0.006258708331804588
Geo29,2022-07-18,0.8892967501772678
Geo29,2022-07-25,1.6797206901506427
Geo29,2022-08-01,-0.8907832177054048
Geo29,2022-08-08,0.6463625127286705
Geo29,2022-08-15,1.9667680448713933
Geo29,2022-08-22,0.9825146226962472
Geo29,2022-08-29,1.753480933211432
Geo29,2022-09-05,0.7308381140917122
Geo29,2022-09-12,0.1975212755087447
Geo29,2022-09-19,-1.97297357122047
Geo29,2022-09-26,0.6880138742014369
Geo29,2022-10-03,1.4834806389940793
Geo29,2022-10-10,-0.9262954720829465
Geo29,2022-10-17,-0.0029087318909636426
Geo29,2022-10-24,0.7093698359177927
Geo29,2022-10-31,0.47095292956733714
Geo29,2022-11-07,0.5590171338122074
Geo29,2022-11-14,0.12556546078258443
Geo29,2022-11-21,0.14186865491129833
Geo29,2022-11-28,-1.2987738545573908
Geo29,2022-12-05,0.8728683508171715
Geo29,2022-12-12,-1.044017665511529
Geo29,2022-12-19,-0.8374190909621528
Geo29,2022-12-26,1.2090057307575268
Geo29,2023-01-02,-0.6969524466262516
Geo29,2023-01-09,-0.05461536232112067
Geo29,2023-01-16,-0.5307358734538326
Geo29,2023-01-23,-1.0858848218830897
Geo29,2023-01-30,1.8993280882406527
Geo29,2023-02-06,0.3184106089152815
Geo29,2023-02-13,0.7037624828052627
Geo29,2023-02-20,-1.5439716184640424
Geo29,2023-02-27,1.0492950423581466
Geo29,2023-03-06,-2.243934042262254
Geo29,2023-03-13,-0.2512372894334006
Geo29,2023-03-20,0.6880518040215321
Geo29,2023-03-27,0.9761228956341743
Geo29,2023-04-03,-1.1968304662884384
Geo29,2023-04-10,0.9372326777640709
Geo29,2023-04-17,0.18944369683117557
Geo29,2023-04-24,0.36232450256926446
Geo29,2023-05-01,1.938404272704427
Geo29,2023-05-08,0.5388517265460262
Geo29,2023-05-15,1.049971150607612
Geo29,2023-05-22,-0.9435653242480688
Geo29,2023-05-29,0.6494712849737599
Geo29,2023-06-05,0.5749877975763968
Geo29,2023-06-12,0.7767074188593441
Geo29,2023-06-19,-0.9259264849010489
Geo29,2023-06-26,2.001850918955429
Geo29,2023-07-03,0.20106568830890895
Geo29,2023-07-10,0.4574149297987721
Geo29,2023-07-17,0.46797267680975485
Geo29,2023-07-24,1.3722921332649165
Geo29,2023-07-31,0.6289600903185549
Geo29,2023-08-07,1.1396110995144981
Geo29,2023-08-14,0.4084979823990197
Geo29,2023-08-21,-0.8606787245715424
Geo29,2023-08-28,0.5923320363789876
Geo29,2023-09-04,-1.370095357486327
Geo29,2023-09-11,-0.5549350986746111
Geo29,2023-09-18,0.12634652047600242
Geo29,2023-09-25,0.17376468760597114
Geo29,2023-10-02,0.0605036670467488
Geo29,2023-10-09,-0.6883162316663085
Geo29,2023-10-16,-0.2715417113314843
Geo29,2023-10-23,-0.0030536385337547726
Geo29,2023-10-30,0.8207884983222906
Geo29,2023-11-06,1.1918566648156204
Geo29,2023-11-13,1.4533529460673429
Geo29,2023-11-20,0.4570231110746812
Geo29,2023-11-27,-0.965537185227622
Geo29,2023-12-04,2.5533007892986967
Geo29,2023-12-11,1.1211009790573288
Geo29,2023-12-18,2.4653396952443765
Geo29,2023-12-25,1.0698647888715571
Geo29,2024-01-01,0.43340535367846994
Geo29,2024-01-08,0.6932835414399149
Geo29,2024-01-15,1.0492088716989012
Geo30,2021-01-25,-0.7431119026262176
Geo30,2021-02-01,-2.4237748973715942
Geo30,2021-02-08,1.1120862714758486
Geo30,2021-02-15,1.3921655971006144
Geo30,2021-02-22,0.13584851338087128
Geo30,2021-03-01,0.6238824664929054
Geo30,2021-03-08,1.4373569743837808
Geo30,2021-03-15,0.6119345673059625
Geo30,2021-03-22,1.9455371657005724
Geo30,2021-03-29,-0.13538394790079025
Geo30,2021-04-05,-0.5549614788729565
Geo30,2021-04-12,2.6836423094396857
Geo30,2021-04-19,1.5128556939912612
Geo30,2021-04-26,3.910134803065127
Geo30,2021-05-03,0.07598869356504942
Geo30,2021-05-10,0.18765391669042092
Geo30,2021-05-17,-2.2724203904842732
Geo30,2021-05-24,-0.5259809039931035
Geo30,2021-05-31,-0.9235842060592551
Geo30,2021-06-07,0.46742412939059896
Geo30,2021-06-14,-0.011681092524599241
Geo30,2021-06-21,-0.08465184526436174
Geo30,2021-06-28,0.5546277696938757
Geo30,2021-07-05,-1.7184606624383607
Geo30,2021-07-12,0.601716651668692
Geo30,2021-07-19,0.7223645040974486
Geo30,2021-07-26,1.1324568423402976
Geo30,2021-08-02,2.631218388939844
Geo30,2021-08-09,-0.4770058796301803
Geo30,2021-08-16,-1.1114052395462213
Geo30,2021-08-23,2.299761348764525
Geo30,2021-08-30,-0.48418277669360754
Geo30,2021-09-06,1.0048235039616427
Geo30,2021-09-13,-0.5964653516448052
Geo30,2021-09-20,0.5859486877624319
Geo30,2021-09-27,-0.33291672096925035
Geo30,2021-10-04,-2.2858572758493345
Geo30,2021-10-11,-0.5536446170264562
Geo30,2021-10-18,0.4494454690924705
Geo30,2021-10-25,0.501376440423224
Geo30,2021-11-01,-0.46651206395560096
Geo30,2021-11-08,-2.294831514528565
Geo30,2021-11-15,-0.12688086607513513
Geo30,2021-11-22,-0.8237954452790652
Geo30,2021-11-29,0.4753722063893551
Geo30,2021-12-06,-1.0864743061854736
Geo30,2021-12-13,-1.4563649499107034
Geo30,2021-12-20,-0.14109306841937921
Geo30,2021-12-27,2.192374761275814
Geo30,2022-01-03,-0.5597951193365159
Geo30,2022-01-10,2.128662537876745
Geo30,2022-01-17,-1.2138040671207537
Geo30,2022-01-24,-0.39696923079237034
Geo30,2022-01-31,-0.20018695243996884
Geo30,2022-02-07,0.9269465668203166
Geo30,2022-02-14,0.8938362316143257
Geo30,2022-02-21,0.8817787881675854
Geo30,2022-02-28,2.168746414046859
Geo30,2022-03-07,1.9922939188025988
Geo30,2022-03-14,1.9729727586397194
Geo30,2022-03-21,-1.538613285700178
Geo30,2022-03-28,3.3531564314431166
Geo30,2022-04-04,-1.0107692005310769
Geo30,2022-04-11,-0.06957989528537813
Geo30,2022-04-18,1.0405550351926258
Geo30,2022-04-25,-0.15435637274724015
Geo30,2022-05-02,-0.09473137387130309
Geo30,2022-05-09,-1.537977288042897
Geo30,2022-05-16,1.9297855168968354
Geo30,2022-05-23,2.041785199623929
Geo30,2022-05-30,1.2372668089948384
Geo30,2022-06-06,1.8605552927515903
Geo30,2022-06-13,-0.883147632333528
Geo30,2022-06-20,1.1789997510628258
Geo30,2022-06-27,1.619790994090541
Geo30,2022-07-04,-0.32804345811384933
Geo30,2022-07-11,-1.1181414540368575
Geo30,2022-07-18,-0.21154488586603495
Geo30,2022-07-25,0.9392536896038824
Geo30,2022-08-01,0.062268275025427616
Geo30,2022-08-08,-0.8568744904491459
Geo30,2022-08-15,1.3568113526154761
Geo30,2022-08-22,-0.33068796142816004
Geo30,2022-08-29,1.3360218332255256
Geo30,2022-09-05,-0.18244602649289005
Geo30,2022-09-12,0.04630307318330897
Geo30,2022-09-19,-2.0854876560614617
Geo30,2022-09-26,-1.1880266130119548
Geo30,2022-10-03,-0.5419417357184748
Geo30,2022-10-10,-1.6107103064316097
Geo30,2022-10-17,0.802774652246589
Geo30,2022-10-24,-0.05124550748402466
Geo30,2022-10-31,-2.098460551564413
Geo30,2022-11-07,-0.14879933229145498
Geo30,2022-11-14,-1.1263944486481239
Geo30,2022-11-21,0.4703841551340601
Geo30,2022-11-28,-0.2557267661805898
Geo30,2022-12-05,1.5159756660076713
Geo30,2022-12-12,2.2012851379823113
Geo30,2022-12-19,-0.44623210017837805
Geo30,2022-12-26,0.929726835094908
Geo30,2023-01-02,0.1615185791541349
Geo30,2023-01-09,-0.9106770371121823
Geo30,2023-01-16,-0.5751785129690192
Geo30,2023-01-23,-0.2339426082189683
Geo30,2023-01-30,1.5076599165199143
Geo30,2023-02-06,-1.6272057491057264
Geo30,2023-02-13,-0.08927805085298567
Geo30,2023-02-20,-0.2723594305205696
Geo30,2023-02-27,2.1055702583021176
Geo30,2023-03-06,-0.41536276084036966
Geo30,2023-03-13,1.1348813831116642
Geo30,2023-03-20,0.9939087003737463
Geo30,2023-03-27,1.3419651920017663
Geo30,2023-04-03,1.4491740614094233
Geo30,2023-04-10,-0.38908000469914356
Geo30,2023-04-17,-0.13028955713797913
Geo30,2023-04-24,1.533781269682609
Geo30,2023-05-01,0.6799385366919332
Geo30,2023-05-08,1.3286739189267234
Geo30,2023-05-15,2.072636475812715
Geo30,2023-05-22,1.3532141638502682
Geo30,2023-05-29,1.7656651997721584
Geo30,2023-06-05,1.5313185632249835
Geo30,2023-06-12,1.1945567840007527
Geo30,2023-06-19,0.5539795357097025
Geo30,2023-06-26,-1.7512495901246485
Geo30,2023-07-03,-0.8341372391590638
Geo30,2023-07-10,0.0875319199411983
Geo30,2023-07-17,-0.291513943564821
Geo30,2023-07-24,-1.1150631438001044
Geo30,2023-07-31,-0.45175651042911724
Geo30,2023-08-07,-0.2148119851462685
Geo30,2023-08-14,0.6913972741443021
Geo30,2023-08-21,-0.8821869641360389
Geo30,2023-08-28,1.93378388237944
Geo30,2023-09-04,-1.3854764121304406
Geo30,2023-09-11,-0.44419242102188483
Geo30,2023-09-18,1.0659512403163958
Geo30,2023-09-25,-0.669884012217048
Geo30,2023-10-02,0.6405430995800675
Geo30,2023-10-09,-0.26351110947188283
Geo30,2023-10-16,-1.9823377510886377
Geo30,2023-10-23,-2.2314296859549967
Geo30,2023-10-30,0.9662674206063628
Geo30,2023-11-06,-1.4383928156535841
Geo30,2023-11-13,-0.22469922861633146
Geo30,2023-11-20,0.8765299866130386
Geo30,2023-11-27,-0.26647142655646044
Geo30,2023-12-04,-0.4372503448983424
Geo30,2023-12-11,3.800821868114234
Geo30,2023-12-18,1.7832945420716244
Geo30,2023-12-25,-2.4185837813581115
Geo30,2024-01-01,0.4659790774528463
Geo30,2024-01-08,0.17088140861452955
Geo30,2024-01-15,-0.12682784199193534
Geo31,2021-01-25,0.4886860967932081
Geo31,2021-02-01,-1.2049876977091307
Geo31,2021-02-08,0.9024829815403453
Geo31,2021-02-15,-0.29677258619151164
Geo31,2021-02-22,-1.7662158103299197
Geo31,2021-03-01,0.8745348810955201
Geo31,2021-03-08,-0.16057119335339995
Geo31,2021-03-15,-0.8497450966710596
Geo31,2021-03-22,-1.110617894539105
Geo31,2021-03-29,-0.05614622710988618
Geo31,2021-04-05,1.723132656536784
Geo31,2021-04-12,0.5879608355160966
Geo31,2021-04-19,0.7164605666958029
Geo31,2021-04-26,-0.3600523102994332
Geo31,2021-05-03,0.19873363789213325
Geo31,2021-05-10,0.5271551800616496
Geo31,2021-05-17,-1.2345038952949576
Geo31,2021-05-24,0.11334636512300728
Geo31,2021-05-31,-0.23883234582399965
Geo31,2021-06-07,0.11547536202522281
Geo31,2021-06-14,-0.4875180915487038
Geo31,2021-06-21,0.32770660000153917
Geo31,2021-06-28,-0.137568157287409
Geo31,2021-07-05,0.25546712131286387
Geo31,2021-07-12,-0.2989547266740677
Geo31,2021-07-19,-0.8297958281094012
Geo31,2021-07-26,0.998029354657435
Geo31,2021-08-02,0.3998983579241943
Geo31,2021-08-09,-1.1705907864744054
Geo31,2021-08-16,1.4361265934164964
Geo31,2021-08-23,-0.8796602326303957
Geo31,2021-08-30,-1.4392910552930909
Geo31,2021-09-06,1.6260136672667587
Geo31,2021-09-13,-0.8586424888871279
Geo31,2021-09-20,-0.6830018712986431
Geo31,2021-09-27,0.30105852890980733
Geo31,2021-10-04,-0.0025070015404143144
Geo31,2021-10-11,0.25615220352201623
Geo31,2021-10-18,0.3488027937919764
Geo31,2021-10-25,-0.085396526033533
Geo31,2021-11-01,0.6721080914106089
Geo31,2021-11-08,-0.7273619385238859
Geo31,2021-11-15,0.015213309575054566
Geo31,2021-11-22,-0.8959834460164348
Geo31,2021-11-29,-1.2578409767230894
Geo31,2021-12-06,-0.3316850263076358
Geo31,2021-12-13,-0.03196607881539911
Geo31,2021-12-20,0.3025306422373369
Geo31,2021-12-27,0.542678166814465
Geo31,2022-01-03,-0.6009369761031902
Geo31,2022-01-10,-0.09208665206069369
Geo31,2022-01-17,0.07762990240363508
Geo31,2022-01-24,0.5520419210620936
Geo31,2022-01-31,-0.7055911466319824
Geo31,2022-02-07,-0.37494100853723134
Geo31,2022-02-14,0.37626392551082355
Geo31,2022-02-21,-0.14817771274492625
Geo31,2022-02-28,0.09096677194339275
Geo31,2022-03-07,0.036621134428441324
Geo31,2022-03-14,2.226796781723663
Geo31,2022-03-21,-0.5911213206621894
Geo31,2022-03-28,-0.10434383926924631
Geo31,2022-04-04,-2.0396598667359114
Geo31,2022-04-11,-1.4196487180219712
Geo31,2022-04-18,0.5685420989554573
Geo31,2022-04-25,0.6895402703251837
Geo31,2022-05-02,0.9643446397034646
Geo31,2022-05-09,0.3326464223265303
Geo31,2022-05-16,0.4657356620261257
Geo31,2022-05-23,-0.9397996049653347
Geo31,2022-05-30,-1.1618712625680485
Geo31,2022-06-06,0.07962152134306542
Geo31,2022-06-13,0.040965170220090455
Geo31,2022-06-20,0.35032407396934484
Geo31,2022-06-27,0.19392685527847092
Geo31,2022-07-04,0.06453452886161555
Geo31,2022-07-11,0.8261565084588112
Geo31,2022-07-18,0.3948179039478257
Geo31,2022-07-25,0.6242701926011732
Geo31,2022-08-01,-1.7730288534816776
Geo31,2022-08-08,0.23437201208529077
Geo31,2022-08-15,0.7619055583060939
Geo31,2022-08-22,0.0016009610678171383
Geo31,2022-08-29,-0.4465754819082197
Geo31,2022-09-05,-0.8862827542390279
Geo31,2022-09-12,-1.6754391639286357
Geo31,2022-09-19,-0.596917224607905
Geo31,2022-09-26,0.28917858881748193
Geo31,2022-10-03,0.35839611384583797
Geo31,2022-10-10,-0.1999928843374702
Geo31,2022-10-17,0.025142121074875793
Geo31,2022-10-24,1.1274983235166864
Geo31,2022-10-31,0.7474458046810447
Geo31,2022-11-07,0.5965292436633899
Geo31,2022-11-14,0.7035629451160031
Geo31,2022-11-21,0.050549452250084656
Geo31,2022-11-28,-0.4373782080602296
Geo31,2022-12-05,0.6394616646385307
Geo31,2022-12-12,1.3774980171512397
Geo31,2022-12-19,-0.5153928032397254
Geo31,2022-12-26,0.5620994340217872
Geo31,2023-01-02,-1.430677276265983
Geo31,2023-01-09,1.3665269407390246
Geo31,2023-01-16,1.4083502154251528
Geo31,2023-01-23,-1.5126281116002287
Geo31,2023-01-30,0.3835655642328557
Geo31,2023-02-06,0.6872699187296814
Geo31,2023-02-13,-0.966451110506136
Geo31,2023-02-20,1.0868102246283096
Geo31,2023-02-27,0.8824265220156191
Geo31,2023-03-06,0.4060857890638477
Geo31,2023-03-13,0.547484226386218
Geo31,2023-03-20,0.5761651298062157
Geo31,2023-03-27,0.023806301147267308
Geo31,2023-04-03,0.17050246653977966
Geo31,2023-04-10,-1.002273679625712
Geo31,2023-04-17,-0.8611026389838466
Geo31,2023-04-24,-0.5819307349518611
Geo31,2023-05-01,0.2807855183332171
Geo31,2023-05-08,-1.82320841389493
Geo31,2023-05-15,-0.09853347448534278
Geo31,2023-05-22,0.22000010805223316
Geo31,2023-05-29,0.7894093494975954
Geo31,2023-06-05,0.975395612246668
Geo31,2023-06-12,-0.16065651229870864
Geo31,2023-06-19,-0.6214588938570899
Geo31,2023-06-26,1.9595662763463013
Geo31,2023-07-03,-0.068336171420865
Geo31,2023-07-10,-0.7587544298645946
Geo31,2023-07-17,1.8652440131818184
Geo31,2023-07-24,-0.3694824036422487
Geo31,2023-07-31,0.31573085685621877
Geo31,2023-08-07,-0.33331548581332304
Geo31,2023-08-14,2.1208472816141883
Geo31,2023-08-21,-0.14037880194970728
Geo31,2023-08-28,-0.2780767107797906
Geo31,2023-09-04,-1.1581099985553722
Geo31,2023-09-11,2.647083329128581
Geo31,2023-09-18,0.290281589250265
Geo31,2023-09-25,0.7935751554585785
Geo31,2023-10-02,0.5660696571462788
Geo31,2023-10-09,0.017425094775895895
Geo31,2023-10-16,0.6414840128591105
Geo31,2023-10-23,0.44788231119932803
Geo31,2023-10-30,0.6992254167015386
Geo31,2023-11-06,0.9156354753932071
Geo31,2023-11-13,-1.6532226166995898
Geo31,2023-11-20,0.6348960165016518
Geo31,2023-11-27,-1.0614347762572385
Geo31,2023-12-04,-0.2639831778818504
Geo31,2023-12-11,0.25574621548989057
Geo31,2023-12-18,0.9668514260033395
Geo31,2023-12-25,1.223910900841232
Geo31,2024-01-01,0.8234639003882216
Geo31,2024-01-08,0.16651669801423608
Geo31,2024-01-15,-0.7660202780121116
Geo32,2021-01-25,-0.5310827938341182
Geo32,2021-02-01,-1.3567533778349539
Geo32,2021-02-08,-0.8241318040340161
Geo32,2021-02-15,-0.5980747896749807
Geo32,2021-02-22,0.1585828271886736
Geo32,2021-03-01,-0.9769426342214163
Geo32,2021-03-08,0.23509481262668783
Geo32,2021-03-15,0.05127720271661729
Geo32,2021-03-22,-0.5815381644339539
Geo32,2021-03-29,0.22486229260309637
Geo32,2021-04-05,0.45857779425487055
Geo32,2021-04-12,-1.3123154216610105
Geo32,2021-04-19,0.742604437625989
Geo32,2021-04-26,-0.7506649695536355
Geo32,2021-05-03,0.5130293871130995
Geo32,2021-05-10,-0.3924792814242497
Geo32,2021-05-17,-0.8795636231887547
Geo32,2021-05-24,-0.3460219000522466
Geo32,2021-05-31,-1.1389825666620064
Geo32,2021-06-07,-1.0180449938361242
Geo32,2021-06-14,1.4805058947615446
Geo32,2021-06-21,-2.1287120665591317
Geo32,2021-06-28,-1.831481744052063
Geo32,2021-07-05,-0.90622321634813
Geo32,2021-07-12,-0.23392469620288517
Geo32,2021-07-19,-1.0375503486065307
Geo32,2021-07-26,1.6354549788418042
Geo32,2021-08-02,-0.44889640691263627
Geo32,2021-08-09,1.1373825167471827
Geo32,2021-08-16,-0.5684511052810045
Geo32,2021-08-23,0.01613858583107956
Geo32,2021-08-30,0.22329234025618547
Geo32,2021-09-06,-0.06984811061220156
Geo32,2021-09-13,-1.9395556689234905
Geo32,2021-09-20,-1.6164315136378484
Geo32,2021-09-27,0.1409082736286702
Geo32,2021-10-04,0.03247090523067531
Geo32,2021-10-11,-0.022434577902300676
Geo32,2021-10-18,-0.43385883436976413
Geo32,2021-10-25,-0.4964119821076628
Geo32,2021-11-01,0.2978326086710042
Geo32,2021-11-08,1.2902222810591533
Geo32,2021-11-15,-0.013301775483558572
Geo32,2021-11-22,0.7980077643985173
Geo32,2021-11-29,0.8787547338404242
Geo32,2021-12-06,0.17340482945993832
Geo32,2021-12-13,0.2954021422071033
Geo32,2021-12-20,-0.48595284825346763
Geo32,2021-12-27,-0.5817572686444401
Geo32,2022-01-03,-0.8933258855387366
Geo32,2022-01-10,-0.9379681475541113
Geo32,2022-01-17,-0.6201729512265334
Geo32,2022-01-24,-0.19230417280007195
Geo32,2022-01-31,-1.7148569018854076
Geo32,2022-02-07,1.0953701678711814
Geo32,2022-02-14,0.8413753788345417
Geo32,2022-02-21,-1.0085258877236922
Geo32,2022-02-28,0.26866436065003435
Geo32,2022-03-07,1.068360714762804
Geo32,2022-03-14,0.06277089717758373
Geo32,2022-03-21,0.341887574218957
Geo32,2022-03-28,0.9795197000613448
Geo32,2022-04-04,-0.3917035818403512
Geo32,2022-04-11,0.15753435169756694
Geo32,2022-04-18,-0.6103033225515596
Geo32,2022-04-25,0.05927494814172192
Geo32,2022-05-02,0.6343638654493078
Geo32,2022-05-09,-1.1896115420092634
Geo32,2022-05-16,-1.3240630075433013
Geo32,2022-05-23,-1.2327338789999807
Geo32,2022-05-30,-0.5731488144068413
Geo32,2022-06-06,-1.8929855328141354
Geo32,2022-06-13,-0.005187630946633167
Geo32,2022-06-20,-0.01176672078307591
Geo32,2022-06-27,-1.2337381802551022
Geo32,2022-07-04,-0.46426506535421685
Geo32,2022-07-11,-0.7024733076768568
Geo32,2022-07-18,-2.539623504321044
Geo32,2022-07-25,-0.29776486030621
Geo32,2022-08-01,-0.5032512581940578
Geo32,2022-08-08,0.21272497952382685
Geo32,2022-08-15,-1.154644762901708
Geo32,2022-08-22,-0.6021337393484729
Geo32,2022-08-29,-0.419815403007737
Geo32,2022-09-05,0.6879913879352345
Geo32,2022-09-12,-0.5897729046351187
Geo32,2022-09-19,-0.5162866334909046
Geo32,2022-09-26,-0.6756414349971396
Geo32,2022-10-03,0.7104023030775618
Geo32,2022-10-10,0.48975729524024253
Geo32,2022-10-17,1.1384113347032758
Geo32,2022-10-24,-0.38145692606124443
Geo32,2022-10-31,-0.11429423901980251
Geo32,2022-11-07,0.6508196518384819
Geo32,2022-11-14,-1.4668241990440887
Geo32,2022-11-21,-0.6309607413964577
Geo32,2022-11-28,-1.7348928996655852
Geo32,2022-12-05,0.34040884166935537
Geo32,2022-12-12,0.3228511289635326
Geo32,2022-12-19,0.32308171847537487
Geo32,2022-12-26,-0.8007972056172402
Geo32,2023-01-02,-0.49886453568955624
Geo32,2023-01-09,-0.12139149264435062
Geo32,2023-01-16,0.21592761163274748
Geo32,2023-01-23,-0.26895331924081994
Geo32,2023-01-30,-1.2468171776099843
Geo32,2023-02-06,0.1783079487831059
Geo32,2023-02-13,-0.3999453899192736
Geo32,2023-02-20,-0.8663689997711814
Geo32,2023-02-27,-0.79447763941721
Geo32,2023-03-06,-0.41835279405426995
Geo32,2023-03-13,0.08626032629148743
Geo32,2023-03-20,-0.5432952031145624
Geo32,2023-03-27,0.020343973096862276
Geo32,2023-04-03,-1.1825047909239785
Geo32,2023-04-10,0.6190570509381065
Geo32,2023-04-17,-0.9370429181814032
Geo32,2023-04-24,-0.14041601085605906
Geo32,2023-05-01,-0.822796416880186
Geo32,2023-05-08,0.23197346111197978
Geo32,2023-05-15,0.24348217481318116
Geo32,2023-05-22,0.28025060013538966
Geo32,2023-05-29,0.12363482213141162
Geo32,2023-06-05,0.12145482358554632
Geo32,2023-06-12,-0.29618806095272143
Geo32,2023-06-19,0.1913236665449394
Geo32,2023-06-26,-1.4416670820861568
Geo32,2023-07-03,0.26507630833214363
Geo32,2023-07-10,0.6823693329214092
Geo32,2023-07-17,1.4610528864607806
Geo32,2023-07-24,0.7590611074998829
Geo32,2023-07-31,-0.1693611789853041
Geo32,2023-08-07,-0.44096536458386915
Geo32,2023-08-14,-0.16874450665095192
Geo32,2023-08-21,-1.1027755958791687
Geo32,2023-08-28,0.6678921105620083
Geo32,2023-09-04,-0.5930579216941516
Geo32,2023-09-11,1.440120924739235
Geo32,2023-09-18,0.9974522311595013
Geo32,2023-09-25,0.3233578074502818
Geo32,2023-10-02,-0.5101656304816276
Geo32,2023-10-09,0.8134069030629275
Geo32,2023-10-16,0.8401499855283147
Geo32,2023-10-23,-0.9028423411970093
Geo32,2023-10-30,0.6848510414990528
Geo32,2023-11-06,-0.7860509621606898
Geo32,2023-11-13,0.13038044883751823
Geo32,2023-11-20,0.002690181427771885
Geo32,2023-11-27,1.1263756223667722
Geo32,2023-12-04,0.5859497862943441
Geo32,2023-12-11,-0.3043607363523271
Geo32,2023-12-18,0.5414325373668072
Geo32,2023-12-25,0.8490519775640345
Geo32,2024-01-01,0.7267123144879849
Geo32,2024-01-08,-0.6634910905182544
Geo32,2024-01-15,-1.32201917607986
Geo33,2021-01-25,0.26663290751359225
Geo33,2021-02-01,-1.738742783326473
Geo33,2021-02-08,1.0609785160943936
Geo33,2021-02-15,-1.662099808479981
Geo33,2021-02-22,-0.44989443627915626
Geo33,2021-03-01,0.6664924539354788
Geo33,2021-03-08,0.2990489564477133
Geo33,2021-03-15,-0.19452170189918744
Geo33,2021-03-22,-0.03980124471658392
Geo33,2021-03-29,1.2247345948146682
Geo33,2021-04-05,0.5466314434778293
Geo33,2021-04-12,0.4501850281681643
Geo33,2021-04-19,0.8875658774857276
Geo33,2021-04-26,1.7541953822182432
Geo33,2021-05-03,1.1440645334418509
Geo33,2021-05-10,0.014793172449767418
Geo33,2021-05-17,-0.8064413804389852
Geo33,2021-05-24,1.4103480801326804
Geo33,2021-05-31,0.393057623752232
Geo33,2021-06-07,0.5340733150831468
Geo33,2021-06-14,-0.2722447274428057
Geo33,2021-06-21,0.9055523737757678
Geo33,2021-06-28,-0.025970300317890032
Geo33,2021-07-05,0.058452563938029056
Geo33,2021-07-12,-0.1670481392913596
Geo33,2021-07-19,1.2257609725477698
Geo33,2021-07-26,-0.3323382693443066
Geo33,2021-08-02,0.30784271335050667
Geo33,2021-08-09,-0.6251930271575582
Geo33,2021-08-16,0.8013135588169407
Geo33,2021-08-23,1.1747853776325192
Geo33,2021-08-30,1.1956142541978458
Geo33,2021-09-06,0.2102639195667592
Geo33,2021-09-13,0.5304692898897974
Geo33,2021-09-20,-0.3381887569416922
Geo33,2021-09-27,-0.6914765818724798
Geo33,2021-10-04,-1.4693431107919612
Geo33,2021-10-11,0.15803138185490287
Geo33,2021-10-18,0.1406152448818155
Geo33,2021-10-25,-0.041046618904402275
Geo33,2021-11-01,0.15896063708167424
Geo33,2021-11-08,-0.6494381408015018
Geo33,2021-11-15,0.08990034722039844
Geo33,2021-11-22,-0.5161282190725514
Geo33,2021-11-29,1.1464699969573584
Geo33,2021-12-06,0.3368244996992958
Geo33,2021-12-13,0.9041555315240605
Geo33,2021-12-20,-0.3914826472504255
Geo33,2021-12-27,-0.052784721262258166
Geo33,2022-01-03,0.730845127132584
Geo33,2022-01-10,0.2549031453155597
Geo33,2022-01-17,-0.39149206355990346
Geo33,2022-01-24,-0.7627717655290045
Geo33,2022-01-31,0.6814719190530746
Geo33,2022-02-07,0.13292319618794757
Geo33,2022-02-14,-0.35479347707519
Geo33,2022-02-21,0.9162417682951886
Geo33,2022-02-28,-1.4492820670052116
Geo33,2022-03-07,-1.077503973227311
Geo33,2022-03-14,0.5401699719140286
Geo33,2022-03-21,1.843319406240405
Geo33,2022-03-28,-0.3099072749806523
Geo33,2022-04-04,1.409364748385764
Geo33,2022-04-11,0.11276933449348635
Geo33,2022-04-18,0.12437318718192739
Geo33,2022-04-25,1.1960546684440023
Geo33,2022-05-02,-0.07508899900407999
Geo33,2022-05-09,-0.9259194161382938
Geo33,2022-05-16,0.29155545736512417
Geo33,2022-05-23,-0.11743656406334999
Geo33,2022-05-30,-0.3351096237423875
Geo33,2022-06-06,-0.34364887125186144
Geo33,2022-06-13,-0.4544328284101366
Geo33,2022-06-20,0.27546702002843426
Geo33,2022-06-27,-0.2927378453158884
Geo33,2022-07-04,1.0912360778587444
Geo33,2022-07-11,-0.528263420652965
Geo33,2022-07-18,-0.595330412316456
Geo33,2022-07-25,1.133607318210416
Geo33,2022-08-01,0.48919410796136426
Geo33,2022-08-08,-0.07785685591578342
Geo33,2022-08-15,0.07547025650149038
Geo33,2022-08-22,0.2926057794280412
Geo33,2022-08-29,0.5718184571069862
Geo33,2022-09-05,-0.4075662419136696
Geo33,2022-09-12,-0.4017238254386937
Geo33,2022-09-19,-0.5188963450216685
Geo33,2022-09-26,-0.5723817899689255
Geo33,2022-10-03,0.07346834910646846
Geo33,2022-10-10,0.8696910317223548
Geo33,2022-10-17,-0.12456955301163862
Geo33,2022-10-24,0.3870459827440659
Geo33,2022-10-31,-0.4766924459412914
Geo33,2022-11-07,0.8878639709400594
Geo33,2022-11-14,0.5304205941179254
Geo33,2022-11-21,0.8217289248774765
Geo33,2022-11-28,0.1909169010758554
Geo33,2022-12-05,0.2746254709985151
Geo33,2022-12-12,-0.305294359486089
Geo33,2022-12-19,-1.381191253464049
Geo33,2022-12-26,0.27773419831332197
Geo33,2023-01-02,0.14833796384084033
Geo33,2023-01-09,-0.523076917392485
Geo33,2023-01-16,0.8683399258309693
Geo33,2023-01-23,-1.3693490336271077
Geo33,2023-01-30,-0.8366170203108771
Geo33,2023-02-06,-2.4057242777313683
Geo33,2023-02-13,0.280216875566549
Geo33,2023-02-20,-0.7402463390331565
Geo33,2023-02-27,-0.045423319549774716
Geo33,2023-03-06,-1.6669625252131248
Geo33,2023-03-13,-0.34092809588754797
Geo33,2023-03-20,-1.1588884634520944
Geo33,2023-03-27,-0.8084537802931395
Geo33,2023-04-03,0.8937292555951962
Geo33,2023-04-10,-0.755633126795029
Geo33,2023-04-17,-1.300994025345734
Geo33,2023-04-24,-0.5310256277789818
Geo33,2023-05-01,0.25319152928987376
Geo33,2023-05-08,-1.1251994639952554
Geo33,2023-05-15,0.5205759770773877
Geo33,2023-05-22,-0.6589400041770404
Geo33,2023-05-29,-1.362956704678617
Geo33,2023-06-05,-0.28064757298355547
Geo33,2023-06-12,-1.4893814209172567
Geo33,2023-06-19,-0.5326188673426586
Geo33,2023-06-26,-0.5114407802144051
Geo33,2023-07-03,-0.8572064535780491
Geo33,2023-07-10,0.17612145754920108
Geo33,2023-07-17,0.4058253322921534
Geo33,2023-07-24,1.3090772859213178
Geo33,2023-07-31,0.007613909066329767
Geo33,2023-08-07,-1.4917057696525466
Geo33,2023-08-14,-1.1484090526340331
Geo33,2023-08-21,-0.09317154165079579
Geo33,2023-08-28,-0.3435113931334827
Geo33,2023-09-04,-0.924799009829119
Geo33,2023-09-11,0.5499018622782441
Geo33,2023-09-18,-0.7218030172147267
Geo33,2023-09-25,-0.6769482924975869
Geo33,2023-10-02,1.0635462091703363
Geo33,2023-10-09,-0.5731590390569807
Geo33,2023-10-16,0.36308766298308076
Geo33,2023-10-23,-0.0666753919667839
Geo33,2023-10-30,-1.145790780524323
Geo33,2023-11-06,0.0655067249241162
Geo33,2023-11-13,-0.1076783080325961
Geo33,2023-11-20,-0.06877738127968623
Geo33,2023-11-27,1.2883269682807788
Geo33,2023-12-04,-0.3256664105230261
Geo33,2023-12-11,0.32933772655204824
Geo33,2023-12-18,0.21893499540892503
Geo33,2023-12-25,-0.02852615574763175
Geo33,2024-01-01,-0.21730486623731873
Geo33,2024-01-08,-0.6906215809718778
Geo33,2024-01-15,0.07105642869303326
Geo34,2021-01-25,-0.3815021014144919
Geo34,2021-02-01,-0.8429145038590447
Geo34,2021-02-08,0.11158823896772183
Geo34,2021-02-15,-0.2548064733987804
Geo34,2021-02-22,0.9821760435789496
Geo34,2021-03-01,0.10216105523699189
Geo34,2021-03-08,0.9502026772076855
Geo34,2021-03-15,-1.4498324314795838
Geo34,2021-03-22,-0.09778001949299894
Geo34,2021-03-29,-1.7753235688643518
Geo34,2021-04-05,0.020370549128938188
Geo34,2021-04-12,0.8472492488801666
Geo34,2021-04-19,0.844649426652412
Geo34,2021-04-26,0.2244106933751708
Geo34,2021-05-03,-1.8729200162906485
Geo34,2021-05-10,0.27419662588305876
Geo34,2021-05-17,-1.352799794655445
Geo34,2021-05-24,1.2110743060068525
Geo34,2021-05-31,0.7538506938616341
Geo34,2021-06-07,1.4049198287516136
Geo34,2021-06-14,-0.9902360296968707
Geo34,2021-06-21,0.271827477088936
Geo34,2021-06-28,0.7059296533408652
Geo34,2021-07-05,0.4272545605135039
Geo34,2021-07-12,-0.8150516496546197
Geo34,2021-07-19,0.0971541154199507
Geo34,2021-07-26,0.1868621555606133
Geo34,2021-08-02,-0.8497863356632048
Geo34,2021-08-09,0.8934523314498956
Geo34,2021-08-16,-0.0325764156064538
Geo34,2021-08-23,-0.07011871197523097
Geo34,2021-08-30,-0.7391372046885202
Geo34,2021-09-06,1.158380900006287
Geo34,2021-09-13,0.12677055582841182
Geo34,2021-09-20,1.615004293115629
Geo34,2021-09-27,-0.5554010036862327
Geo34,2021-10-04,-0.11236029689612649
Geo34,2021-10-11,0.926919483844589
Geo34,2021-10-18,1.116553591049062
Geo34,2021-10-25,0.16276133280029148
Geo34,2021-11-01,-0.3826060571368905
Geo34,2021-11-08,-0.31534953770909346
Geo34,2021-11-15,-1.117248151025694
Geo34,2021-11-22,-0.8836608724251862
Geo34,2021-11-29,-0.8718945768581514
Geo34,2021-12-06,0.319391454899021
Geo34,2021-12-13,-1.206231013184753
Geo34,2021-12-20,1.0964345506363598
Geo34,2021-12-27,1.0081701048926428
Geo34,2022-01-03,0.9723660511736917
Geo34,2022-01-10,0.6156414188028714
Geo34,2022-01-17,0.8985258466885938
Geo34,2022-01-24,-1.0286378251616497
Geo34,2022-01-31,0.050869894055077344
Geo34,2022-02-07,0.7828058010776195
Geo34,2022-02-14,-0.3804181703306386
Geo34,2022-02-21,-0.06174529234041601
Geo34,2022-02-28,-0.2538133033389829
Geo34,2022-03-07,0.16971794424296804
Geo34,2022-03-14,0.2560584643248935
Geo34,2022-03-21,0.5252039096866308
Geo34,2022-03-28,0.7834988616194787
Geo34,2022-04-04,-0.4390466711478308
Geo34,2022-04-11,-0.10233913557530035
Geo34,2022-04-18,0.17207591044673434
Geo34,2022-04-25,0.342511590491106
Geo34,2022-05-02,-0.8528589474088207
Geo34,2022-05-09,-0.48144871323732935
Geo34,2022-05-16,0.14572166569946704
Geo34,2022-05-23,1.005053022845842
Geo34,2022-05-30,0.15973657213899164
Geo34,2022-06-06,0.2231228750624929
Geo34,2022-06-13,-0.48295914311617294
Geo34,2022-06-20,0.16900797978545376
Geo34,2022-06-27,0.9547701152176941
Geo34,2022-07-04,-0.9679564088032057
Geo34,2022-07-11,-1.2704238929452432
Geo34,2022-07-18,-1.1126536667506373
Geo34,2022-07-25,-0.5471680165814755
Geo34,2022-08-01,-0.8913149654338163
Geo34,2022-08-08,-2.250719098386998
Geo34,2022-08-15,-0.45782692144064907
Geo34,2022-08-22,-0.1431553303161095
Geo34,2022-08-29,0.5364047042599422
Geo34,2022-09-05,0.15021966762516925
Geo34,2022-09-12,0.5564363644317197
Geo34,2022-09-19,-0.054897646138654645
Geo34,2022-09-26,-1.2792898666762236
Geo34,2022-10-03,0.8639235313426001
Geo34,2022-10-10,0.8661213004380042
Geo34,2022-10-17,0.78691371264205
Geo34,2022-10-24,0.4534194814054341
Geo34,2022-10-31,0.7881765651716066
Geo34,2022-11-07,0.15744076033278795
Geo34,2022-11-14,0.024575463163205007
Geo34,2022-11-21,-0.733582317944013
Geo34,2022-11-28,-1.205346938395991
Geo34,2022-12-05,0.8976101745805689
Geo34,2022-12-12,0.5624562388868628
Geo34,2022-12-19,1.575801252048798
Geo34,2022-12-26,-0.3497549874527654
Geo34,2023-01-02,0.7152676364089843
Geo34,2023-01-09,-0.4420927567488802
Geo34,2023-01-16,0.38185090312414094
Geo34,2023-01-23,-0.1771262193973249
Geo34,2023-01-30,-1.8002383801785273
Geo34,2023-02-06,0.07989755807825925
Geo34,2023-02-13,1.3382736707090863
Geo34,2023-02-20,-0.8395100552461071
Geo34,2023-02-27,-0.8504710742773569
Geo34,2023-03-06,0.1543234182257463
Geo34,2023-03-13,-0.08813620558164285
Geo34,2023-03-20,-0.23420476117906466
Geo34,2023-03-27,0.37169216993590637
Geo34,2023-04-03,0.10039992728597112
Geo34,2023-04-10,0.008944802447293516
Geo34,2023-04-17,-1.0738382454727902
Geo34,2023-04-24,-1.335331028157222
Geo34,2023-05-01,0.33045857850853666
Geo34,2023-05-08,0.6132210381413016
Geo34,2023-05-15,1.5928211545713185
Geo34,2023-05-22,-0.2097669003466042
Geo34,2023-05-29,-0.3824965717754936
Geo34,2023-06-05,-0.4393072515091602
Geo34,2023-06-12,-0.4585103597535969
Geo34,2023-06-19,0.38655747336300306
Geo34,2023-06-26,-0.44720450084298297
Geo34,2023-07-03,-1.4676556600860824
Geo34,2023-07-10,0.17396134719288037
Geo34,2023-07-17,-0.09278062142294233
Geo34,2023-07-24,-0.9598109319694936
Geo34,2023-07-31,0.34621978946535364
Geo34,2023-08-07,1.296612280185522
Geo34,2023-08-14,-0.21399391950134306
Geo34,2023-08-21,-1.7439874801132853
Geo34,2023-08-28,0.8689775420632346
Geo34,2023-09-04,-0.03085065584818832
Geo34,2023-09-11,-0.8614900867423158
Geo34,2023-09-18,0.12138184757780618
Geo34,2023-09-25,-0.04149024042175032
Geo34,2023-10-02,-0.050435272465948575
Geo34,2023-10-09,-0.6989459347064683
Geo34,2023-10-16,0.7559220736799861
Geo34,2023-10-23,0.9971661759216531
Geo34,2023-10-30,0.2986071803902302
Geo34,2023-11-06,-0.5127032731028903
Geo34,2023-11-13,0.40748062004040647
Geo34,2023-11-20,-0.36882884575750075
Geo34,2023-11-27,1.2009298761318645
Geo34,2023-12-04,-0.21975373371563842
Geo34,2023-12-11,2.691154374562771
Geo34,2023-12-18,-0.05041888867077517
Geo34,2023-12-25,0.001070178354424489
Geo34,2024-01-01,-1.5037088515157657
Geo34,2024-01-08,0.41181868491798734
Geo34,2024-01-15,-0.726245498429217
Geo35,2021-01-25,0.03772351496387821
Geo35,2021-02-01,0.541313611977259
Geo35,2021-02-08,0.21877612532839097
Geo35,2021-02-15,-0.9555631315958089
Geo35,2021-02-22,0.42980659301491786
Geo35,2021-03-01,0.02467806630643733
Geo35,2021-03-08,-0.5729844184590516
Geo35,2021-03-15,-0.5871062102257844
Geo35,2021-03-22,-1.81652721940998
Geo35,2021-03-29,-1.7384904295420551
Geo35,2021-04-05,-0.938805575507488
Geo35,2021-04-12,-1.3228137403625142
Geo35,2021-04-19,0.6936029735482272
Geo35,2021-04-26,-1.6998174854400074
Geo35,2021-05-03,-0.13959231291033214
Geo35,2021-05-10,-1.4275140590967466
Geo35,2021-05-17,-0.2965818478692278
Geo35,2021-05-24,0.27275919929599707
Geo35,2021-05-31,-0.39063913278324114
Geo35,2021-06-07,-1.3960662276528428
Geo35,2021-06-14,-1.1226207289471732
Geo35,2021-06-21,-0.878156619323305
Geo35,2021-06-28,-1.3350881997710167
Geo35,2021-07-05,0.2670375635343899
Geo35,2021-07-12,-1.4980079385584486
Geo35,2021-07-19,-0.08065827335601301
Geo35,2021-07-26,-0.488860121258772
Geo35,2021-08-02,-1.7994369754515145
Geo35,2021-08-09,-1.1791040671255733
Geo35,2021-08-16,0.2995078145741062
Geo35,2021-08-23,-1.4956711466163288
Geo35,2021-08-30,0.452907553819087
Geo35,2021-09-06,-1.4433775697130609
Geo35,2021-09-13,-1.213219038505417
Geo35,2021-09-20,0.7249990086389467
Geo35,2021-09-27,-0.8104639972541456
Geo35,2021-10-04,0.9340741905822699
Geo35,2021-10-11,-1.1241984437380068
Geo35,2021-10-18,-0.7904808152944214
Geo35,2021-10-25,0.010409500479346608
Geo35,2021-11-01,-1.224752501625141
Geo35,2021-11-08,-1.8019229876883314
Geo35,2021-11-15,-1.092043863286075
Geo35,2021-11-22,-1.0712706539927717
Geo35,2021-11-29,0.15846985466773944
Geo35,2021-12-06,-1.2486634850696627
Geo35,2021-12-13,-0.3996112821917038
Geo35,2021-12-20,-0.407500919726019
Geo35,2021-12-27,0.3255623374479427
Geo35,2022-01-03,-0.37000737964955815
Geo35,2022-01-10,0.2703155175490514
Geo35,2022-01-17,-0.8018709078102596
Geo35,2022-01-24,0.20030790693079648
Geo35,2022-01-31,0.614349235275508
Geo35,2022-02-07,0.20183967505925704
Geo35,2022-02-14,0.3849384009115719
Geo35,2022-02-21,-0.4276157729080064
Geo35,2022-02-28,-0.6085781916760092
Geo35,2022-03-07,-0.001934410712789034
Geo35,2022-03-14,0.45338446315723563
Geo35,2022-03-21,0.605042908984694
Geo35,2022-03-28,0.8381005469584523
Geo35,2022-04-04,-0.4071361117354191
Geo35,2022-04-11,-0.44722670181609814
Geo35,2022-04-18,0.6690840476913824
Geo35,2022-04-25,-1.2649528531770444
Geo35,2022-05-02,0.46880935332071183
Geo35,2022-05-09,0.2820565915135718
Geo35,2022-05-16,-1.0190654605997627
Geo35,2022-05-23,0.024117772284722953
Geo35,2022-05-30,-0.3943676193483928
Geo35,2022-06-06,0.5178038109643827
Geo35,2022-06-13,0.4636573710861172
Geo35,2022-06-20,0.21258140911716616
Geo35,2022-06-27,1.693299392224968
Geo35,2022-07-04,-1.0783041095083319
Geo35,2022-07-11,-1.014859426548374
Geo35,2022-07-18,1.6439369358502545
Geo35,2022-07-25,1.4796533682396558
Geo35,2022-08-01,-2.295361637625678
Geo35,2022-08-08,0.22514229065939623
Geo35,2022-08-15,-0.07403408348121901
Geo35,2022-08-22,0.13558480063351727
Geo35,2022-08-29,-0.39560009602334084
Geo35,2022-09-05,-0.6983428671146255
Geo35,2022-09-12,-0.9625376647711964
Geo35,2022-09-19,-0.19859612332232873
Geo35,2022-09-26,-0.9208699980477724
Geo35,2022-10-03,1.0540358208532898
Geo35,2022-10-10,-0.2554289539372042
Geo35,2022-10-17,-0.500136197982796
Geo35,2022-10-24,1.6250771072423427
Geo35,2022-10-31,0.9194899541673949
Geo35,2022-11-07,-1.3494143052840883
Geo35,2022-11-14,1.5235371105584559
Geo35,2022-11-21,-0.4520915174108619
Geo35,2022-11-28,-0.002151593778912944
Geo35,2022-12-05,-1.3504022648831213
Geo35,2022-12-12,0.1710998689195584
Geo35,2022-12-19,0.023421552720155316
Geo35,2022-12-26,0.7250926036919286
Geo35,2023-01-02,0.2264317752302514
Geo35,2023-01-09,-0.4964062224054377
Geo35,2023-01-16,-0.9394845650736657
Geo35,2023-01-23,-0.18843723118526143
Geo35,2023-01-30,-0.6453648763864273
Geo35,2023-02-06,-1.8053654775518146
Geo35,2023-02-13,-0.22896686715083736
Geo35,2023-02-20,-0.23298103134361342
Geo35,2023-02-27,1.2708262131867345
Geo35,2023-03-06,-1.765747117056635
Geo35,2023-03-13,0.02551978363518592
Geo35,2023-03-20,-0.7114929720585825
Geo35,2023-03-27,0.21984055634003055
Geo35,2023-04-03,0.37729466310736365
Geo35,2023-04-10,0.3473478623256571
Geo35,2023-04-17,0.35702367635972004
Geo35,2023-04-24,-0.5545374716644075
Geo35,2023-05-01,0.11721868593008483
Geo35,2023-05-08,0.6931324456909637
Geo35,2023-05-15,-0.897090685825514
Geo35,2023-05-22,0.5356221818918414
Geo35,2023-05-29,0.6914953831278984
Geo35,2023-06-05,-0.5707498365691087
Geo35,2023-06-12,-0.08404407439763324
Geo35,2023-06-19,1.1563577616616343
Geo35,2023-06-26,0.5585121283947422
Geo35,2023-07-03,-1.1299047639454898
Geo35,2023-07-10,1.3767353971166403
Geo35,2023-07-17,-0.562558780420986
Geo35,2023-07-24,-0.8011614998518627
Geo35,2023-07-31,-0.35833799098698077
Geo35,2023-08-07,0.7065931160379969
Geo35,2023-08-14,-0.00982447367916324
Geo35,2023-08-21,-0.24474507863932024
Geo35,2023-08-28,-0.8537332029637076
Geo35,2023-09-04,-0.9561985143759382
Geo35,2023-09-11,0.2359671966848415
Geo35,2023-09-18,-1.717417077931121
Geo35,2023-09-25,-1.2314141295211278
Geo35,2023-10-02,-0.2928480434033385
Geo35,2023-10-09,0.29114403301002584
Geo35,2023-10-16,-0.40385964673296404
Geo35,2023-10-23,0.25004580709758484
Geo35,2023-10-30,0.42854093263936716
Geo35,2023-11-06,-0.4315140068647026
Geo35,2023-11-13,-0.3622851496304629
Geo35,2023-11-20,-0.8804535270098928
Geo35,2023-11-27,0.5204593578767146
Geo35,2023-12-04,-0.329610903918452
Geo35,2023-12-11,0.03831295108163468
Geo35,2023-12-18,-0.3605734237410417
Geo35,2023-12-25,0.2207597023035187
Geo35,2024-01-01,-0.9098302488325276
Geo35,2024-01-08,1.5765038273370904
Geo35,2024-01-15,0.9880130196157392
Geo36,2021-01-25,-0.4409792269664008
Geo36,2021-02-01,0.14332133006329326
Geo36,2021-02-08,-0.14096484557158756
Geo36,2021-02-15,0.08238293586713735
Geo36,2021-02-22,-0.2768911682758702
Geo36,2021-03-01,0.989274727503626
Geo36,2021-03-08,0.36561792753896805
Geo36,2021-03-15,0.7180891232657916
Geo36,2021-03-22,1.3470148648352702
Geo36,2021-03-29,0.25564663580590236
Geo36,2021-04-05,0.985854554473027
Geo36,2021-04-12,-0.48968625421931766
Geo36,2021-04-19,2.5938906070902905
Geo36,2021-04-26,0.2393794907301355
Geo36,2021-05-03,-0.14981640703189494
Geo36,2021-05-10,-1.0047248891596179
Geo36,2021-05-17,1.163149149373231
Geo36,2021-05-24,0.3091001053571378
Geo36,2021-05-31,0.8099926819702784
Geo36,2021-06-07,-0.38187820727859256
Geo36,2021-06-14,0.5572999721904881
Geo36,2021-06-21,0.9879276233725944
Geo36,2021-06-28,-1.3269756039691534
Geo36,2021-07-05,-0.4356801724731991
Geo36,2021-07-12,-0.7651516323717505
Geo36,2021-07-19,0.9934726269163022
Geo36,2021-07-26,0.8537471971049293
Geo36,2021-08-02,-0.11888184372905387
Geo36,2021-08-09,-0.6192568042067812
Geo36,2021-08-16,0.667532025259696
Geo36,2021-08-23,0.43999025094516603
Geo36,2021-08-30,0.6103539983466594
Geo36,2021-09-06,-0.9945496627895051
Geo36,2021-09-13,0.7362076412736941
Geo36,2021-09-20,0.6116473875957141
Geo36,2021-09-27,1.438879683715786
Geo36,2021-10-04,0.5926069268862453
Geo36,2021-10-11,1.0885437359337273
Geo36,2021-10-18,0.5676057420010416
Geo36,2021-10-25,0.9722041380113813
Geo36,2021-11-01,-0.14626536501611587
Geo36,2021-11-08,-0.660906672602157
Geo36,2021-11-15,0.7606762349654786
Geo36,2021-11-22,0.16063217157310739
Geo36,2021-11-29,0.9587086808456201
Geo36,2021-12-06,-0.14250825318038923
Geo36,2021-12-13,1.3751533243726615
Geo36,2021-12-20,0.5496483686390699
Geo36,2021-12-27,0.46582092382598805
Geo36,2022-01-03,0.981363013705544
Geo36,2022-01-10,-0.0121474433383874
Geo36,2022-01-17,0.29560888027298704
Geo36,2022-01-24,-0.5396376762380317
Geo36,2022-01-31,0.7586070726027823
Geo36,2022-02-07,-0.47123616889448533
Geo36,2022-02-14,-1.4835603447369956
Geo36,2022-02-21,0.725277476653252
Geo36,2022-02-28,1.3023683571150646
Geo36,2022-03-07,0.3261238164069301
Geo36,2022-03-14,0.30900341856957947
Geo36,2022-03-21,0.6550086446853465
Geo36,2022-03-28,1.4911397062529175
Geo36,2022-04-04,0.9782254135086171
Geo36,2022-04-11,1.2287815731646856
Geo36,2022-04-18,-0.7511523947219945
Geo36,2022-04-25,1.2325002707211803
Geo36,2022-05-02,-0.009841935494992883
Geo36,2022-05-09,-0.5303998559445998
Geo36,2022-05-16,1.5855470295470042
Geo36,2022-05-23,0.008672444915842046
Geo36,2022-05-30,-0.9979161209381273
Geo36,2022-06-06,0.4898653327225252
Geo36,2022-06-13,-0.4944478343480115
Geo36,2022-06-20,0.10646510795342785
Geo36,2022-06-27,1.2189152887521244
Geo36,2022-07-04,2.257701531497239
Geo36,2022-07-11,0.3373202766240817
Geo36,2022-07-18,1.6174546460754748
Geo36,2022-07-25,1.8217622923494698
Geo36,2022-08-01,0.671655374927083
Geo36,2022-08-08,0.8221029462705152
Geo36,2022-08-15,-0.1187037707566821
Geo36,2022-08-22,0.9195912249768988
Geo36,2022-08-29,0.4181549886492045
Geo36,2022-09-05,0.42768465980137726
Geo36,2022-09-12,0.21799348017434392
Geo36,2022-09-19,-1.1850636529165828
Geo36,2022-09-26,0.8886175963053472
Geo36,2022-10-03,0.49445453691178415
Geo36,2022-10-10,0.7079018517403264
Geo36,2022-10-17,2.3622977540404877
Geo36,2022-10-24,0.953953774384081
Geo36,2022-10-31,-0.348124263761445
Geo36,2022-11-07,0.07266086777406564
Geo36,2022-11-14,-0.05998005742166893
Geo36,2022-11-21,0.048600181640565863
Geo36,2022-11-28,1.3409711267510258
Geo36,2022-12-05,-0.3040969421352997
Geo36,2022-12-12,-0.5271250386400775
Geo36,2022-12-19,1.7609300257383105
Geo36,2022-12-26,0.6695435662035446
Geo36,2023-01-02,1.2983582970169376
Geo36,2023-01-09,0.43775440967597185
Geo36,2023-01-16,1.1660416143814998
Geo36,2023-01-23,-1.0094916780041399
Geo36,2023-01-30,0.1690188551457605
Geo36,2023-02-06,0.7254604327967126
Geo36,2023-02-13,-0.35480802280306223
Geo36,2023-02-20,-0.16638728534938546
Geo36,2023-02-27,0.8095245486352316
Geo36,2023-03-06,-1.2207469373309172
Geo36,2023-03-13,0.9800377210720423
Geo36,2023-03-20,-0.11086953660654245
Geo36,2023-03-27,1.0832539594655943
Geo36,2023-04-03,0.7922182647517672
Geo36,2023-04-10,0.7374964728963993
Geo36,2023-04-17,1.3857846389224688
Geo36,2023-04-24,0.5063440818788069
Geo36,2023-05-01,0.6834807875804727
Geo36,2023-05-08,-0.4427591428282702
Geo36,2023-05-15,1.174935171113171
Geo36,2023-05-22,0.28573966595777267
Geo36,2023-05-29,1.7210963714432312
Geo36,2023-06-05,0.6766111424927418
Geo36,2023-06-12,-0.1711571668689303
Geo36,2023-06-19,1.7445118279035303
Geo36,2023-06-26,-2.372914422734884
Geo36,2023-07-03,0.17590021984410464
Geo36,2023-07-10,1.9788620448948115
Geo36,2023-07-17,-0.9223505132901949
Geo36,2023-07-24,1.0344160632274975
Geo36,2023-07-31,0.7393576121707126
Geo36,2023-08-07,0.6651249474576545
Geo36,2023-08-14,2.621538470705626
Geo36,2023-08-21,-0.3676795734760436
Geo36,2023-08-28,-0.31107597025541994
Geo36,2023-09-04,-0.34222457922432037
Geo36,2023-09-11,-0.47717833702008267
Geo36,2023-09-18,0.29778221695224455
Geo36,2023-09-25,0.10800916665170804
Geo36,2023-10-02,2.9136204662114147
Geo36,2023-10-09,0.847386703989391
Geo36,2023-10-16,-0.3601531418768683
Geo36,2023-10-23,1.030130266735223
Geo36,2023-10-30,1.0959498787517483
Geo36,2023-11-06,-0.07054235648675437
Geo36,2023-11-13,0.922467412748205
Geo36,2023-11-20,-0.908569716160478
Geo36,2023-11-27,0.22224965209534644
Geo36,2023-12-04,-0.528568178469189
Geo36,2023-12-11,-1.365720311111429
Geo36,2023-12-18,-1.1978004280675132
Geo36,2023-12-25,1.8399608943632286
Geo36,2024-01-01,-1.8130150390814754
Geo36,2024-01-08,-0.8431252944559424
Geo36,2024-01-15,0.15124834446412022
Geo37,2021-01-25,-0.9662132514184737
Geo37,2021-02-01,0.16872800017237868
Geo37,2021-02-08,-0.32162756716608876
Geo37,2021-02-15,-1.6106242110271007
Geo37,2021-02-22,0.6920668150347099
Geo37,2021-03-01,1.2964730512494653
Geo37,2021-03-08,0.4215853651363517
Geo37,2021-03-15,-0.9376792249540387
Geo37,2021-03-22,0.2698355680276203
Geo37,2021-03-29,0.017077598763195256
Geo37,2021-04-05,1.4472373147270852
Geo37,2021-04-12,0.052520709350207403
Geo37,2021-04-19,2.7618587956672145
Geo37,2021-04-26,-1.9286713405770066
Geo37,2021-05-03,-0.21539474309395967
Geo37,2021-05-10,1.301939092721946
Geo37,2021-05-17,1.1320210613406259
Geo37,2021-05-24,1.5979130125450594
Geo37,2021-05-31,1.018804305536817
Geo37,2021-06-07,0.05759927606173813
Geo37,2021-06-14,1.0690393252899792
Geo37,2021-06-21,0.5690837699145367
Geo37,2021-06-28,-1.547077868896213
Geo37,2021-07-05,-0.26574480193764005
Geo37,2021-07-12,-0.7540515663941408
Geo37,2021-07-19,-0.07841808308221443
Geo37,2021-07-26,0.6255506352950508
Geo37,2021-08-02,-1.1266314124650267
Geo37,2021-08-09,-1.8711635398945918
Geo37,2021-08-16,0.9883588973633981
Geo37,2021-08-23,0.30909614734642565
Geo37,2021-08-30,0.6536630122059551
Geo37,2021-09-06,1.6682250009367068
Geo37,2021-09-13,-0.7232194054624322
Geo37,2021-09-20,-1.1718409086354244
Geo37,2021-09-27,-0.49365529032038197
Geo37,2021-10-04,-0.7969544084658751
Geo37,2021-10-11,-0.04957768682232035
Geo37,2021-10-18,-1.0050257077528761
Geo37,2021-10-25,0.023465637632693888
Geo37,2021-11-01,-2.161228397412953
Geo37,2021-11-08,-0.1163160027137538
Geo37,2021-11-15,-0.10099342159238961
Geo37,2021-11-22,-0.7349074251925758
Geo37,2021-11-29,-1.6560425103668153
Geo37,2021-12-06,0.3848255623647701
Geo37,2021-12-13,0.7754297235113204
Geo37,2021-12-20,2.539654294307678
Geo37,2021-12-27,0.47018817754245684
Geo37,2022-01-03,-0.3510323288386707
Geo37,2022-01-10,0.09887905615344382
Geo37,2022-01-17,0.8278733494018972
Geo37,2022-01-24,0.5028720346299097
Geo37,2022-01-31,0.6895253656709641
Geo37,2022-02-07,-1.229384665050315
Geo37,2022-02-14,-0.7433570223243706
Geo37,2022-02-21,0.08113295276949248
Geo37,2022-02-28,-0.2567399847601861
Geo37,2022-03-07,2.384841521247015
Geo37,2022-03-14,0.45842940155161804
Geo37,2022-03-21,-1.0482423803142245
Geo37,2022-03-28,0.5019047917328553
Geo37,2022-04-04,0.9447482520171585
Geo37,2022-04-11,1.9564036987056792
Geo37,2022-04-18,2.4503026144326343
Geo37,2022-04-25,0.07870269181541054
Geo37,2022-05-02,0.8673810942980289
Geo37,2022-05-09,-0.5786826555962034
Geo37,2022-05-16,1.2704833621594167
Geo37,2022-05-23,-0.016566762529817237
Geo37,2022-05-30,-0.30137683655405945
Geo37,2022-06-06,0.37893353932279805
Geo37,2022-06-13,0.6516055452920666
Geo37,2022-06-20,-0.587067272488584
Geo37,2022-06-27,1.141892281710266
Geo37,2022-07-04,-0.602112123253342
Geo37,2022-07-11,1.299324480421971
Geo37,2022-07-18,0.775633809596591
Geo37,2022-07-25,1.2026213694612287
Geo37,2022-08-01,0.715879184769284
Geo37,2022-08-08,1.40737314118439
Geo37,2022-08-15,-0.4205631103520305
Geo37,2022-08-22,-0.7574887803915857
Geo37,2022-08-29,-0.9282421688507051
Geo37,2022-09-05,-1.3843218632360776
Geo37,2022-09-12,1.3587270086186758
Geo37,2022-09-19,-2.444500365103512
Geo37,2022-09-26,0.5338476334234357
Geo37,2022-10-03,-0.015879415997349614
Geo37,2022-10-10,-0.5953151902106422
Geo37,2022-10-17,-0.8413631074191393
Geo37,2022-10-24,-0.6443033113697167
Geo37,2022-10-31,0.15430768170865494
Geo37,2022-11-07,-1.079720107891133
Geo37,2022-11-14,-1.808224161333341
Geo37,2022-11-21,-0.018284406858326135
Geo37,2022-11-28,0.7534940793580427
Geo37,2022-12-05,0.5486797340710012
Geo37,2022-12-12,-0.3428751427842387
Geo37,2022-12-19,-0.10324582922452004
Geo37,2022-12-26,-0.20412957625511358
Geo37,2023-01-02,0.36362491691953014
Geo37,2023-01-09,0.08182270597749396
Geo37,2023-01-16,0.7701018252144829
Geo37,2023-01-23,-0.28146592852740987
Geo37,2023-01-30,1.2927677335975496
Geo37,2023-02-06,0.04171497687077331
Geo37,2023-02-13,-0.9341743833740925
Geo37,2023-02-20,-0.13104437564581034
Geo37,2023-02-27,0.783019656142424
Geo37,2023-03-06,-0.9652794613113397
Geo37,2023-03-13,2.1433999810103073
Geo37,2023-03-20,2.5419156066392836
Geo37,2023-03-27,-0.45820447837166145
Geo37,2023-04-03,1.5940498169781228
Geo37,2023-04-10,1.082982159327787
Geo37,2023-04-17,-0.5193049161574974
Geo37,2023-04-24,-0.3102524152553457
Geo37,2023-05-01,-0.4005725413652105
Geo37,2023-05-08,0.6272054653921262
Geo37,2023-05-15,0.566332939779346
Geo37,2023-05-22,0.8712028950457831
Geo37,2023-05-29,0.2693087467532605
Geo37,2023-06-05,1.8592827888722605
Geo37,2023-06-12,0.3611997099840693
Geo37,2023-06-19,2.0515833840534943
Geo37,2023-06-26,-0.30881105727812275
Geo37,2023-07-03,0.21205537980828412
Geo37,2023-07-10,0.9012011429050124
Geo37,2023-07-17,0.8348907339234977
Geo37,2023-07-24,0.7976763101435718
Geo37,2023-07-31,-1.7993717348506904
Geo37,2023-08-07,-0.6364934085948194
Geo37,2023-08-14,0.6212970769565239
Geo37,2023-08-21,-1.1501418406871242
Geo37,2023-08-28,-1.320991736835151
Geo37,2023-09-04,-0.2889648888233337
Geo37,2023-09-11,1.5245536915924505
Geo37,2023-09-18,0.6638750178311884
Geo37,2023-09-25,-0.5205308766744408
Geo37,2023-10-02,-1.3594322655325524
Geo37,2023-10-09,0.40189972193967044
Geo37,2023-10-16,0.37273538715292015
Geo37,2023-10-23,-1.135701306148916
Geo37,2023-10-30,0.05751865243135415
Geo37,2023-11-06,0.4615573577429632
Geo37,2023-11-13,0.21178775748891998
Geo37,2023-11-20,0.11999691196031932
Geo37,2023-11-27,0.018227267665715505
Geo37,2023-12-04,2.4745099196223133
Geo37,2023-12-11,-1.4893558259577746
Geo37,2023-12-18,0.4069248604543498
Geo37,2023-12-25,1.1247182451007107
Geo37,2024-01-01,0.4202934617097809
Geo37,2024-01-08,1.2512381405854303
Geo37,2024-01-15,0.6274906564428875
Geo38,2021-01-25,-1.4109277742743376
Geo38,2021-02-01,0.4554606181568326
Geo38,2021-02-08,0.4458462676376992
Geo38,2021-02-15,0.4931977289809646
Geo38,2021-02-22,-0.5294174051425294
Geo38,2021-03-01,0.7521296470262788
Geo38,2021-03-08,1.112007875216018
Geo38,2021-03-15,0.12231636399218071
Geo38,2021-03-22,-1.2026550244938783
Geo38,2021-03-29,-0.8443536676256885
Geo38,2021-04-05,-0.1287726344252994
Geo38,2021-04-12,0.8788886058455286
Geo38,2021-04-19,-0.2735029409235677
Geo38,2021-04-26,0.48356363115109124
Geo38,2021-05-03,-0.8257601177951573
Geo38,2021-05-10,-1.2210876823008392
Geo38,2021-05-17,0.8521504233771686
Geo38,2021-05-24,0.17420420345675036
Geo38,2021-05-31,2.664330052251649
Geo38,2021-06-07,-1.0290878172399158
Geo38,2021-06-14,-0.2822565029302806
Geo38,2021-06-21,-1.3206105674399569
Geo38,2021-06-28,-0.40176547940614504
Geo38,2021-07-05,0.6373579532790176
Geo38,2021-07-12,0.03731552168069384
Geo38,2021-07-19,0.37278024672049803
Geo38,2021-07-26,-1.0953450301592476
Geo38,2021-08-02,-1.4067896443771697
Geo38,2021-08-09,0.34452605349483645
Geo38,2021-08-16,-0.27441455448166324
Geo38,2021-08-23,0.22366506605873396
Geo38,2021-08-30,-0.15982058653106201
Geo38,2021-09-06,0.29396516856671345
Geo38,2021-09-13,0.5459204588455088
Geo38,2021-09-20,-0.9161197327886681
Geo38,2021-09-27,1.3488386678264104
Geo38,2021-10-04,-0.0014151054821438384
Geo38,2021-10-11,-0.5765665374823112
Geo38,2021-10-18,-0.030321283688630813
Geo38,2021-10-25,-0.9013369607139883
Geo38,2021-11-01,0.3134573828991172
Geo38,2021-11-08,0.3722360626327287
Geo38,2021-11-15,0.15036110623343607
Geo38,2021-11-22,1.3659236526069678
Geo38,2021-11-29,0.547750484216217
Geo38,2021-12-06,0.4561304080899646
Geo38,2021-12-13,0.8072560454522077
Geo38,2021-12-20,0.6662207521471576
Geo38,2021-12-27,-0.1044118986794728
Geo38,2022-01-03,0.06797467837336242
Geo38,2022-01-10,0.515256122530351
Geo38,2022-01-17,0.7897243182319583
Geo38,2022-01-24,-0.5581350450904101
Geo38,2022-01-31,0.7746891690514934
Geo38,2022-02-07,0.9054351422817889
Geo38,2022-02-14,-0.005931088839896978
Geo38,2022-02-21,-0.6673306809922268
Geo38,2022-02-28,0.8773949322102115
Geo38,2022-03-07,0.589140200074437
Geo38,2022-03-14,0.8861471993113023
Geo38,2022-03-21,1.8136864779290447
Geo38,2022-03-28,-0.9964025864653238
Geo38,2022-04-04,1.7626966555135364
Geo38,2022-04-11,-0.5830935092714882
Geo38,2022-04-18,-1.417154975411953
Geo38,2022-04-25,-0.529494452027056
Geo38,2022-05-02,0.4333076964970186
Geo38,2022-05-09,-0.527758113078121
Geo38,2022-05-16,0.5724449818861901
Geo38,2022-05-23,0.1185915679696497
Geo38,2022-05-30,-1.5576297688183927
Geo38,2022-06-06,-0.8529341654959818
Geo38,2022-06-13,-0.07335423478154299
Geo38,2022-06-20,-0.13411217775883205
Geo38,2022-06-27,-0.4276597071351743
Geo38,2022-07-04,0.5145160839672096
Geo38,2022-07-11,-0.4115920002114915
Geo38,2022-07-18,0.7318384759249191
Geo38,2022-07-25,0.24778624426443605
Geo38,2022-08-01,1.0350124631879634
Geo38,2022-08-08,-0.7545456824272754
Geo38,2022-08-15,-0.019169232743022364
Geo38,2022-08-22,0.11413223673287196
Geo38,2022-08-29,1.9452068047214723
Geo38,2022-09-05,0.30255719109704504
Geo38,2022-09-12,-0.018084749284350464
Geo38,2022-09-19,-0.21581619035595634
Geo38,2022-09-26,-0.2910275461628945
Geo38,2022-10-03,0.27270152334301045
Geo38,2022-10-10,0.42583220633951074
Geo38,2022-10-17,1.594522730176432
Geo38,2022-10-24,-0.8566544293488348
Geo38,2022-10-31,1.2471176803934472
Geo38,2022-11-07,-0.4419309914890477
Geo38,2022-11-14,-0.0005378069230391067
Geo38,2022-11-21,-0.09985188853056162
Geo38,2022-11-28,0.1761756972666942
Geo38,2022-12-05,0.8026018309192746
Geo38,2022-12-12,0.44986176997243543
Geo38,2022-12-19,0.7600625625948624
Geo38,2022-12-26,-0.29670635476946833
Geo38,2023-01-02,-0.6327667363955282
Geo38,2023-01-09,-0.0024746620075865645
Geo38,2023-01-16,1.417322665199121
Geo38,2023-01-23,1.075438121810385
Geo38,2023-01-30,-0.07015646534728597
Geo38,2023-02-06,-0.5675361893988328
Geo38,2023-02-13,-0.6797907808521961
Geo38,2023-02-20,-0.6803632586278129
Geo38,2023-02-27,0.1682715933482067
Geo38,2023-03-06,-0.6693326050842945
Geo38,2023-03-13,-0.20353821897176255
Geo38,2023-03-20,-0.9222755846264952
Geo38,2023-03-27,0.5802179766104202
Geo38,2023-04-03,0.8603905553046417
Geo38,2023-04-10,0.3165800478072811
Geo38,2023-04-17,-0.13535625833545178
Geo38,2023-04-24,-0.21163332146953856
Geo38,2023-05-01,-1.732164464808053
Geo38,2023-05-08,0.38302683490971684
Geo38,2023-05-15,0.47950442575160257
Geo38,2023-05-22,-0.8914612334949944
Geo38,2023-05-29,-0.43117518166386143
Geo38,2023-06-05,-0.26673252687739935
Geo38,2023-06-12,0.04759254015203658
Geo38,2023-06-19,1.3524860932380092
Geo38,2023-06-26,-0.6988289365281423
Geo38,2023-07-03,-1.0361524985887507
Geo38,2023-07-10,1.0320850053023605
Geo38,2023-07-17,1.151575335137264
Geo38,2023-07-24,0.5955477168199573
Geo38,2023-07-31,1.007667941161964
Geo38,2023-08-07,-0.26615467524345027
Geo38,2023-08-14,0.6805812554984072
Geo38,2023-08-21,0.06851465401785935
Geo38,2023-08-28,-1.303082077483763
Geo38,2023-09-04,0.564230748071163
Geo38,2023-09-11,0.8875424601193249
Geo38,2023-09-18,-0.23312033791308745
Geo38,2023-09-25,0.3919386991287553
Geo38,2023-10-02,0.6650618116152038
Geo38,2023-10-09,-1.0086459191241213
Geo38,2023-10-16,0.2230509570673606
Geo38,2023-10-23,0.6472435865260217
Geo38,2023-10-30,0.057179050200290606
Geo38,2023-11-06,-0.7748489608962035
Geo38,2023-11-13,0.8698556679508056
Geo38,2023-11-20,1.336531237339309
Geo38,2023-11-27,0.1019549442608116
Geo38,2023-12-04,0.1876288137694862
Geo38,2023-12-11,0.6089781542079935
Geo38,2023-12-18,-0.5254443109669233
Geo38,2023-12-25,1.6803500460013483
Geo38,2024-01-01,0.3330295576536976
Geo38,2024-01-08,1.488324282827979
Geo38,2024-01-15,0.242550293380687
Geo39,2021-01-25,1.5609030788355327
Geo39,2021-02-01,-0.6142917394668392
Geo39,2021-02-08,0.3869137659317744
Geo39,2021-02-15,0.08773937684236942
Geo39,2021-02-22,0.8534484230373043
Geo39,2021-03-01,1.2625682940485594
Geo39,2021-03-08,1.3770085933550684
Geo39,2021-03-15,-0.4030183287493691
Geo39,2021-03-22,0.8856268655493785
Geo39,2021-03-29,0.16248115339730182
Geo39,2021-04-05,0.879740743412208
Geo39,2021-04-12,0.02910361758153171
Geo39,2021-04-19,1.5374376304659452
Geo39,2021-04-26,2.044317951789388
Geo39,2021-05-03,1.549945343606761
Geo39,2021-05-10,1.6396575276826473
Geo39,2021-05-17,1.5483590072123334
Geo39,2021-05-24,0.8355035359765751
Geo39,2021-05-31,1.136919702145549
Geo39,2021-06-07,0.9854751621923487
Geo39,2021-06-14,0.181812602799797
Geo39,2021-06-21,0.7236423177139211
Geo39,2021-06-28,0.36215047782145465
Geo39,2021-07-05,0.41546268341982723
Geo39,2021-07-12,0.5592873549074183
Geo39,2021-07-19,2.501329848117608
Geo39,2021-07-26,0.176056501757237
Geo39,2021-08-02,1.2544002819409297
Geo39,2021-08-09,1.07116182994695
Geo39,2021-08-16,1.209128438560949
Geo39,2021-08-23,-0.4469622971205612
Geo39,2021-08-30,1.1354349323812583
Geo39,2021-09-06,1.8941435875142374
Geo39,2021-09-13,1.2135874902645676
Geo39,2021-09-20,1.2456430252981499
Geo39,2021-09-27,2.8888290685393425
Geo39,2021-10-04,2.489208246251669
Geo39,2021-10-11,1.3907671173300553
Geo39,2021-10-18,1.8654275000473997
Geo39,2021-10-25,0.3270870687724297
Geo39,2021-11-01,1.359162111317312
Geo39,2021-11-08,0.3730524897239647
Geo39,2021-11-15,2.1825529018114134
Geo39,2021-11-22,2.303932928842423
Geo39,2021-11-29,2.537455161972768
Geo39,2021-12-06,1.7273921264775882
Geo39,2021-12-13,1.7973422897753615
Geo39,2021-12-20,2.0365305181440987
Geo39,2021-12-27,0.3673908416954227
Geo39,2022-01-03,0.9647160495549584
Geo39,2022-01-10,1.462915388008448
Geo39,2022-01-17,0.038406844261406954
Geo39,2022-01-24,0.522405231337428
Geo39,2022-01-31,1.6318613996176572
Geo39,2022-02-07,0.3347681933768372
Geo39,2022-02-14,1.0023628868576884
Geo39,2022-02-21,0.6911872345750161
Geo39,2022-02-28,2.1078879918306503
Geo39,2022-03-07,1.2411650039515487
Geo39,2022-03-14,-0.14503335778971146
Geo39,2022-03-21,-0.3993364396066976
Geo39,2022-03-28,-0.4130487250769141
Geo39,2022-04-04,1.1838000131701034
Geo39,2022-04-11,-0.20281409991319396
Geo39,2022-04-18,-1.7568206898855974
Geo39,2022-04-25,-0.7360298185091472
Geo39,2022-05-02,-1.4317592589395958
Geo39,2022-05-09,1.836467573628055
Geo39,2022-05-16,1.2088881564165017
Geo39,2022-05-23,2.157578576422911
Geo39,2022-05-30,0.9031228043928508
Geo39,2022-06-06,-0.08875793587708447
Geo39,2022-06-13,0.2244939043099538
Geo39,2022-06-20,1.1575910801841445
Geo39,2022-06-27,1.3025804087106938
Geo39,2022-07-04,2.0520136988269284
Geo39,2022-07-11,1.3195700952070655
Geo39,2022-07-18,0.5481478272667292
Geo39,2022-07-25,1.1189910183215344
Geo39,2022-08-01,0.7353948019434884
Geo39,2022-08-08,1.6467798382208563
Geo39,2022-08-15,1.3070295803919252
Geo39,2022-08-22,0.6195815747261073
Geo39,2022-08-29,1.4714248536897663
Geo39,2022-09-05,2.295972792405812
Geo39,2022-09-12,-0.5219558166459097
Geo39,2022-09-19,0.8036290029531196
Geo39,2022-09-26,1.0896663214756686
Geo39,2022-10-03,0.540476187483813
Geo39,2022-10-10,1.471686081481674
Geo39,2022-10-17,1.0923204906896633
Geo39,2022-10-24,0.3908977861590348
Geo39,2022-10-31,0.7895566894671273
Geo39,2022-11-07,1.5174705004230824
Geo39,2022-11-14,2.604952708513238
Geo39,2022-11-21,0.6119672390730346
Geo39,2022-11-28,0.4569279517746146
Geo39,2022-12-05,0.9358438577344089
Geo39,2022-12-12,1.4670096692855452
Geo39,2022-12-19,1.2182998657421842
Geo39,2022-12-26,0.9855945128627814
Geo39,2023-01-02,0.9993530368377683
Geo39,2023-01-09,0.013799265303903414
Geo39,2023-01-16,2.4986859541268958
Geo39,2023-01-23,-0.2921431367209194
Geo39,2023-01-30,0.8103825910558526
Geo39,2023-02-06,1.3964888358947092
Geo39,2023-02-13,2.1466240028013033
Geo39,2023-02-20,2.0297674452198744
Geo39,2023-02-27,1.089361621585259
Geo39,2023-03-06,0.6864460094320299
Geo39,2023-03-13,2.734474269191881
Geo39,2023-03-20,-1.0644810851360658
Geo39,2023-03-27,-0.28384312751420165
Geo39,2023-04-03,1.5161497390304126
Geo39,2023-04-10,0.5722787939442926
Geo39,2023-04-17,0.7466916195405757
Geo39,2023-04-24,2.57923777664662
Geo39,2023-05-01,0.8432617247555999
Geo39,2023-05-08,1.0090903917013203
Geo39,2023-05-15,-0.11419108950523049
Geo39,2023-05-22,2.0279198810335393
Geo39,2023-05-29,1.825068794199936
Geo39,2023-06-05,0.15294930299939563
Geo39,2023-06-12,2.210062440944373
Geo39,2023-06-19,0.5150141841902974
Geo39,2023-06-26,0.5011742488308433
Geo39,2023-07-03,0.8191860862034025
Geo39,2023-07-10,1.182462653339824
Geo39,2023-07-17,1.5188955948521567
Geo39,2023-07-24,-1.13896519070715
Geo39,2023-07-31,0.8174029397630297
Geo39,2023-08-07,0.7391353784191376
Geo39,2023-08-14,1.1014409369553824
Geo39,2023-08-21,0.9087935420419885
Geo39,2023-08-28,0.8037432160119111
Geo39,2023-09-04,0.949142763067961
Geo39,2023-09-11,1.5700812244319908
Geo39,2023-09-18,1.7620844418857642
Geo39,2023-09-25,1.4382935818187075
Geo39,2023-10-02,2.047729721120004
Geo39,2023-10-09,1.7401863602676213
Geo39,2023-10-16,1.3362080529064662
Geo39,2023-10-23,2.722636816769787
Geo39,2023-10-30,1.5636880595459288
Geo39,2023-11-06,1.3680478082511205
Geo39,2023-11-13,1.8940392544778324
Geo39,2023-11-20,-0.06609217651948607
Geo39,2023-11-27,1.4821019962827524
Geo39,2023-12-04,1.8950999736812812
Geo39,2023-12-11,1.9212346088988912
Geo39,2023-12-18,0.2536188271031581
Geo39,2023-12-25,1.2381812371907297
Geo39,2024-01-01,2.3913679653585955
Geo39,2024-01-08,0.0959164785705952
Geo39,2024-01-15,1.0937175258551592
