geo,time,variable,value,iqr_flag,modified_z,decision
Geo10,2021-05-10,conversions,30265984.0,True,3.2643804931993894,preservar; investigar contexto e escala populacional
Geo10,2021-06-21,conversions,30747530.0,True,3.3408487433681806,preservar; investigar contexto e escala populacional
Geo10,2021-07-05,conversions,31340176.0,True,3.4349593840744332,preservar; investigar contexto e escala populacional
Geo10,2022-01-10,conversions,33824700.0,True,3.8294953220375048,preservar; investigar contexto e escala populacional
Geo10,2022-02-14,conversions,31382168.0,True,3.4416276042674947,preservar; investigar contexto e escala populacional
Geo10,2022-03-14,conversions,32741422.0,True,3.6574735980353377,preservar; investigar contexto e escala populacional
Geo10,2022-05-02,conversions,28215494.0,True,2.9387680235939846,preservar; investigar contexto e escala populacional
Geo10,2022-05-16,conversions,28149198.0,True,2.928240391523133,preservar; investigar contexto e escala populacional
Geo10,2022-07-11,conversions,29877274.0,True,3.202654357953513,preservar; investigar contexto e escala populacional
Geo10,2022-10-31,conversions,28977696.0,True,3.0598037153350703,preservar; investigar contexto e escala populacional
Geo10,2022-11-28,conversions,28593402.0,True,2.9987788293836446,preservar; investigar contexto e escala populacional
Geo10,2022-12-19,conversions,28658604.0,True,3.0091327371048284,preservar; investigar contexto e escala populacional
Geo10,2023-02-13,conversions,28650082.0,True,3.007779465708247,preservar; investigar contexto e escala populacional
Geo10,2023-02-20,conversions,31296026.0,True,3.427948479103876,preservar; investigar contexto e escala populacional
Geo10,2023-09-18,conversions,31307234.0,True,3.4297282803022906,preservar; investigar contexto e escala populacional
Geo10,2023-10-09,conversions,29158000.0,True,3.0884355207668124,preservar; investigar contexto e escala populacional
Geo10,2023-10-30,conversions,28230672.0,True,2.9411782504488686,preservar; investigar contexto e escala populacional
Geo10,2023-12-11,conversions,27853980.0,True,2.8813605422910142,preservar; investigar contexto e escala populacional
Geo10,2023-12-25,conversions,28331122.0,True,2.9571294487340896,preservar; investigar contexto e escala populacional
Geo2,2022-02-28,conversions,29242514.0,True,3.1018561237720608,preservar; investigar contexto e escala populacional
Geo23,2021-06-07,conversions,31707042.0,True,3.493216749033178,preservar; investigar contexto e escala populacional
Geo23,2022-02-28,conversions,36712692.0,True,4.2881009271956145,preservar; investigar contexto e escala populacional
Geo23,2022-03-21,conversions,27626960.0,True,2.8453103577742307,preservar; investigar contexto e escala populacional
Geo23,2022-03-28,conversions,30062464.0,True,3.2320620474551562,preservar; investigar contexto e escala populacional
Geo23,2023-03-27,conversions,29221802.0,True,3.0985671121355898,preservar; investigar contexto e escala populacional
Geo23,2023-09-04,conversions,28089776.0,True,2.9188043327426016,preservar; investigar contexto e escala populacional
Geo31,2022-03-14,conversions,29198618.0,True,3.0948855533397253,preservar; investigar contexto e escala populacional
Geo31,2023-06-26,conversions,27720250.0,True,2.860124566714283,preservar; investigar contexto e escala populacional
Geo31,2023-08-14,conversions,28612486.0,True,3.0018093188617443,preservar; investigar contexto e escala populacional
Geo31,2023-09-11,conversions,31523720.0,True,3.464105693064604,preservar; investigar contexto e escala populacional
Geo36,2021-04-19,conversions,34680640.0,True,3.9654163639514137,preservar; investigar contexto e escala populacional
Geo36,2021-09-27,conversions,27584774.0,True,2.8386113308866214,preservar; investigar contexto e escala populacional
Geo36,2022-03-28,conversions,27905836.0,True,2.889595139984179,preservar; investigar contexto e escala populacional
Geo36,2022-05-16,conversions,28485832.0,True,2.981696993649038,preservar; investigar contexto e escala populacional
Geo36,2022-07-04,conversions,32615246.0,True,3.637437177977239,preservar; investigar contexto e escala populacional
Geo36,2022-07-18,conversions,28681858.0,True,3.0128254117183135,preservar; investigar contexto e escala populacional
Geo36,2022-07-25,conversions,29937032.0,True,3.2121437726586226,preservar; investigar contexto e escala populacional
Geo36,2022-10-17,conversions,33257838.0,True,3.7394791133530156,preservar; investigar contexto e escala populacional
Geo36,2022-12-19,conversions,29563306.0,True,3.152797057573082,preservar; investigar contexto e escala populacional
Geo36,2023-05-29,conversions,29318586.0,True,3.113936159172293,preservar; investigar contexto e escala populacional
Geo36,2023-06-19,conversions,29462440.0,True,3.1367797995717175,preservar; investigar contexto e escala populacional
Geo36,2023-07-10,conversions,30902182.0,True,3.3654070780342433,preservar; investigar contexto e escala populacional
Geo36,2023-08-14,conversions,34850496.0,True,3.992389054204619,preservar; investigar contexto e escala populacional
Geo36,2023-10-02,conversions,36644916.0,True,4.2773382749807904,preservar; investigar contexto e escala populacional
Geo36,2023-12-25,conversions,30048836.0,True,3.2298979565618664,preservar; investigar contexto e escala populacional
Geo39,2021-07-19,conversions,28099578.0,True,2.9203608648042416,preservar; investigar contexto e escala populacional
Geo39,2021-09-27,conversions,30060602.0,True,3.231766366706455,preservar; investigar contexto e escala populacional
Geo39,2021-10-04,conversions,28038234.0,True,2.910619597431334,preservar; investigar contexto e escala populacional
Geo39,2021-11-29,conversions,28282398.0,True,2.949392204480738,preservar; investigar contexto e escala populacional
Geo39,2022-11-14,conversions,28623984.0,True,3.0036351713045866,preservar; investigar contexto e escala populacional
Geo39,2023-01-16,conversions,28086198.0,True,2.918236155664806,preservar; investigar contexto e escala populacional
Geo39,2023-03-13,conversions,29279456.0,True,3.10772241712251,preservar; investigar contexto e escala populacional
Geo39,2023-04-24,conversions,28493848.0,True,2.982969913563964,preservar; investigar contexto e escala populacional
Geo39,2023-10-23,conversions,29219550.0,True,3.0982095004030032,preservar; investigar contexto e escala populacional
Geo39,2024-01-01,conversions,27543092.0,True,2.831992337885879,preservar; investigar contexto e escala populacional
Geo7,2022-01-10,conversions,28238984.0,True,2.9424981743925893,preservar; investigar contexto e escala populacional
Geo10,2021-02-01,Channel0_impression,3776228.0,True,4.210170856389348,preservar; investigar contexto e escala populacional
Geo10,2021-02-22,Channel0_impression,3083046.0,True,3.2677001757791277,preservar; investigar contexto e escala populacional
Geo10,2021-05-03,Channel0_impression,2992572.0,True,3.144689058413805,preservar; investigar contexto e escala populacional
Geo10,2021-08-09,Channel0_impression,3536310.0,True,3.8839712713588037,preservar; investigar contexto e escala populacional
Geo10,2021-10-04,Channel0_impression,3861939.0,True,4.326706058552391,preservar; investigar contexto e escala populacional
Geo10,2022-01-17,Channel0_impression,3205130.0,True,3.4336891809345103,preservar; investigar contexto e escala populacional
Geo10,2022-03-07,Channel0_impression,3652076.0,True,4.041370137474084,preservar; investigar contexto e escala populacional
Geo10,2022-07-18,Channel0_impression,3398918.0,True,3.6971690581588077,preservar; investigar contexto e escala populacional
Geo10,2022-08-22,Channel0_impression,3457290.0,True,3.776533350031043,preservar; investigar contexto e escala populacional
Geo10,2022-10-24,Channel0_impression,3719948.0,True,4.133650909384459,preservar; investigar contexto e escala populacional
Geo10,2022-11-14,Channel0_impression,4504412.0,True,5.2002312879779815,preservar; investigar contexto e escala populacional
Geo10,2023-05-01,Channel0_impression,3236816.0,True,3.4767704005648747,preservar; investigar contexto e escala populacional
Geo10,2023-06-26,Channel0_impression,4779204.0,True,5.573846591413795,preservar; investigar contexto e escala populacional
Geo10,2023-08-07,Channel0_impression,3819456.0,True,4.268944919451313,preservar; investigar contexto e escala populacional
Geo10,2023-08-14,Channel0_impression,3164304.0,True,3.3781809478779783,preservar; investigar contexto e escala populacional
Geo10,2023-09-04,Channel0_impression,4000134.0,True,4.514600054222979,preservar; investigar contexto e escala populacional
Geo10,2023-10-02,Channel0_impression,3632117.0,True,4.014233292728694,preservar; investigar contexto e escala populacional
Geo10,2023-11-06,Channel0_impression,4134691.0,True,4.6975477178536975,preservar; investigar contexto e escala populacional
Geo10,2023-12-04,Channel0_impression,3117932.0,True,3.315132209738129,preservar; investigar contexto e escala populacional
Geo10,2023-12-11,Channel0_impression,3302584.0,True,3.5661905120541704,preservar; investigar contexto e escala populacional
Geo11,2021-07-05,Channel0_impression,2991445.0,True,3.143156755992439,preservar; investigar contexto e escala populacional
Geo11,2023-02-13,Channel0_impression,3028994.0,True,3.1942094832505514,preservar; investigar contexto e escala populacional
Geo11,2023-07-10,Channel0_impression,3158800.0,True,3.370697547232724,preservar; investigar contexto e escala populacional
Geo11,2023-08-07,Channel0_impression,3665473.0,True,4.059585093586816,preservar; investigar contexto e escala populacional
Geo11,2023-08-21,Channel0_impression,3493681.0,True,3.8260116263539805,preservar; investigar contexto e escala populacional
Geo12,2021-09-27,Channel0_impression,3082815.0,True,3.2673861013697794,preservar; investigar contexto e escala populacional
Geo14,2021-11-15,Channel0_impression,3451527.0,True,3.7686978053510645,preservar; investigar contexto e escala populacional
Geo14,2021-12-20,Channel0_impression,3854058.0,True,4.315990818638646,preservar; investigar contexto e escala populacional
Geo14,2022-03-14,Channel0_impression,4210986.0,True,4.801280648854729,preservar; investigar contexto e escala populacional
Geo14,2023-06-05,Channel0_impression,3678498.0,True,4.077294267533842,preservar; investigar contexto e escala populacional
Geo15,2021-08-09,Channel0_impression,3063842.0,True,3.2415898512894,preservar; investigar contexto e escala populacional
Geo15,2022-02-14,Channel0_impression,3384897.0,True,3.678105693251993,preservar; investigar contexto e escala populacional
Geo15,2022-06-06,Channel0_impression,3536642.0,True,3.8844226683453997,preservar; investigar contexto e escala populacional
Geo15,2022-09-05,Channel0_impression,3054566.0,True,3.2289779282542654,preservar; investigar contexto e escala populacional
Geo15,2023-12-11,Channel0_impression,3375250.0,True,3.6649893476806326,preservar; investigar contexto e escala populacional
Geo17,2021-03-29,Channel0_impression,2986447.0,True,3.1363613278629,preservar; investigar contexto e escala populacional
Geo17,2021-12-27,Channel0_impression,3629268.0,True,4.01035970834673,preservar; investigar contexto e escala populacional
Geo17,2022-05-02,Channel0_impression,3326684.0,True,3.5989575824667117,preservar; investigar contexto e escala populacional
Geo17,2022-06-13,Channel0_impression,4697428.0,True,5.462661531245495,preservar; investigar contexto e escala populacional
Geo17,2022-10-31,Channel0_impression,3419878.0,True,3.725666892011375,preservar; investigar contexto e escala populacional
Geo17,2023-02-13,Channel0_impression,3210579.0,True,3.441097801958491,preservar; investigar contexto e escala populacional
Geo17,2023-09-18,Channel0_impression,3433871.0,True,3.7446921872928147,preservar; investigar contexto e escala populacional
Geo17,2024-01-08,Channel0_impression,3670346.0,True,4.066210568031642,preservar; investigar contexto e escala populacional
Geo18,2021-06-14,Channel0_impression,3018041.0,True,3.1793174615813165,preservar; investigar contexto e escala populacional
Geo18,2024-01-15,Channel0_impression,3155696.0,True,3.3664772573339468,preservar; investigar contexto e escala populacional
Geo2,2021-02-01,Channel0_impression,3216016.0,True,3.4484901074287393,preservar; investigar contexto e escala populacional
Geo2,2021-06-14,Channel0_impression,3492942.0,True,3.825006860169961,preservar; investigar contexto e escala populacional
Geo2,2021-10-04,Channel0_impression,3372676.0,True,3.6614896614050356,preservar; investigar contexto e escala populacional
Geo2,2021-11-22,Channel0_impression,3375763.0,True,3.665686837602692,preservar; investigar contexto e escala populacional
Geo2,2021-12-13,Channel0_impression,3735794.0,True,4.155195598088074,preservar; investigar contexto e escala populacional
Geo2,2022-02-14,Channel0_impression,4229394.0,True,4.826308708280209,preservar; investigar contexto e escala populacional
Geo2,2022-05-02,Channel0_impression,2970534.0,True,3.114725543984279,preservar; investigar contexto e escala populacional
Geo2,2022-08-22,Channel0_impression,3424392.0,True,3.7318042594737073,preservar; investigar contexto e escala populacional
Geo2,2022-08-29,Channel0_impression,2952433.0,True,3.0901148908084526,preservar; investigar contexto e escala populacional
Geo2,2022-09-05,Channel0_impression,3377594.0,True,3.6681763191763586,preservar; investigar contexto e escala populacional
Geo2,2022-12-05,Channel0_impression,3066876.0,True,3.245714967124738,preservar; investigar contexto e escala populacional
Geo2,2023-02-13,Channel0_impression,4784388.0,True,5.580894910626184,preservar; investigar contexto e escala populacional
Geo2,2023-09-11,Channel0_impression,4029646.0,True,4.554725439368826,preservar; investigar contexto e escala populacional
Geo2,2023-10-09,Channel0_impression,3912975.0,True,4.396096108576227,preservar; investigar contexto e escala populacional
Geo2,2023-11-27,Channel0_impression,3400002.0,True,3.6986428965126334,preservar; investigar contexto e escala populacional
Geo20,2022-10-31,Channel0_impression,3326106.0,True,3.5981717166286016,preservar; investigar contexto e escala populacional
Geo23,2021-04-19,Channel0_impression,3461848.0,True,3.782730541190394,preservar; investigar contexto e escala populacional
Geo23,2021-05-03,Channel0_impression,3104036.0,True,3.2962387985160264,preservar; investigar contexto e escala populacional
Geo23,2021-06-14,Channel0_impression,3493463.0,True,3.825715227127842,preservar; investigar contexto e escala populacional
Geo23,2021-07-26,Channel0_impression,3236311.0,True,3.476083787678637,preservar; investigar contexto e escala populacional
Geo23,2021-10-11,Channel0_impression,3458731.0,True,3.778492576108407,preservar; investigar contexto e escala populacional
Geo23,2021-10-18,Channel0_impression,3038801.0,True,3.2075433695383437,preservar; investigar contexto e escala populacional
Geo23,2021-10-25,Channel0_impression,3338179.0,True,3.6145865233128593,preservar; investigar contexto e escala populacional
Geo23,2021-11-22,Channel0_impression,4571911.0,True,5.292004918093173,preservar; investigar contexto e escala populacional
Geo23,2021-12-06,Channel0_impression,3856577.0,True,4.319415725292969,preservar; investigar contexto e escala populacional
Geo23,2022-01-24,Channel0_impression,3442856.0,True,3.7569084581499386,preservar; investigar contexto e escala populacional
Geo23,2022-04-11,Channel0_impression,3449986.0,True,3.766602616325931,preservar; investigar contexto e escala populacional
Geo23,2022-07-25,Channel0_impression,3081238.0,True,3.2652419656834484,preservar; investigar contexto e escala populacional
Geo23,2022-08-01,Channel0_impression,3166200.0,True,3.3807588053676954,preservar; investigar contexto e escala populacional
Geo23,2022-08-22,Channel0_impression,4106730.0,True,4.659531118027761,preservar; investigar contexto e escala populacional
Geo23,2022-10-31,Channel0_impression,3220449.0,True,3.454517344903378,preservar; investigar contexto e escala populacional
Geo23,2022-11-14,Channel0_impression,3893286.0,True,4.369326363789815,preservar; investigar contexto e escala populacional
Geo23,2023-02-06,Channel0_impression,3958479.0,True,4.457964688329434,preservar; investigar contexto e escala populacional
Geo23,2023-05-22,Channel0_impression,3273041.0,True,3.5260229783945145,preservar; investigar contexto e escala populacional
Geo23,2023-09-04,Channel0_impression,3495704.0,True,3.828762156787365,preservar; investigar contexto e escala populacional
Geo23,2023-11-06,Channel0_impression,3001394.0,True,3.1566837096660643,preservar; investigar contexto e escala populacional
Geo23,2024-01-01,Channel0_impression,3217906.0,True,3.45105980714159,preservar; investigar contexto e escala populacional
Geo25,2021-01-25,Channel0_impression,3098646.0,True,3.2889103956312296,preservar; investigar contexto e escala populacional
Geo25,2021-08-09,Channel0_impression,3110314.0,True,3.3047745523770193,preservar; investigar contexto e escala populacional
Geo25,2021-12-13,Channel0_impression,3072588.0,True,3.253481170701354,preservar; investigar contexto e escala populacional
Geo25,2021-12-27,Channel0_impression,3765410.0,True,4.195462384699602,preservar; investigar contexto e escala populacional
Geo25,2022-07-04,Channel0_impression,3152228.0,True,3.3617620623052873,preservar; investigar contexto e escala populacional
Geo25,2022-09-12,Channel0_impression,3401804.0,True,3.701092948831447,preservar; investigar contexto e escala populacional
Geo25,2022-11-21,Channel0_impression,3359822.0,True,3.644012984098695,preservar; investigar contexto e escala populacional
Geo25,2023-10-23,Channel0_impression,3884106.0,True,4.35684496518454,preservar; investigar contexto e escala populacional
Geo25,2023-12-11,Channel0_impression,3327693.0,True,3.6003294486097097,preservar; investigar contexto e escala populacional
Geo28,2021-10-11,Channel0_impression,3340580.0,True,3.6178509936888146,preservar; investigar contexto e escala populacional
Geo28,2023-09-25,Channel0_impression,3396623.0,True,3.694048708507489,preservar; investigar contexto e escala populacional
Geo31,2021-02-01,Channel0_impression,3565607.0,True,3.9238043361669455,preservar; investigar contexto e escala populacional
Geo31,2021-03-29,Channel0_impression,3032134.0,True,3.1984787198105256,preservar; investigar contexto e escala populacional
Geo31,2021-06-21,Channel0_impression,4288652.0,True,4.906877631869685,preservar; investigar contexto e escala populacional
Geo31,2021-06-28,Channel0_impression,3014821.0,True,3.1749394546631264,preservar; investigar contexto e escala populacional
Geo31,2021-08-09,Channel0_impression,2969982.0,True,3.113975028512589,preservar; investigar contexto e escala populacional
Geo31,2021-10-04,Channel0_impression,2992883.0,True,3.1451119031813697,preservar; investigar contexto e escala populacional
Geo31,2021-11-08,Channel0_impression,3751894.0,True,4.177085632679025,preservar; investigar contexto e escala populacional
Geo31,2021-11-29,Channel0_impression,3804605.0,True,4.2487530620780065,preservar; investigar contexto e escala populacional
Geo31,2022-06-13,Channel0_impression,3193857.0,True,3.4183620778324113,preservar; investigar contexto e escala populacional
Geo31,2022-08-08,Channel0_impression,3405009.0,True,3.7054505613074715,preservar; investigar contexto e escala populacional
Geo31,2022-11-21,Channel0_impression,4696564.0,True,5.461486811376765,preservar; investigar contexto e escala populacional
Geo31,2023-02-20,Channel0_impression,2950058.0,True,3.0868857707989177,preservar; investigar contexto e escala populacional
Geo31,2023-08-14,Channel0_impression,3696477.0,True,4.10173904591339,preservar; investigar contexto e escala populacional
Geo31,2023-12-04,Channel0_impression,3080922.0,True,3.264812322768496,preservar; investigar contexto e escala populacional
Geo32,2021-03-29,Channel0_impression,3468802.0,True,3.792185404578312,preservar; investigar contexto e escala populacional
Geo32,2022-09-26,Channel0_impression,3476039.0,True,3.802025043108418,preservar; investigar contexto e escala populacional
Geo32,2023-08-07,Channel0_impression,3081703.0,True,3.2658741933905784,preservar; investigar contexto e escala populacional
Geo32,2023-08-21,Channel0_impression,3803422.0,True,4.24714462040589,preservar; investigar contexto e escala populacional
Geo32,2023-12-11,Channel0_impression,3160026.0,True,3.3723644529723824,preservar; investigar contexto e escala populacional
Geo35,2021-11-22,Channel0_impression,3700045.0,True,4.106590203889819,preservar; investigar contexto e escala populacional
Geo35,2021-12-13,Channel0_impression,3197366.0,True,3.4231330176696564,preservar; investigar contexto e escala populacional
Geo35,2022-09-05,Channel0_impression,3013202.0,True,3.172738214538732,preservar; investigar contexto e escala populacional
Geo35,2022-12-26,Channel0_impression,2977506.0,True,3.1242048807027953,preservar; investigar contexto e escala populacional
Geo35,2023-06-19,Channel0_impression,3458624.0,True,3.778347095754293,preservar; investigar contexto e escala populacional
Geo35,2023-10-02,Channel0_impression,3183778.0,True,3.404658372326685,preservar; investigar contexto e escala populacional
Geo36,2021-08-09,Channel0_impression,4062470.0,True,4.599353917344812,preservar; investigar contexto e escala populacional
Geo36,2021-10-11,Channel0_impression,3538936.0,True,3.887541658367241,preservar; investigar contexto e escala populacional
Geo36,2021-10-18,Channel0_impression,3391594.0,True,3.687211131864142,preservar; investigar contexto e escala populacional
Geo36,2021-11-01,Channel0_impression,3653888.0,True,4.043833786087674,preservar; investigar contexto e escala populacional
Geo36,2022-01-10,Channel0_impression,4088132.0,True,4.634244729001519,preservar; investigar contexto e escala populacional
Geo36,2022-01-24,Channel0_impression,5192032.0,True,6.135139709433241,preservar; investigar contexto e escala populacional
Geo36,2022-06-20,Channel0_impression,2946225.0,True,3.0816743110108984,preservar; investigar contexto e escala populacional
Geo36,2022-06-27,Channel0_impression,2989129.0,True,3.1400078541220884,preservar; investigar contexto e escala populacional
Geo36,2022-08-01,Channel0_impression,2944073.0,True,3.0787483883748905,preservar; investigar contexto e escala populacional
Geo36,2022-08-08,Channel0_impression,5012579.0,True,5.891150120771755,preservar; investigar contexto e escala populacional
Geo36,2022-10-24,Channel0_impression,4333412.0,True,4.9677346472914845,preservar; investigar contexto e escala populacional
Geo36,2022-11-21,Channel0_impression,4161775.0,True,4.734371922627693,preservar; investigar contexto e escala populacional
Geo36,2023-01-02,Channel0_impression,3034638.0,True,3.2018832320226838,preservar; investigar contexto e escala populacional
Geo36,2023-04-03,Channel0_impression,3435382.0,True,3.7467465874336177,preservar; investigar contexto e escala populacional
Geo36,2023-04-10,Channel0_impression,3478577.0,True,3.8054757827228176,preservar; investigar contexto e escala populacional
Geo36,2023-05-15,Channel0_impression,2976111.0,True,3.122308197581405,preservar; investigar contexto e escala populacional
Geo36,2023-06-05,Channel0_impression,3327932.0,True,3.60065440005488,preservar; investigar contexto e escala populacional
Geo36,2023-07-10,Channel0_impression,3395617.0,True,3.6926809212529244,preservar; investigar contexto e escala populacional
Geo36,2023-08-14,Channel0_impression,3161581.0,True,3.3744786768102046,preservar; investigar contexto e escala populacional
Geo36,2023-08-21,Channel0_impression,3206200.0,True,3.4351439844756477,preservar; investigar contexto e escala populacional
Geo36,2023-09-04,Channel0_impression,3210266.0,True,3.440672237931971,preservar; investigar contexto e escala populacional
Geo36,2023-09-11,Channel0_impression,3355858.0,True,3.638623412849097,preservar; investigar contexto e escala populacional
Geo36,2023-10-02,Channel0_impression,3955010.0,True,4.4532481336712975,preservar; investigar contexto e escala populacional
Geo36,2023-10-09,Channel0_impression,3399521.0,True,3.6979889147338603,preservar; investigar contexto e escala populacional
Geo36,2023-10-23,Channel0_impression,4658004.0,True,5.409059498716697,preservar; investigar contexto e escala populacional
Geo36,2023-11-13,Channel0_impression,3220812.0,True,3.455010890403783,preservar; investigar contexto e escala populacional
Geo36,2023-12-25,Channel0_impression,3601028.0,True,3.9719637718965153,preservar; investigar contexto e escala populacional
Geo39,2021-07-05,Channel0_impression,3222924.0,True,3.457882427860683,preservar; investigar contexto e escala populacional
Geo39,2021-10-11,Channel0_impression,3388801.0,True,3.683413686732929,preservar; investigar contexto e escala populacional
Geo39,2021-11-22,Channel0_impression,3402484.0,True,3.702017496876282,preservar; investigar contexto e escala populacional
Geo39,2022-07-25,Channel0_impression,3049260.0,True,3.221763734245596,preservar; investigar contexto e escala populacional
Geo39,2022-10-31,Channel0_impression,3112389.0,True,3.307595783543244,preservar; investigar contexto e escala populacional
Geo39,2022-11-14,Channel0_impression,3132756.0,True,3.335287357115536,preservar; investigar contexto e escala populacional
Geo39,2023-06-19,Channel0_impression,3307594.0,True,3.5730022557374417,preservar; investigar contexto e escala populacional
Geo39,2023-08-07,Channel0_impression,3238108.0,True,3.478527041850062,preservar; investigar contexto e escala populacional
Geo39,2023-09-11,Channel0_impression,3496217.0,True,3.829459646709425,preservar; investigar contexto e escala populacional
Geo39,2023-10-30,Channel0_impression,3435088.0,True,3.746346856367174,preservar; investigar contexto e escala populacional
Geo39,2023-11-27,Channel0_impression,3032508.0,True,3.198987221235185,preservar; investigar contexto e escala populacional
Geo7,2021-12-27,Channel0_impression,3064447.0,True,3.2424124271234076,preservar; investigar contexto e escala populacional
Geo7,2022-06-13,Channel0_impression,3595362.0,True,3.9642601112758737,preservar; investigar contexto e escala populacional
Geo7,2022-11-21,Channel0_impression,3138902.0,True,3.3436436398854728,preservar; investigar contexto e escala populacional
Geo7,2023-06-12,Channel0_impression,3041184.0,True,3.2107833665837,preservar; investigar contexto e escala populacional
Geo7,2023-08-07,Channel0_impression,3071531.0,True,3.252044042343426,preservar; investigar contexto e escala populacional
Geo7,2023-09-04,Channel0_impression,3594097.0,True,3.962540179986585,preservar; investigar contexto e escala populacional
Geo7,2023-09-11,Channel0_impression,3403485.0,True,3.703378485983458,preservar; investigar contexto e escala populacional
Geo7,2023-09-25,Channel0_impression,3002522.0,True,3.158217371716909,preservar; investigar contexto e escala populacional
Geo10,2021-03-22,Channel1_impression,2016669.0,False,3.7041087471720813,preservar; investigar contexto e escala populacional
Geo10,2021-04-12,Channel1_impression,3022340.0,True,5.8876249956241296,preservar; investigar contexto e escala populacional
Geo10,2021-04-26,Channel1_impression,2020702.0,True,3.7128652102996913,preservar; investigar contexto e escala populacional
Geo10,2021-05-17,Channel1_impression,2420274.0,True,4.580417276956164,preservar; investigar contexto e escala populacional
Geo10,2021-07-26,Channel1_impression,2457172.0,True,4.660530338320551,preservar; investigar contexto e escala populacional
Geo10,2021-11-22,Channel1_impression,2272426.0,True,4.259409203439937,preservar; investigar contexto e escala populacional
Geo10,2021-12-06,Channel1_impression,1937952.0,False,3.5331981327371422,preservar; investigar contexto e escala populacional
Geo10,2021-12-20,Channel1_impression,2450457.0,True,4.645950707796896,preservar; investigar contexto e escala populacional
Geo10,2022-08-22,Channel1_impression,2111946.0,True,3.910974489153073,preservar; investigar contexto e escala populacional
Geo10,2022-08-29,Channel1_impression,2129520.0,True,3.949131216900315,preservar; investigar contexto e escala populacional
Geo10,2022-09-19,Channel1_impression,2041923.0,True,3.758940316679811,preservar; investigar contexto e escala populacional
Geo10,2022-10-31,Channel1_impression,2571863.0,True,4.909547822220568,preservar; investigar contexto e escala populacional
Geo10,2022-12-12,Channel1_impression,2331616.0,True,4.387922729976823,preservar; investigar contexto e escala populacional
Geo10,2023-01-02,Channel1_impression,1969644.0,False,3.602007909439406,preservar; investigar contexto e escala populacional
Geo10,2023-05-08,Channel1_impression,2210044.0,True,4.123965195796348,preservar; investigar contexto e escala populacional
Geo10,2023-05-29,Channel1_impression,2122542.0,True,3.933980559894496,preservar; investigar contexto e escala populacional
Geo10,2023-06-05,Channel1_impression,2237260.0,True,4.183056666285077,preservar; investigar contexto e escala populacional
Geo10,2023-06-26,Channel1_impression,3337374.0,True,6.57162787312069,preservar; investigar contexto e escala populacional
Geo10,2023-07-17,Channel1_impression,2115338.0,True,3.9183392109306223,preservar; investigar contexto e escala populacional
Geo10,2023-07-31,Channel1_impression,2454708.0,True,4.655180493255728,preservar; investigar contexto e escala populacional
Geo10,2023-09-04,Channel1_impression,2345493.0,True,4.418052518923475,preservar; investigar contexto e escala populacional
Geo10,2023-11-06,Channel1_impression,2682737.0,True,5.150277822917488,preservar; investigar contexto e escala populacional
Geo10,2023-11-13,Channel1_impression,3211463.0,True,6.298249487586209,preservar; investigar contexto e escala populacional
Geo10,2023-11-27,Channel1_impression,2757354.0,True,5.312286503600084,preservar; investigar contexto e escala populacional
Geo10,2023-12-04,Channel1_impression,2830088.0,True,5.470206808366664,preservar; investigar contexto e escala populacional
Geo10,2023-12-18,Channel1_impression,1956078.0,False,3.5725533647359184,preservar; investigar contexto e escala populacional
Geo11,2021-03-22,Channel1_impression,2028855.0,True,3.7305670312467307,preservar; investigar contexto e escala populacional
Geo11,2021-11-22,Channel1_impression,2053980.0,True,3.785118515521764,preservar; investigar contexto e escala populacional
Geo11,2021-12-13,Channel1_impression,2176016.0,True,4.050083488058602,preservar; investigar contexto e escala populacional
Geo11,2022-08-22,Channel1_impression,2128883.0,True,3.9477481603636697,preservar; investigar contexto e escala populacional
Geo11,2022-09-05,Channel1_impression,2157997.0,True,4.010960574818728,preservar; investigar contexto e escala populacional
Geo11,2023-11-20,Channel1_impression,2632907.0,True,5.042086759776197,preservar; investigar contexto e escala populacional
Geo11,2023-12-18,Channel1_impression,1953253.0,False,3.5664197152602184,preservar; investigar contexto e escala populacional
Geo12,2021-05-24,Channel1_impression,1926354.0,False,3.50801651623478,preservar; investigar contexto e escala populacional
Geo12,2021-06-07,Channel1_impression,2396870.0,True,4.529602433653761,preservar; investigar contexto e escala populacional
Geo12,2021-08-23,Channel1_impression,2300341.0,True,4.320018345073273,preservar; investigar contexto e escala populacional
Geo12,2021-12-13,Channel1_impression,1944822.0,False,3.5481142997807034,preservar; investigar contexto e escala populacional
Geo14,2021-02-08,Channel1_impression,3337213.0,True,6.571278309380658,preservar; investigar contexto e escala populacional
Geo14,2021-05-17,Channel1_impression,2044514.0,True,3.7645659045706217,preservar; investigar contexto e escala populacional
Geo14,2021-06-07,Channel1_impression,2281619.0,True,4.279369075875375,preservar; investigar contexto e escala populacional
Geo14,2022-01-03,Channel1_impression,1938100.0,False,3.533519470833568,preservar; investigar contexto e escala populacional
Geo14,2022-06-13,Channel1_impression,2848422.0,True,5.5100136506631205,preservar; investigar contexto e escala populacional
Geo14,2022-08-08,Channel1_impression,1949619.0,False,3.558529562270946,preservar; investigar contexto e escala populacional
Geo14,2022-10-03,Channel1_impression,2510568.0,True,4.776463912623027,preservar; investigar contexto e escala populacional
Geo14,2023-04-03,Channel1_impression,3005778.0,True,5.851665525671369,preservar; investigar contexto e escala populacional
Geo14,2023-06-05,Channel1_impression,2137080.0,True,3.965545514258295,preservar; investigar contexto e escala populacional
Geo14,2023-09-18,Channel1_impression,2359698.0,True,4.448894462570316,preservar; investigar contexto e escala populacional
Geo15,2021-08-02,Channel1_impression,2522825.0,True,4.803076352135827,preservar; investigar contexto e escala populacional
Geo15,2021-11-22,Channel1_impression,2112963.0,True,3.9131826029643255,preservar; investigar contexto e escala populacional
Geo15,2022-08-22,Channel1_impression,2003389.0,False,3.6752751666279044,preservar; investigar contexto e escala populacional
Geo15,2022-09-05,Channel1_impression,2690402.0,True,5.1669200966276625,preservar; investigar contexto e escala populacional
Geo15,2023-09-04,Channel1_impression,2806650.0,True,5.419318144150216,preservar; investigar contexto e escala populacional
Geo15,2023-11-27,Channel1_impression,2093033.0,True,3.869910520114517,preservar; investigar contexto e escala populacional
Geo17,2021-05-10,Channel1_impression,2288930.0,True,4.295242743598152,preservar; investigar contexto e escala populacional
Geo17,2021-05-17,Channel1_impression,2342724.0,True,4.412040456835612,preservar; investigar contexto e escala populacional
Geo17,2021-10-25,Channel1_impression,2257905.0,True,4.22788115953316,preservar; investigar contexto e escala populacional
Geo17,2021-11-15,Channel1_impression,2434394.0,True,4.611074668317896,preservar; investigar contexto e escala populacional
Geo17,2022-02-07,Channel1_impression,2809292.0,True,5.425054463412093,preservar; investigar contexto e escala populacional
Geo17,2022-06-20,Channel1_impression,3315707.0,True,6.524584410044584,preservar; investigar contexto e escala populacional
Geo17,2022-08-22,Channel1_impression,2586454.0,True,4.941227850362141,preservar; investigar contexto e escala populacional
Geo17,2022-08-29,Channel1_impression,1960100.0,False,3.5812859446266327,preservar; investigar contexto e escala populacional
Geo17,2022-10-31,Channel1_impression,3172990.0,True,6.21471678093891,preservar; investigar contexto e escala populacional
Geo17,2022-12-05,Channel1_impression,2682093.0,True,5.148879567957364,preservar; investigar contexto e escala populacional
Geo17,2022-12-12,Channel1_impression,2355353.0,True,4.439460583996185,preservar; investigar contexto e escala populacional
Geo17,2023-07-24,Channel1_impression,2427737.0,True,4.596620967588785,preservar; investigar contexto e escala populacional
Geo17,2023-09-04,Channel1_impression,2319537.0,True,4.361696764661076,preservar; investigar contexto e escala populacional
Geo17,2023-11-06,Channel1_impression,2696023.0,True,5.1791244306817905,preservar; investigar contexto e escala populacional
Geo17,2023-12-18,Channel1_impression,2129522.0,True,3.949135559307023,preservar; investigar contexto e escala populacional
Geo18,2022-08-22,Channel1_impression,2111185.0,True,3.909322203400504,preservar; investigar contexto e escala populacional
Geo18,2022-09-05,Channel1_impression,2255446.0,True,4.222542170485108,preservar; investigar contexto e escala populacional
Geo18,2022-12-26,Channel1_impression,2030843.0,True,3.73488338351494,preservar; investigar contexto e escala populacional
Geo19,2021-08-02,Channel1_impression,2187915.0,True,4.075918636770587,preservar; investigar contexto e escala populacional
Geo2,2021-06-07,Channel1_impression,1941318.0,False,3.540506403227481,preservar; investigar contexto e escala populacional
Geo2,2021-06-21,Channel1_impression,3303103.0,True,6.497218562967866,preservar; investigar contexto e escala populacional
Geo2,2021-09-13,Channel1_impression,2453222.0,True,4.651954085071342,preservar; investigar contexto e escala populacional
Geo2,2021-11-22,Channel1_impression,3462028.0,True,6.842277056038902,preservar; investigar contexto e escala populacional
Geo2,2021-12-06,Channel1_impression,2343222.0,True,4.413121716106018,preservar; investigar contexto e escala populacional
Geo2,2021-12-13,Channel1_impression,2332964.0,True,4.390849512098326,preservar; investigar contexto e escala populacional
Geo2,2022-02-14,Channel1_impression,2703676.0,True,5.1957406499517145,preservar; investigar contexto e escala populacional
Geo2,2022-04-11,Channel1_impression,3033680.0,True,5.9122464416611,preservar; investigar contexto e escala populacional
Geo2,2022-06-13,Channel1_impression,2607842.0,True,4.9876655477024165,preservar; investigar contexto e escala populacional
Geo2,2022-06-20,Channel1_impression,2777284.0,True,5.355558586449892,preservar; investigar contexto e escala populacional
Geo2,2022-06-27,Channel1_impression,2675896.0,True,5.135424620771199,preservar; investigar contexto e escala populacional
Geo2,2022-08-22,Channel1_impression,2431956.0,True,4.6057812745402815,preservar; investigar contexto e escala populacional
Geo2,2022-10-03,Channel1_impression,2953591.0,True,5.738356936224157,preservar; investigar contexto e escala populacional
Geo2,2022-10-31,Channel1_impression,1975220.0,False,3.614114539342593,preservar; investigar contexto e escala populacional
Geo2,2022-11-21,Channel1_impression,2111604.0,True,3.9102319376059262,preservar; investigar contexto e escala populacional
Geo2,2023-04-24,Channel1_impression,2347233.0,True,4.421830412759836,preservar; investigar contexto e escala populacional
Geo2,2023-05-22,Channel1_impression,2453939.0,True,4.6535108378763255,preservar; investigar contexto e escala populacional
Geo2,2023-06-26,Channel1_impression,2070890.0,True,3.8218335642417975,preservar; investigar contexto e escala populacional
Geo2,2023-10-23,Channel1_impression,2448023.0,True,4.640665998832699,preservar; investigar contexto e escala populacional
Geo2,2023-10-30,Channel1_impression,2131180.0,True,3.9527354144683366,preservar; investigar contexto e escala populacional
Geo2,2023-11-06,Channel1_impression,2458883.0,True,4.664245267259639,preservar; investigar contexto e escala populacional
Geo2,2023-11-13,Channel1_impression,2094001.0,True,3.8720122449614123,preservar; investigar contexto e escala populacional
Geo2,2023-11-27,Channel1_impression,2339798.0,True,4.405687515821135,preservar; investigar contexto e escala populacional
Geo2,2023-12-04,Channel1_impression,3077198.0,True,6.006732869230491,preservar; investigar contexto e escala populacional
Geo21,2021-03-22,Channel1_impression,2022607.0,True,3.7170013526895005,preservar; investigar contexto e escala populacional
Geo21,2023-02-20,Channel1_impression,2252638.0,True,4.216445431466429,preservar; investigar contexto e escala populacional
Geo23,2021-02-01,Channel1_impression,2159109.0,True,4.013374952948632,preservar; investigar contexto e escala populacional
Geo23,2021-02-15,Channel1_impression,2820290.0,True,5.4489333579019155,preservar; investigar contexto e escala populacional
Geo23,2021-05-17,Channel1_impression,2689162.0,True,5.164227804468418,preservar; investigar contexto e escala populacional
Geo23,2021-05-31,Channel1_impression,1952489.0,False,3.564760915897587,preservar; investigar contexto e escala populacional
Geo23,2021-06-21,Channel1_impression,2032394.0,True,3.7382509199173515,preservar; investigar contexto e escala populacional
Geo23,2021-09-13,Channel1_impression,1982002.0,False,3.6288396404909826,preservar; investigar contexto e escala populacional
Geo23,2021-09-27,Channel1_impression,2238724.0,True,4.186235307995671,preservar; investigar contexto e escala populacional
Geo23,2021-10-18,Channel1_impression,2651786.0,True,5.083076907900709,preservar; investigar contexto e escala populacional
Geo23,2021-12-13,Channel1_impression,2998890.0,True,5.836710276967431,preservar; investigar contexto e escala populacional
Geo23,2022-01-31,Channel1_impression,2564855.0,True,4.894332029114123,preservar; investigar contexto e escala populacional
Geo23,2022-04-04,Channel1_impression,2138601.0,True,3.968847914560079,preservar; investigar contexto e escala populacional
Geo23,2022-05-30,Channel1_impression,2583162.0,True,4.934080248920015,preservar; investigar contexto e escala populacional
Geo23,2022-06-13,Channel1_impression,1959832.0,False,3.580704062127699,preservar; investigar contexto e escala populacional
Geo23,2022-07-18,Channel1_impression,3142480.0,True,6.148473366601347,preservar; investigar contexto e escala populacional
Geo23,2022-08-22,Channel1_impression,3288584.0,True,6.465694861467798,preservar; investigar contexto e escala populacional
Geo23,2022-08-29,Channel1_impression,2898774.0,True,5.61933808195532,preservar; investigar contexto e escala populacional
Geo23,2022-09-12,Channel1_impression,1985093.0,False,3.6355508300589086,preservar; investigar contexto e escala populacional
Geo23,2022-10-24,Channel1_impression,2234965.0,True,4.1780737545871185,preservar; investigar contexto e escala populacional
Geo23,2022-10-31,Channel1_impression,2520749.0,True,4.798568933972445,preservar; investigar contexto e escala populacional
Geo23,2022-11-14,Channel1_impression,2738475.0,True,5.271296355475571,preservar; investigar contexto e escala populacional
Geo23,2022-12-05,Channel1_impression,2109060.0,True,3.9047083962727642,preservar; investigar contexto e escala populacional
Geo23,2023-02-06,Channel1_impression,2055015.0,True,3.7873657109933925,preservar; investigar contexto e escala populacional
Geo23,2023-05-22,Channel1_impression,2336212.0,True,4.3979015805928645,preservar; investigar contexto e escala populacional
Geo23,2023-06-05,Channel1_impression,2074175.0,True,3.8289659672604435,preservar; investigar contexto e escala populacional
Geo23,2023-07-17,Channel1_impression,1939759.0,False,3.537121497198236,preservar; investigar contexto e escala populacional
Geo23,2023-09-04,Channel1_impression,4267416.0,True,8.59093818309566,preservar; investigar contexto e escala populacional
Geo23,2023-10-02,Channel1_impression,2108396.0,True,3.9032667172455557,preservar; investigar contexto e escala populacional
Geo23,2023-11-06,Channel1_impression,3393028.0,True,6.692464024597018,preservar; investigar contexto e escala populacional
Geo23,2023-11-20,Channel1_impression,2415190.0,True,4.569378879103258,preservar; investigar contexto e escala populacional
Geo25,2021-02-01,Channel1_impression,2478086.0,True,4.705938885270921,preservar; investigar contexto e escala populacional
Geo25,2021-08-23,Channel1_impression,2218206.0,True,4.141686557573575,preservar; investigar contexto e escala populacional
Geo25,2021-12-13,Channel1_impression,1972328.0,False,3.6078354192421593,preservar; investigar contexto e escala populacional
Geo25,2022-02-07,Channel1_impression,3133888.0,True,6.1298183873818015,preservar; investigar contexto e escala populacional
Geo25,2022-02-14,Channel1_impression,2446190.0,True,4.636686183084395,preservar; investigar contexto e escala populacional
Geo25,2022-03-28,Channel1_impression,1938944.0,False,3.5353519664645385,preservar; investigar contexto e escala populacional
Geo25,2022-06-06,Channel1_impression,2050881.0,True,3.7783899563270054,preservar; investigar contexto e escala populacional
Geo25,2022-08-08,Channel1_impression,2670128.0,True,5.122901119824,preservar; investigar contexto e escala populacional
Geo25,2022-09-05,Channel1_impression,3114953.0,True,6.088706651869453,preservar; investigar contexto e escala populacional
Geo25,2022-10-31,Channel1_impression,1929518.0,False,3.5148862036475643,preservar; investigar contexto e escala populacional
Geo25,2022-11-21,Channel1_impression,2564116.0,True,4.892727509835347,preservar; investigar contexto e escala populacional
Geo25,2023-06-05,Channel1_impression,2060676.0,True,3.79965689318169,preservar; investigar contexto e escala populacional
Geo25,2023-06-12,Channel1_impression,2382320.0,True,4.498011424849712,preservar; investigar contexto e escala populacional
Geo25,2023-09-04,Channel1_impression,2091042.0,True,3.8655876542362444,preservar; investigar contexto e escala populacional
Geo25,2023-09-11,Channel1_impression,1966709.0,False,3.59563542759474,preservar; investigar contexto e escala populacional
Geo25,2023-09-18,Channel1_impression,2117840.0,True,3.923771561722906,preservar; investigar contexto e escala populacional
Geo25,2023-11-06,Channel1_impression,2212989.0,True,4.130359389674556,preservar; investigar contexto e escala populacional
Geo25,2023-12-04,Channel1_impression,2126516.0,True,3.942608922024207,preservar; investigar contexto e escala populacional
Geo27,2023-10-23,Channel1_impression,2304386.0,True,4.328800862641135,preservar; investigar contexto e escala populacional
Geo27,2023-12-04,Channel1_impression,2459397.0,True,4.665361265783713,preservar; investigar contexto e escala populacional
Geo28,2021-06-07,Channel1_impression,1950523.0,False,3.5604923301031697,preservar; investigar contexto e escala populacional
Geo28,2022-08-29,Channel1_impression,1955372.0,False,3.5710204951678324,preservar; investigar contexto e escala populacional
Geo28,2022-09-05,Channel1_impression,1926780.0,False,3.5089414488636823,preservar; investigar contexto e escala populacional
Geo28,2022-10-31,Channel1_impression,1957781.0,False,3.576250924048173,preservar; investigar contexto e escala populacional
Geo28,2023-01-09,Channel1_impression,2592565.0,True,4.954496074059842,preservar; investigar contexto e escala populacional
Geo28,2023-09-04,Channel1_impression,2468492.0,True,4.685108360290437,preservar; investigar contexto e escala populacional
Geo28,2024-01-08,Channel1_impression,2773968.0,True,5.348358876127264,preservar; investigar contexto e escala populacional
Geo31,2021-02-22,Channel1_impression,2431049.0,True,4.603811993097995,preservar; investigar contexto e escala populacional
Geo31,2021-03-22,Channel1_impression,2289296.0,True,4.2960374040258005,preservar; investigar contexto e escala populacional
Geo31,2021-07-26,Channel1_impression,2303643.0,True,4.327187658548941,preservar; investigar contexto e escala populacional
Geo31,2021-08-23,Channel1_impression,2439658.0,True,4.622503882774563,preservar; investigar contexto e escala populacional
Geo31,2021-08-30,Channel1_impression,2752851.0,True,5.302509574895985,preservar; investigar contexto e escala populacional
Geo31,2021-10-04,Channel1_impression,2191089.0,True,4.082810036216914,preservar; investigar contexto e escala populacional
Geo31,2021-10-11,Channel1_impression,1958649.0,False,3.5781355285596446,preservar; investigar contexto e escala populacional
Geo31,2021-11-15,Channel1_impression,2120483.0,True,3.929510052188136,preservar; investigar contexto e escala populacional
Geo31,2021-11-22,Channel1_impression,2262038.0,True,4.236854742996194,preservar; investigar contexto e escala populacional
Geo31,2021-12-13,Channel1_impression,1953881.0,False,3.567783230966675,preservar; investigar contexto e escala populacional
Geo31,2022-01-03,Channel1_impression,3042232.0,True,5.930814572746478,preservar; investigar contexto e escala populacional
Geo31,2022-06-20,Channel1_impression,2451369.0,True,4.647930845255953,preservar; investigar contexto e escala populacional
Geo31,2022-08-22,Channel1_impression,2085709.0,True,3.8540086267481355,preservar; investigar contexto e escala populacional
Geo31,2022-10-10,Channel1_impression,3241521.0,True,6.363511518007662,preservar; investigar contexto e escala populacional
Geo31,2022-10-31,Channel1_impression,2806356.0,True,5.418679810364073,preservar; investigar contexto e escala populacional
Geo31,2022-11-28,Channel1_impression,2554694.0,True,4.872270431831789,preservar; investigar contexto e escala populacional
Geo31,2023-01-02,Channel1_impression,2454970.0,True,4.6557493485345365,preservar; investigar contexto e escala populacional
Geo31,2023-01-09,Channel1_impression,1974090.0,False,3.611661079552313,preservar; investigar contexto e escala populacional
Geo31,2023-02-20,Channel1_impression,2738661.0,True,5.271700199299458,preservar; investigar contexto e escala populacional
Geo31,2023-06-26,Channel1_impression,2573982.0,True,4.914148602128182,preservar; investigar contexto e escala populacional
Geo31,2023-09-18,Channel1_impression,2261853.0,True,4.236453070375661,preservar; investigar contexto e escala populacional
Geo31,2023-10-02,Channel1_impression,2468243.0,True,4.684567730655234,preservar; investigar contexto e escala populacional
Geo31,2023-12-04,Channel1_impression,2599627.0,True,4.969829112147416,preservar; investigar contexto e escala populacional
Geo31,2024-01-08,Channel1_impression,2860219.0,True,5.535627336632975,preservar; investigar contexto e escala populacional
Geo32,2021-07-26,Channel1_impression,2059117.0,True,3.796271987152445,preservar; investigar contexto e escala populacional
Geo32,2021-08-02,Channel1_impression,2429724.0,True,4.60093514865364,preservar; investigar contexto e escala populacional
Geo32,2021-09-27,Channel1_impression,2221516.0,True,4.148873240676077,preservar; investigar contexto e escala populacional
Geo32,2022-09-05,Channel1_impression,2297028.0,True,4.312825148360708,preservar; investigar contexto e escala populacional
Geo32,2022-10-24,Channel1_impression,2209113.0,True,4.12194380547356,preservar; investigar contexto e escala populacional
Geo32,2022-10-31,Channel1_impression,2074723.0,True,3.8301557866985614,preservar; investigar contexto e escala populacional
Geo32,2022-12-05,Channel1_impression,1939164.0,False,3.5358296312024686,preservar; investigar contexto e escala populacional
Geo32,2023-04-10,Channel1_impression,3363626.0,True,6.628626303575941,preservar; investigar contexto e escala populacional
Geo32,2023-09-11,Channel1_impression,1966968.0,False,3.596197769263486,preservar; investigar contexto e escala populacional
Geo32,2023-11-20,Channel1_impression,2067549.0,True,3.8145795738353145,preservar; investigar contexto e escala populacional
Geo33,2022-01-03,Channel1_impression,2065746.0,True,3.8106648941876378,preservar; investigar contexto e escala populacional
Geo33,2022-06-13,Channel1_impression,2132930.0,True,3.95653502033824,preservar; investigar contexto e escala populacional
Geo33,2022-10-03,Channel1_impression,2036589.0,True,3.7473591179883465,preservar; investigar contexto e escala populacional
Geo33,2022-12-05,Channel1_impression,2009144.0,False,3.6877704419314994,preservar; investigar contexto e escala populacional
Geo33,2023-09-11,Channel1_impression,1936555.0,False,3.5301649616512827,preservar; investigar contexto e escala populacional
Geo34,2021-03-01,Channel1_impression,2049747.0,True,3.7759278117233084,preservar; investigar contexto e escala populacional
Geo34,2021-05-10,Channel1_impression,2216598.0,True,4.1381952625799725,preservar; investigar contexto e escala populacional
Geo34,2021-10-11,Channel1_impression,2658040.0,True,5.096655613678065,preservar; investigar contexto e escala populacional
Geo34,2021-11-22,Channel1_impression,1953225.0,False,3.5663589215663,preservar; investigar contexto e escala populacional
Geo34,2021-12-13,Channel1_impression,2244411.0,True,4.1985829414711775,preservar; investigar contexto e escala populacional
Geo34,2022-01-10,Channel1_impression,2067482.0,True,3.814434103210581,preservar; investigar contexto e escala populacional
Geo34,2023-09-04,Channel1_impression,2813307.0,True,5.433771844879327,preservar; investigar contexto e escala populacional
Geo34,2023-11-27,Channel1_impression,1981200.0,False,3.6270983354008903,preservar; investigar contexto e escala populacional
Geo35,2021-07-05,Channel1_impression,1931409.0,False,3.5189919491904136,preservar; investigar contexto e escala populacional
Geo35,2021-07-26,Channel1_impression,2012018.0,False,3.6940104803715563,preservar; investigar contexto e escala populacional
Geo35,2021-10-11,Channel1_impression,1930358.0,False,3.5167100144651173,preservar; investigar contexto e escala populacional
Geo35,2021-11-22,Channel1_impression,3045964.0,True,5.938917503664465,preservar; investigar contexto e escala populacional
Geo35,2022-12-05,Channel1_impression,2931128.0,True,5.6895851952780845,preservar; investigar contexto e escala populacional
Geo35,2022-12-26,Channel1_impression,2409861.0,True,4.557808536428566,preservar; investigar contexto e escala populacional
Geo35,2023-02-06,Channel1_impression,2026868.0,True,3.7262528501818752,preservar; investigar contexto e escala populacional
Geo35,2023-08-14,Channel1_impression,2306249.0,True,4.3328458144900655,preservar; investigar contexto e escala populacional
Geo35,2023-11-27,Channel1_impression,2174478.0,True,4.046744177299796,preservar; investigar contexto e escala populacional
Geo35,2023-12-04,Channel1_impression,2936373.0,True,5.700973156871021,preservar; investigar contexto e escala populacional
Geo36,2021-03-29,Channel1_impression,4208919.0,True,8.463929300483256,preservar; investigar contexto e escala populacional
Geo36,2021-05-31,Channel1_impression,2899914.0,True,5.621813253779142,preservar; investigar contexto e escala populacional
Geo36,2021-07-26,Channel1_impression,3123278.0,True,6.106781919793419,preservar; investigar contexto e escala populacional
Geo36,2021-08-30,Channel1_impression,2615904.0,True,5.005169789144221,preservar; investigar contexto e escala populacional
Geo36,2021-09-06,Channel1_impression,2446714.0,True,4.637823893642011,preservar; investigar contexto e escala populacional
Geo36,2021-09-13,Channel1_impression,1975774.0,False,3.615317386000837,preservar; investigar contexto e escala populacional
Geo36,2021-11-22,Channel1_impression,2185565.0,True,4.070816308888147,preservar; investigar contexto e escala populacional
Geo36,2021-12-13,Channel1_impression,2094186.0,True,3.8724139175819445,preservar; investigar contexto e escala populacional
Geo36,2022-01-24,Channel1_impression,2434972.0,True,4.612329623856641,preservar; investigar contexto e escala populacional
Geo36,2022-03-21,Channel1_impression,1984956.0,False,3.6352533751993787,preservar; investigar contexto e escala populacional
Geo36,2022-06-20,Channel1_impression,2640886.0,True,5.0594107913396,preservar; investigar contexto e escala populacional
Geo36,2022-06-27,Channel1_impression,2479893.0,True,4.709862249732016,preservar; investigar contexto e escala populacional
Geo36,2022-09-05,Channel1_impression,4397540.0,True,8.873463848361514,preservar; investigar contexto e escala populacional
Geo36,2022-10-24,Channel1_impression,2817228.0,True,5.442285133231263,preservar; investigar contexto e escala populacional
Geo36,2022-12-26,Channel1_impression,2236600.0,True,4.181623672071286,preservar; investigar contexto e escala populacional
Geo36,2023-04-03,Channel1_impression,2340027.0,True,4.406184721389254,preservar; investigar contexto e escala populacional
Geo36,2023-05-22,Channel1_impression,2307384.0,True,4.335310130297117,preservar; investigar contexto e escala populacional
Geo36,2023-11-06,Channel1_impression,2462952.0,True,4.673079893708001,preservar; investigar contexto e escala populacional
Geo36,2024-01-08,Channel1_impression,2500559.0,True,4.7547323382505375,preservar; investigar contexto e escala populacional
Geo39,2021-04-26,Channel1_impression,2470600.0,True,4.6896852569611545,preservar; investigar contexto e escala populacional
Geo39,2021-05-10,Channel1_impression,2476329.0,True,4.70212408097754,preservar; investigar contexto e escala populacional
Geo39,2021-06-07,Channel1_impression,2109369.0,True,3.9053792981092217,preservar; investigar contexto e escala populacional
Geo39,2021-08-09,Channel1_impression,2065334.0,True,3.809770358405695,preservar; investigar contexto e escala populacional
Geo39,2021-10-11,Channel1_impression,2632518.0,True,5.041242161671401,preservar; investigar contexto e escala populacional
Geo39,2022-02-28,Channel1_impression,1923827.0,False,3.5025298853586406,preservar; investigar contexto e escala populacional
Geo39,2022-06-27,Channel1_impression,2229348.0,True,4.165878105346408,preservar; investigar contexto e escala populacional
Geo39,2022-09-05,Channel1_impression,2185423.0,True,4.070507998011846,preservar; investigar contexto e escala populacional
Geo39,2022-10-03,Channel1_impression,2212343.0,True,4.128956792307723,preservar; investigar contexto e escala populacional
Geo39,2022-10-10,Channel1_impression,2629236.0,True,5.034116272262818,preservar; investigar contexto e escala populacional
Geo39,2022-11-21,Channel1_impression,2342034.0,True,4.410542326521193,preservar; investigar contexto e escala populacional
Geo39,2023-08-07,Channel1_impression,2019085.0,True,3.709354374475901,preservar; investigar contexto e escala populacional
Geo39,2023-09-11,Channel1_impression,1928885.0,False,3.5135118319243364,preservar; investigar contexto e escala populacional
Geo39,2023-09-18,Channel1_impression,1964004.0,False,3.5897623225215476,preservar; investigar contexto e escala populacional
Geo39,2023-10-02,Channel1_impression,2126244.0,True,3.942018354711857,preservar; investigar contexto e escala populacional
Geo39,2023-11-27,Channel1_impression,2957702.0,True,5.747282753213398,preservar; investigar contexto e escala populacional
Geo39,2023-12-04,Channel1_impression,2351846.0,True,4.4318461738329,preservar; investigar contexto e escala populacional
Geo39,2023-12-18,Channel1_impression,2171085.0,True,4.039377284318893,preservar; investigar contexto e escala populacional
Geo7,2021-05-17,Channel1_impression,2127280.0,True,3.9442677213868387,preservar; investigar contexto e escala populacional
Geo7,2021-07-26,Channel1_impression,2332228.0,True,4.389251506429612,preservar; investigar contexto e escala populacional
Geo7,2022-01-24,Channel1_impression,2275912.0,True,4.266978018332783,preservar; investigar contexto e escala populacional
Geo7,2022-05-23,Channel1_impression,2754321.0,True,5.305701243826704,preservar; investigar contexto e escala populacional
Geo7,2022-11-07,Channel1_impression,2379542.0,True,4.49197982193166,preservar; investigar contexto e escala populacional
Geo7,2022-12-05,Channel1_impression,2227080.0,True,4.160953816139014,preservar; investigar contexto e escala populacional
Geo7,2023-09-04,Channel1_impression,2389161.0,True,4.512864626996,preservar; investigar contexto e escala populacional
Geo7,2023-09-18,Channel1_impression,1983761.0,False,3.632658787191074,preservar; investigar contexto e escala populacional
Geo7,2023-10-23,Channel1_impression,2363769.0,True,4.457733431425387,preservar; investigar contexto e escala populacional
Geo7,2023-11-13,Channel1_impression,2076380.0,True,3.8337534706565215,preservar; investigar contexto e escala populacional
Geo9,2021-10-11,Channel1_impression,1974000.0,False,3.6114656712504325,preservar; investigar contexto e escala populacional
Geo9,2022-01-03,Channel1_impression,1937338.0,False,3.5318650138776446,preservar; investigar contexto e escala populacional
Geo9,2023-09-04,Channel1_impression,2362948.0,True,4.455950873471564,preservar; investigar contexto e escala populacional
Geo1,2021-03-29,Channel2_impression,789141.0,True,,preservar; investigar contexto e escala populacional
Geo1,2021-08-30,Channel2_impression,701953.0,True,,preservar; investigar contexto e escala populacional
Geo1,2022-10-17,Channel2_impression,802331.0,True,,preservar; investigar contexto e escala populacional
Geo1,2023-09-25,Channel2_impression,669588.0,True,,preservar; investigar contexto e escala populacional
Geo1,2023-12-04,Channel2_impression,997113.0,True,,preservar; investigar contexto e escala populacional
Geo10,2021-02-22,Channel2_impression,984933.0,True,,preservar; investigar contexto e escala populacional
Geo10,2021-06-28,Channel2_impression,1621473.0,True,,preservar; investigar contexto e escala populacional
Geo10,2021-08-02,Channel2_impression,2998326.0,True,,preservar; investigar contexto e escala populacional
Geo10,2021-08-30,Channel2_impression,2052081.0,True,,preservar; investigar contexto e escala populacional
Geo10,2021-09-13,Channel2_impression,3025231.0,True,,preservar; investigar contexto e escala populacional
Geo10,2021-10-04,Channel2_impression,1180417.0,True,,preservar; investigar contexto e escala populacional
Geo10,2021-10-11,Channel2_impression,1087669.0,True,,preservar; investigar contexto e escala populacional
Geo10,2021-10-25,Channel2_impression,1357300.0,True,,preservar; investigar contexto e escala populacional
Geo10,2021-11-08,Channel2_impression,3104922.0,True,,preservar; investigar contexto e escala populacional
Geo10,2021-11-22,Channel2_impression,1442719.0,True,,preservar; investigar contexto e escala populacional
Geo10,2021-12-06,Channel2_impression,1399578.0,True,,preservar; investigar contexto e escala populacional
Geo10,2022-01-17,Channel2_impression,648703.0,True,,preservar; investigar contexto e escala populacional
Geo10,2022-04-18,Channel2_impression,1192070.0,True,,preservar; investigar contexto e escala populacional
Geo10,2022-07-18,Channel2_impression,873487.0,True,,preservar; investigar contexto e escala populacional
Geo10,2022-08-29,Channel2_impression,1264336.0,True,,preservar; investigar contexto e escala populacional
Geo10,2022-09-12,Channel2_impression,2353508.0,True,,preservar; investigar contexto e escala populacional
Geo10,2022-09-19,Channel2_impression,2980176.0,True,,preservar; investigar contexto e escala populacional
Geo10,2022-10-03,Channel2_impression,1287085.0,True,,preservar; investigar contexto e escala populacional
Geo10,2022-10-24,Channel2_impression,1890550.0,True,,preservar; investigar contexto e escala populacional
Geo10,2022-11-14,Channel2_impression,3290809.0,True,,preservar; investigar contexto e escala populacional
Geo10,2022-12-12,Channel2_impression,934195.0,True,,preservar; investigar contexto e escala populacional
Geo10,2023-02-06,Channel2_impression,2783179.0,True,,preservar; investigar contexto e escala populacional
Geo10,2023-05-01,Channel2_impression,2296001.0,True,,preservar; investigar contexto e escala populacional
Geo10,2023-06-05,Channel2_impression,1685100.0,True,,preservar; investigar contexto e escala populacional
Geo10,2023-06-26,Channel2_impression,3246970.0,True,,preservar; investigar contexto e escala populacional
Geo10,2023-07-31,Channel2_impression,1349113.0,True,,preservar; investigar contexto e escala populacional
Geo10,2023-08-21,Channel2_impression,858537.0,True,,preservar; investigar contexto e escala populacional
Geo10,2023-08-28,Channel2_impression,1691998.0,True,,preservar; investigar contexto e escala populacional
Geo10,2023-09-04,Channel2_impression,2624338.0,True,,preservar; investigar contexto e escala populacional
Geo10,2023-09-25,Channel2_impression,1425661.0,True,,preservar; investigar contexto e escala populacional
Geo10,2023-10-02,Channel2_impression,1627144.0,True,,preservar; investigar contexto e escala populacional
Geo10,2023-10-09,Channel2_impression,1312510.0,True,,preservar; investigar contexto e escala populacional
Geo10,2023-12-04,Channel2_impression,747706.0,True,,preservar; investigar contexto e escala populacional
Geo11,2021-03-22,Channel2_impression,1934488.0,True,,preservar; investigar contexto e escala populacional
Geo11,2021-04-05,Channel2_impression,969320.0,True,,preservar; investigar contexto e escala populacional
Geo11,2021-05-10,Channel2_impression,1791588.0,True,,preservar; investigar contexto e escala populacional
Geo11,2021-05-31,Channel2_impression,1394527.0,True,,preservar; investigar contexto e escala populacional
Geo11,2021-07-12,Channel2_impression,759436.0,True,,preservar; investigar contexto e escala populacional
Geo11,2021-08-30,Channel2_impression,1386572.0,True,,preservar; investigar contexto e escala populacional
Geo11,2021-10-18,Channel2_impression,1566924.0,True,,preservar; investigar contexto e escala populacional
Geo11,2021-11-08,Channel2_impression,2441012.0,True,,preservar; investigar contexto e escala populacional
Geo11,2021-11-22,Channel2_impression,877567.0,True,,preservar; investigar contexto e escala populacional
Geo11,2022-09-12,Channel2_impression,651079.0,True,,preservar; investigar contexto e escala populacional
Geo11,2022-09-19,Channel2_impression,777356.0,True,,preservar; investigar contexto e escala populacional
Geo11,2022-09-26,Channel2_impression,691720.0,True,,preservar; investigar contexto e escala populacional
Geo11,2022-10-03,Channel2_impression,803285.0,True,,preservar; investigar contexto e escala populacional
Geo11,2022-10-17,Channel2_impression,2990618.0,True,,preservar; investigar contexto e escala populacional
Geo11,2022-11-07,Channel2_impression,818922.0,True,,preservar; investigar contexto e escala populacional
Geo11,2022-11-14,Channel2_impression,804293.0,True,,preservar; investigar contexto e escala populacional
Geo11,2022-12-05,Channel2_impression,826026.0,True,,preservar; investigar contexto e escala populacional
Geo11,2022-12-12,Channel2_impression,718172.0,True,,preservar; investigar contexto e escala populacional
Geo11,2022-12-26,Channel2_impression,1842706.0,True,,preservar; investigar contexto e escala populacional
Geo11,2023-02-06,Channel2_impression,781338.0,True,,preservar; investigar contexto e escala populacional
Geo11,2023-02-20,Channel2_impression,1073377.0,True,,preservar; investigar contexto e escala populacional
Geo11,2023-05-01,Channel2_impression,690544.0,True,,preservar; investigar contexto e escala populacional
Geo11,2023-05-22,Channel2_impression,659058.0,True,,preservar; investigar contexto e escala populacional
Geo11,2023-07-03,Channel2_impression,1620394.0,True,,preservar; investigar contexto e escala populacional
Geo11,2023-07-24,Channel2_impression,700452.0,True,,preservar; investigar contexto e escala populacional
Geo11,2023-08-07,Channel2_impression,665657.0,True,,preservar; investigar contexto e escala populacional
Geo11,2023-08-14,Channel2_impression,2119707.0,True,,preservar; investigar contexto e escala populacional
Geo11,2023-08-21,Channel2_impression,2416358.0,True,,preservar; investigar contexto e escala populacional
Geo11,2023-09-04,Channel2_impression,856818.0,True,,preservar; investigar contexto e escala populacional
Geo11,2023-10-23,Channel2_impression,1882194.0,True,,preservar; investigar contexto e escala populacional
Geo11,2023-11-27,Channel2_impression,1290990.0,True,,preservar; investigar contexto e escala populacional
Geo11,2023-12-04,Channel2_impression,911692.0,True,,preservar; investigar contexto e escala populacional
Geo11,2023-12-11,Channel2_impression,1038563.0,True,,preservar; investigar contexto e escala populacional
Geo11,2024-01-15,Channel2_impression,1817748.0,True,,preservar; investigar contexto e escala populacional
Geo12,2021-04-05,Channel2_impression,1112343.0,True,,preservar; investigar contexto e escala populacional
Geo12,2021-06-07,Channel2_impression,1161453.0,True,,preservar; investigar contexto e escala populacional
Geo12,2021-09-13,Channel2_impression,938763.0,True,,preservar; investigar contexto e escala populacional
Geo12,2021-09-27,Channel2_impression,884216.0,True,,preservar; investigar contexto e escala populacional
Geo12,2021-10-11,Channel2_impression,1860928.0,True,,preservar; investigar contexto e escala populacional
Geo12,2021-10-18,Channel2_impression,1670939.0,True,,preservar; investigar contexto e escala populacional
Geo12,2021-11-08,Channel2_impression,1377776.0,True,,preservar; investigar contexto e escala populacional
Geo12,2021-11-22,Channel2_impression,1540667.0,True,,preservar; investigar contexto e escala populacional
Geo12,2022-01-03,Channel2_impression,2204501.0,True,,preservar; investigar contexto e escala populacional
Geo12,2022-06-13,Channel2_impression,1512894.0,True,,preservar; investigar contexto e escala populacional
Geo12,2022-07-11,Channel2_impression,1032870.0,True,,preservar; investigar contexto e escala populacional
Geo12,2022-08-01,Channel2_impression,668564.0,True,,preservar; investigar contexto e escala populacional
Geo12,2022-09-12,Channel2_impression,658981.0,True,,preservar; investigar contexto e escala populacional
Geo12,2022-10-10,Channel2_impression,2118282.0,True,,preservar; investigar contexto e escala populacional
Geo12,2022-12-12,Channel2_impression,945406.0,True,,preservar; investigar contexto e escala populacional
Geo12,2022-12-19,Channel2_impression,1377866.0,True,,preservar; investigar contexto e escala populacional
Geo12,2023-01-09,Channel2_impression,811129.0,True,,preservar; investigar contexto e escala populacional
Geo12,2023-04-10,Channel2_impression,683542.0,True,,preservar; investigar contexto e escala populacional
Geo12,2023-06-12,Channel2_impression,847783.0,True,,preservar; investigar contexto e escala populacional
Geo12,2023-06-26,Channel2_impression,1344890.0,True,,preservar; investigar contexto e escala populacional
Geo12,2023-07-03,Channel2_impression,648546.0,True,,preservar; investigar contexto e escala populacional
Geo12,2023-07-24,Channel2_impression,1453334.0,True,,preservar; investigar contexto e escala populacional
Geo12,2023-09-04,Channel2_impression,2113587.0,True,,preservar; investigar contexto e escala populacional
Geo12,2023-09-25,Channel2_impression,1218399.0,True,,preservar; investigar contexto e escala populacional
Geo12,2023-10-23,Channel2_impression,2203613.0,True,,preservar; investigar contexto e escala populacional
Geo12,2023-11-13,Channel2_impression,934594.0,True,,preservar; investigar contexto e escala populacional
Geo13,2021-04-05,Channel2_impression,882569.0,True,,preservar; investigar contexto e escala populacional
Geo13,2021-06-28,Channel2_impression,864672.0,True,,preservar; investigar contexto e escala populacional
Geo13,2021-08-30,Channel2_impression,646435.0,True,,preservar; investigar contexto e escala populacional
Geo13,2021-09-20,Channel2_impression,669465.0,True,,preservar; investigar contexto e escala populacional
Geo13,2021-10-11,Channel2_impression,931392.0,True,,preservar; investigar contexto e escala populacional
Geo13,2021-11-15,Channel2_impression,1504361.0,True,,preservar; investigar contexto e escala populacional
Geo13,2021-11-22,Channel2_impression,1812389.0,True,,preservar; investigar contexto e escala populacional
Geo13,2021-12-27,Channel2_impression,648902.0,True,,preservar; investigar contexto e escala populacional
Geo13,2022-07-04,Channel2_impression,722547.0,True,,preservar; investigar contexto e escala populacional
Geo13,2022-07-18,Channel2_impression,677877.0,True,,preservar; investigar contexto e escala populacional
Geo13,2022-09-19,Channel2_impression,815760.0,True,,preservar; investigar contexto e escala populacional
Geo13,2022-10-17,Channel2_impression,2044472.0,True,,preservar; investigar contexto e escala populacional
Geo13,2022-10-24,Channel2_impression,991049.0,True,,preservar; investigar contexto e escala populacional
Geo13,2022-12-19,Channel2_impression,735175.0,True,,preservar; investigar contexto e escala populacional
Geo13,2023-05-01,Channel2_impression,833408.0,True,,preservar; investigar contexto e escala populacional
Geo13,2023-08-07,Channel2_impression,741066.0,True,,preservar; investigar contexto e escala populacional
Geo13,2023-08-14,Channel2_impression,850818.0,True,,preservar; investigar contexto e escala populacional
Geo13,2023-08-28,Channel2_impression,805726.0,True,,preservar; investigar contexto e escala populacional
Geo13,2023-09-04,Channel2_impression,1875051.0,True,,preservar; investigar contexto e escala populacional
Geo13,2023-10-02,Channel2_impression,1602311.0,True,,preservar; investigar contexto e escala populacional
Geo13,2023-10-16,Channel2_impression,1162879.0,True,,preservar; investigar contexto e escala populacional
Geo13,2023-11-13,Channel2_impression,1393297.0,True,,preservar; investigar contexto e escala populacional
Geo13,2023-11-27,Channel2_impression,708030.0,True,,preservar; investigar contexto e escala populacional
Geo14,2021-02-22,Channel2_impression,727550.0,True,,preservar; investigar contexto e escala populacional
Geo14,2021-03-22,Channel2_impression,812211.0,True,,preservar; investigar contexto e escala populacional
Geo14,2021-08-30,Channel2_impression,1841695.0,True,,preservar; investigar contexto e escala populacional
Geo14,2021-09-13,Channel2_impression,2788395.0,True,,preservar; investigar contexto e escala populacional
Geo14,2021-09-27,Channel2_impression,813971.0,True,,preservar; investigar contexto e escala populacional
Geo14,2021-10-04,Channel2_impression,1143451.0,True,,preservar; investigar contexto e escala populacional
Geo14,2021-10-18,Channel2_impression,715841.0,True,,preservar; investigar contexto e escala populacional
Geo14,2021-11-15,Channel2_impression,702896.0,True,,preservar; investigar contexto e escala populacional
Geo14,2021-12-20,Channel2_impression,3004607.0,True,,preservar; investigar contexto e escala populacional
Geo14,2022-01-03,Channel2_impression,1319756.0,True,,preservar; investigar contexto e escala populacional
Geo14,2022-02-21,Channel2_impression,689764.0,True,,preservar; investigar contexto e escala populacional
Geo14,2022-03-14,Channel2_impression,2162337.0,True,,preservar; investigar contexto e escala populacional
Geo14,2022-05-02,Channel2_impression,653116.0,True,,preservar; investigar contexto e escala populacional
Geo14,2022-06-13,Channel2_impression,675731.0,True,,preservar; investigar contexto e escala populacional
Geo14,2022-08-01,Channel2_impression,2489008.0,True,,preservar; investigar contexto e escala populacional
Geo14,2022-08-08,Channel2_impression,3606547.0,True,,preservar; investigar contexto e escala populacional
Geo14,2022-08-15,Channel2_impression,800329.0,True,,preservar; investigar contexto e escala populacional
Geo14,2022-08-22,Channel2_impression,958666.0,True,,preservar; investigar contexto e escala populacional
Geo14,2022-08-29,Channel2_impression,1415871.0,True,,preservar; investigar contexto e escala populacional
Geo14,2022-09-12,Channel2_impression,2433835.0,True,,preservar; investigar contexto e escala populacional
Geo14,2022-09-19,Channel2_impression,1489525.0,True,,preservar; investigar contexto e escala populacional
Geo14,2022-09-26,Channel2_impression,975585.0,True,,preservar; investigar contexto e escala populacional
Geo14,2022-10-10,Channel2_impression,1918619.0,True,,preservar; investigar contexto e escala populacional
Geo14,2022-10-17,Channel2_impression,1800186.0,True,,preservar; investigar contexto e escala populacional
Geo14,2022-12-19,Channel2_impression,653874.0,True,,preservar; investigar contexto e escala populacional
Geo14,2023-01-02,Channel2_impression,773991.0,True,,preservar; investigar contexto e escala populacional
Geo14,2023-01-09,Channel2_impression,1281616.0,True,,preservar; investigar contexto e escala populacional
Geo14,2023-02-13,Channel2_impression,1033232.0,True,,preservar; investigar contexto e escala populacional
Geo14,2023-05-29,Channel2_impression,2265308.0,True,,preservar; investigar contexto e escala populacional
Geo14,2023-06-05,Channel2_impression,698268.0,True,,preservar; investigar contexto e escala populacional
Geo14,2023-06-26,Channel2_impression,2262190.0,True,,preservar; investigar contexto e escala populacional
Geo14,2023-07-17,Channel2_impression,2141461.0,True,,preservar; investigar contexto e escala populacional
Geo14,2023-09-04,Channel2_impression,929938.0,True,,preservar; investigar contexto e escala populacional
Geo14,2023-09-11,Channel2_impression,1155770.0,True,,preservar; investigar contexto e escala populacional
Geo14,2023-09-25,Channel2_impression,1201993.0,True,,preservar; investigar contexto e escala populacional
Geo14,2023-10-02,Channel2_impression,1164570.0,True,,preservar; investigar contexto e escala populacional
Geo14,2023-10-09,Channel2_impression,3855289.0,True,,preservar; investigar contexto e escala populacional
Geo14,2023-10-16,Channel2_impression,796372.0,True,,preservar; investigar contexto e escala populacional
Geo14,2023-11-13,Channel2_impression,3419789.0,True,,preservar; investigar contexto e escala populacional
Geo14,2023-11-27,Channel2_impression,1350318.0,True,,preservar; investigar contexto e escala populacional
Geo14,2023-12-04,Channel2_impression,1503331.0,True,,preservar; investigar contexto e escala populacional
Geo15,2021-04-12,Channel2_impression,1370076.0,True,,preservar; investigar contexto e escala populacional
Geo15,2021-05-03,Channel2_impression,916705.0,True,,preservar; investigar contexto e escala populacional
Geo15,2021-07-12,Channel2_impression,1145508.0,True,,preservar; investigar contexto e escala populacional
Geo15,2021-08-30,Channel2_impression,3166448.0,True,,preservar; investigar contexto e escala populacional
Geo15,2021-11-22,Channel2_impression,2327198.0,True,,preservar; investigar contexto e escala populacional
Geo15,2021-11-29,Channel2_impression,2218346.0,True,,preservar; investigar contexto e escala populacional
Geo15,2021-12-06,Channel2_impression,1124752.0,True,,preservar; investigar contexto e escala populacional
Geo15,2021-12-13,Channel2_impression,1712448.0,True,,preservar; investigar contexto e escala populacional
Geo15,2022-01-24,Channel2_impression,1276327.0,True,,preservar; investigar contexto e escala populacional
Geo15,2022-06-06,Channel2_impression,892174.0,True,,preservar; investigar contexto e escala populacional
Geo15,2022-07-11,Channel2_impression,2107656.0,True,,preservar; investigar contexto e escala populacional
Geo15,2022-08-01,Channel2_impression,1274838.0,True,,preservar; investigar contexto e escala populacional
Geo15,2022-09-12,Channel2_impression,1079521.0,True,,preservar; investigar contexto e escala populacional
Geo15,2022-09-19,Channel2_impression,2409767.0,True,,preservar; investigar contexto e escala populacional
Geo15,2022-09-26,Channel2_impression,1387516.0,True,,preservar; investigar contexto e escala populacional
Geo15,2022-10-10,Channel2_impression,2069369.0,True,,preservar; investigar contexto e escala populacional
Geo15,2022-10-17,Channel2_impression,1530278.0,True,,preservar; investigar contexto e escala populacional
Geo15,2022-10-24,Channel2_impression,1548587.0,True,,preservar; investigar contexto e escala populacional
Geo15,2022-11-07,Channel2_impression,1019660.0,True,,preservar; investigar contexto e escala populacional
Geo15,2022-11-21,Channel2_impression,798521.0,True,,preservar; investigar contexto e escala populacional
Geo15,2022-12-26,Channel2_impression,659727.0,True,,preservar; investigar contexto e escala populacional
Geo15,2023-01-02,Channel2_impression,1642889.0,True,,preservar; investigar contexto e escala populacional
Geo15,2023-02-13,Channel2_impression,770420.0,True,,preservar; investigar contexto e escala populacional
Geo15,2023-02-27,Channel2_impression,660631.0,True,,preservar; investigar contexto e escala populacional
Geo15,2023-06-26,Channel2_impression,961180.0,True,,preservar; investigar contexto e escala populacional
Geo15,2023-08-07,Channel2_impression,859202.0,True,,preservar; investigar contexto e escala populacional
Geo15,2023-08-14,Channel2_impression,902097.0,True,,preservar; investigar contexto e escala populacional
Geo15,2023-08-21,Channel2_impression,3044314.0,True,,preservar; investigar contexto e escala populacional
Geo15,2023-10-16,Channel2_impression,2209310.0,True,,preservar; investigar contexto e escala populacional
Geo15,2023-10-30,Channel2_impression,977855.0,True,,preservar; investigar contexto e escala populacional
Geo15,2023-11-13,Channel2_impression,1084602.0,True,,preservar; investigar contexto e escala populacional
Geo15,2023-11-20,Channel2_impression,1724634.0,True,,preservar; investigar contexto e escala populacional
Geo15,2023-12-04,Channel2_impression,792287.0,True,,preservar; investigar contexto e escala populacional
Geo16,2021-05-17,Channel2_impression,828549.0,True,,preservar; investigar contexto e escala populacional
Geo16,2021-07-26,Channel2_impression,2232343.0,True,,preservar; investigar contexto e escala populacional
Geo16,2021-11-22,Channel2_impression,652811.0,True,,preservar; investigar contexto e escala populacional
Geo16,2022-07-11,Channel2_impression,922980.0,True,,preservar; investigar contexto e escala populacional
Geo16,2022-09-26,Channel2_impression,821302.0,True,,preservar; investigar contexto e escala populacional
Geo16,2022-12-26,Channel2_impression,821335.0,True,,preservar; investigar contexto e escala populacional
Geo16,2023-01-23,Channel2_impression,1137491.0,True,,preservar; investigar contexto e escala populacional
Geo16,2023-08-14,Channel2_impression,697417.0,True,,preservar; investigar contexto e escala populacional
Geo16,2023-09-04,Channel2_impression,693834.0,True,,preservar; investigar contexto e escala populacional
Geo16,2023-10-23,Channel2_impression,700428.0,True,,preservar; investigar contexto e escala populacional
Geo16,2023-11-20,Channel2_impression,650235.0,True,,preservar; investigar contexto e escala populacional
Geo16,2024-01-01,Channel2_impression,1277528.0,True,,preservar; investigar contexto e escala populacional
Geo16,2024-01-15,Channel2_impression,758455.0,True,,preservar; investigar contexto e escala populacional
Geo17,2021-03-15,Channel2_impression,809129.0,True,,preservar; investigar contexto e escala populacional
Geo17,2021-04-12,Channel2_impression,1100671.0,True,,preservar; investigar contexto e escala populacional
Geo17,2021-05-17,Channel2_impression,642126.0,True,,preservar; investigar contexto e escala populacional
Geo17,2021-06-14,Channel2_impression,1834161.0,True,,preservar; investigar contexto e escala populacional
Geo17,2021-06-28,Channel2_impression,2392705.0,True,,preservar; investigar contexto e escala populacional
Geo17,2021-07-26,Channel2_impression,2175902.0,True,,preservar; investigar contexto e escala populacional
Geo17,2021-08-02,Channel2_impression,2685549.0,True,,preservar; investigar contexto e escala populacional
Geo17,2021-08-30,Channel2_impression,1912837.0,True,,preservar; investigar contexto e escala populacional
Geo17,2021-09-13,Channel2_impression,1986216.0,True,,preservar; investigar contexto e escala populacional
Geo17,2021-10-04,Channel2_impression,1159192.0,True,,preservar; investigar contexto e escala populacional
Geo17,2021-10-18,Channel2_impression,1227302.0,True,,preservar; investigar contexto e escala populacional
Geo17,2021-11-29,Channel2_impression,2393712.0,True,,preservar; investigar contexto e escala populacional
Geo17,2022-06-13,Channel2_impression,745499.0,True,,preservar; investigar contexto e escala populacional
Geo17,2022-06-20,Channel2_impression,1386200.0,True,,preservar; investigar contexto e escala populacional
Geo17,2022-07-18,Channel2_impression,1129681.0,True,,preservar; investigar contexto e escala populacional
Geo17,2022-08-22,Channel2_impression,646869.0,True,,preservar; investigar contexto e escala populacional
Geo17,2022-10-17,Channel2_impression,819980.0,True,,preservar; investigar contexto e escala populacional
Geo17,2022-11-14,Channel2_impression,969675.0,True,,preservar; investigar contexto e escala populacional
Geo17,2023-01-09,Channel2_impression,1781166.0,True,,preservar; investigar contexto e escala populacional
Geo17,2023-05-01,Channel2_impression,1193228.0,True,,preservar; investigar contexto e escala populacional
Geo17,2023-07-24,Channel2_impression,655639.0,True,,preservar; investigar contexto e escala populacional
Geo17,2023-08-21,Channel2_impression,1427484.0,True,,preservar; investigar contexto e escala populacional
Geo17,2023-08-28,Channel2_impression,930038.0,True,,preservar; investigar contexto e escala populacional
Geo17,2023-09-04,Channel2_impression,1036300.0,True,,preservar; investigar contexto e escala populacional
Geo17,2023-09-25,Channel2_impression,788023.0,True,,preservar; investigar contexto e escala populacional
Geo17,2023-10-02,Channel2_impression,2823617.0,True,,preservar; investigar contexto e escala populacional
Geo17,2023-11-13,Channel2_impression,746618.0,True,,preservar; investigar contexto e escala populacional
Geo17,2023-11-20,Channel2_impression,1747410.0,True,,preservar; investigar contexto e escala populacional
Geo17,2023-12-04,Channel2_impression,2205314.0,True,,preservar; investigar contexto e escala populacional
Geo17,2024-01-01,Channel2_impression,1894476.0,True,,preservar; investigar contexto e escala populacional
Geo17,2024-01-08,Channel2_impression,1320660.0,True,,preservar; investigar contexto e escala populacional
Geo18,2021-06-07,Channel2_impression,2057742.0,True,,preservar; investigar contexto e escala populacional
Geo18,2021-08-09,Channel2_impression,1287121.0,True,,preservar; investigar contexto e escala populacional
Geo18,2021-10-04,Channel2_impression,1287969.0,True,,preservar; investigar contexto e escala populacional
Geo18,2021-11-22,Channel2_impression,2120722.0,True,,preservar; investigar contexto e escala populacional
Geo18,2021-12-13,Channel2_impression,1338991.0,True,,preservar; investigar contexto e escala populacional
Geo18,2022-01-17,Channel2_impression,827353.0,True,,preservar; investigar contexto e escala populacional
Geo18,2022-02-21,Channel2_impression,669837.0,True,,preservar; investigar contexto e escala populacional
Geo18,2022-04-11,Channel2_impression,759710.0,True,,preservar; investigar contexto e escala populacional
Geo18,2022-04-25,Channel2_impression,1060377.0,True,,preservar; investigar contexto e escala populacional
Geo18,2022-07-11,Channel2_impression,706023.0,True,,preservar; investigar contexto e escala populacional
Geo18,2022-08-29,Channel2_impression,899694.0,True,,preservar; investigar contexto e escala populacional
Geo18,2022-09-26,Channel2_impression,992989.0,True,,preservar; investigar contexto e escala populacional
Geo18,2022-10-17,Channel2_impression,3248948.0,True,,preservar; investigar contexto e escala populacional
Geo18,2023-01-02,Channel2_impression,2394522.0,True,,preservar; investigar contexto e escala populacional
Geo18,2023-01-09,Channel2_impression,952278.0,True,,preservar; investigar contexto e escala populacional
Geo18,2023-05-22,Channel2_impression,964357.0,True,,preservar; investigar contexto e escala populacional
Geo18,2023-07-10,Channel2_impression,859234.0,True,,preservar; investigar contexto e escala populacional
Geo18,2023-07-24,Channel2_impression,1595910.0,True,,preservar; investigar contexto e escala populacional
Geo18,2023-10-09,Channel2_impression,2403535.0,True,,preservar; investigar contexto e escala populacional
Geo18,2023-10-23,Channel2_impression,1107296.0,True,,preservar; investigar contexto e escala populacional
Geo18,2023-11-20,Channel2_impression,1084946.0,True,,preservar; investigar contexto e escala populacional
Geo18,2023-12-04,Channel2_impression,2130208.0,True,,preservar; investigar contexto e escala populacional
Geo19,2021-02-01,Channel2_impression,1036025.0,True,,preservar; investigar contexto e escala populacional
Geo19,2021-02-22,Channel2_impression,675243.0,True,,preservar; investigar contexto e escala populacional
Geo19,2021-04-05,Channel2_impression,1024497.0,True,,preservar; investigar contexto e escala populacional
Geo19,2021-04-12,Channel2_impression,694016.0,True,,preservar; investigar contexto e escala populacional
Geo19,2021-05-10,Channel2_impression,1057256.0,True,,preservar; investigar contexto e escala populacional
Geo19,2021-06-07,Channel2_impression,820450.0,True,,preservar; investigar contexto e escala populacional
Geo19,2021-06-14,Channel2_impression,637344.0,True,,preservar; investigar contexto e escala populacional
Geo19,2021-07-26,Channel2_impression,767569.0,True,,preservar; investigar contexto e escala populacional
Geo19,2021-08-02,Channel2_impression,1906925.0,True,,preservar; investigar contexto e escala populacional
Geo19,2021-09-13,Channel2_impression,836630.0,True,,preservar; investigar contexto e escala populacional
Geo19,2021-10-04,Channel2_impression,975816.0,True,,preservar; investigar contexto e escala populacional
Geo19,2021-10-11,Channel2_impression,1391376.0,True,,preservar; investigar contexto e escala populacional
Geo19,2021-10-18,Channel2_impression,858407.0,True,,preservar; investigar contexto e escala populacional
Geo19,2021-11-22,Channel2_impression,784892.0,True,,preservar; investigar contexto e escala populacional
Geo19,2021-12-13,Channel2_impression,1077338.0,True,,preservar; investigar contexto e escala populacional
Geo19,2022-02-28,Channel2_impression,717688.0,True,,preservar; investigar contexto e escala populacional
Geo19,2022-05-09,Channel2_impression,965634.0,True,,preservar; investigar contexto e escala populacional
Geo19,2022-05-30,Channel2_impression,822869.0,True,,preservar; investigar contexto e escala populacional
Geo19,2022-06-20,Channel2_impression,917681.0,True,,preservar; investigar contexto e escala populacional
Geo19,2022-07-11,Channel2_impression,741321.0,True,,preservar; investigar contexto e escala populacional
Geo19,2022-10-31,Channel2_impression,2207954.0,True,,preservar; investigar contexto e escala populacional
Geo19,2022-11-21,Channel2_impression,1227224.0,True,,preservar; investigar contexto e escala populacional
Geo19,2023-01-02,Channel2_impression,1048097.0,True,,preservar; investigar contexto e escala populacional
Geo19,2023-10-30,Channel2_impression,800079.0,True,,preservar; investigar contexto e escala populacional
Geo19,2023-11-20,Channel2_impression,759311.0,True,,preservar; investigar contexto e escala populacional
Geo19,2023-11-27,Channel2_impression,660069.0,True,,preservar; investigar contexto e escala populacional
Geo19,2023-12-04,Channel2_impression,1074445.0,True,,preservar; investigar contexto e escala populacional
Geo2,2021-02-22,Channel2_impression,815614.0,True,,preservar; investigar contexto e escala populacional
Geo2,2021-03-08,Channel2_impression,1577339.0,True,,preservar; investigar contexto e escala populacional
Geo2,2021-04-05,Channel2_impression,1087052.0,True,,preservar; investigar contexto e escala populacional
Geo2,2021-04-12,Channel2_impression,1329330.0,True,,preservar; investigar contexto e escala populacional
Geo2,2021-05-17,Channel2_impression,877960.0,True,,preservar; investigar contexto e escala populacional
Geo2,2021-07-26,Channel2_impression,1820810.0,True,,preservar; investigar contexto e escala populacional
Geo2,2021-08-30,Channel2_impression,2474898.0,True,,preservar; investigar contexto e escala populacional
Geo2,2021-09-13,Channel2_impression,1145943.0,True,,preservar; investigar contexto e escala populacional
Geo2,2021-09-20,Channel2_impression,684031.0,True,,preservar; investigar contexto e escala populacional
Geo2,2021-11-15,Channel2_impression,1047321.0,True,,preservar; investigar contexto e escala populacional
Geo2,2021-11-22,Channel2_impression,2181605.0,True,,preservar; investigar contexto e escala populacional
Geo2,2021-11-29,Channel2_impression,723932.0,True,,preservar; investigar contexto e escala populacional
Geo2,2021-12-06,Channel2_impression,1043160.0,True,,preservar; investigar contexto e escala populacional
Geo2,2021-12-13,Channel2_impression,2004112.0,True,,preservar; investigar contexto e escala populacional
Geo2,2021-12-27,Channel2_impression,784299.0,True,,preservar; investigar contexto e escala populacional
Geo2,2022-01-10,Channel2_impression,715287.0,True,,preservar; investigar contexto e escala populacional
Geo2,2022-01-17,Channel2_impression,1154048.0,True,,preservar; investigar contexto e escala populacional
Geo2,2022-02-21,Channel2_impression,1034322.0,True,,preservar; investigar contexto e escala populacional
Geo2,2022-03-14,Channel2_impression,1811552.0,True,,preservar; investigar contexto e escala populacional
Geo2,2022-04-11,Channel2_impression,1033532.0,True,,preservar; investigar contexto e escala populacional
Geo2,2022-05-30,Channel2_impression,1145732.0,True,,preservar; investigar contexto e escala populacional
Geo2,2022-06-13,Channel2_impression,1325779.0,True,,preservar; investigar contexto e escala populacional
Geo2,2022-07-04,Channel2_impression,1158938.0,True,,preservar; investigar contexto e escala populacional
Geo2,2022-07-11,Channel2_impression,1098881.0,True,,preservar; investigar contexto e escala populacional
Geo2,2022-07-18,Channel2_impression,756345.0,True,,preservar; investigar contexto e escala populacional
Geo2,2022-08-29,Channel2_impression,1656454.0,True,,preservar; investigar contexto e escala populacional
Geo2,2022-09-12,Channel2_impression,1728778.0,True,,preservar; investigar contexto e escala populacional
Geo2,2022-09-26,Channel2_impression,640109.0,True,,preservar; investigar contexto e escala populacional
Geo2,2022-10-10,Channel2_impression,1657617.0,True,,preservar; investigar contexto e escala populacional
Geo2,2022-10-17,Channel2_impression,2310390.0,True,,preservar; investigar contexto e escala populacional
Geo2,2022-11-07,Channel2_impression,2016038.0,True,,preservar; investigar contexto e escala populacional
Geo2,2022-11-14,Channel2_impression,1196270.0,True,,preservar; investigar contexto e escala populacional
Geo2,2022-11-28,Channel2_impression,1387074.0,True,,preservar; investigar contexto e escala populacional
Geo2,2023-02-20,Channel2_impression,2497445.0,True,,preservar; investigar contexto e escala populacional
Geo2,2023-03-13,Channel2_impression,1508145.0,True,,preservar; investigar contexto e escala populacional
Geo2,2023-06-05,Channel2_impression,2992067.0,True,,preservar; investigar contexto e escala populacional
Geo2,2023-06-26,Channel2_impression,714922.0,True,,preservar; investigar contexto e escala populacional
Geo2,2023-07-17,Channel2_impression,1770571.0,True,,preservar; investigar contexto e escala populacional
Geo2,2023-07-24,Channel2_impression,1826790.0,True,,preservar; investigar contexto e escala populacional
Geo2,2023-08-28,Channel2_impression,962604.0,True,,preservar; investigar contexto e escala populacional
Geo2,2023-09-11,Channel2_impression,2229218.0,True,,preservar; investigar contexto e escala populacional
Geo2,2023-09-25,Channel2_impression,1033552.0,True,,preservar; investigar contexto e escala populacional
Geo2,2023-10-23,Channel2_impression,1442907.0,True,,preservar; investigar contexto e escala populacional
Geo2,2023-10-30,Channel2_impression,1327475.0,True,,preservar; investigar contexto e escala populacional
Geo2,2023-11-27,Channel2_impression,3522302.0,True,,preservar; investigar contexto e escala populacional
Geo2,2023-12-04,Channel2_impression,1234338.0,True,,preservar; investigar contexto e escala populacional
Geo2,2023-12-25,Channel2_impression,2610488.0,True,,preservar; investigar contexto e escala populacional
Geo2,2024-01-01,Channel2_impression,1392732.0,True,,preservar; investigar contexto e escala populacional
Geo2,2024-01-15,Channel2_impression,2133261.0,True,,preservar; investigar contexto e escala populacional
Geo20,2021-02-01,Channel2_impression,1657124.0,True,,preservar; investigar contexto e escala populacional
Geo20,2021-04-05,Channel2_impression,2640298.0,True,,preservar; investigar contexto e escala populacional
Geo20,2021-04-19,Channel2_impression,682928.0,True,,preservar; investigar contexto e escala populacional
Geo20,2021-06-28,Channel2_impression,2036322.0,True,,preservar; investigar contexto e escala populacional
Geo20,2021-07-26,Channel2_impression,1358706.0,True,,preservar; investigar contexto e escala populacional
Geo20,2021-08-02,Channel2_impression,1426768.0,True,,preservar; investigar contexto e escala populacional
Geo20,2021-08-09,Channel2_impression,2454688.0,True,,preservar; investigar contexto e escala populacional
Geo20,2021-08-30,Channel2_impression,999326.0,True,,preservar; investigar contexto e escala populacional
Geo20,2021-11-15,Channel2_impression,1209557.0,True,,preservar; investigar contexto e escala populacional
Geo20,2021-11-22,Channel2_impression,1083076.0,True,,preservar; investigar contexto e escala populacional
Geo20,2021-12-13,Channel2_impression,760389.0,True,,preservar; investigar contexto e escala populacional
Geo20,2022-01-24,Channel2_impression,806175.0,True,,preservar; investigar contexto e escala populacional
Geo20,2022-03-14,Channel2_impression,1873614.0,True,,preservar; investigar contexto e escala populacional
Geo20,2022-08-08,Channel2_impression,1258028.0,True,,preservar; investigar contexto e escala populacional
Geo20,2022-08-29,Channel2_impression,1526415.0,True,,preservar; investigar contexto e escala populacional
Geo20,2022-09-26,Channel2_impression,888837.0,True,,preservar; investigar contexto e escala populacional
Geo20,2022-10-03,Channel2_impression,708470.0,True,,preservar; investigar contexto e escala populacional
Geo20,2022-10-10,Channel2_impression,1153172.0,True,,preservar; investigar contexto e escala populacional
Geo20,2022-10-24,Channel2_impression,821666.0,True,,preservar; investigar contexto e escala populacional
Geo20,2022-10-31,Channel2_impression,1709716.0,True,,preservar; investigar contexto e escala populacional
Geo20,2022-12-19,Channel2_impression,718570.0,True,,preservar; investigar contexto e escala populacional
Geo20,2022-12-26,Channel2_impression,1932272.0,True,,preservar; investigar contexto e escala populacional
Geo20,2023-01-02,Channel2_impression,1314114.0,True,,preservar; investigar contexto e escala populacional
Geo20,2023-06-26,Channel2_impression,1432334.0,True,,preservar; investigar contexto e escala populacional
Geo20,2023-07-24,Channel2_impression,1542444.0,True,,preservar; investigar contexto e escala populacional
Geo20,2023-09-25,Channel2_impression,837628.0,True,,preservar; investigar contexto e escala populacional
Geo20,2023-10-23,Channel2_impression,647468.0,True,,preservar; investigar contexto e escala populacional
Geo20,2023-12-04,Channel2_impression,1157556.0,True,,preservar; investigar contexto e escala populacional
Geo20,2023-12-25,Channel2_impression,1269790.0,True,,preservar; investigar contexto e escala populacional
Geo21,2021-03-29,Channel2_impression,665968.0,True,,preservar; investigar contexto e escala populacional
Geo21,2021-05-24,Channel2_impression,693573.0,True,,preservar; investigar contexto e escala populacional
Geo21,2021-06-14,Channel2_impression,675953.0,True,,preservar; investigar contexto e escala populacional
Geo21,2021-07-26,Channel2_impression,1193618.0,True,,preservar; investigar contexto e escala populacional
Geo21,2021-08-02,Channel2_impression,841918.0,True,,preservar; investigar contexto e escala populacional
Geo21,2021-08-30,Channel2_impression,1154675.0,True,,preservar; investigar contexto e escala populacional
Geo21,2021-09-13,Channel2_impression,1089789.0,True,,preservar; investigar contexto e escala populacional
Geo21,2021-09-20,Channel2_impression,789230.0,True,,preservar; investigar contexto e escala populacional
Geo21,2021-10-11,Channel2_impression,1138630.0,True,,preservar; investigar contexto e escala populacional
Geo21,2021-11-15,Channel2_impression,1496700.0,True,,preservar; investigar contexto e escala populacional
Geo21,2021-11-29,Channel2_impression,2625100.0,True,,preservar; investigar contexto e escala populacional
Geo21,2022-01-24,Channel2_impression,660364.0,True,,preservar; investigar contexto e escala populacional
Geo21,2022-06-20,Channel2_impression,1184124.0,True,,preservar; investigar contexto e escala populacional
Geo21,2022-09-26,Channel2_impression,771068.0,True,,preservar; investigar contexto e escala populacional
Geo21,2022-10-10,Channel2_impression,2293781.0,True,,preservar; investigar contexto e escala populacional
Geo21,2022-12-05,Channel2_impression,1918819.0,True,,preservar; investigar contexto e escala populacional
Geo21,2022-12-12,Channel2_impression,709704.0,True,,preservar; investigar contexto e escala populacional
Geo21,2023-02-20,Channel2_impression,1394470.0,True,,preservar; investigar contexto e escala populacional
Geo21,2023-07-24,Channel2_impression,664719.0,True,,preservar; investigar contexto e escala populacional
Geo21,2023-08-28,Channel2_impression,776895.0,True,,preservar; investigar contexto e escala populacional
Geo21,2023-09-11,Channel2_impression,1728628.0,True,,preservar; investigar contexto e escala populacional
Geo21,2023-09-25,Channel2_impression,839884.0,True,,preservar; investigar contexto e escala populacional
Geo21,2023-10-09,Channel2_impression,2112745.0,True,,preservar; investigar contexto e escala populacional
Geo21,2023-10-23,Channel2_impression,688100.0,True,,preservar; investigar contexto e escala populacional
Geo21,2023-11-20,Channel2_impression,1499699.0,True,,preservar; investigar contexto e escala populacional
Geo21,2023-12-04,Channel2_impression,760736.0,True,,preservar; investigar contexto e escala populacional
Geo21,2024-01-01,Channel2_impression,1902803.0,True,,preservar; investigar contexto e escala populacional
Geo22,2021-01-25,Channel2_impression,1614351.0,True,,preservar; investigar contexto e escala populacional
Geo22,2021-08-30,Channel2_impression,1490361.0,True,,preservar; investigar contexto e escala populacional
Geo22,2021-09-13,Channel2_impression,654594.0,True,,preservar; investigar contexto e escala populacional
Geo22,2021-10-18,Channel2_impression,806515.0,True,,preservar; investigar contexto e escala populacional
Geo22,2021-11-08,Channel2_impression,1198305.0,True,,preservar; investigar contexto e escala populacional
Geo22,2021-12-13,Channel2_impression,715977.0,True,,preservar; investigar contexto e escala populacional
Geo22,2022-03-14,Channel2_impression,709865.0,True,,preservar; investigar contexto e escala populacional
Geo22,2022-05-09,Channel2_impression,1240080.0,True,,preservar; investigar contexto e escala populacional
Geo22,2022-09-05,Channel2_impression,759438.0,True,,preservar; investigar contexto e escala populacional
Geo22,2022-12-19,Channel2_impression,1449618.0,True,,preservar; investigar contexto e escala populacional
Geo22,2023-01-02,Channel2_impression,942052.0,True,,preservar; investigar contexto e escala populacional
Geo22,2023-08-07,Channel2_impression,1876323.0,True,,preservar; investigar contexto e escala populacional
Geo22,2023-09-04,Channel2_impression,2035790.0,True,,preservar; investigar contexto e escala populacional
Geo22,2023-09-25,Channel2_impression,719501.0,True,,preservar; investigar contexto e escala populacional
Geo22,2023-10-09,Channel2_impression,824393.0,True,,preservar; investigar contexto e escala populacional
Geo22,2023-11-13,Channel2_impression,898980.0,True,,preservar; investigar contexto e escala populacional
Geo22,2023-12-04,Channel2_impression,649284.0,True,,preservar; investigar contexto e escala populacional
Geo22,2024-01-15,Channel2_impression,1282217.0,True,,preservar; investigar contexto e escala populacional
Geo23,2021-03-01,Channel2_impression,1429773.0,True,,preservar; investigar contexto e escala populacional
Geo23,2021-04-05,Channel2_impression,1770445.0,True,,preservar; investigar contexto e escala populacional
Geo23,2021-05-17,Channel2_impression,1071416.0,True,,preservar; investigar contexto e escala populacional
Geo23,2021-06-14,Channel2_impression,2060585.0,True,,preservar; investigar contexto e escala populacional
Geo23,2021-08-02,Channel2_impression,1584114.0,True,,preservar; investigar contexto e escala populacional
Geo23,2021-08-09,Channel2_impression,2426133.0,True,,preservar; investigar contexto e escala populacional
Geo23,2021-08-30,Channel2_impression,2532970.0,True,,preservar; investigar contexto e escala populacional
Geo23,2021-10-11,Channel2_impression,1113041.0,True,,preservar; investigar contexto e escala populacional
Geo23,2021-10-18,Channel2_impression,5610156.0,True,,preservar; investigar contexto e escala populacional
Geo23,2021-11-15,Channel2_impression,2081039.0,True,,preservar; investigar contexto e escala populacional
Geo23,2021-11-22,Channel2_impression,2236358.0,True,,preservar; investigar contexto e escala populacional
Geo23,2021-12-06,Channel2_impression,932892.0,True,,preservar; investigar contexto e escala populacional
Geo23,2022-01-03,Channel2_impression,1024707.0,True,,preservar; investigar contexto e escala populacional
Geo23,2022-02-21,Channel2_impression,706844.0,True,,preservar; investigar contexto e escala populacional
Geo23,2022-03-21,Channel2_impression,1686629.0,True,,preservar; investigar contexto e escala populacional
Geo23,2022-07-11,Channel2_impression,855668.0,True,,preservar; investigar contexto e escala populacional
Geo23,2022-07-18,Channel2_impression,2796880.0,True,,preservar; investigar contexto e escala populacional
Geo23,2022-08-29,Channel2_impression,3222096.0,True,,preservar; investigar contexto e escala populacional
Geo23,2022-09-19,Channel2_impression,977723.0,True,,preservar; investigar contexto e escala populacional
Geo23,2022-09-26,Channel2_impression,704143.0,True,,preservar; investigar contexto e escala populacional
Geo23,2022-10-03,Channel2_impression,637689.0,True,,preservar; investigar contexto e escala populacional
Geo23,2022-10-10,Channel2_impression,810150.0,True,,preservar; investigar contexto e escala populacional
Geo23,2022-10-17,Channel2_impression,1946217.0,True,,preservar; investigar contexto e escala populacional
Geo23,2022-10-31,Channel2_impression,1861015.0,True,,preservar; investigar contexto e escala populacional
Geo23,2022-11-14,Channel2_impression,670912.0,True,,preservar; investigar contexto e escala populacional
Geo23,2022-11-28,Channel2_impression,861499.0,True,,preservar; investigar contexto e escala populacional
Geo23,2022-12-05,Channel2_impression,3160222.0,True,,preservar; investigar contexto e escala populacional
Geo23,2023-01-02,Channel2_impression,744040.0,True,,preservar; investigar contexto e escala populacional
Geo23,2023-02-06,Channel2_impression,2056331.0,True,,preservar; investigar contexto e escala populacional
Geo23,2023-02-20,Channel2_impression,2016495.0,True,,preservar; investigar contexto e escala populacional
Geo23,2023-04-24,Channel2_impression,1085022.0,True,,preservar; investigar contexto e escala populacional
Geo23,2023-05-01,Channel2_impression,998634.0,True,,preservar; investigar contexto e escala populacional
Geo23,2023-08-21,Channel2_impression,2211953.0,True,,preservar; investigar contexto e escala populacional
Geo23,2023-08-28,Channel2_impression,3754636.0,True,,preservar; investigar contexto e escala populacional
Geo23,2023-09-25,Channel2_impression,1301249.0,True,,preservar; investigar contexto e escala populacional
Geo23,2023-10-02,Channel2_impression,3210742.0,True,,preservar; investigar contexto e escala populacional
Geo23,2023-10-23,Channel2_impression,3018463.0,True,,preservar; investigar contexto e escala populacional
Geo23,2023-11-20,Channel2_impression,2954781.0,True,,preservar; investigar contexto e escala populacional
Geo23,2023-11-27,Channel2_impression,1377357.0,True,,preservar; investigar contexto e escala populacional
Geo23,2023-12-04,Channel2_impression,1504096.0,True,,preservar; investigar contexto e escala populacional
Geo23,2023-12-11,Channel2_impression,817489.0,True,,preservar; investigar contexto e escala populacional
Geo25,2021-04-12,Channel2_impression,1720259.0,True,,preservar; investigar contexto e escala populacional
Geo25,2021-05-03,Channel2_impression,1112609.0,True,,preservar; investigar contexto e escala populacional
Geo25,2021-08-02,Channel2_impression,2645513.0,True,,preservar; investigar contexto e escala populacional
Geo25,2021-08-30,Channel2_impression,2057756.0,True,,preservar; investigar contexto e escala populacional
Geo25,2021-09-06,Channel2_impression,788988.0,True,,preservar; investigar contexto e escala populacional
Geo25,2021-09-20,Channel2_impression,845718.0,True,,preservar; investigar contexto e escala populacional
Geo25,2021-11-22,Channel2_impression,1374884.0,True,,preservar; investigar contexto e escala populacional
Geo25,2021-12-13,Channel2_impression,1337610.0,True,,preservar; investigar contexto e escala populacional
Geo25,2022-01-03,Channel2_impression,867892.0,True,,preservar; investigar contexto e escala populacional
Geo25,2022-01-10,Channel2_impression,713861.0,True,,preservar; investigar contexto e escala populacional
Geo25,2022-02-07,Channel2_impression,819668.0,True,,preservar; investigar contexto e escala populacional
Geo25,2022-04-18,Channel2_impression,737880.0,True,,preservar; investigar contexto e escala populacional
Geo25,2022-08-15,Channel2_impression,821071.0,True,,preservar; investigar contexto e escala populacional
Geo25,2022-08-22,Channel2_impression,1732758.0,True,,preservar; investigar contexto e escala populacional
Geo25,2022-08-29,Channel2_impression,1341563.0,True,,preservar; investigar contexto e escala populacional
Geo25,2022-09-26,Channel2_impression,2496530.0,True,,preservar; investigar contexto e escala populacional
Geo25,2022-10-10,Channel2_impression,694888.0,True,,preservar; investigar contexto e escala populacional
Geo25,2022-10-24,Channel2_impression,1120084.0,True,,preservar; investigar contexto e escala populacional
Geo25,2022-10-31,Channel2_impression,1954901.0,True,,preservar; investigar contexto e escala populacional
Geo25,2022-11-07,Channel2_impression,2198102.0,True,,preservar; investigar contexto e escala populacional
Geo25,2022-12-05,Channel2_impression,706054.0,True,,preservar; investigar contexto e escala populacional
Geo25,2022-12-26,Channel2_impression,684031.0,True,,preservar; investigar contexto e escala populacional
Geo25,2023-01-09,Channel2_impression,3238008.0,True,,preservar; investigar contexto e escala populacional
Geo25,2023-05-01,Channel2_impression,642579.0,True,,preservar; investigar contexto e escala populacional
Geo25,2023-06-05,Channel2_impression,1758755.0,True,,preservar; investigar contexto e escala populacional
Geo25,2023-06-26,Channel2_impression,741665.0,True,,preservar; investigar contexto e escala populacional
Geo25,2023-07-24,Channel2_impression,878392.0,True,,preservar; investigar contexto e escala populacional
Geo25,2023-07-31,Channel2_impression,1118220.0,True,,preservar; investigar contexto e escala populacional
Geo25,2023-08-14,Channel2_impression,1307412.0,True,,preservar; investigar contexto e escala populacional
Geo25,2023-08-28,Channel2_impression,1043364.0,True,,preservar; investigar contexto e escala populacional
Geo25,2023-09-04,Channel2_impression,1463302.0,True,,preservar; investigar contexto e escala populacional
Geo25,2023-09-25,Channel2_impression,1080156.0,True,,preservar; investigar contexto e escala populacional
Geo25,2023-10-09,Channel2_impression,899679.0,True,,preservar; investigar contexto e escala populacional
Geo25,2023-10-23,Channel2_impression,998605.0,True,,preservar; investigar contexto e escala populacional
Geo25,2023-11-20,Channel2_impression,2588370.0,True,,preservar; investigar contexto e escala populacional
Geo25,2023-12-04,Channel2_impression,1342388.0,True,,preservar; investigar contexto e escala populacional
Geo26,2022-01-03,Channel2_impression,687168.0,True,,preservar; investigar contexto e escala populacional
Geo26,2022-02-21,Channel2_impression,1218554.0,True,,preservar; investigar contexto e escala populacional
Geo26,2022-09-19,Channel2_impression,1009636.0,True,,preservar; investigar contexto e escala populacional
Geo26,2022-10-17,Channel2_impression,695462.0,True,,preservar; investigar contexto e escala populacional
Geo26,2023-08-21,Channel2_impression,653421.0,True,,preservar; investigar contexto e escala populacional
Geo26,2023-11-27,Channel2_impression,668809.0,True,,preservar; investigar contexto e escala populacional
Geo27,2021-02-22,Channel2_impression,1330050.0,True,,preservar; investigar contexto e escala populacional
Geo27,2021-03-15,Channel2_impression,2342213.0,True,,preservar; investigar contexto e escala populacional
Geo27,2021-08-30,Channel2_impression,1599733.0,True,,preservar; investigar contexto e escala populacional
Geo27,2021-09-13,Channel2_impression,1046330.0,True,,preservar; investigar contexto e escala populacional
Geo27,2021-12-06,Channel2_impression,1169354.0,True,,preservar; investigar contexto e escala populacional
Geo27,2022-02-21,Channel2_impression,1207205.0,True,,preservar; investigar contexto e escala populacional
Geo27,2022-09-26,Channel2_impression,1011288.0,True,,preservar; investigar contexto e escala populacional
Geo27,2022-10-03,Channel2_impression,827187.0,True,,preservar; investigar contexto e escala populacional
Geo27,2022-10-31,Channel2_impression,1452458.0,True,,preservar; investigar contexto e escala populacional
Geo27,2023-04-10,Channel2_impression,857365.0,True,,preservar; investigar contexto e escala populacional
Geo27,2023-06-26,Channel2_impression,1944808.0,True,,preservar; investigar contexto e escala populacional
Geo27,2023-07-10,Channel2_impression,1074848.0,True,,preservar; investigar contexto e escala populacional
Geo27,2023-07-24,Channel2_impression,669732.0,True,,preservar; investigar contexto e escala populacional
Geo27,2023-08-21,Channel2_impression,967545.0,True,,preservar; investigar contexto e escala populacional
Geo27,2023-10-02,Channel2_impression,682818.0,True,,preservar; investigar contexto e escala populacional
Geo27,2023-10-23,Channel2_impression,773745.0,True,,preservar; investigar contexto e escala populacional
Geo27,2023-10-30,Channel2_impression,1499605.0,True,,preservar; investigar contexto e escala populacional
Geo27,2023-11-20,Channel2_impression,814991.0,True,,preservar; investigar contexto e escala populacional
Geo27,2023-11-27,Channel2_impression,1331211.0,True,,preservar; investigar contexto e escala populacional
Geo27,2023-12-04,Channel2_impression,1302905.0,True,,preservar; investigar contexto e escala populacional
Geo28,2021-01-25,Channel2_impression,1237678.0,True,,preservar; investigar contexto e escala populacional
Geo28,2021-03-15,Channel2_impression,1110724.0,True,,preservar; investigar contexto e escala populacional
Geo28,2021-03-29,Channel2_impression,684884.0,True,,preservar; investigar contexto e escala populacional
Geo28,2021-05-03,Channel2_impression,1457734.0,True,,preservar; investigar contexto e escala populacional
Geo28,2021-06-28,Channel2_impression,1129951.0,True,,preservar; investigar contexto e escala populacional
Geo28,2021-08-30,Channel2_impression,1116706.0,True,,preservar; investigar contexto e escala populacional
Geo28,2021-09-13,Channel2_impression,840066.0,True,,preservar; investigar contexto e escala populacional
Geo28,2021-10-04,Channel2_impression,740926.0,True,,preservar; investigar contexto e escala populacional
Geo28,2021-10-11,Channel2_impression,3788595.0,True,,preservar; investigar contexto e escala populacional
Geo28,2021-11-08,Channel2_impression,918536.0,True,,preservar; investigar contexto e escala populacional
Geo28,2021-12-13,Channel2_impression,1631916.0,True,,preservar; investigar contexto e escala populacional
Geo28,2022-04-04,Channel2_impression,669259.0,True,,preservar; investigar contexto e escala populacional
Geo28,2022-05-02,Channel2_impression,1096673.0,True,,preservar; investigar contexto e escala populacional
Geo28,2022-05-23,Channel2_impression,2218473.0,True,,preservar; investigar contexto e escala populacional
Geo28,2022-06-20,Channel2_impression,938567.0,True,,preservar; investigar contexto e escala populacional
Geo28,2022-07-11,Channel2_impression,793820.0,True,,preservar; investigar contexto e escala populacional
Geo28,2022-07-18,Channel2_impression,736454.0,True,,preservar; investigar contexto e escala populacional
Geo28,2022-09-12,Channel2_impression,3129730.0,True,,preservar; investigar contexto e escala populacional
Geo28,2022-10-03,Channel2_impression,691537.0,True,,preservar; investigar contexto e escala populacional
Geo28,2022-10-17,Channel2_impression,1100893.0,True,,preservar; investigar contexto e escala populacional
Geo28,2022-11-07,Channel2_impression,807141.0,True,,preservar; investigar contexto e escala populacional
Geo28,2022-11-14,Channel2_impression,664257.0,True,,preservar; investigar contexto e escala populacional
Geo28,2023-01-02,Channel2_impression,934820.0,True,,preservar; investigar contexto e escala populacional
Geo28,2023-01-23,Channel2_impression,1013170.0,True,,preservar; investigar contexto e escala populacional
Geo28,2023-06-26,Channel2_impression,1348748.0,True,,preservar; investigar contexto e escala populacional
Geo28,2023-07-31,Channel2_impression,1367176.0,True,,preservar; investigar contexto e escala populacional
Geo28,2023-09-04,Channel2_impression,1582916.0,True,,preservar; investigar contexto e escala populacional
Geo28,2023-09-25,Channel2_impression,2461552.0,True,,preservar; investigar contexto e escala populacional
Geo28,2023-10-09,Channel2_impression,2127123.0,True,,preservar; investigar contexto e escala populacional
Geo28,2023-10-16,Channel2_impression,909739.0,True,,preservar; investigar contexto e escala populacional
Geo28,2023-10-23,Channel2_impression,2203014.0,True,,preservar; investigar contexto e escala populacional
Geo28,2023-11-13,Channel2_impression,673499.0,True,,preservar; investigar contexto e escala populacional
Geo28,2023-11-27,Channel2_impression,924443.0,True,,preservar; investigar contexto e escala populacional
Geo28,2023-12-04,Channel2_impression,1558106.0,True,,preservar; investigar contexto e escala populacional
Geo28,2024-01-08,Channel2_impression,1213078.0,True,,preservar; investigar contexto e escala populacional
Geo29,2021-05-03,Channel2_impression,1105436.0,True,,preservar; investigar contexto e escala populacional
Geo29,2021-08-02,Channel2_impression,1431520.0,True,,preservar; investigar contexto e escala populacional
Geo29,2021-08-30,Channel2_impression,1671324.0,True,,preservar; investigar contexto e escala populacional
Geo29,2021-10-11,Channel2_impression,663833.0,True,,preservar; investigar contexto e escala populacional
Geo29,2021-10-18,Channel2_impression,878676.0,True,,preservar; investigar contexto e escala populacional
Geo29,2021-11-15,Channel2_impression,1018654.0,True,,preservar; investigar contexto e escala populacional
Geo29,2021-11-22,Channel2_impression,1490076.0,True,,preservar; investigar contexto e escala populacional
Geo29,2021-12-13,Channel2_impression,1176225.0,True,,preservar; investigar contexto e escala populacional
Geo29,2022-02-21,Channel2_impression,1179662.0,True,,preservar; investigar contexto e escala populacional
Geo29,2022-03-14,Channel2_impression,658091.0,True,,preservar; investigar contexto e escala populacional
Geo29,2022-08-22,Channel2_impression,1113342.0,True,,preservar; investigar contexto e escala populacional
Geo29,2022-10-10,Channel2_impression,638313.0,True,,preservar; investigar contexto e escala populacional
Geo29,2022-10-17,Channel2_impression,653861.0,True,,preservar; investigar contexto e escala populacional
Geo29,2022-10-24,Channel2_impression,909260.0,True,,preservar; investigar contexto e escala populacional
Geo29,2022-12-26,Channel2_impression,1046062.0,True,,preservar; investigar contexto e escala populacional
Geo29,2023-02-20,Channel2_impression,1367611.0,True,,preservar; investigar contexto e escala populacional
Geo29,2023-06-26,Channel2_impression,1109946.0,True,,preservar; investigar contexto e escala populacional
Geo29,2023-07-10,Channel2_impression,1350596.0,True,,preservar; investigar contexto e escala populacional
Geo29,2023-08-21,Channel2_impression,729851.0,True,,preservar; investigar contexto e escala populacional
Geo29,2023-12-25,Channel2_impression,1410048.0,True,,preservar; investigar contexto e escala populacional
Geo3,2021-05-10,Channel2_impression,688548.0,True,,preservar; investigar contexto e escala populacional
Geo3,2021-08-30,Channel2_impression,643867.0,True,,preservar; investigar contexto e escala populacional
Geo3,2022-09-19,Channel2_impression,838320.0,True,,preservar; investigar contexto e escala populacional
Geo3,2022-12-26,Channel2_impression,645902.0,True,,preservar; investigar contexto e escala populacional
Geo3,2023-11-27,Channel2_impression,706556.0,True,,preservar; investigar contexto e escala populacional
Geo3,2023-12-04,Channel2_impression,944615.0,True,,preservar; investigar contexto e escala populacional
Geo30,2021-02-01,Channel2_impression,1098701.0,True,,preservar; investigar contexto e escala populacional
Geo30,2021-07-05,Channel2_impression,655330.0,True,,preservar; investigar contexto e escala populacional
Geo30,2021-08-30,Channel2_impression,1019384.0,True,,preservar; investigar contexto e escala populacional
Geo30,2021-10-04,Channel2_impression,683905.0,True,,preservar; investigar contexto e escala populacional
Geo30,2022-01-17,Channel2_impression,1047359.0,True,,preservar; investigar contexto e escala populacional
Geo30,2022-10-31,Channel2_impression,1233053.0,True,,preservar; investigar contexto e escala populacional
Geo30,2023-09-04,Channel2_impression,836459.0,True,,preservar; investigar contexto e escala populacional
Geo30,2023-10-09,Channel2_impression,806624.0,True,,preservar; investigar contexto e escala populacional
Geo30,2023-11-13,Channel2_impression,804918.0,True,,preservar; investigar contexto e escala populacional
Geo30,2023-11-27,Channel2_impression,1104946.0,True,,preservar; investigar contexto e escala populacional
Geo30,2023-12-04,Channel2_impression,863979.0,True,,preservar; investigar contexto e escala populacional
Geo31,2021-02-01,Channel2_impression,1267434.0,True,,preservar; investigar contexto e escala populacional
Geo31,2021-05-10,Channel2_impression,1309003.0,True,,preservar; investigar contexto e escala populacional
Geo31,2021-06-14,Channel2_impression,1276682.0,True,,preservar; investigar contexto e escala populacional
Geo31,2021-06-21,Channel2_impression,1465409.0,True,,preservar; investigar contexto e escala populacional
Geo31,2021-08-02,Channel2_impression,994664.0,True,,preservar; investigar contexto e escala populacional
Geo31,2021-08-30,Channel2_impression,2199664.0,True,,preservar; investigar contexto e escala populacional
Geo31,2021-09-13,Channel2_impression,3557363.0,True,,preservar; investigar contexto e escala populacional
Geo31,2021-09-27,Channel2_impression,751766.0,True,,preservar; investigar contexto e escala populacional
Geo31,2021-11-08,Channel2_impression,1049337.0,True,,preservar; investigar contexto e escala populacional
Geo31,2021-11-29,Channel2_impression,964443.0,True,,preservar; investigar contexto e escala populacional
Geo31,2021-12-27,Channel2_impression,933938.0,True,,preservar; investigar contexto e escala populacional
Geo31,2022-02-21,Channel2_impression,3058976.0,True,,preservar; investigar contexto e escala populacional
Geo31,2022-04-11,Channel2_impression,1297957.0,True,,preservar; investigar contexto e escala populacional
Geo31,2022-06-20,Channel2_impression,655436.0,True,,preservar; investigar contexto e escala populacional
Geo31,2022-09-19,Channel2_impression,3492908.0,True,,preservar; investigar contexto e escala populacional
Geo31,2022-10-10,Channel2_impression,1238613.0,True,,preservar; investigar contexto e escala populacional
Geo31,2022-10-17,Channel2_impression,3002143.0,True,,preservar; investigar contexto e escala populacional
Geo31,2022-12-05,Channel2_impression,1341711.0,True,,preservar; investigar contexto e escala populacional
Geo31,2022-12-19,Channel2_impression,1317744.0,True,,preservar; investigar contexto e escala populacional
Geo31,2023-01-02,Channel2_impression,2485023.0,True,,preservar; investigar contexto e escala populacional
Geo31,2023-01-09,Channel2_impression,2766730.0,True,,preservar; investigar contexto e escala populacional
Geo31,2023-01-23,Channel2_impression,926326.0,True,,preservar; investigar contexto e escala populacional
Geo31,2023-02-20,Channel2_impression,957366.0,True,,preservar; investigar contexto e escala populacional
Geo31,2023-04-17,Channel2_impression,1603475.0,True,,preservar; investigar contexto e escala populacional
Geo31,2023-06-12,Channel2_impression,2870811.0,True,,preservar; investigar contexto e escala populacional
Geo31,2023-09-04,Channel2_impression,3233616.0,True,,preservar; investigar contexto e escala populacional
Geo31,2023-10-02,Channel2_impression,2698948.0,True,,preservar; investigar contexto e escala populacional
Geo31,2023-10-09,Channel2_impression,1914456.0,True,,preservar; investigar contexto e escala populacional
Geo31,2023-11-27,Channel2_impression,986904.0,True,,preservar; investigar contexto e escala populacional
Geo31,2023-12-04,Channel2_impression,2617250.0,True,,preservar; investigar contexto e escala populacional
Geo32,2021-03-29,Channel2_impression,2195032.0,True,,preservar; investigar contexto e escala populacional
Geo32,2021-05-17,Channel2_impression,1183430.0,True,,preservar; investigar contexto e escala populacional
Geo32,2021-06-07,Channel2_impression,658556.0,True,,preservar; investigar contexto e escala populacional
Geo32,2021-07-05,Channel2_impression,943183.0,True,,preservar; investigar contexto e escala populacional
Geo32,2021-08-02,Channel2_impression,654462.0,True,,preservar; investigar contexto e escala populacional
Geo32,2021-08-09,Channel2_impression,1712110.0,True,,preservar; investigar contexto e escala populacional
Geo32,2021-09-13,Channel2_impression,712262.0,True,,preservar; investigar contexto e escala populacional
Geo32,2021-10-04,Channel2_impression,701420.0,True,,preservar; investigar contexto e escala populacional
Geo32,2021-10-11,Channel2_impression,846180.0,True,,preservar; investigar contexto e escala populacional
Geo32,2021-10-18,Channel2_impression,1417725.0,True,,preservar; investigar contexto e escala populacional
Geo32,2021-11-08,Channel2_impression,1006449.0,True,,preservar; investigar contexto e escala populacional
Geo32,2021-11-15,Channel2_impression,727059.0,True,,preservar; investigar contexto e escala populacional
Geo32,2022-01-03,Channel2_impression,842454.0,True,,preservar; investigar contexto e escala populacional
Geo32,2022-03-14,Channel2_impression,1790899.0,True,,preservar; investigar contexto e escala populacional
Geo32,2022-05-02,Channel2_impression,1411757.0,True,,preservar; investigar contexto e escala populacional
Geo32,2022-06-13,Channel2_impression,1250301.0,True,,preservar; investigar contexto e escala populacional
Geo32,2022-07-04,Channel2_impression,1061617.0,True,,preservar; investigar contexto e escala populacional
Geo32,2022-08-22,Channel2_impression,943888.0,True,,preservar; investigar contexto e escala populacional
Geo32,2022-08-29,Channel2_impression,828462.0,True,,preservar; investigar contexto e escala populacional
Geo32,2022-09-05,Channel2_impression,2295334.0,True,,preservar; investigar contexto e escala populacional
Geo32,2022-09-12,Channel2_impression,1621603.0,True,,preservar; investigar contexto e escala populacional
Geo32,2022-11-21,Channel2_impression,2142062.0,True,,preservar; investigar contexto e escala populacional
Geo32,2022-12-05,Channel2_impression,824795.0,True,,preservar; investigar contexto e escala populacional
Geo32,2023-06-26,Channel2_impression,1612390.0,True,,preservar; investigar contexto e escala populacional
Geo32,2023-07-24,Channel2_impression,1633345.0,True,,preservar; investigar contexto e escala populacional
Geo32,2023-07-31,Channel2_impression,821179.0,True,,preservar; investigar contexto e escala populacional
Geo32,2023-09-04,Channel2_impression,674056.0,True,,preservar; investigar contexto e escala populacional
Geo32,2023-09-11,Channel2_impression,797929.0,True,,preservar; investigar contexto e escala populacional
Geo32,2023-11-06,Channel2_impression,817743.0,True,,preservar; investigar contexto e escala populacional
Geo32,2023-11-20,Channel2_impression,1949399.0,True,,preservar; investigar contexto e escala populacional
Geo32,2023-11-27,Channel2_impression,1435908.0,True,,preservar; investigar contexto e escala populacional
Geo32,2023-12-04,Channel2_impression,2599989.0,True,,preservar; investigar contexto e escala populacional
Geo33,2021-02-01,Channel2_impression,1338557.0,True,,preservar; investigar contexto e escala populacional
Geo33,2021-06-14,Channel2_impression,975843.0,True,,preservar; investigar contexto e escala populacional
Geo33,2021-07-26,Channel2_impression,929178.0,True,,preservar; investigar contexto e escala populacional
Geo33,2021-08-02,Channel2_impression,825667.0,True,,preservar; investigar contexto e escala populacional
Geo33,2021-09-13,Channel2_impression,1241933.0,True,,preservar; investigar contexto e escala populacional
Geo33,2021-10-18,Channel2_impression,1755446.0,True,,preservar; investigar contexto e escala populacional
Geo33,2021-11-15,Channel2_impression,1854660.0,True,,preservar; investigar contexto e escala populacional
Geo33,2021-11-22,Channel2_impression,2005332.0,True,,preservar; investigar contexto e escala populacional
Geo33,2021-12-13,Channel2_impression,877619.0,True,,preservar; investigar contexto e escala populacional
Geo33,2022-02-21,Channel2_impression,730610.0,True,,preservar; investigar contexto e escala populacional
Geo33,2022-03-14,Channel2_impression,1037311.0,True,,preservar; investigar contexto e escala populacional
Geo33,2022-05-02,Channel2_impression,687009.0,True,,preservar; investigar contexto e escala populacional
Geo33,2022-05-16,Channel2_impression,1013669.0,True,,preservar; investigar contexto e escala populacional
Geo33,2022-06-13,Channel2_impression,1677185.0,True,,preservar; investigar contexto e escala populacional
Geo33,2022-07-18,Channel2_impression,1380503.0,True,,preservar; investigar contexto e escala populacional
Geo33,2022-09-19,Channel2_impression,784158.0,True,,preservar; investigar contexto e escala populacional
Geo33,2022-10-03,Channel2_impression,2294784.0,True,,preservar; investigar contexto e escala populacional
Geo33,2022-10-10,Channel2_impression,2401512.0,True,,preservar; investigar contexto e escala populacional
Geo33,2022-10-17,Channel2_impression,1678842.0,True,,preservar; investigar contexto e escala populacional
Geo33,2022-11-07,Channel2_impression,2972033.0,True,,preservar; investigar contexto e escala populacional
Geo33,2022-12-19,Channel2_impression,1566720.0,True,,preservar; investigar contexto e escala populacional
Geo33,2023-01-30,Channel2_impression,669405.0,True,,preservar; investigar contexto e escala populacional
Geo33,2023-06-26,Channel2_impression,1598537.0,True,,preservar; investigar contexto e escala populacional
Geo33,2023-08-21,Channel2_impression,830868.0,True,,preservar; investigar contexto e escala populacional
Geo33,2023-08-28,Channel2_impression,1507806.0,True,,preservar; investigar contexto e escala populacional
Geo33,2023-09-11,Channel2_impression,1868035.0,True,,preservar; investigar contexto e escala populacional
Geo33,2023-09-25,Channel2_impression,805443.0,True,,preservar; investigar contexto e escala populacional
Geo33,2023-12-04,Channel2_impression,740697.0,True,,preservar; investigar contexto e escala populacional
Geo33,2024-01-01,Channel2_impression,1062642.0,True,,preservar; investigar contexto e escala populacional
Geo34,2021-02-08,Channel2_impression,717706.0,True,,preservar; investigar contexto e escala populacional
Geo34,2021-03-01,Channel2_impression,721488.0,True,,preservar; investigar contexto e escala populacional
Geo34,2021-03-08,Channel2_impression,783802.0,True,,preservar; investigar contexto e escala populacional
Geo34,2021-08-30,Channel2_impression,852232.0,True,,preservar; investigar contexto e escala populacional
Geo34,2021-10-04,Channel2_impression,662416.0,True,,preservar; investigar contexto e escala populacional
Geo34,2021-11-22,Channel2_impression,1248966.0,True,,preservar; investigar contexto e escala populacional
Geo34,2022-02-21,Channel2_impression,1295827.0,True,,preservar; investigar contexto e escala populacional
Geo34,2022-05-09,Channel2_impression,1746950.0,True,,preservar; investigar contexto e escala populacional
Geo34,2022-05-30,Channel2_impression,1285009.0,True,,preservar; investigar contexto e escala populacional
Geo34,2022-08-22,Channel2_impression,984596.0,True,,preservar; investigar contexto e escala populacional
Geo34,2022-09-12,Channel2_impression,1051877.0,True,,preservar; investigar contexto e escala populacional
Geo34,2022-09-19,Channel2_impression,1322856.0,True,,preservar; investigar contexto e escala populacional
Geo34,2022-09-26,Channel2_impression,3317915.0,True,,preservar; investigar contexto e escala populacional
Geo34,2022-10-31,Channel2_impression,3227469.0,True,,preservar; investigar contexto e escala populacional
Geo34,2022-11-21,Channel2_impression,1962551.0,True,,preservar; investigar contexto e escala populacional
Geo34,2022-12-19,Channel2_impression,650830.0,True,,preservar; investigar contexto e escala populacional
Geo34,2023-01-02,Channel2_impression,2125006.0,True,,preservar; investigar contexto e escala populacional
Geo34,2023-05-01,Channel2_impression,1360699.0,True,,preservar; investigar contexto e escala populacional
Geo34,2023-06-26,Channel2_impression,1988866.0,True,,preservar; investigar contexto e escala populacional
Geo34,2023-07-10,Channel2_impression,1905409.0,True,,preservar; investigar contexto e escala populacional
Geo34,2023-07-31,Channel2_impression,1571850.0,True,,preservar; investigar contexto e escala populacional
Geo34,2023-09-25,Channel2_impression,1562431.0,True,,preservar; investigar contexto e escala populacional
Geo34,2023-10-09,Channel2_impression,1215422.0,True,,preservar; investigar contexto e escala populacional
Geo34,2023-11-27,Channel2_impression,1209986.0,True,,preservar; investigar contexto e escala populacional
Geo34,2023-12-04,Channel2_impression,734058.0,True,,preservar; investigar contexto e escala populacional
Geo34,2024-01-01,Channel2_impression,985428.0,True,,preservar; investigar contexto e escala populacional
Geo35,2021-01-25,Channel2_impression,1247607.0,True,,preservar; investigar contexto e escala populacional
Geo35,2021-02-08,Channel2_impression,1037602.0,True,,preservar; investigar contexto e escala populacional
Geo35,2021-03-08,Channel2_impression,2060109.0,True,,preservar; investigar contexto e escala populacional
Geo35,2021-03-29,Channel2_impression,1411852.0,True,,preservar; investigar contexto e escala populacional
Geo35,2021-04-05,Channel2_impression,3223399.0,True,,preservar; investigar contexto e escala populacional
Geo35,2021-06-07,Channel2_impression,1945854.0,True,,preservar; investigar contexto e escala populacional
Geo35,2021-08-30,Channel2_impression,2511078.0,True,,preservar; investigar contexto e escala populacional
Geo35,2021-10-04,Channel2_impression,2080419.0,True,,preservar; investigar contexto e escala populacional
Geo35,2021-10-18,Channel2_impression,1546267.0,True,,preservar; investigar contexto e escala populacional
Geo35,2021-11-01,Channel2_impression,867153.0,True,,preservar; investigar contexto e escala populacional
Geo35,2021-11-08,Channel2_impression,720925.0,True,,preservar; investigar contexto e escala populacional
Geo35,2021-11-22,Channel2_impression,4002902.0,True,,preservar; investigar contexto e escala populacional
Geo35,2021-12-13,Channel2_impression,1243656.0,True,,preservar; investigar contexto e escala populacional
Geo35,2022-01-24,Channel2_impression,725210.0,True,,preservar; investigar contexto e escala populacional
Geo35,2022-02-21,Channel2_impression,1347292.0,True,,preservar; investigar contexto e escala populacional
Geo35,2022-07-11,Channel2_impression,1496056.0,True,,preservar; investigar contexto e escala populacional
Geo35,2022-08-01,Channel2_impression,1363040.0,True,,preservar; investigar contexto e escala populacional
Geo35,2022-08-22,Channel2_impression,800214.0,True,,preservar; investigar contexto e escala populacional
Geo35,2022-09-05,Channel2_impression,851846.0,True,,preservar; investigar contexto e escala populacional
Geo35,2022-09-12,Channel2_impression,996358.0,True,,preservar; investigar contexto e escala populacional
Geo35,2022-09-26,Channel2_impression,788051.0,True,,preservar; investigar contexto e escala populacional
Geo35,2022-10-03,Channel2_impression,1180470.0,True,,preservar; investigar contexto e escala populacional
Geo35,2022-10-10,Channel2_impression,1286567.0,True,,preservar; investigar contexto e escala populacional
Geo35,2022-10-17,Channel2_impression,1738710.0,True,,preservar; investigar contexto e escala populacional
Geo35,2022-10-31,Channel2_impression,1718649.0,True,,preservar; investigar contexto e escala populacional
Geo35,2022-11-07,Channel2_impression,3559486.0,True,,preservar; investigar contexto e escala populacional
Geo35,2022-11-21,Channel2_impression,859258.0,True,,preservar; investigar contexto e escala populacional
Geo35,2022-12-05,Channel2_impression,883405.0,True,,preservar; investigar contexto e escala populacional
Geo35,2023-01-23,Channel2_impression,1060322.0,True,,preservar; investigar contexto e escala populacional
Geo35,2023-02-27,Channel2_impression,1008852.0,True,,preservar; investigar contexto e escala populacional
Geo35,2023-09-25,Channel2_impression,3680313.0,True,,preservar; investigar contexto e escala populacional
Geo35,2023-10-02,Channel2_impression,1148462.0,True,,preservar; investigar contexto e escala populacional
Geo35,2023-10-09,Channel2_impression,669294.0,True,,preservar; investigar contexto e escala populacional
Geo35,2023-10-23,Channel2_impression,2227100.0,True,,preservar; investigar contexto e escala populacional
Geo35,2023-11-27,Channel2_impression,1120370.0,True,,preservar; investigar contexto e escala populacional
Geo35,2023-12-04,Channel2_impression,1646947.0,True,,preservar; investigar contexto e escala populacional
Geo35,2023-12-11,Channel2_impression,774560.0,True,,preservar; investigar contexto e escala populacional
Geo35,2023-12-18,Channel2_impression,1924003.0,True,,preservar; investigar contexto e escala populacional
Geo36,2021-02-15,Channel2_impression,1165534.0,True,,preservar; investigar contexto e escala populacional
Geo36,2021-02-22,Channel2_impression,1126492.0,True,,preservar; investigar contexto e escala populacional
Geo36,2021-07-26,Channel2_impression,694383.0,True,,preservar; investigar contexto e escala populacional
Geo36,2021-08-02,Channel2_impression,641630.0,True,,preservar; investigar contexto e escala populacional
Geo36,2021-08-30,Channel2_impression,4822958.0,True,,preservar; investigar contexto e escala populacional
Geo36,2021-10-04,Channel2_impression,1206736.0,True,,preservar; investigar contexto e escala populacional
Geo36,2021-11-22,Channel2_impression,4160359.0,True,,preservar; investigar contexto e escala populacional
Geo36,2021-12-13,Channel2_impression,2088259.0,True,,preservar; investigar contexto e escala populacional
Geo36,2022-01-03,Channel2_impression,1367712.0,True,,preservar; investigar contexto e escala populacional
Geo36,2022-01-17,Channel2_impression,1784810.0,True,,preservar; investigar contexto e escala populacional
Geo36,2022-05-02,Channel2_impression,1023545.0,True,,preservar; investigar contexto e escala populacional
Geo36,2022-05-23,Channel2_impression,2682720.0,True,,preservar; investigar contexto e escala populacional
Geo36,2022-07-04,Channel2_impression,1720753.0,True,,preservar; investigar contexto e escala populacional
Geo36,2022-08-01,Channel2_impression,929733.0,True,,preservar; investigar contexto e escala populacional
Geo36,2022-08-29,Channel2_impression,2803798.0,True,,preservar; investigar contexto e escala populacional
Geo36,2022-09-19,Channel2_impression,2350166.0,True,,preservar; investigar contexto e escala populacional
Geo36,2022-09-26,Channel2_impression,2298362.0,True,,preservar; investigar contexto e escala populacional
Geo36,2022-10-24,Channel2_impression,830098.0,True,,preservar; investigar contexto e escala populacional
Geo36,2022-10-31,Channel2_impression,1215418.0,True,,preservar; investigar contexto e escala populacional
Geo36,2022-11-21,Channel2_impression,4862704.0,True,,preservar; investigar contexto e escala populacional
Geo36,2022-12-26,Channel2_impression,3067975.0,True,,preservar; investigar contexto e escala populacional
Geo36,2023-01-16,Channel2_impression,830779.0,True,,preservar; investigar contexto e escala populacional
Geo36,2023-01-23,Channel2_impression,1955426.0,True,,preservar; investigar contexto e escala populacional
Geo36,2023-03-27,Channel2_impression,827921.0,True,,preservar; investigar contexto e escala populacional
Geo36,2023-05-01,Channel2_impression,3159969.0,True,,preservar; investigar contexto e escala populacional
Geo36,2023-05-22,Channel2_impression,2562006.0,True,,preservar; investigar contexto e escala populacional
Geo36,2023-07-10,Channel2_impression,2426216.0,True,,preservar; investigar contexto e escala populacional
Geo36,2023-07-31,Channel2_impression,1732825.0,True,,preservar; investigar contexto e escala populacional
Geo36,2023-08-07,Channel2_impression,989343.0,True,,preservar; investigar contexto e escala populacional
Geo36,2023-09-11,Channel2_impression,1464180.0,True,,preservar; investigar contexto e escala populacional
Geo36,2023-09-25,Channel2_impression,1294866.0,True,,preservar; investigar contexto e escala populacional
Geo36,2023-10-02,Channel2_impression,2330907.0,True,,preservar; investigar contexto e escala populacional
Geo36,2023-10-09,Channel2_impression,3744202.0,True,,preservar; investigar contexto e escala populacional
Geo36,2023-10-23,Channel2_impression,2203295.0,True,,preservar; investigar contexto e escala populacional
Geo36,2023-11-20,Channel2_impression,663233.0,True,,preservar; investigar contexto e escala populacional
Geo36,2023-12-04,Channel2_impression,3458448.0,True,,preservar; investigar contexto e escala populacional
Geo36,2023-12-25,Channel2_impression,2516426.0,True,,preservar; investigar contexto e escala populacional
Geo36,2024-01-01,Channel2_impression,1459291.0,True,,preservar; investigar contexto e escala populacional
Geo37,2021-02-08,Channel2_impression,927258.0,True,,preservar; investigar contexto e escala populacional
Geo37,2021-06-28,Channel2_impression,1143690.0,True,,preservar; investigar contexto e escala populacional
Geo37,2021-07-26,Channel2_impression,642389.0,True,,preservar; investigar contexto e escala populacional
Geo37,2021-10-18,Channel2_impression,1110620.0,True,,preservar; investigar contexto e escala populacional
Geo37,2021-11-22,Channel2_impression,1564341.0,True,,preservar; investigar contexto e escala populacional
Geo37,2022-10-10,Channel2_impression,672874.0,True,,preservar; investigar contexto e escala populacional
Geo37,2022-10-24,Channel2_impression,903792.0,True,,preservar; investigar contexto e escala populacional
Geo37,2022-11-14,Channel2_impression,1696983.0,True,,preservar; investigar contexto e escala populacional
Geo37,2022-12-19,Channel2_impression,939229.0,True,,preservar; investigar contexto e escala populacional
Geo37,2023-10-02,Channel2_impression,840482.0,True,,preservar; investigar contexto e escala populacional
Geo38,2022-01-10,Channel2_impression,793927.0,True,,preservar; investigar contexto e escala populacional
Geo38,2022-01-17,Channel2_impression,838386.0,True,,preservar; investigar contexto e escala populacional
Geo38,2022-09-12,Channel2_impression,897633.0,True,,preservar; investigar contexto e escala populacional
Geo38,2023-11-13,Channel2_impression,926651.0,True,,preservar; investigar contexto e escala populacional
Geo39,2021-02-22,Channel2_impression,964913.0,True,,preservar; investigar contexto e escala populacional
Geo39,2021-05-17,Channel2_impression,727576.0,True,,preservar; investigar contexto e escala populacional
Geo39,2021-07-05,Channel2_impression,2903639.0,True,,preservar; investigar contexto e escala populacional
Geo39,2021-08-30,Channel2_impression,1940943.0,True,,preservar; investigar contexto e escala populacional
Geo39,2021-09-13,Channel2_impression,1010856.0,True,,preservar; investigar contexto e escala populacional
Geo39,2021-10-11,Channel2_impression,916462.0,True,,preservar; investigar contexto e escala populacional
Geo39,2021-10-18,Channel2_impression,1416624.0,True,,preservar; investigar contexto e escala populacional
Geo39,2021-11-15,Channel2_impression,976497.0,True,,preservar; investigar contexto e escala populacional
Geo39,2021-11-22,Channel2_impression,999576.0,True,,preservar; investigar contexto e escala populacional
Geo39,2021-12-06,Channel2_impression,1360697.0,True,,preservar; investigar contexto e escala populacional
Geo39,2022-02-07,Channel2_impression,1019621.0,True,,preservar; investigar contexto e escala populacional
Geo39,2022-05-30,Channel2_impression,1497811.0,True,,preservar; investigar contexto e escala populacional
Geo39,2022-06-20,Channel2_impression,749377.0,True,,preservar; investigar contexto e escala populacional
Geo39,2022-07-04,Channel2_impression,1659576.0,True,,preservar; investigar contexto e escala populacional
Geo39,2022-08-29,Channel2_impression,1493844.0,True,,preservar; investigar contexto e escala populacional
Geo39,2022-10-10,Channel2_impression,2028149.0,True,,preservar; investigar contexto e escala populacional
Geo39,2022-10-17,Channel2_impression,2290754.0,True,,preservar; investigar contexto e escala populacional
Geo39,2022-10-31,Channel2_impression,2247044.0,True,,preservar; investigar contexto e escala populacional
Geo39,2022-11-07,Channel2_impression,1098158.0,True,,preservar; investigar contexto e escala populacional
Geo39,2022-12-05,Channel2_impression,1137618.0,True,,preservar; investigar contexto e escala populacional
Geo39,2022-12-19,Channel2_impression,1702154.0,True,,preservar; investigar contexto e escala populacional
Geo39,2023-01-09,Channel2_impression,1092178.0,True,,preservar; investigar contexto e escala populacional
Geo39,2023-05-22,Channel2_impression,647888.0,True,,preservar; investigar contexto e escala populacional
Geo39,2023-05-29,Channel2_impression,1317817.0,True,,preservar; investigar contexto e escala populacional
Geo39,2023-06-26,Channel2_impression,1199517.0,True,,preservar; investigar contexto e escala populacional
Geo39,2023-09-04,Channel2_impression,1811572.0,True,,preservar; investigar contexto e escala populacional
Geo39,2023-09-11,Channel2_impression,1168906.0,True,,preservar; investigar contexto e escala populacional
Geo39,2023-09-25,Channel2_impression,1353480.0,True,,preservar; investigar contexto e escala populacional
Geo39,2023-10-02,Channel2_impression,2626460.0,True,,preservar; investigar contexto e escala populacional
Geo39,2023-10-16,Channel2_impression,899154.0,True,,preservar; investigar contexto e escala populacional
Geo39,2023-10-23,Channel2_impression,652820.0,True,,preservar; investigar contexto e escala populacional
Geo39,2023-11-27,Channel2_impression,1567859.0,True,,preservar; investigar contexto e escala populacional
Geo39,2024-01-15,Channel2_impression,942380.0,True,,preservar; investigar contexto e escala populacional
Geo4,2021-04-05,Channel2_impression,891940.0,True,,preservar; investigar contexto e escala populacional
Geo4,2021-06-28,Channel2_impression,863708.0,True,,preservar; investigar contexto e escala populacional
Geo4,2021-10-04,Channel2_impression,905170.0,True,,preservar; investigar contexto e escala populacional
Geo4,2022-01-03,Channel2_impression,1002049.0,True,,preservar; investigar contexto e escala populacional
Geo4,2022-08-01,Channel2_impression,1181096.0,True,,preservar; investigar contexto e escala populacional
Geo4,2022-08-22,Channel2_impression,1205522.0,True,,preservar; investigar contexto e escala populacional
Geo4,2022-11-14,Channel2_impression,1000953.0,True,,preservar; investigar contexto e escala populacional
Geo4,2022-12-19,Channel2_impression,1146894.0,True,,preservar; investigar contexto e escala populacional
Geo4,2023-01-09,Channel2_impression,746933.0,True,,preservar; investigar contexto e escala populacional
Geo4,2023-09-04,Channel2_impression,828635.0,True,,preservar; investigar contexto e escala populacional
Geo4,2023-09-25,Channel2_impression,767445.0,True,,preservar; investigar contexto e escala populacional
Geo4,2023-10-09,Channel2_impression,1748687.0,True,,preservar; investigar contexto e escala populacional
Geo4,2023-12-04,Channel2_impression,832613.0,True,,preservar; investigar contexto e escala populacional
Geo5,2021-03-08,Channel2_impression,1001749.0,True,,preservar; investigar contexto e escala populacional
Geo5,2021-03-29,Channel2_impression,646728.0,True,,preservar; investigar contexto e escala populacional
Geo5,2021-07-26,Channel2_impression,846313.0,True,,preservar; investigar contexto e escala populacional
Geo5,2021-08-30,Channel2_impression,783313.0,True,,preservar; investigar contexto e escala populacional
Geo5,2021-09-13,Channel2_impression,1211574.0,True,,preservar; investigar contexto e escala populacional
Geo5,2021-09-20,Channel2_impression,710855.0,True,,preservar; investigar contexto e escala populacional
Geo5,2021-10-04,Channel2_impression,1119125.0,True,,preservar; investigar contexto e escala populacional
Geo5,2021-10-11,Channel2_impression,1013777.0,True,,preservar; investigar contexto e escala populacional
Geo5,2021-12-27,Channel2_impression,1019680.0,True,,preservar; investigar contexto e escala populacional
Geo5,2022-01-03,Channel2_impression,750910.0,True,,preservar; investigar contexto e escala populacional
Geo5,2022-09-12,Channel2_impression,940822.0,True,,preservar; investigar contexto e escala populacional
Geo5,2022-11-07,Channel2_impression,727527.0,True,,preservar; investigar contexto e escala populacional
Geo5,2022-11-28,Channel2_impression,768837.0,True,,preservar; investigar contexto e escala populacional
Geo5,2023-05-01,Channel2_impression,781094.0,True,,preservar; investigar contexto e escala populacional
Geo5,2023-09-25,Channel2_impression,939604.0,True,,preservar; investigar contexto e escala populacional
Geo5,2023-10-23,Channel2_impression,1772222.0,True,,preservar; investigar contexto e escala populacional
Geo5,2024-01-15,Channel2_impression,978763.0,True,,preservar; investigar contexto e escala populacional
Geo7,2021-02-22,Channel2_impression,800550.0,True,,preservar; investigar contexto e escala populacional
Geo7,2021-03-22,Channel2_impression,1869706.0,True,,preservar; investigar contexto e escala populacional
Geo7,2021-03-29,Channel2_impression,782908.0,True,,preservar; investigar contexto e escala populacional
Geo7,2021-05-17,Channel2_impression,1107935.0,True,,preservar; investigar contexto e escala populacional
Geo7,2021-08-09,Channel2_impression,1180840.0,True,,preservar; investigar contexto e escala populacional
Geo7,2021-08-30,Channel2_impression,932883.0,True,,preservar; investigar contexto e escala populacional
Geo7,2021-09-13,Channel2_impression,691487.0,True,,preservar; investigar contexto e escala populacional
Geo7,2021-10-25,Channel2_impression,1235903.0,True,,preservar; investigar contexto e escala populacional
Geo7,2021-11-08,Channel2_impression,1884003.0,True,,preservar; investigar contexto e escala populacional
Geo7,2021-11-22,Channel2_impression,1123117.0,True,,preservar; investigar contexto e escala populacional
Geo7,2021-12-06,Channel2_impression,2375748.0,True,,preservar; investigar contexto e escala populacional
Geo7,2021-12-13,Channel2_impression,1113225.0,True,,preservar; investigar contexto e escala populacional
Geo7,2022-02-28,Channel2_impression,950402.0,True,,preservar; investigar contexto e escala populacional
Geo7,2022-03-21,Channel2_impression,1224520.0,True,,preservar; investigar contexto e escala populacional
Geo7,2022-05-16,Channel2_impression,1278434.0,True,,preservar; investigar contexto e escala populacional
Geo7,2022-05-23,Channel2_impression,756545.0,True,,preservar; investigar contexto e escala populacional
Geo7,2022-05-30,Channel2_impression,1857965.0,True,,preservar; investigar contexto e escala populacional
Geo7,2022-06-13,Channel2_impression,1567134.0,True,,preservar; investigar contexto e escala populacional
Geo7,2022-07-04,Channel2_impression,1070759.0,True,,preservar; investigar contexto e escala populacional
Geo7,2022-07-18,Channel2_impression,1882360.0,True,,preservar; investigar contexto e escala populacional
Geo7,2022-10-17,Channel2_impression,1939123.0,True,,preservar; investigar contexto e escala populacional
Geo7,2022-11-07,Channel2_impression,722452.0,True,,preservar; investigar contexto e escala populacional
Geo7,2022-11-21,Channel2_impression,963574.0,True,,preservar; investigar contexto e escala populacional
Geo7,2022-12-12,Channel2_impression,1720370.0,True,,preservar; investigar contexto e escala populacional
Geo7,2023-01-09,Channel2_impression,1052508.0,True,,preservar; investigar contexto e escala populacional
Geo7,2023-01-23,Channel2_impression,675395.0,True,,preservar; investigar contexto e escala populacional
Geo7,2023-02-20,Channel2_impression,998145.0,True,,preservar; investigar contexto e escala populacional
Geo7,2023-02-27,Channel2_impression,637366.0,True,,preservar; investigar contexto e escala populacional
Geo7,2023-06-26,Channel2_impression,1375408.0,True,,preservar; investigar contexto e escala populacional
Geo7,2023-07-17,Channel2_impression,1170914.0,True,,preservar; investigar contexto e escala populacional
Geo7,2023-07-24,Channel2_impression,1721696.0,True,,preservar; investigar contexto e escala populacional
Geo7,2023-09-04,Channel2_impression,1095093.0,True,,preservar; investigar contexto e escala populacional
Geo7,2023-09-25,Channel2_impression,2020572.0,True,,preservar; investigar contexto e escala populacional
Geo7,2023-10-02,Channel2_impression,948222.0,True,,preservar; investigar contexto e escala populacional
Geo7,2023-10-09,Channel2_impression,2100546.0,True,,preservar; investigar contexto e escala populacional
Geo7,2023-10-23,Channel2_impression,1440970.0,True,,preservar; investigar contexto e escala populacional
Geo7,2023-11-13,Channel2_impression,2178569.0,True,,preservar; investigar contexto e escala populacional
Geo7,2023-11-20,Channel2_impression,1037845.0,True,,preservar; investigar contexto e escala populacional
Geo7,2023-11-27,Channel2_impression,2817199.0,True,,preservar; investigar contexto e escala populacional
Geo8,2021-03-29,Channel2_impression,758885.0,True,,preservar; investigar contexto e escala populacional
Geo8,2021-05-10,Channel2_impression,765368.0,True,,preservar; investigar contexto e escala populacional
Geo8,2021-09-13,Channel2_impression,802922.0,True,,preservar; investigar contexto e escala populacional
Geo8,2021-09-27,Channel2_impression,690053.0,True,,preservar; investigar contexto e escala populacional
Geo8,2021-10-11,Channel2_impression,720456.0,True,,preservar; investigar contexto e escala populacional
Geo8,2021-11-22,Channel2_impression,741555.0,True,,preservar; investigar contexto e escala populacional
Geo8,2022-02-21,Channel2_impression,808969.0,True,,preservar; investigar contexto e escala populacional
Geo8,2022-05-02,Channel2_impression,668525.0,True,,preservar; investigar contexto e escala populacional
Geo8,2022-09-12,Channel2_impression,899895.0,True,,preservar; investigar contexto e escala populacional
Geo8,2022-09-19,Channel2_impression,1311628.0,True,,preservar; investigar contexto e escala populacional
Geo8,2022-10-10,Channel2_impression,760743.0,True,,preservar; investigar contexto e escala populacional
Geo8,2022-11-14,Channel2_impression,660662.0,True,,preservar; investigar contexto e escala populacional
Geo8,2022-12-26,Channel2_impression,1146586.0,True,,preservar; investigar contexto e escala populacional
Geo8,2023-11-06,Channel2_impression,860643.0,True,,preservar; investigar contexto e escala populacional
Geo8,2023-12-25,Channel2_impression,1252396.0,True,,preservar; investigar contexto e escala populacional
Geo9,2021-02-22,Channel2_impression,643061.0,True,,preservar; investigar contexto e escala populacional
Geo9,2021-08-02,Channel2_impression,1141730.0,True,,preservar; investigar contexto e escala populacional
Geo9,2021-08-09,Channel2_impression,2476872.0,True,,preservar; investigar contexto e escala populacional
Geo9,2021-08-30,Channel2_impression,1494446.0,True,,preservar; investigar contexto e escala populacional
Geo9,2021-10-11,Channel2_impression,658392.0,True,,preservar; investigar contexto e escala populacional
Geo9,2021-10-18,Channel2_impression,814356.0,True,,preservar; investigar contexto e escala populacional
Geo9,2021-11-22,Channel2_impression,750782.0,True,,preservar; investigar contexto e escala populacional
Geo9,2021-12-06,Channel2_impression,643475.0,True,,preservar; investigar contexto e escala populacional
Geo9,2022-01-03,Channel2_impression,900053.0,True,,preservar; investigar contexto e escala populacional
Geo9,2022-07-18,Channel2_impression,1055560.0,True,,preservar; investigar contexto e escala populacional
Geo9,2022-09-26,Channel2_impression,1139767.0,True,,preservar; investigar contexto e escala populacional
Geo9,2022-10-03,Channel2_impression,910695.0,True,,preservar; investigar contexto e escala populacional
Geo9,2022-10-10,Channel2_impression,919419.0,True,,preservar; investigar contexto e escala populacional
Geo9,2022-10-17,Channel2_impression,1052066.0,True,,preservar; investigar contexto e escala populacional
Geo9,2022-10-31,Channel2_impression,774743.0,True,,preservar; investigar contexto e escala populacional
Geo9,2022-11-14,Channel2_impression,1072446.0,True,,preservar; investigar contexto e escala populacional
Geo9,2023-01-02,Channel2_impression,1170392.0,True,,preservar; investigar contexto e escala populacional
Geo9,2023-05-01,Channel2_impression,1197111.0,True,,preservar; investigar contexto e escala populacional
Geo9,2023-06-05,Channel2_impression,809013.0,True,,preservar; investigar contexto e escala populacional
Geo9,2023-06-26,Channel2_impression,1348996.0,True,,preservar; investigar contexto e escala populacional
Geo9,2023-08-07,Channel2_impression,1985666.0,True,,preservar; investigar contexto e escala populacional
Geo9,2023-08-28,Channel2_impression,637047.0,True,,preservar; investigar contexto e escala populacional
Geo9,2023-09-04,Channel2_impression,2188381.0,True,,preservar; investigar contexto e escala populacional
Geo9,2023-09-11,Channel2_impression,1062921.0,True,,preservar; investigar contexto e escala populacional
Geo9,2023-10-02,Channel2_impression,2034984.0,True,,preservar; investigar contexto e escala populacional
Geo9,2023-10-09,Channel2_impression,1895643.0,True,,preservar; investigar contexto e escala populacional
Geo9,2023-10-23,Channel2_impression,1547474.0,True,,preservar; investigar contexto e escala populacional
Geo9,2023-11-06,Channel2_impression,1317835.0,True,,preservar; investigar contexto e escala populacional
Geo9,2023-12-04,Channel2_impression,1227307.0,True,,preservar; investigar contexto e escala populacional
Geo9,2023-12-11,Channel2_impression,912556.0,True,,preservar; investigar contexto e escala populacional
Geo9,2024-01-15,Channel2_impression,903322.0,True,,preservar; investigar contexto e escala populacional
Geo10,2021-05-10,Channel3_impression,5509712.0,True,3.275928166681525,preservar; investigar contexto e escala populacional
Geo10,2021-06-07,Channel3_impression,6324125.0,True,3.942196053496033,preservar; investigar contexto e escala populacional
Geo10,2021-06-28,Channel3_impression,5863961.0,True,3.565737799676274,preservar; investigar contexto e escala populacional
Geo10,2021-08-09,Channel3_impression,6408722.0,True,4.011404507217728,preservar; investigar contexto e escala populacional
Geo10,2021-08-30,Channel3_impression,6021694.0,True,3.6947785107048463,preservar; investigar contexto e escala populacional
Geo10,2021-09-13,Channel3_impression,5585310.0,True,3.337774575944888,preservar; investigar contexto e escala populacional
Geo10,2021-10-04,Channel3_impression,5447360.0,True,3.224918254906224,preservar; investigar contexto e escala populacional
Geo10,2021-10-25,Channel3_impression,5304200.0,True,3.1077996545445337,preservar; investigar contexto e escala populacional
Geo10,2021-11-08,Channel3_impression,5325041.0,True,3.1248495899324773,preservar; investigar contexto e escala populacional
Geo10,2021-11-22,Channel3_impression,6700130.0,True,4.249804179571734,preservar; investigar contexto e escala populacional
Geo10,2022-01-17,Channel3_impression,6274934.0,True,3.9019531010624493,preservar; investigar contexto e escala populacional
Geo10,2022-10-24,Channel3_impression,5263424.0,True,3.0744409785991005,preservar; investigar contexto e escala populacional
Geo10,2022-11-07,Channel3_impression,6731472.0,True,4.275444939368716,preservar; investigar contexto e escala populacional
Geo10,2022-11-14,Channel3_impression,7167588.0,True,4.632229624443728,preservar; investigar contexto e escala populacional
Geo10,2023-06-05,Channel3_impression,6812416.0,True,4.341664888989257,preservar; investigar contexto e escala populacional
Geo10,2023-06-26,Channel3_impression,5904974.0,True,3.599290364335634,preservar; investigar contexto e escala populacional
Geo10,2023-08-28,Channel3_impression,6802788.0,True,4.333788262247972,preservar; investigar contexto e escala populacional
Geo10,2023-09-04,Channel3_impression,6298058.0,True,3.920870749251634,preservar; investigar contexto e escala populacional
Geo10,2024-01-15,Channel3_impression,5752647.0,True,3.4746722794146008,preservar; investigar contexto e escala populacional
Geo11,2021-11-22,Channel3_impression,5364796.0,True,3.157372990025932,preservar; investigar contexto e escala populacional
Geo14,2021-12-20,Channel3_impression,7635147.0,True,5.014737696995499,preservar; investigar contexto e escala populacional
Geo14,2022-09-26,Channel3_impression,5912228.0,True,3.6052248315542963,preservar; investigar contexto e escala populacional
Geo15,2021-08-30,Channel3_impression,5532261.0,True,3.294375409763082,preservar; investigar contexto e escala populacional
Geo15,2021-11-22,Channel3_impression,5219191.0,True,3.0382541453370258,preservar; investigar contexto e escala populacional
Geo15,2021-12-13,Channel3_impression,5563810.0,True,3.320185515398811,preservar; investigar contexto e escala populacional
Geo17,2021-08-30,Channel3_impression,5763100.0,True,3.4832238352233515,preservar; investigar contexto e escala populacional
Geo17,2021-11-29,Channel3_impression,5631040.0,True,3.375186098678473,preservar; investigar contexto e escala populacional
Geo2,2021-08-30,Channel3_impression,5814362.0,True,3.5251610641402342,preservar; investigar contexto e escala populacional
Geo2,2021-11-22,Channel3_impression,7082252.0,True,4.5624165978967515,preservar; investigar contexto e escala populacional
Geo2,2021-12-13,Channel3_impression,6858638.0,True,4.379478914875804,preservar; investigar contexto e escala populacional
Geo2,2022-07-11,Channel3_impression,6110273.0,True,3.7672446220588434,preservar; investigar contexto e escala populacional
Geo2,2022-09-26,Channel3_impression,6520428.0,True,4.102790721048428,preservar; investigar contexto e escala populacional
Geo2,2022-11-07,Channel3_impression,5230249.0,True,3.0473006491285846,preservar; investigar contexto e escala populacional
Geo2,2022-11-14,Channel3_impression,5659021.0,True,3.398077238359393,preservar; investigar contexto e escala populacional
Geo2,2022-11-28,Channel3_impression,7544978.0,True,4.940970813256932,preservar; investigar contexto e escala populacional
Geo2,2023-02-20,Channel3_impression,5484278.0,True,3.2551207171034355,preservar; investigar contexto e escala populacional
Geo2,2023-08-28,Channel3_impression,5448226.0,True,3.2256267259031026,preservar; investigar contexto e escala populacional
Geo2,2023-09-04,Channel3_impression,5362529.0,True,3.15551836675812,preservar; investigar contexto e escala populacional
Geo2,2023-11-27,Channel3_impression,5457540.0,True,3.2332464705508315,preservar; investigar contexto e escala populacional
Geo2,2024-01-15,Channel3_impression,5859115.0,True,3.5617733072387723,preservar; investigar contexto e escala populacional
Geo23,2021-02-22,Channel3_impression,5805797.0,True,3.5181540732761807,preservar; investigar contexto e escala populacional
Geo23,2021-06-28,Channel3_impression,5572339.0,True,3.327163054812648,preservar; investigar contexto e escala populacional
Geo23,2021-08-30,Channel3_impression,6838086.0,True,4.362665409185434,preservar; investigar contexto e escala populacional
Geo23,2021-10-04,Channel3_impression,5266379.0,True,3.076858451804387,preservar; investigar contexto e escala populacional
Geo23,2021-10-18,Channel3_impression,7070890.0,True,4.55312139297003,preservar; investigar contexto e escala populacional
Geo23,2021-11-15,Channel3_impression,6342168.0,True,3.956956956725469,preservar; investigar contexto e escala populacional
Geo23,2021-11-22,Channel3_impression,6735642.0,True,4.2788563990188155,preservar; investigar contexto e escala populacional
Geo23,2021-12-13,Channel3_impression,6893492.0,True,4.407992827260593,preservar; investigar contexto e escala populacional
Geo23,2022-01-03,Channel3_impression,6981724.0,True,4.480175059358333,preservar; investigar contexto e escala populacional
Geo23,2022-09-12,Channel3_impression,5786964.0,True,3.502746874333657,preservar; investigar contexto e escala populacional
Geo23,2022-09-26,Channel3_impression,5270427.0,True,3.0801701037620854,preservar; investigar contexto e escala populacional
Geo23,2022-10-03,Channel3_impression,6929012.0,True,4.43705159147439,preservar; investigar contexto e escala populacional
Geo23,2022-11-14,Channel3_impression,6338158.0,True,3.953676392409665,preservar; investigar contexto e escala populacional
Geo23,2022-11-28,Channel3_impression,7005342.0,True,4.499496846892159,preservar; investigar contexto e escala populacional
Geo23,2023-02-06,Channel3_impression,6340748.0,True,3.955795260633588,preservar; investigar contexto e escala populacional
Geo23,2023-05-22,Channel3_impression,5461896.0,True,3.23681009602705,preservar; investigar contexto e escala populacional
Geo23,2023-08-07,Channel3_impression,6725694.0,True,4.270717981608938,preservar; investigar contexto e escala populacional
Geo23,2023-08-28,Channel3_impression,6169158.0,True,3.8154181955591095,preservar; investigar contexto e escala populacional
Geo23,2023-09-04,Channel3_impression,6041838.0,True,3.7112582332927615,preservar; investigar contexto e escala populacional
Geo23,2023-09-25,Channel3_impression,6063188.0,True,3.728724579462935,preservar; investigar contexto e escala populacional
Geo23,2023-10-23,Channel3_impression,5748056.0,True,3.470916401416134,preservar; investigar contexto e escala populacional
Geo23,2023-11-20,Channel3_impression,6742030.0,True,4.284082395240599,preservar; investigar contexto e escala populacional
Geo23,2023-12-11,Channel3_impression,7080626.0,True,4.561086374061965,preservar; investigar contexto e escala populacional
Geo25,2021-12-13,Channel3_impression,5894364.0,True,3.590610367480105,preservar; investigar contexto e escala populacional
Geo25,2022-09-26,Channel3_impression,6520779.0,True,4.103077872688041,preservar; investigar contexto e escala populacional
Geo25,2022-11-07,Channel3_impression,5414450.0,True,3.197994720833136,preservar; investigar contexto e escala populacional
Geo25,2023-01-09,Channel3_impression,5674126.0,True,3.4104345760128107,preservar; investigar contexto e escala populacional
Geo25,2023-06-05,Channel3_impression,5510611.0,True,3.276663634841103,preservar; investigar contexto e escala populacional
Geo28,2021-10-11,Channel3_impression,5913127.0,True,3.605960299713874,preservar; investigar contexto e escala populacional
Geo31,2021-08-30,Channel3_impression,7178174.0,True,4.640889986999113,preservar; investigar contexto e escala populacional
Geo31,2021-11-08,Channel3_impression,5734144.0,True,3.459535052099063,preservar; investigar contexto e escala populacional
Geo31,2022-02-21,Channel3_impression,5227359.0,True,3.044936352152856,preservar; investigar contexto e escala populacional
Geo31,2022-11-28,Channel3_impression,5494350.0,True,3.263360578397393,preservar; investigar contexto e escala populacional
Geo31,2022-12-05,Channel3_impression,5344636.0,True,3.140880177904587,preservar; investigar contexto e escala populacional
Geo31,2023-01-09,Channel3_impression,5322296.0,True,3.122603916853455,preservar; investigar contexto e escala populacional
Geo31,2023-04-17,Channel3_impression,5756314.0,True,3.477672236857506,preservar; investigar contexto e escala populacional
Geo35,2021-08-30,Channel3_impression,5225958.0,True,3.0437901998819235,preservar; investigar contexto e escala populacional
Geo35,2021-10-04,Channel3_impression,5571504.0,True,3.3264799447867888,preservar; investigar contexto e escala populacional
Geo35,2021-11-01,Channel3_impression,5536363.0,True,3.2977312388961058,preservar; investigar contexto e escala populacional
Geo35,2021-11-22,Channel3_impression,6557968.0,True,4.133502038857717,preservar; investigar contexto e escala populacional
Geo35,2022-08-01,Channel3_impression,5489035.0,True,3.259012399011235,preservar; investigar contexto e escala populacional
Geo35,2022-10-17,Channel3_impression,5710542.0,True,3.4402263540986677,preservar; investigar contexto e escala populacional
Geo35,2022-11-07,Channel3_impression,7587806.0,True,4.976008221864717,preservar; investigar contexto e escala populacional
Geo36,2021-08-09,Channel3_impression,6075616.0,True,3.738891874554407,preservar; investigar contexto e escala populacional
Geo36,2021-08-30,Channel3_impression,6602060.0,True,4.169573520606443,preservar; investigar contexto e escala populacional
Geo36,2021-10-04,Channel3_impression,5746145.0,True,3.4693530202671314,preservar; investigar contexto e escala populacional
Geo36,2021-10-11,Channel3_impression,5724344.0,True,3.45151771287341,preservar; investigar contexto e escala populacional
Geo36,2021-11-22,Channel3_impression,7625789.0,True,5.007081956130839,preservar; investigar contexto e escala populacional
Geo36,2021-11-29,Channel3_impression,6756267.0,True,4.295729625705459,preservar; investigar contexto e escala populacional
Geo36,2022-05-30,Channel3_impression,5266914.0,True,3.07729613307844,preservar; investigar contexto e escala populacional
Geo36,2022-08-29,Channel3_impression,5976953.0,True,3.6581760847563807,preservar; investigar contexto e escala populacional
Geo36,2022-10-17,Channel3_impression,5451322.0,True,3.228159550621738,preservar; investigar contexto e escala populacional
Geo36,2022-10-24,Channel3_impression,5750524.0,True,3.472935461947656,preservar; investigar contexto e escala populacional
Geo36,2022-11-21,Channel3_impression,6396127.0,True,4.0011005901210845,preservar; investigar contexto e escala populacional
Geo36,2023-03-27,Channel3_impression,5389148.0,True,3.1772952599058417,preservar; investigar contexto e escala populacional
Geo36,2023-05-22,Channel3_impression,5795788.0,True,3.509965752020103,preservar; investigar contexto e escala populacional
Geo36,2023-09-11,Channel3_impression,5850372.0,True,3.5546206953153145,preservar; investigar contexto e escala populacional
Geo36,2023-10-02,Channel3_impression,5549143.0,True,3.3081865037230296,preservar; investigar contexto e escala populacional
Geo36,2023-10-23,Channel3_impression,5863142.0,True,3.5650677791838445,preservar; investigar contexto e escala populacional
Geo36,2023-12-11,Channel3_impression,6805127.0,True,4.335701788416217,preservar; investigar contexto e escala populacional
Geo36,2023-12-25,Channel3_impression,6472930.0,True,4.063932804870868,preservar; investigar contexto e escala populacional
Geo36,2024-01-15,Channel3_impression,5474916.0,True,3.2474617038554188,preservar; investigar contexto e escala populacional
Geo39,2021-11-22,Channel3_impression,5944067.0,True,3.631272184983438,preservar; investigar contexto e escala populacional
Geo39,2022-05-30,Channel3_impression,5220998.0,True,3.039732444518735,preservar; investigar contexto e escala populacional
Geo7,2021-08-09,Channel3_impression,5265688.0,True,3.0762931475793938,preservar; investigar contexto e escala populacional
Geo7,2021-11-08,Channel3_impression,5322748.0,True,3.122973696172842,preservar; investigar contexto e escala populacional
Geo7,2022-05-30,Channel3_impression,5427250.0,True,3.2084663475768473,preservar; investigar contexto e escala populacional
Geo7,2023-09-04,Channel3_impression,5383232.0,True,3.1724554049202327,preservar; investigar contexto e escala populacional
Geo10,2021-02-22,Channel4_impression,4294520.0,True,4.211318638730863,preservar; investigar contexto e escala populacional
Geo10,2021-06-14,Channel4_impression,3567688.0,True,3.3486675461707422,preservar; investigar contexto e escala populacional
Geo10,2021-08-02,Channel4_impression,3333564.0,True,3.0707940838100516,preservar; investigar contexto e escala populacional
Geo10,2021-08-30,Channel4_impression,3297570.0,True,3.028074083279517,preservar; investigar contexto e escala populacional
Geo10,2021-09-13,Channel4_impression,3526956.0,True,3.30032418167639,preservar; investigar contexto e escala populacional
Geo10,2021-10-11,Channel4_impression,3774604.0,True,3.59424879942895,preservar; investigar contexto e escala populacional
Geo10,2021-10-25,Channel4_impression,3830552.0,True,3.660651494035893,preservar; investigar contexto e escala populacional
Geo10,2021-11-08,Channel4_impression,4292496.0,True,4.208916424998747,preservar; investigar contexto e escala populacional
Geo10,2022-01-03,Channel4_impression,4887850.0,True,4.915520947859652,preservar; investigar contexto e escala populacional
Geo10,2022-01-17,Channel4_impression,3791127.0,True,3.6138593614327843,preservar; investigar contexto e escala populacional
Geo10,2022-06-20,Channel4_impression,3364286.0,True,3.1072569347379573,preservar; investigar contexto e escala populacional
Geo10,2022-08-29,Channel4_impression,4472536.0,True,4.422599508165866,preservar; investigar contexto e escala populacional
Geo10,2022-09-19,Channel4_impression,3767518.0,True,3.585838677637558,preservar; investigar contexto e escala populacional
Geo10,2022-10-10,Channel4_impression,4662186.0,True,4.647688359102571,preservar; investigar contexto e escala populacional
Geo10,2023-05-29,Channel4_impression,3313136.0,True,3.046548815964362,preservar; investigar contexto e escala populacional
Geo10,2023-06-26,Channel4_impression,3847027.0,True,3.6802050865441043,preservar; investigar contexto e escala populacional
Geo10,2023-07-03,Channel4_impression,3679365.0,True,3.481213012060847,preservar; investigar contexto e escala populacional
Geo10,2023-07-17,Channel4_impression,4979665.0,True,5.024492911206625,preservar; investigar contexto e escala populacional
Geo10,2023-07-31,Channel4_impression,3652504.0,True,3.4493326449371406,preservar; investigar contexto e escala populacional
Geo10,2023-08-28,Channel4_impression,3842862.0,True,3.6752617959342895,preservar; investigar contexto e escala populacional
Geo10,2023-09-04,Channel4_impression,3395765.0,True,3.1446182420864233,preservar; investigar contexto e escala populacional
Geo10,2023-09-11,Channel4_impression,3847583.0,True,3.680864983201741,preservar; investigar contexto e escala populacional
Geo11,2021-03-22,Channel4_impression,3667627.0,True,3.467281596651962,preservar; investigar contexto e escala populacional
Geo11,2021-07-05,Channel4_impression,3998964.0,True,3.8605337168882654,preservar; investigar contexto e escala populacional
Geo12,2022-10-10,Channel4_impression,3668017.0,True,3.4677444738039016,preservar; investigar contexto e escala populacional
Geo14,2021-02-22,Channel4_impression,3432994.0,True,3.1888040202647656,preservar; investigar contexto e escala populacional
Geo14,2021-07-26,Channel4_impression,3350403.0,True,3.090779694993406,preservar; investigar contexto e escala populacional
Geo14,2021-09-27,Channel4_impression,3487442.0,True,3.25342641813348,preservar; investigar contexto e escala populacional
Geo14,2022-09-12,Channel4_impression,3671101.0,True,3.471404763897699,preservar; investigar contexto e escala populacional
Geo14,2022-11-07,Channel4_impression,3310384.0,True,3.0432825648819586,preservar; investigar contexto e escala populacional
Geo14,2023-05-29,Channel4_impression,4364384.0,True,4.294237739610598,preservar; investigar contexto e escala populacional
Geo15,2021-11-22,Channel4_impression,3850602.0,True,3.684448127103549,preservar; investigar contexto e escala populacional
Geo15,2021-12-13,Channel4_impression,3395286.0,True,3.1440497339946822,preservar; investigar contexto e escala populacional
Geo15,2022-11-07,Channel4_impression,3561615.0,True,3.3414597181099004,preservar; investigar contexto e escala populacional
Geo15,2022-11-21,Channel4_impression,3654389.0,True,3.451569884504848,preservar; investigar contexto e escala populacional
Geo17,2021-04-12,Channel4_impression,3456047.0,True,3.2161648074023548,preservar; investigar contexto e escala populacional
Geo17,2021-06-28,Channel4_impression,3675730.0,True,3.476898759631873,preservar; investigar contexto e escala populacional
Geo17,2022-02-28,Channel4_impression,3572096.0,True,3.35389924485215,preservar; investigar contexto e escala populacional
Geo17,2022-10-10,Channel4_impression,3816627.0,True,3.6441244059826707,preservar; investigar contexto e escala populacional
Geo17,2023-05-29,Channel4_impression,3610129.0,True,3.3990392620821828,preservar; investigar contexto e escala populacional
Geo17,2023-09-11,Channel4_impression,3427962.0,True,3.1828317181402546,preservar; investigar contexto e escala populacional
Geo17,2023-11-13,Channel4_impression,3618305.0,True,3.4087430661700204,preservar; investigar contexto e escala populacional
Geo18,2022-01-03,Channel4_impression,3907759.0,True,3.7522857408815042,preservar; investigar contexto e escala populacional
Geo2,2021-03-08,Channel4_impression,3513420.0,True,3.284258783910615,preservar; investigar contexto e escala populacional
Geo2,2021-09-20,Channel4_impression,4246596.0,True,4.154439344808951,preservar; investigar contexto e escala populacional
Geo2,2021-11-22,Channel4_impression,5037568.0,True,5.093215925895726,preservar; investigar contexto e escala populacional
Geo2,2022-01-17,Channel4_impression,3730805.0,True,3.5422653215371667,preservar; investigar contexto e escala populacional
Geo2,2022-09-05,Channel4_impression,4163141.0,True,4.055389568616371,preservar; investigar contexto e escala populacional
Geo2,2022-11-14,Channel4_impression,4512424.0,True,4.469941159028841,preservar; investigar contexto e escala populacional
Geo2,2023-06-05,Channel4_impression,4043874.0,True,3.91383580123083,preservar; investigar contexto e escala populacional
Geo2,2023-08-14,Channel4_impression,3685698.0,True,3.488729424889648,preservar; investigar contexto e escala populacional
Geo2,2023-08-21,Channel4_impression,3645542.0,True,3.441069694342776,preservar; investigar contexto e escala populacional
Geo2,2023-10-16,Channel4_impression,3631743.0,True,3.424692151215565,preservar; investigar contexto e escala populacional
Geo2,2024-01-01,Channel4_impression,3606588.0,True,3.394836574915471,preservar; investigar contexto e escala populacional
Geo20,2021-04-05,Channel4_impression,3364064.0,True,3.1069934508207,preservar; investigar contexto e escala populacional
Geo21,2021-10-25,Channel4_impression,3379706.0,True,3.1255583852069475,preservar; investigar contexto e escala populacional
Geo21,2023-10-23,Channel4_impression,3299906.0,True,3.030846598733185,preservar; investigar contexto e escala populacional
Geo23,2021-02-22,Channel4_impression,3873507.0,True,3.7116332582963003,preservar; investigar contexto e escala populacional
Geo23,2021-03-01,Channel4_impression,3420135.0,True,3.1735421297601776,preservar; investigar contexto e escala populacional
Geo23,2021-03-22,Channel4_impression,3973020.0,True,3.8297417045038626,preservar; investigar contexto e escala populacional
Geo23,2021-06-14,Channel4_impression,3810640.0,True,3.6370186482681546,preservar; investigar contexto e escala populacional
Geo23,2021-08-30,Channel4_impression,3925360.0,True,3.7731757428078794,preservar; investigar contexto e escala populacional
Geo23,2021-09-13,Channel4_impression,4818256.0,True,4.832922300392798,preservar; investigar contexto e escala populacional
Geo23,2021-09-27,Channel4_impression,3345868.0,True,3.0853972645214944,preservar; investigar contexto e escala populacional
Geo23,2021-12-06,Channel4_impression,3396731.0,True,3.1457647531858424,preservar; investigar contexto e escala populacional
Geo23,2021-12-13,Channel4_impression,4262662.0,True,4.1735075097398715,preservar; investigar contexto e escala populacional
Geo23,2022-01-17,Channel4_impression,4361524.0,True,4.290843307163043,preservar; investigar contexto e escala populacional
Geo23,2022-07-11,Channel4_impression,3654472.0,True,3.451668394257697,preservar; investigar contexto e escala populacional
Geo23,2022-08-29,Channel4_impression,4344166.0,True,4.270241713308262,preservar; investigar contexto e escala populacional
Geo23,2022-10-10,Channel4_impression,4122044.0,True,4.0066129985823835,preservar; investigar contexto e escala populacional
Geo23,2022-11-07,Channel4_impression,4654957.0,True,4.6391085156888,preservar; investigar contexto e escala populacional
Geo23,2022-11-28,Channel4_impression,3581767.0,True,3.365377411355756,preservar; investigar contexto e escala populacional
Geo23,2023-01-23,Channel4_impression,3322520.0,True,3.0576863523587203,preservar; investigar contexto e escala populacional
Geo23,2023-04-24,Channel4_impression,5117918.0,True,5.188580487840173,preservar; investigar contexto e escala populacional
Geo23,2023-08-28,Channel4_impression,3987819.0,True,3.8473061121232264,preservar; investigar contexto e escala populacional
Geo23,2023-10-02,Channel4_impression,3897460.0,True,3.7400622234768264,preservar; investigar contexto e escala populacional
Geo23,2023-10-23,Channel4_impression,4941302.0,True,4.978961228694183,preservar; investigar contexto e escala populacional
Geo23,2024-01-01,Channel4_impression,3353052.0,True,3.0939236990331174,preservar; investigar contexto e escala populacional
Geo25,2021-08-30,Channel4_impression,3434716.0,True,3.1908478009202517,preservar; investigar contexto e escala populacional
Geo25,2022-12-26,Channel4_impression,3570639.0,True,3.3521699832870837,preservar; investigar contexto e escala populacional
Geo25,2023-10-23,Channel4_impression,3719225.0,True,3.5285214307180417,preservar; investigar contexto e escala populacional
Geo25,2024-01-01,Channel4_impression,3653370.0,True,3.450360469587345,preservar; investigar contexto e escala populacional
Geo27,2023-08-21,Channel4_impression,3326636.0,True,3.0625714866084195,preservar; investigar contexto e escala populacional
Geo28,2021-10-11,Channel4_impression,3736279.0,True,3.548762217767209,preservar; investigar contexto e escala populacional
Geo28,2021-11-22,Channel4_impression,3332296.0,True,3.069289139634002,preservar; investigar contexto e escala populacional
Geo28,2022-07-11,Channel4_impression,3374922.0,True,3.1198804254764907,preservar; investigar contexto e escala populacional
Geo28,2022-10-10,Channel4_impression,3397070.0,True,3.146167100248682,preservar; investigar contexto e escala populacional
Geo28,2022-11-07,Channel4_impression,3701432.0,True,3.5074035508091743,preservar; investigar contexto e escala populacional
Geo28,2023-10-23,Channel4_impression,3805562.0,True,3.6309917503770044,preservar; investigar contexto e escala populacional
Geo31,2021-01-25,Channel4_impression,3950866.0,True,3.8034479085447184,preservar; investigar contexto e escala populacional
Geo31,2021-07-26,Channel4_impression,4244991.0,True,4.152534427299046,preservar; investigar contexto e escala populacional
Geo31,2021-10-11,Channel4_impression,3522594.0,True,3.2951470787616217,preservar; investigar contexto e escala populacional
Geo31,2022-02-21,Channel4_impression,5388352.0,True,5.509548999910918,preservar; investigar contexto e escala populacional
Geo31,2022-07-11,Channel4_impression,3610276.0,True,3.399213731162529,preservar; investigar contexto e escala populacional
Geo31,2022-11-07,Channel4_impression,3471224.0,True,3.234177849799752,preservar; investigar contexto e escala populacional
Geo31,2022-11-28,Channel4_impression,4986074.0,True,5.032099525736831,preservar; investigar contexto e escala populacional
Geo31,2023-01-23,Channel4_impression,3339576.0,True,3.077929513136872,preservar; investigar contexto e escala populacional
Geo31,2023-11-13,Channel4_impression,3461908.0,True,3.2231210201908604,preservar; investigar contexto e escala populacional
Geo31,2023-11-20,Channel4_impression,3741081.0,True,3.554461541058525,preservar; investigar contexto e escala populacional
Geo31,2023-11-27,Channel4_impression,3423812.0,True,3.177906230497822,preservar; investigar contexto e escala populacional
Geo31,2023-12-11,Channel4_impression,4230554.0,True,4.135399664625841,preservar; investigar contexto e escala populacional
Geo32,2021-10-11,Channel4_impression,3297245.0,True,3.027688352319568,preservar; investigar contexto e escala populacional
Geo33,2022-10-17,Channel4_impression,3524314.0,True,3.2971884856881237,preservar; investigar contexto e escala populacional
Geo33,2022-11-07,Channel4_impression,4056736.0,True,3.9291012523288944,preservar; investigar contexto e escala populacional
Geo35,2022-11-28,Channel4_impression,3960606.0,True,3.8150079686982834,preservar; investigar contexto e escala populacional
Geo35,2023-09-25,Channel4_impression,3442294.0,True,3.199841860041783,preservar; investigar contexto e escala populacional
Geo36,2021-02-22,Channel4_impression,4963810.0,True,5.0056751746835495,preservar; investigar contexto e escala populacional
Geo36,2021-03-08,Channel4_impression,3405029.0,True,3.1556133547417233,preservar; investigar contexto e escala populacional
Geo36,2021-08-30,Channel4_impression,4850452.0,True,4.8711345895821365,preservar; investigar contexto e escala populacional
Geo36,2021-10-04,Channel4_impression,4390202.0,True,4.32488020706899,preservar; investigar contexto e escala populacional
Geo36,2021-10-11,Channel4_impression,4105548.0,True,3.9870344819198373,preservar; investigar contexto e escala populacional
Geo36,2021-11-22,Channel4_impression,6975542.0,True,7.3933284532103025,preservar; investigar contexto e escala populacional
Geo36,2021-12-13,Channel4_impression,4372717.0,True,4.304127881423704,preservar; investigar contexto e escala populacional
Geo36,2022-01-03,Channel4_impression,3313552.0,True,3.0470425515930972,preservar; investigar contexto e escala populacional
Geo36,2022-07-11,Channel4_impression,4350308.0,True,4.277531435019061,preservar; investigar contexto e escala populacional
Geo36,2022-10-17,Channel4_impression,3484856.0,True,3.2503571865567733,preservar; investigar contexto e escala populacional
Geo36,2022-11-14,Channel4_impression,3536101.0,True,3.311178057457124,preservar; investigar contexto e escala populacional
Geo36,2022-12-26,Channel4_impression,3778043.0,True,3.5983304264174625,preservar; investigar contexto e escala populacional
Geo36,2023-09-11,Channel4_impression,4240550.0,True,4.147263562089397,preservar; investigar contexto e escala populacional
Geo36,2023-09-25,Channel4_impression,3376896.0,True,3.1222232959839995,preservar; investigar contexto e escala populacional
Geo36,2023-10-09,Channel4_impression,5295219.0,True,5.399012749163288,preservar; investigar contexto e escala populacional
Geo36,2024-01-08,Channel4_impression,3941200.0,True,3.791975676363573,preservar; investigar contexto e escala populacional
Geo39,2021-08-30,Channel4_impression,3416200.0,True,3.1688718179835575,preservar; investigar contexto e escala populacional
Geo39,2021-10-04,Channel4_impression,3658021.0,True,3.455880576340346,preservar; investigar contexto e escala populacional
Geo39,2021-10-11,Channel4_impression,3394999.0,True,3.1437091038854343,preservar; investigar contexto e escala populacional
Geo39,2022-01-03,Channel4_impression,4096846.0,True,3.9767063871091275,preservar; investigar contexto e escala populacional
Geo39,2022-01-10,Channel4_impression,3894233.0,True,3.7362322117606506,preservar; investigar contexto e escala populacional
Geo39,2022-08-08,Channel4_impression,3688201.0,True,3.4917001467135056,preservar; investigar contexto e escala populacional
Geo39,2022-10-17,Channel4_impression,3904192.0,True,3.748052195237997,preservar; investigar contexto e escala populacional
Geo39,2023-08-28,Channel4_impression,3743223.0,True,3.5570038048007158,preservar; investigar contexto e escala populacional
Geo39,2023-10-02,Channel4_impression,4321186.0,True,4.2429675672785985,preservar; investigar contexto e escala populacional
Geo39,2023-11-13,Channel4_impression,3734632.0,True,3.546807451948634,preservar; investigar contexto e escala populacional
Geo39,2023-11-27,Channel4_impression,3679010.0,True,3.4807916751661327,preservar; investigar contexto e escala populacional
Geo39,2024-01-01,Channel4_impression,4388714.0,True,4.323114152704667,preservar; investigar contexto e escala populacional
Geo7,2021-03-22,Channel4_impression,4346532.0,True,4.273049834696694,preservar; investigar contexto e escala populacional
Geo7,2021-10-25,Channel4_impression,3399636.0,True,3.149212594535545,preservar; investigar contexto e escala populacional
Geo7,2021-11-08,Channel4_impression,4349496.0,True,4.276567701051433,preservar; investigar contexto e escala populacional
Geo7,2022-11-07,Channel4_impression,3331902.0,True,3.068821515024094,preservar; investigar contexto e escala populacional
Geo7,2022-11-21,Channel4_impression,3934036.0,True,3.7834729791417936,preservar; investigar contexto e escala populacional
Geo7,2023-06-26,Channel4_impression,3511274.0,True,3.281711772710456,preservar; investigar contexto e escala populacional
Geo7,2023-09-25,Channel4_impression,3678012.0,True,3.4796071844029646,preservar; investigar contexto e escala populacional
Geo7,2023-10-09,Channel4_impression,4083771.0,True,3.9611881338742347,preservar; investigar contexto e escala populacional
Geo7,2023-11-27,Channel4_impression,3354236.0,True,3.0953289465918257,preservar; investigar contexto e escala populacional
Geo10,2021-02-01,Channel0_spend,27690.033,True,4.2101703888204725,preservar; investigar contexto e escala populacional
Geo10,2021-02-22,Channel0_spend,22607.121,True,3.2676997003055748,preservar; investigar contexto e escala populacional
Geo10,2021-05-03,Channel0_spend,21943.701,True,3.144688736477251,preservar; investigar contexto e escala populacional
Geo10,2021-08-09,Channel0_spend,25930.781,True,3.8839708709631466,preservar; investigar contexto e escala populacional
Geo10,2021-10-04,Channel0_spend,28318.53,True,4.32670594960129,preservar; investigar contexto e escala populacional
Geo10,2022-01-17,Channel0_spend,23502.33,True,3.4336888503429415,preservar; investigar contexto e escala populacional
Geo10,2022-03-07,Channel0_spend,26779.662,True,4.041369909257971,preservar; investigar contexto e escala populacional
Geo10,2022-07-18,Channel0_spend,24923.324,True,3.697168759803412,preservar; investigar contexto e escala populacional
Geo10,2022-08-22,Channel0_spend,25351.35,True,3.7765331003472333,preservar; investigar contexto e escala populacional
Geo10,2022-10-24,Channel0_spend,27277.348,True,4.1336505678812605,preservar; investigar contexto e escala populacional
Geo10,2022-11-14,Channel0_spend,33029.605,True,5.200230830397047,preservar; investigar contexto e escala populacional
Geo10,2023-05-01,Channel0_spend,23734.676,True,3.4767703151791776,preservar; investigar contexto e escala populacional
Geo10,2023-06-26,Channel0_spend,35044.58,True,5.57384636330226,preservar; investigar contexto e escala populacional
Geo10,2023-08-07,Channel0_spend,28007.014,True,4.26894482782633,preservar; investigar contexto e escala populacional
Geo10,2023-08-14,Channel0_spend,23202.967,True,3.3781811310029477,preservar; investigar contexto e escala populacional
Geo10,2023-09-04,Channel0_spend,29331.877,True,4.514600181253245,preservar; investigar contexto e escala populacional
Geo10,2023-10-02,Channel0_spend,26633.309,True,4.014233218188713,preservar; investigar contexto e escala populacional
Geo10,2023-11-06,Channel0_spend,30318.545,True,4.697547607707926,preservar; investigar contexto e escala populacional
Geo10,2023-12-04,Channel0_spend,22862.932,True,3.315132032264043,preservar; investigar contexto e escala populacional
Geo10,2023-12-11,Channel0_spend,24216.934,True,3.5661903227067167,preservar; investigar contexto e escala populacional
Geo11,2021-07-05,Channel0_spend,21935.438,True,3.143156615657689,preservar; investigar contexto e escala populacional
Geo11,2023-02-13,Channel0_spend,22210.773,True,3.194209076731627,preservar; investigar contexto e escala populacional
Geo11,2023-07-10,Channel0_spend,23162.605,True,3.370697231629943,preservar; investigar contexto e escala populacional
Geo11,2023-08-07,Channel0_spend,26877.898,True,4.059584773209373,preservar; investigar contexto e escala populacional
Geo11,2023-08-21,Channel0_spend,25618.195,True,3.826011350389091,preservar; investigar contexto e escala populacional
Geo12,2021-09-27,Channel0_spend,22605.428,True,3.2673857851963506,preservar; investigar contexto e escala populacional
Geo14,2021-11-15,Channel0_spend,25309.092,True,3.768697645719008,preservar; investigar contexto e escala populacional
Geo14,2021-12-20,Channel0_spend,28260.74,True,4.3159905602557185,preservar; investigar contexto e escala populacional
Geo14,2022-03-14,Channel0_spend,30877.994,True,4.801280327105581,preservar; investigar contexto e escala populacional
Geo14,2023-06-05,Channel0_spend,26973.408,True,4.077294183771675,preservar; investigar contexto e escala populacional
Geo15,2021-08-09,Channel0_spend,22466.307,True,3.2415900475056563,preservar; investigar contexto e escala populacional
Geo15,2022-02-14,Channel0_spend,24820.512,True,3.6781054165018565,preservar; investigar contexto e escala populacional
Geo15,2022-06-06,Channel0_spend,25933.217,True,3.884422552715108,preservar; investigar contexto e escala populacional
Geo15,2022-09-05,Channel0_spend,22398.285,True,3.2289774464662995,preservar; investigar contexto e escala populacional
Geo15,2023-12-11,Channel0_spend,24749.773,True,3.664989030848347,preservar; investigar contexto e escala populacional
Geo17,2021-03-29,Channel0_spend,21898.79,True,3.13636136407893,preservar; investigar contexto e escala populacional
Geo17,2021-12-27,Channel0_spend,26612.418,True,4.0103596207009415,preservar; investigar contexto e escala populacional
Geo17,2022-05-02,Channel0_spend,24393.652,True,3.5989572750232184,preservar; investigar contexto e escala populacional
Geo17,2022-06-13,Channel0_spend,34444.94,True,5.462661451255569,preservar; investigar contexto e escala populacional
Geo17,2022-10-31,Channel0_spend,25077.018,True,3.725666614970019,preservar; investigar contexto e escala populacional
Geo17,2023-02-13,Channel0_spend,23542.285,True,3.441097284004514,preservar; investigar contexto e escala populacional
Geo17,2023-09-18,Channel0_spend,25179.627,True,3.744692318125577,preservar; investigar contexto e escala populacional
Geo17,2024-01-08,Channel0_spend,26913.633,True,4.0662107368408655,preservar; investigar contexto e escala populacional
Geo18,2021-06-14,Channel0_spend,22130.46,True,3.1793174853748027,preservar; investigar contexto e escala populacional
Geo18,2024-01-15,Channel0_spend,23139.846,True,3.3664772706312265,preservar; investigar contexto e escala populacional
Geo2,2021-02-01,Channel0_spend,23582.154,True,3.4484897715943843,preservar; investigar contexto e escala populacional
Geo2,2021-06-14,Channel0_spend,25612.775,True,3.8250063770329223,preservar; investigar contexto e escala populacional
Geo2,2021-10-04,Channel0_spend,24730.9,True,3.6614896097872816,preservar; investigar contexto e escala populacional
Geo2,2021-11-22,Channel0_spend,24753.535,True,3.6656865787756354,preservar; investigar contexto e escala populacional
Geo2,2021-12-13,Channel0_spend,27393.545,True,4.1551957503659,preservar; investigar contexto e escala populacional
Geo2,2022-02-14,Channel0_spend,31012.977,True,4.826308799160144,preservar; investigar contexto e escala populacional
Geo2,2022-05-02,Channel0_spend,21782.104,True,3.114725511488909,preservar; investigar contexto e escala populacional
Geo2,2022-08-22,Channel0_spend,25110.117,True,3.7318038129618696,preservar; investigar contexto e escala populacional
Geo2,2022-08-29,Channel0_spend,21649.373,True,3.090114604009639,preservar; investigar contexto e escala populacional
Geo2,2022-09-05,Channel0_spend,24766.963,True,3.6681763909945717,preservar; investigar contexto e escala populacional
Geo2,2022-12-05,Channel0_spend,22488.553,True,3.2457148883324707,preservar; investigar contexto e escala populacional
Geo2,2023-02-13,Channel0_spend,35082.594,True,5.580894897833883,preservar; investigar contexto e escala populacional
Geo2,2023-09-11,Channel0_spend,29548.277,True,4.554724947724634,preservar; investigar contexto e escala populacional
Geo2,2023-10-09,Channel0_spend,28692.762,True,4.396095836875417,preservar; investigar contexto e escala populacional
Geo2,2023-11-27,Channel0_spend,24931.273,True,3.6986426589193133,preservar; investigar contexto e escala populacional
Geo20,2022-10-31,Channel0_spend,24389.414,True,3.5981714674432475,preservar; investigar contexto e escala populacional
Geo23,2021-04-19,Channel0_spend,25384.771,True,3.782730003398252,preservar; investigar contexto e escala populacional
Geo23,2021-05-03,Channel0_spend,22761.035,True,3.296238347748631,preservar; investigar contexto e escala populacional
Geo23,2021-06-14,Channel0_spend,25616.596,True,3.8257148647070776,preservar; investigar contexto e escala populacional
Geo23,2021-07-26,Channel0_spend,23730.973,True,3.476083706998755,preservar; investigar contexto e escala populacional
Geo23,2021-10-11,Channel0_spend,25361.916,True,3.778492242133448,preservar; investigar contexto e escala populacional
Geo23,2021-10-18,Channel0_spend,22282.686,True,3.2075431448058276,preservar; investigar contexto e escala populacional
Geo23,2021-10-25,Channel0_spend,24477.941,True,3.61458609406715,preservar; investigar contexto e escala populacional
Geo23,2021-11-22,Channel0_spend,33524.56,True,5.2920051085340445,preservar; investigar contexto e escala populacional
Geo23,2021-12-06,Channel0_spend,28279.213,True,4.319415813541421,preservar; investigar contexto e escala populacional
Geo23,2022-01-24,Channel0_spend,25245.51,True,3.75690830698618,preservar; investigar contexto e escala populacional
Geo23,2022-04-11,Channel0_spend,25297.793,True,3.7666025914844417,preservar; investigar contexto e escala populacional
Geo23,2022-07-25,Channel0_spend,22593.865,True,3.2652417802300446,preservar; investigar contexto e escala populacional
Geo23,2022-08-01,Channel0_spend,23216.867,True,3.3807584611968124,preservar; investigar contexto e escala populacional
Geo23,2022-08-22,Channel0_spend,30113.514,True,4.659530874831793,preservar; investigar contexto e escala populacional
Geo23,2022-10-31,Channel0_spend,23614.66,True,3.4545170158592597,preservar; investigar contexto e escala populacional
Geo23,2022-11-14,Channel0_spend,28548.389,True,4.369326276294206,preservar; investigar contexto e escala populacional
Geo23,2023-02-06,Channel0_spend,29026.43,True,4.4579643700499805,preservar; investigar contexto e escala populacional
Geo23,2023-05-22,Channel0_spend,24000.305,True,3.5260230951839313,preservar; investigar contexto e escala populacional
Geo23,2023-09-04,Channel0_spend,25633.03,True,3.8287620477578663,preservar; investigar contexto e escala populacional
Geo23,2023-11-06,Channel0_spend,22008.393,True,3.1566838907867107,preservar; investigar contexto e escala populacional
Geo23,2024-01-01,Channel0_spend,23596.014,True,3.4510596850107125,preservar; investigar contexto e escala populacional
Geo25,2021-01-25,Channel0_spend,22721.514,True,3.288910386123327,preservar; investigar contexto e escala populacional
Geo25,2021-08-09,Channel0_spend,22807.072,True,3.304774502434599,preservar; investigar contexto e escala populacional
Geo25,2021-12-13,Channel0_spend,22530.438,True,3.2534811815101694,preservar; investigar contexto e escala populacional
Geo25,2021-12-27,Channel0_spend,27610.71,True,4.195462362707671,preservar; investigar contexto e escala populacional
Geo25,2022-07-04,Channel0_spend,23114.416,True,3.3617620543125226,preservar; investigar contexto e escala populacional
Geo25,2022-09-12,Channel0_spend,24944.486,True,3.7010926059589924,preservar; investigar contexto e escala populacional
Geo25,2022-11-21,Channel0_spend,24636.645,True,3.6440129006201794,preservar; investigar contexto e escala populacional
Geo25,2023-10-23,Channel0_spend,28481.074,True,4.356844766797804,preservar; investigar contexto e escala populacional
Geo25,2023-12-11,Channel0_spend,24401.053,True,3.6003295642868722,preservar; investigar contexto e escala populacional
Geo28,2021-10-11,Channel0_spend,24495.549,True,3.61785095953863,preservar; investigar contexto e escala populacional
Geo28,2023-09-25,Channel0_spend,24906.496,True,3.69404852149389,preservar; investigar contexto e escala populacional
Geo31,2021-02-01,Channel0_spend,26145.607,True,3.923803787238483,preservar; investigar contexto e escala populacional
Geo31,2021-03-29,Channel0_spend,22233.8,True,3.1984787301398367,preservar; investigar contexto e escala populacional
Geo31,2021-06-21,Channel0_spend,31447.498,True,4.906877438956423,preservar; investigar contexto e escala populacional
Geo31,2021-06-28,Channel0_spend,22106.848,True,3.1749393615951242,preservar; investigar contexto e escala populacional
Geo31,2021-08-09,Channel0_spend,21778.057,True,3.1139751190216742,preservar; investigar contexto e escala populacional
Geo31,2021-10-04,Channel0_spend,21945.982,True,3.1451116782162583,preservar; investigar contexto e escala populacional
Geo31,2021-11-08,Channel0_spend,27511.6,True,4.177085442167101,preservar; investigar contexto e escala populacional
Geo31,2021-11-29,Channel0_spend,27898.115,True,4.248752836403188,preservar; investigar contexto e escala populacional
Geo31,2022-06-13,Channel0_spend,23419.67,True,3.418362079564175,preservar; investigar contexto e escala populacional
Geo31,2022-08-08,Channel0_spend,24967.988,True,3.705450333600446,preservar; investigar contexto e escala populacional
Geo31,2022-11-21,Channel0_spend,34438.605,True,5.461486819113258,preservar; investigar contexto e escala populacional
Geo31,2023-02-20,Channel0_spend,21631.957,True,3.0868853390703332,preservar; investigar contexto e escala populacional
Geo31,2023-08-14,Channel0_spend,27105.242,True,4.101738770014694,preservar; investigar contexto e escala populacional
Geo31,2023-12-04,Channel0_spend,22591.549,True,3.2648123488106924,preservar; investigar contexto e escala populacional
Geo32,2021-03-29,Channel0_spend,25435.764,True,3.7921850968209667,preservar; investigar contexto e escala populacional
Geo32,2022-09-26,Channel0_spend,25488.832,True,3.8020249355783777,preservar; investigar contexto e escala populacional
Geo32,2023-08-07,Channel0_spend,22597.273,True,3.265873689676137,preservar; investigar contexto e escala populacional
Geo32,2023-08-21,Channel0_spend,27889.44,True,4.247144322775002,preservar; investigar contexto e escala populacional
Geo32,2023-12-11,Channel0_spend,23171.596,True,3.3723643378006654,preservar; investigar contexto e escala populacional
Geo35,2021-11-22,Channel0_spend,27131.406,True,4.106590084201189,preservar; investigar contexto e escala populacional
Geo35,2021-12-13,Channel0_spend,23445.4,True,3.4231329217144006,preservar; investigar contexto e escala populacional
Geo35,2022-09-05,Channel0_spend,22094.977,True,3.1727382474417882,preservar; investigar contexto e escala populacional
Geo35,2022-12-26,Channel0_spend,21833.229,True,3.124205080277494,preservar; investigar contexto e escala populacional
Geo35,2023-06-19,Channel0_spend,25361.133,True,3.778347058713175,preservar; investigar contexto e escala populacional
Geo35,2023-10-02,Channel0_spend,23345.762,True,3.404658099710351,preservar; investigar contexto e escala populacional
Geo36,2021-08-09,Channel0_spend,29788.969,True,4.599353923193821,preservar; investigar contexto e escala populacional
Geo36,2021-10-11,Channel0_spend,25950.037,True,3.8875413076691228,preservar; investigar contexto e escala populacional
Geo36,2021-10-18,Channel0_spend,24869.62,True,3.687210994283174,preservar; investigar contexto e escala populacional
Geo36,2021-11-01,Channel0_spend,26792.95,True,4.043833762755529,preservar; investigar contexto e escala populacional
Geo36,2022-01-10,Channel0_spend,29977.14,True,4.634244484338404,preservar; investigar contexto e escala populacional
Geo36,2022-01-24,Channel0_spend,38071.73,True,6.135138816277617,preservar; investigar contexto e escala populacional
Geo36,2022-06-20,Channel0_spend,21603.852,True,3.0816741257538895,preservar; investigar contexto e escala populacional
Geo36,2022-06-27,Channel0_spend,21918.455,True,3.1400076373352146,preservar; investigar contexto e escala populacional
Geo36,2022-08-01,Channel0_spend,21588.072,True,3.0787482070158187,preservar; investigar contexto e escala populacional
Geo36,2022-08-08,Channel0_spend,36755.855,True,5.891150012763108,preservar; investigar contexto e escala populacional
Geo36,2022-10-24,Channel0_spend,31775.71,True,4.967734323675036,preservar; investigar contexto e escala populacional
Geo36,2022-11-21,Channel0_spend,30517.145,True,4.734371908175662,preservar; investigar contexto e escala populacional
Geo36,2023-01-02,Channel0_spend,22252.16,True,3.201883031028999,preservar; investigar contexto e escala populacional
Geo36,2023-04-03,Channel0_spend,25190.705,True,3.7467463946642563,preservar; investigar contexto e escala populacional
Geo36,2023-04-10,Channel0_spend,25507.441,True,3.8054754059077034,preservar; investigar contexto e escala populacional
Geo36,2023-05-15,Channel0_spend,21822.998,True,3.1223080540031467,preservar; investigar contexto e escala populacional
Geo36,2023-06-05,Channel0_spend,24402.805,True,3.6006544191429626,preservar; investigar contexto e escala populacional
Geo36,2023-07-10,Channel0_spend,24899.12,True,3.692680867716196,preservar; investigar contexto e escala populacional
Geo36,2023-08-14,Channel0_spend,23182.998,True,3.374478490237388,preservar; investigar contexto e escala populacional
Geo36,2023-08-21,Channel0_spend,23510.176,True,3.435143651256687,preservar; investigar contexto e escala populacional
Geo36,2023-09-04,Channel0_spend,23539.992,True,3.4406721172322454,preservar; investigar contexto e escala populacional
Geo36,2023-09-11,Channel0_spend,24607.578,True,3.638623313803988,preservar; investigar contexto e escala populacional
Geo36,2023-10-02,Channel0_spend,29000.994,True,4.453248041214646,preservar; investigar contexto e escala populacional
Geo36,2023-10-09,Channel0_spend,24927.746,True,3.6979886845600496,preservar; investigar contexto e escala populacional
Geo36,2023-10-23,Channel0_spend,34155.85,True,5.409058545806335,preservar; investigar contexto e escala populacional
Geo36,2023-11-13,Channel0_spend,23617.322,True,3.4550106024043004,preservar; investigar contexto e escala populacional
Geo36,2023-12-25,Channel0_spend,26405.342,True,3.9719637050732635,preservar; investigar contexto e escala populacional
Geo39,2021-07-05,Channel0_spend,23632.81,True,3.457882378666356,preservar; investigar contexto e escala populacional
Geo39,2021-10-11,Channel0_spend,24849.14,True,3.6834136041845875,preservar; investigar contexto e escala populacional
Geo39,2021-11-22,Channel0_spend,24949.475,True,3.702017663537207,preservar; investigar contexto e escala populacional
Geo39,2022-07-25,Channel0_spend,22359.38,True,3.221763703215055,preservar; investigar contexto e escala populacional
Geo39,2022-10-31,Channel0_spend,22822.285,True,3.3075952883510924,preservar; investigar contexto e escala populacional
Geo39,2022-11-14,Channel0_spend,22971.633,True,3.335287310638381,preservar; investigar contexto e escala populacional
Geo39,2023-06-19,Channel0_spend,24253.672,True,3.5730022620349318,preservar; investigar contexto e escala populacional
Geo39,2023-08-07,Channel0_spend,23744.15,True,3.478526978938651,preservar; investigar contexto e escala populacional
Geo39,2023-09-11,Channel0_spend,25636.793,True,3.8294597811045943,preservar; investigar contexto e escala populacional
Geo39,2023-10-30,Channel0_spend,25188.55,True,3.7463468157744875,preservar; investigar contexto e escala populacional
Geo39,2023-11-27,Channel0_spend,22236.543,True,3.198987335659389,preservar; investigar contexto e escala populacional
Geo7,2021-12-27,Channel0_spend,22470.742,True,3.2424123827149938,preservar; investigar contexto e escala populacional
Geo7,2022-06-13,Channel0_spend,26363.795,True,3.9642600836657453,preservar; investigar contexto e escala populacional
Geo7,2022-11-21,Channel0_spend,23016.7,True,3.3436436084690926,preservar; investigar contexto e escala populacional
Geo7,2023-06-12,Channel0_spend,22300.16,True,3.2107831640725606,preservar; investigar contexto e escala populacional
Geo7,2023-08-07,Channel0_spend,22522.686,True,3.252043810023635,preservar; investigar contexto e escala populacional
Geo7,2023-09-04,Channel0_spend,26354.518,True,3.962539947535639,preservar; investigar contexto e escala populacional
Geo7,2023-09-11,Channel0_spend,24956.814,True,3.70337845679568,preservar; investigar contexto e escala populacional
Geo7,2023-09-25,Channel0_spend,22016.662,True,3.1582171241229027,preservar; investigar contexto e escala populacional
Geo10,2021-03-22,Channel1_spend,19443.172,False,3.7041086193874664,preservar; investigar contexto e escala populacional
Geo10,2021-04-12,Channel1_spend,29139.08,True,5.88762512371767,preservar; investigar contexto e escala populacional
Geo10,2021-04-26,Channel1_spend,19482.057,True,3.7128655134577158,preservar; investigar contexto e escala populacional
Geo10,2021-05-17,Channel1_spend,23334.422,True,4.580417325851565,preservar; investigar contexto e escala populacional
Geo10,2021-07-26,Channel1_spend,23690.164,True,4.660530351705714,preservar; investigar contexto e escala populacional
Geo10,2021-11-22,Channel1_spend,21908.986,True,4.259409429338271,preservar; investigar contexto e escala populacional
Geo10,2021-12-06,Channel1_spend,18684.244,False,3.533198188554345,preservar; investigar contexto e escala populacional
Geo10,2021-12-20,Channel1_spend,23625.424,True,4.6459509169080295,preservar; investigar contexto e escala populacional
Geo10,2022-08-22,Channel1_spend,20361.76,True,3.9109744496614005,preservar; investigar contexto e escala populacional
Geo10,2022-08-29,Channel1_spend,20531.195,True,3.9491311771088125,preservar; investigar contexto e escala populacional
Geo10,2022-09-19,Channel1_spend,19686.652,True,3.7589402657350104,preservar; investigar contexto e escala populacional
Geo10,2022-10-31,Channel1_spend,24795.926,True,4.909547728609574,preservar; investigar contexto e escala populacional
Geo10,2022-12-12,Channel1_spend,22479.65,True,4.387922845763745,preservar; investigar contexto e escala populacional
Geo10,2023-01-02,Channel1_spend,18989.795,False,3.6020082114438567,preservar; investigar contexto e escala populacional
Geo10,2023-05-08,Channel1_spend,21307.547,True,4.123965489188688,preservar; investigar contexto e escala populacional
Geo10,2023-05-29,Channel1_spend,20463.918,True,3.933980410428496,preservar; investigar contexto e escala populacional
Geo10,2023-06-05,Channel1_spend,21569.941,True,4.183056564479132,preservar; investigar contexto e escala populacional
Geo10,2023-06-26,Channel1_spend,32176.396,True,6.571628067523057,preservar; investigar contexto e escala populacional
Geo10,2023-07-17,Channel1_spend,20394.465,True,3.9183396089919267,preservar; investigar contexto e escala populacional
Geo10,2023-07-31,Channel1_spend,23666.408,True,4.655180505350233,preservar; investigar contexto e escala populacional
Geo10,2023-09-04,Channel1_spend,22613.441,True,4.418052551679977,preservar; investigar contexto e escala populacional
Geo10,2023-11-06,Channel1_spend,25864.889,True,5.150277978217795,preservar; investigar contexto e escala populacional
Geo10,2023-11-13,Channel1_spend,30962.457,True,6.298249252279544,preservar; investigar contexto e escala populacional
Geo10,2023-11-27,Channel1_spend,26584.287,True,5.3122862611122015,preservar; investigar contexto e escala populacional
Geo10,2023-12-04,Channel1_spend,27285.533,True,5.470206717308314,preservar; investigar contexto e escala populacional
Geo10,2023-12-18,Channel1_spend,18859.0,False,3.5725532041166552,preservar; investigar contexto e escala populacional
Geo11,2021-03-22,Channel1_spend,19560.66,True,3.730566893028342,preservar; investigar contexto e escala populacional
Geo11,2021-11-22,Channel1_spend,19802.896,True,3.785118390829572,preservar; investigar contexto e escala populacional
Geo11,2021-12-13,Channel1_spend,20979.475,True,4.050083741691845,preservar; investigar contexto e escala populacional
Geo11,2022-08-22,Channel1_spend,20525.055,True,3.9477484503609324,preservar; investigar contexto e escala populacional
Geo11,2022-09-05,Channel1_spend,20805.748,True,4.010960456719693,preservar; investigar contexto e escala populacional
Geo11,2023-11-20,Channel1_spend,25384.467,True,5.042087041789425,preservar; investigar contexto e escala populacional
Geo11,2023-12-18,Channel1_spend,18831.764,False,3.566419662470846,preservar; investigar contexto e escala populacional
Geo12,2021-05-24,Channel1_spend,18572.424,False,3.508016347357605,preservar; investigar contexto e escala populacional
Geo12,2021-06-07,Channel1_spend,23108.777,True,4.529602117866961,preservar; investigar contexto e escala populacional
Geo12,2021-08-23,Channel1_spend,22178.12,True,4.320018351254238,preservar; investigar contexto e escala populacional
Geo12,2021-12-13,Channel1_spend,18750.48,False,3.548114522246952,preservar; investigar contexto e escala populacional
Geo14,2021-02-08,Channel1_spend,32174.844,True,6.571278557439555,preservar; investigar contexto e escala populacional
Geo14,2021-05-17,Channel1_spend,19711.633,True,3.7645659818406787,preservar; investigar contexto e escala populacional
Geo14,2021-06-07,Channel1_spend,21997.617,True,4.279369112463903,preservar; investigar contexto e escala populacional
Geo14,2022-01-03,Channel1_spend,18685.67,False,3.5335193234635427,preservar; investigar contexto e escala populacional
Geo14,2022-06-13,Channel1_spend,27462.297,True,5.510013934061136,preservar; investigar contexto e escala populacional
Geo14,2022-08-08,Channel1_spend,18796.729,False,3.558529787615473,preservar; investigar contexto e escala populacional
Geo14,2022-10-03,Channel1_spend,24204.969,True,4.776464332722418,preservar; investigar contexto e escala populacional
Geo14,2023-04-03,Channel1_spend,28979.402,True,5.8516656706805295,preservar; investigar contexto e escala populacional
Geo14,2023-06-05,Channel1_spend,20604.084,True,3.965545765044685,preservar; investigar contexto e escala populacional
Geo14,2023-09-18,Channel1_spend,22750.395,True,4.4488945645511855,preservar; investigar contexto e escala populacional
Geo15,2021-08-02,Channel1_spend,24323.14,True,4.803076417824008,preservar; investigar contexto e escala populacional
Geo15,2021-11-22,Channel1_spend,20371.566,True,3.913182758861679,preservar; investigar contexto e escala populacional
Geo15,2022-08-22,Channel1_spend,19315.139,False,3.6752756138970155,preservar; investigar contexto e escala populacional
Geo15,2022-09-05,Channel1_spend,25938.787,True,5.166919792747903,preservar; investigar contexto e escala populacional
Geo15,2023-09-04,Channel1_spend,27059.562,True,5.419318094190191,preservar; investigar contexto e escala populacional
Geo15,2023-11-27,Channel1_spend,20179.416,True,3.869910618046499,preservar; investigar contexto e escala populacional
Geo17,2021-05-10,Channel1_spend,22068.104,True,4.295242770489611,preservar; investigar contexto e escala populacional
Geo17,2021-05-17,Channel1_spend,22586.744,True,4.41204039272425,preservar; investigar contexto e escala populacional
Geo17,2021-10-25,Channel1_spend,21768.984,True,4.227881007488638,preservar; investigar contexto e escala populacional
Geo17,2021-11-15,Channel1_spend,23470.557,True,4.61107490008979,preservar; investigar contexto e escala populacional
Geo17,2022-02-07,Channel1_spend,27085.033,True,5.425054158195933,preservar; investigar contexto e escala populacional
Geo17,2022-06-20,Channel1_spend,31967.498,True,6.524584280523266,preservar; investigar contexto e escala populacional
Geo17,2022-08-22,Channel1_spend,24936.602,True,4.941227935121761,preservar; investigar contexto e escala populacional
Geo17,2022-08-29,Channel1_spend,18897.777,False,3.5812857766089286,preservar; investigar contexto e escala populacional
Geo17,2022-10-31,Channel1_spend,30591.531,True,6.214716792721843,preservar; investigar contexto e escala populacional
Geo17,2022-12-05,Channel1_spend,25858.68,True,5.148879712683985,preservar; investigar contexto e escala populacional
Geo17,2022-12-12,Channel1_spend,22708.504,True,4.439460719893943,preservar; investigar contexto e escala populacional
Geo17,2023-07-24,Channel1_spend,23406.373,True,4.596620676378722,preservar; investigar contexto e escala populacional
Geo17,2023-09-04,Channel1_spend,22363.193,True,4.36169675311262,preservar; investigar contexto e escala populacional
Geo17,2023-11-06,Channel1_spend,25992.982,True,5.17912449569601,preservar; investigar contexto e escala populacional
Geo17,2023-12-18,Channel1_spend,20531.215,True,3.949135681104735,preservar; investigar contexto e escala populacional
Geo18,2022-08-22,Channel1_spend,20354.424,True,3.9093223839574174,preservar; investigar contexto e escala populacional
Geo18,2022-09-05,Channel1_spend,21745.277,True,4.222542195923165,preservar; investigar contexto e escala populacional
Geo18,2022-12-26,Channel1_spend,19579.828,True,3.7348835227194446,preservar; investigar contexto e escala populacional
Geo19,2021-08-02,Channel1_spend,21094.195,True,4.075918662297194,preservar; investigar contexto e escala populacional
Geo2,2021-06-07,Channel1_spend,18716.695,False,3.540506147136669,preservar; investigar contexto e escala populacional
Geo2,2021-06-21,Channel1_spend,31845.98,True,6.497218451704222,preservar; investigar contexto e escala populacional
Geo2,2021-09-13,Channel1_spend,23652.082,True,4.65195429307171,preservar; investigar contexto e escala populacional
Geo2,2021-11-22,Channel1_spend,33378.215,True,6.842277461238181,preservar; investigar contexto e escala populacional
Geo2,2021-12-06,Channel1_spend,22591.547,True,4.413122027344782,preservar; investigar contexto e escala populacional
Geo2,2021-12-13,Channel1_spend,22492.646,True,4.390849542313494,preservar; investigar contexto e escala populacional
Geo2,2022-02-14,Channel1_spend,26066.766,True,5.195740637449367,preservar; investigar contexto e escala populacional
Geo2,2022-04-11,Channel1_spend,29248.412,True,5.912246667821785,preservar; investigar contexto e escala populacional
Geo2,2022-06-13,Channel1_spend,25142.809,True,4.987665709470323,preservar; investigar contexto e escala populacional
Geo2,2022-06-20,Channel1_spend,26776.438,True,5.355558627127179,preservar; investigar contexto e escala populacional
Geo2,2022-06-27,Channel1_spend,25798.932,True,5.135424475268291,preservar; investigar contexto e escala populacional
Geo2,2022-08-22,Channel1_spend,23447.05,True,4.605781128483532,preservar; investigar contexto e escala populacional
Geo2,2022-10-03,Channel1_spend,28476.254,True,5.738356843686634,preservar; investigar contexto e escala populacional
Geo2,2022-10-31,Channel1_spend,19043.555,False,3.6141149524806724,preservar; investigar contexto e escala populacional
Geo2,2022-11-21,Channel1_spend,20358.465,True,3.910232416333345,preservar; investigar contexto e escala populacional
Geo2,2023-04-24,Channel1_spend,22630.217,True,4.421830503458877,preservar; investigar contexto e escala populacional
Geo2,2023-05-22,Channel1_spend,23658.994,True,4.653510874062157,preservar; investigar contexto e escala populacional
Geo2,2023-06-26,Channel1_spend,19965.93,True,3.8218336143823293,preservar; investigar contexto e escala populacional
Geo2,2023-10-23,Channel1_spend,23601.955,True,4.640665702894022,preservar; investigar contexto e escala populacional
Geo2,2023-10-30,Channel1_spend,20547.2,True,3.9527354998449415,preservar; investigar contexto e escala populacional
Geo2,2023-11-06,Channel1_spend,23706.66,True,4.664245247541713,preservar; investigar contexto e escala populacional
Geo2,2023-11-13,Channel1_spend,20188.748,True,3.8720121825434384,preservar; investigar contexto e escala populacional
Geo2,2023-11-27,Channel1_spend,22558.533,True,4.405687281277271,preservar; investigar contexto e escala populacional
Geo2,2023-12-04,Channel1_spend,29667.979,True,6.00673307066021,preservar; investigar contexto e escala populacional
Geo21,2021-03-22,Channel1_spend,19500.422,True,3.717001307712572,preservar; investigar contexto e escala populacional
Geo21,2023-02-20,Channel1_spend,21718.203,True,4.216445136644318,preservar; investigar contexto e escala populacional
Geo23,2021-02-01,Channel1_spend,20816.47,True,4.013375048933175,preservar; investigar contexto e escala populacional
Geo23,2021-02-15,Channel1_spend,27191.068,True,5.448933218572398,preservar; investigar contexto e escala populacional
Geo23,2021-05-17,Channel1_spend,25926.834,True,5.1642279795854575,preservar; investigar contexto e escala populacional
Geo23,2021-05-31,Channel1_spend,18824.398,False,3.564760840772982,preservar; investigar contexto e escala populacional
Geo23,2021-06-21,Channel1_spend,19594.781,True,3.738250935270105,preservar; investigar contexto e escala populacional
Geo23,2021-09-13,Channel1_spend,19108.94,False,3.628839641146822,preservar; investigar contexto e escala populacional
Geo23,2021-09-27,Channel1_spend,21584.057,True,4.186235484800481,preservar; investigar contexto e escala populacional
Geo23,2021-10-18,Channel1_spend,25566.482,True,5.083076782671419,preservar; investigar contexto e escala populacional
Geo23,2021-12-13,Channel1_spend,28912.992,True,5.8367101522234055,preservar; investigar contexto e escala populacional
Geo23,2022-01-31,Channel1_spend,24728.36,True,4.894331879188193,preservar; investigar contexto e escala populacional
Geo23,2022-04-04,Channel1_spend,20618.748,True,3.9688480948542804,preservar; investigar contexto e escala populacional
Geo23,2022-05-30,Channel1_spend,24904.861,True,4.934079868394649,preservar; investigar contexto e escala populacional
Geo23,2022-06-13,Channel1_spend,18895.193,False,3.5807038603358796,preservar; investigar contexto e escala populacional
Geo23,2022-07-18,Channel1_spend,30297.379,True,6.1484738223077535,preservar; investigar contexto e escala populacional
Geo23,2022-08-22,Channel1_spend,31706.0,True,6.465694984250102,preservar; investigar contexto e escala populacional
Geo23,2022-08-29,Channel1_spend,27947.752,True,5.619338301063135,preservar; investigar contexto e escala populacional
Geo23,2022-09-12,Channel1_spend,19138.742,False,3.6355510454693514,preservar; investigar contexto e escala populacional
Geo23,2022-10-24,Channel1_spend,21547.816,True,4.178074018991045,preservar; investigar contexto e escala populacional
Geo23,2022-10-31,Channel1_spend,24303.123,True,4.798568593506041,preservar; investigar contexto e escala populacional
Geo23,2022-11-14,Channel1_spend,26402.271,True,5.271296295030409,preservar; investigar contexto e escala populacional
Geo23,2022-12-05,Channel1_spend,20333.936,True,3.9047084905355005,preservar; investigar contexto e escala populacional
Geo23,2023-02-06,Channel1_spend,19812.877,True,3.787366109994164,preservar; investigar contexto e escala populacional
Geo23,2023-05-22,Channel1_spend,22523.96,True,4.397901448727683,preservar; investigar contexto e escala populacional
Geo23,2023-06-05,Channel1_spend,19997.602,True,3.828966142323513,preservar; investigar contexto e escala populacional
Geo23,2023-07-17,Channel1_spend,18701.666,False,3.537121619401507,preservar; investigar contexto e escala populacional
Geo23,2023-09-04,Channel1_spend,41143.145,True,8.590938113749397,preservar; investigar contexto e escala populacional
Geo23,2023-10-02,Channel1_spend,20327.533,True,3.903266536241254,preservar; investigar contexto e escala populacional
Geo23,2023-11-06,Channel1_spend,32712.969,True,6.692464197700651,preservar; investigar contexto e escala populacional
Geo23,2023-11-20,Channel1_spend,23285.406,True,4.569378932647314,preservar; investigar contexto e escala populacional
Geo25,2021-02-01,Channel1_spend,23891.8,True,4.705938737786432,preservar; investigar contexto e escala populacional
Geo25,2021-08-23,Channel1_spend,21386.238,True,4.1416866863413695,preservar; investigar contexto e escala populacional
Geo25,2021-12-13,Channel1_spend,19015.67,False,3.607835256167212,preservar; investigar contexto e escala populacional
Geo25,2022-02-07,Channel1_spend,30214.54,True,6.129818496400968,preservar; investigar contexto e escala populacional
Geo25,2022-02-14,Channel1_spend,23584.283,True,4.636685972097843,preservar; investigar contexto e escala populacional
Geo25,2022-03-28,Channel1_spend,18693.809,False,3.5353522246037716,preservar; investigar contexto e escala populacional
Geo25,2022-06-06,Channel1_spend,19773.018,True,3.778389871322542,preservar; investigar contexto e escala populacional
Geo25,2022-08-08,Channel1_spend,25743.322,True,5.122901114608743,preservar; investigar contexto e escala populacional
Geo25,2022-09-05,Channel1_spend,30031.984,True,6.0887069224292985,preservar; investigar contexto e escala populacional
Geo25,2022-10-31,Channel1_spend,18602.93,False,3.514886292336569,preservar; investigar contexto e escala populacional
Geo25,2022-11-21,Channel1_spend,24721.236,True,4.892727555840979,preservar; investigar contexto e escala populacional
Geo25,2023-06-05,Channel1_spend,19867.453,True,3.7996566140645744,preservar; investigar contexto e escala populacional
Geo25,2023-06-12,Channel1_spend,22968.498,True,4.498011315673816,preservar; investigar contexto e escala populacional
Geo25,2023-09-04,Channel1_spend,20160.22,True,3.8655876827611046,preservar; investigar contexto e escala populacional
Geo25,2023-09-11,Channel1_spend,18961.496,False,3.5956352824148228,preservar; investigar contexto e escala populacional
Geo25,2023-09-18,Channel1_spend,20418.586,True,3.9237716532729725,preservar; investigar contexto e escala populacional
Geo25,2023-11-06,Channel1_spend,21335.94,True,4.130359586998553,preservar; investigar contexto e escala populacional
Geo25,2023-12-04,Channel1_spend,20502.234,True,3.94260916581478,preservar; investigar contexto e escala populacional
Geo27,2023-10-23,Channel1_spend,22217.117,True,4.3288004677016465,preservar; investigar contexto e escala populacional
Geo27,2023-12-04,Channel1_spend,23711.615,True,4.665361112531248,preservar; investigar contexto e escala populacional
Geo28,2021-06-07,Channel1_spend,18805.443,False,3.5604921786384423,preservar; investigar contexto e escala populacional
Geo28,2022-08-29,Channel1_spend,18852.193,False,3.571020269104795,preservar; investigar contexto e escala populacional
Geo28,2022-09-05,Channel1_spend,18576.531,False,3.5089412429200717,preservar; investigar contexto e escala populacional
Geo28,2022-10-31,Channel1_spend,18875.42,False,3.5762509847681527,preservar; investigar contexto e escala populacional
Geo28,2023-01-09,Channel1_spend,24995.52,True,4.954496256706716,preservar; investigar contexto e escala populacional
Geo28,2023-09-04,Channel1_spend,23799.303,True,4.6851084322491845,preservar; investigar contexto e escala populacional
Geo28,2024-01-08,Channel1_spend,26744.469,True,5.348359214846563,preservar; investigar contexto e escala populacional
Geo31,2021-02-22,Channel1_spend,23438.307,True,4.603812206666476,preservar; investigar contexto e escala populacional
Geo31,2021-03-22,Channel1_spend,22071.633,True,4.296037500569948,preservar; investigar contexto e escala populacional
Geo31,2021-07-26,Channel1_spend,22209.955,True,4.327187586762181,preservar; investigar contexto e escala populacional
Geo31,2021-08-23,Channel1_spend,23521.309,True,4.622504240140022,preservar; investigar contexto e escala populacional
Geo31,2021-08-30,Channel1_spend,26540.873,True,5.302509437165543,preservar; investigar contexto e escala populacional
Geo31,2021-10-04,Channel1_spend,21124.797,True,4.08281022645658,preservar; investigar contexto e escala populacional
Geo31,2021-10-11,Channel1_spend,18883.787,False,3.5781352314618853,preservar; investigar contexto e escala populacional
Geo31,2021-11-15,Channel1_spend,20444.068,True,3.929510194476471,preservar; investigar contexto e escala populacional
Geo31,2021-11-22,Channel1_spend,21808.832,True,4.236854768962504,preservar; investigar contexto e escala populacional
Geo31,2021-12-13,Channel1_spend,18837.82,False,3.5677834724358566,preservar; investigar contexto e escala populacional
Geo31,2022-01-03,Channel1_spend,29330.863,True,5.9308146162076945,preservar; investigar contexto e escala populacional
Geo31,2022-06-20,Channel1_spend,23634.217,True,4.6479310987148885,preservar; investigar contexto e escala populacional
Geo31,2022-08-22,Channel1_spend,20108.805,True,3.8540090352460767,preservar; investigar contexto e escala populacional
Geo31,2022-10-10,Channel1_spend,31252.254,True,6.36351147758174,preservar; investigar contexto e escala populacional
Geo31,2022-10-31,Channel1_spend,27056.729,True,5.418680103167918,preservar; investigar contexto e escala populacional
Geo31,2022-11-28,Channel1_spend,24630.396,True,4.872270406365822,preservar; investigar contexto e escala populacional
Geo31,2023-01-02,Channel1_spend,23668.934,True,4.65574936003511,preservar; investigar contexto e escala populacional
Geo31,2023-01-09,Channel1_spend,19032.658,False,3.6116609503028787,preservar; investigar contexto e escala populacional
Geo31,2023-02-20,Channel1_spend,26404.064,True,5.271700078264766,preservar; investigar contexto e escala populacional
Geo31,2023-06-26,Channel1_spend,24816.355,True,4.914148335243525,preservar; investigar contexto e escala populacional
Geo31,2023-09-18,Channel1_spend,21807.049,True,4.236453237726106,preservar; investigar contexto e escala populacional
Geo31,2023-10-02,Channel1_spend,23796.902,True,4.684567727538817,preservar; investigar contexto e escala populacional
Geo31,2023-12-04,Channel1_spend,25063.605,True,4.969828984822259,preservar; investigar contexto e escala populacional
Geo31,2024-01-08,Channel1_spend,27576.033,True,5.53562725806715,preservar; investigar contexto e escala populacional
Geo32,2021-07-26,Channel1_spend,19852.424,True,3.796272086329412,preservar; investigar contexto e escala populacional
Geo32,2021-08-02,Channel1_spend,23425.531,True,4.600935054071865,preservar; investigar contexto e escala populacional
Geo32,2021-09-27,Channel1_spend,21418.15,True,4.14887326223361,preservar; investigar contexto e escala populacional
Geo32,2022-09-05,Channel1_spend,22146.178,True,4.312825019368114,preservar; investigar contexto e escala populacional
Geo32,2022-10-24,Channel1_spend,21298.57,True,4.1219438706193525,preservar; investigar contexto e escala populacional
Geo32,2022-10-31,Channel1_spend,20002.885,True,3.83015587284616,preservar; investigar contexto e escala populacional
Geo32,2022-12-05,Channel1_spend,18695.93,False,3.5358298733712394,preservar; investigar contexto e escala populacional
Geo32,2023-04-10,Channel1_spend,32429.498,True,6.628626586308403,preservar; investigar contexto e escala populacional
Geo32,2023-09-11,Channel1_spend,18963.994,False,3.59619783150541,preservar; investigar contexto e escala populacional
Geo32,2023-11-20,Channel1_spend,19933.719,True,3.8145797037510643,preservar; investigar contexto e escala populacional
Geo33,2022-01-03,Channel1_spend,19916.336,True,3.810665055695949,preservar; investigar contexto e escala populacional
Geo33,2022-06-13,Channel1_spend,20564.072,True,3.9565350708042626,preservar; investigar contexto e escala populacional
Geo33,2022-10-03,Channel1_spend,19635.227,True,3.7473593662220215,preservar; investigar contexto e escala populacional
Geo33,2022-12-05,Channel1_spend,19370.621,False,3.6877701489826675,preservar; investigar contexto e escala populacional
Geo33,2023-09-11,Channel1_spend,18670.775,False,3.5301649725010553,preservar; investigar contexto e escala populacional
Geo34,2021-03-01,Channel1_spend,19762.086,True,3.775927987151885,preservar; investigar contexto e escala populacional
Geo34,2021-05-10,Channel1_spend,21370.734,True,4.138195188703073,preservar; investigar contexto e escala populacional
Geo34,2021-10-11,Channel1_spend,25626.78,True,5.096655879974952,preservar; investigar contexto e escala populacional
Geo34,2021-11-22,Channel1_spend,18831.494,False,3.5663588585259065,preservar; investigar contexto e escala populacional
Geo34,2021-12-13,Channel1_spend,21638.887,True,4.198583189619094,preservar; investigar contexto e escala populacional
Geo34,2022-01-10,Channel1_spend,19933.072,True,3.8144339994830045,preservar; investigar contexto e escala populacional
Geo34,2023-09-04,Channel1_spend,27123.744,True,5.433771867501664,preservar; investigar contexto e escala populacional
Geo34,2023-11-27,Channel1_spend,19101.207,False,3.6270981711237993,preservar; investigar contexto e escala populacional
Geo35,2021-07-05,Channel1_spend,18621.162,False,3.5189921350185487,preservar; investigar contexto e escala populacional
Geo35,2021-07-26,Channel1_spend,19398.332,False,3.6940106605316108,preservar; investigar contexto e escala populacional
Geo35,2021-10-11,Channel1_spend,18611.027,False,3.5167097350853616,preservar; investigar contexto e escala populacional
Geo35,2021-11-22,Channel1_spend,29366.844,True,5.938917530070151,preservar; investigar contexto e escala populacional
Geo35,2022-12-05,Channel1_spend,28259.684,True,5.68958532385138,preservar; investigar contexto e escala populacional
Geo35,2022-12-26,Channel1_spend,23234.027,True,4.557808392324945,preservar; investigar contexto e escala populacional
Geo35,2023-02-06,Channel1_spend,19541.504,True,3.726252965734792,preservar; investigar contexto e escala populacional
Geo35,2023-08-14,Channel1_spend,22235.08,True,4.332845731638484,preservar; investigar contexto e escala populacional
Geo35,2023-11-27,Channel1_spend,20964.646,True,4.046744253915898,preservar; investigar contexto e escala populacional
Geo35,2023-12-04,Channel1_spend,28310.252,True,5.700973227139135,preservar; investigar contexto e escala populacional
Geo36,2021-03-29,Channel1_spend,40579.164,True,8.46392970756107,preservar; investigar contexto e escala populacional
Geo36,2021-05-31,Channel1_spend,27958.742,True,5.621813246821963,preservar; investigar contexto e escala populacional
Geo36,2021-07-26,Channel1_spend,30112.246,True,6.106781908461606,preservar; investigar contexto e escala populacional
Geo36,2021-08-30,Channel1_spend,25220.535,True,5.005169588819794,preservar; investigar contexto e escala populacional
Geo36,2021-09-06,Channel1_spend,23589.336,True,4.637823906667394,preservar; investigar contexto e escala populacional
Geo36,2021-09-13,Channel1_spend,19048.895,False,3.615317519391696,preservar; investigar contexto e escala populacional
Geo36,2021-11-22,Channel1_spend,21071.537,True,4.0708160853178015,preservar; investigar contexto e escala populacional
Geo36,2021-12-13,Channel1_spend,20190.531,True,3.872413713779835,preservar; investigar contexto e escala populacional
Geo36,2022-01-24,Channel1_spend,23476.129,True,4.6123297133535015,preservar; investigar contexto e escala populacional
Geo36,2022-03-21,Channel1_spend,19137.42,False,3.635253331338945,preservar; investigar contexto e escala populacional
Geo36,2022-06-20,Channel1_spend,25461.395,True,5.05941121170163,preservar; investigar contexto e escala populacional
Geo36,2022-06-27,Channel1_spend,23909.223,True,4.70986239383339,preservar; investigar contexto e escala populacional
Geo36,2022-09-05,Channel1_spend,42397.7,True,8.87346364391016,preservar; investigar contexto e escala populacional
Geo36,2022-10-24,Channel1_spend,27161.549,True,5.442285545792156,preservar; investigar contexto e escala populacional
Geo36,2022-12-26,Channel1_spend,21563.578,True,4.181623618176729,preservar; investigar contexto e escala populacional
Geo36,2023-04-03,Channel1_spend,22560.742,True,4.406184747626793,preservar; investigar contexto e escala populacional
Geo36,2023-05-22,Channel1_spend,22246.023,True,4.335310093006896,preservar; investigar contexto e escala populacional
Geo36,2023-11-06,Channel1_spend,23745.89,True,4.673079835541606,preservar; investigar contexto e escala populacional
Geo36,2024-01-08,Channel1_spend,24108.469,True,4.754732552401496,preservar; investigar contexto e escala populacional
Geo39,2021-04-26,Channel1_spend,23819.627,True,4.689685392904546,preservar; investigar contexto e escala populacional
Geo39,2021-05-10,Channel1_spend,23874.861,True,4.702124078440773,preservar; investigar contexto e escala populacional
Geo39,2021-06-07,Channel1_spend,20336.914,True,3.905379135528203,preservar; investigar contexto e escala populacional
Geo39,2021-08-09,Channel1_spend,19912.363,True,3.809770336906156,preservar; investigar contexto e escala populacional
Geo39,2021-10-11,Channel1_spend,25380.717,True,5.041242542554156,preservar; investigar contexto e escala populacional
Geo39,2022-02-28,Channel1_spend,18548.062,False,3.502530029925706,preservar; investigar contexto e escala populacional
Geo39,2022-06-27,Channel1_spend,21493.66,True,4.165878098834986,preservar; investigar contexto e escala populacional
Geo39,2022-09-05,Channel1_spend,21070.17,True,4.07050823719657,preservar; investigar contexto e escala populacional
Geo39,2022-10-03,Channel1_spend,21329.713,True,4.128957267868414,preservar; investigar contexto e escala populacional
Geo39,2022-10-10,Channel1_spend,25349.074,True,5.034116545407057,preservar; investigar contexto e escala populacional
Geo39,2022-11-21,Channel1_spend,22580.092,True,4.410542363680782,preservar; investigar contexto e escala populacional
Geo39,2023-08-07,Channel1_spend,19466.467,True,3.709354648636958,preservar; investigar contexto e escala populacional
Geo39,2023-09-11,Channel1_spend,18596.826,False,3.5135116727813474,preservar; investigar contexto e escala populacional
Geo39,2023-09-18,Channel1_spend,18935.418,False,3.589762522132865,preservar; investigar contexto e escala populacional
Geo39,2023-10-02,Channel1_spend,20499.61,True,3.9420182415498877,preservar; investigar contexto e escala populacional
Geo39,2023-11-27,Channel1_spend,28515.89,True,5.747282862803732,preservar; investigar contexto e escala populacional
Geo39,2023-12-04,Channel1_spend,22674.691,True,4.43184603918937,preservar; investigar contexto e escala populacional
Geo39,2023-12-18,Channel1_spend,20931.934,True,4.0393775181868,preservar; investigar contexto e escala populacional
Geo7,2021-05-17,Channel1_spend,20509.6,True,3.9442679875126436,preservar; investigar contexto e escala populacional
Geo7,2021-07-26,Channel1_spend,22485.55,True,4.389251524560569,preservar; investigar contexto e escala populacional
Geo7,2022-01-24,Channel1_spend,21942.594,True,4.26697794408465,preservar; investigar contexto e escala populacional
Geo7,2022-05-23,Channel1_spend,26555.047,True,5.3057014190750635,preservar; investigar contexto e escala populacional
Geo7,2022-11-07,Channel1_spend,22941.717,True,4.49198023993522,preservar; investigar contexto e escala populacional
Geo7,2022-12-05,Channel1_spend,21471.795,True,4.160954105293877,preservar; investigar contexto e escala populacional
Geo7,2023-09-04,Channel1_spend,23034.453,True,4.512864368223727,preservar; investigar contexto e escala populacional
Geo7,2023-09-18,Channel1_spend,19125.9,False,3.6326590296881993,preservar; investigar contexto e escala populacional
Geo7,2023-10-23,Channel1_spend,22789.645,True,4.457733656547,preservar; investigar contexto e escala populacional
Geo7,2023-11-13,Channel1_spend,20018.86,True,3.833753439588406,preservar; investigar contexto e escala populacional
Geo9,2021-10-11,Channel1_spend,19031.793,False,3.6114661524792773,preservar; investigar contexto e escala populacional
Geo9,2022-01-03,Channel1_spend,18678.324,False,3.531865005761601,preservar; investigar contexto e escala populacional
Geo9,2023-09-04,Channel1_spend,22781.729,True,4.455950974961295,preservar; investigar contexto e escala populacional
Geo1,2021-03-29,Channel2_spend,5864.047,True,,preservar; investigar contexto e escala populacional
Geo1,2021-08-30,Channel2_spend,5216.1597,True,,preservar; investigar contexto e escala populacional
Geo1,2022-10-17,Channel2_spend,5962.061,True,,preservar; investigar contexto e escala populacional
Geo1,2023-09-25,Channel2_spend,4975.658,True,,preservar; investigar contexto e escala populacional
Geo1,2023-12-04,Channel2_spend,7409.4717,True,,preservar; investigar contexto e escala populacional
Geo10,2021-02-22,Channel2_spend,7318.9624,True,,preservar; investigar contexto e escala populacional
Geo10,2021-06-28,Channel2_spend,12049.043,True,,preservar; investigar contexto e escala populacional
Geo10,2021-08-02,Channel2_spend,22280.334,True,,preservar; investigar contexto e escala populacional
Geo10,2021-08-30,Channel2_spend,15248.859,True,,preservar; investigar contexto e escala populacional
Geo10,2021-09-13,Channel2_spend,22480.262,True,,preservar; investigar contexto e escala populacional
Geo10,2021-10-04,Channel2_spend,8771.59,True,,preservar; investigar contexto e escala populacional
Geo10,2021-10-11,Channel2_spend,8082.386,True,,preservar; investigar contexto e escala populacional
Geo10,2021-10-25,Channel2_spend,10085.994,True,,preservar; investigar contexto e escala populacional
Geo10,2021-11-08,Channel2_spend,23072.44,True,,preservar; investigar contexto e escala populacional
Geo10,2021-11-22,Channel2_spend,10720.736,True,,preservar; investigar contexto e escala populacional
Geo10,2021-12-06,Channel2_spend,10400.158,True,,preservar; investigar contexto e escala populacional
Geo10,2022-01-17,Channel2_spend,4820.463,True,,preservar; investigar contexto e escala populacional
Geo10,2022-04-18,Channel2_spend,8858.182,True,,preservar; investigar contexto e escala populacional
Geo10,2022-07-18,Channel2_spend,6490.816,True,,preservar; investigar contexto e escala populacional
Geo10,2022-08-29,Channel2_spend,9395.185,True,,preservar; investigar contexto e escala populacional
Geo10,2022-09-12,Channel2_spend,17488.74,True,,preservar; investigar contexto e escala populacional
Geo10,2022-09-19,Channel2_spend,22145.463,True,,preservar; investigar contexto e escala populacional
Geo10,2022-10-03,Channel2_spend,9564.231,True,,preservar; investigar contexto e escala populacional
Geo10,2022-10-24,Channel2_spend,14048.534,True,,preservar; investigar contexto e escala populacional
Geo10,2022-11-14,Channel2_spend,24453.752,True,,preservar; investigar contexto e escala populacional
Geo10,2022-12-12,Channel2_spend,6941.9326,True,,preservar; investigar contexto e escala populacional
Geo10,2023-02-06,Channel2_spend,20681.592,True,,preservar; investigar contexto e escala populacional
Geo10,2023-05-01,Channel2_spend,17061.41,True,,preservar; investigar contexto e escala populacional
Geo10,2023-06-05,Channel2_spend,12521.851,True,,preservar; investigar contexto e escala populacional
Geo10,2023-06-26,Channel2_spend,24127.988,True,,preservar; investigar contexto e escala populacional
Geo10,2023-07-31,Channel2_spend,10025.157,True,,preservar; investigar contexto e escala populacional
Geo10,2023-08-21,Channel2_spend,6379.7236,True,,preservar; investigar contexto e escala populacional
Geo10,2023-08-28,Channel2_spend,12573.109,True,,preservar; investigar contexto e escala populacional
Geo10,2023-09-04,Channel2_spend,19501.258,True,,preservar; investigar contexto e escala populacional
Geo10,2023-09-25,Channel2_spend,10593.979,True,,preservar; investigar contexto e escala populacional
Geo10,2023-10-02,Channel2_spend,12091.184,True,,preservar; investigar contexto e escala populacional
Geo10,2023-10-09,Channel2_spend,9753.163,True,,preservar; investigar contexto e escala populacional
Geo10,2023-12-04,Channel2_spend,5556.147,True,,preservar; investigar contexto e escala populacional
Geo11,2021-03-22,Channel2_spend,14375.034,True,,preservar; investigar contexto e escala populacional
Geo11,2021-04-05,Channel2_spend,7202.9434,True,,preservar; investigar contexto e escala populacional
Geo11,2021-05-10,Channel2_spend,13313.155,True,,preservar; investigar contexto e escala populacional
Geo11,2021-05-31,Channel2_spend,10362.625,True,,preservar; investigar contexto e escala populacional
Geo11,2021-07-12,Channel2_spend,5643.3115,True,,preservar; investigar contexto e escala populacional
Geo11,2021-08-30,Channel2_spend,10303.512,True,,preservar; investigar contexto e escala populacional
Geo11,2021-10-18,Channel2_spend,11643.694,True,,preservar; investigar contexto e escala populacional
Geo11,2021-11-08,Channel2_spend,18138.977,True,,preservar; investigar contexto e escala populacional
Geo11,2021-11-22,Channel2_spend,6521.134,True,,preservar; investigar contexto e escala populacional
Geo11,2022-09-12,Channel2_spend,4838.119,True,,preservar; investigar contexto e escala populacional
Geo11,2022-09-19,Channel2_spend,5776.4736,True,,preservar; investigar contexto e escala populacional
Geo11,2022-09-26,Channel2_spend,5140.119,True,,preservar; investigar contexto e escala populacional
Geo11,2022-10-03,Channel2_spend,5969.15,True,,preservar; investigar contexto e escala populacional
Geo11,2022-10-17,Channel2_spend,22223.057,True,,preservar; investigar contexto e escala populacional
Geo11,2022-11-07,Channel2_spend,6085.3477,True,,preservar; investigar contexto e escala populacional
Geo11,2022-11-14,Channel2_spend,5976.6406,True,,preservar; investigar contexto e escala populacional
Geo11,2022-12-05,Channel2_spend,6138.137,True,,preservar; investigar contexto e escala populacional
Geo11,2022-12-12,Channel2_spend,5336.682,True,,preservar; investigar contexto e escala populacional
Geo11,2022-12-26,Channel2_spend,13693.009,True,,preservar; investigar contexto e escala populacional
Geo11,2023-02-06,Channel2_spend,5806.0635,True,,preservar; investigar contexto e escala populacional
Geo11,2023-02-20,Channel2_spend,7976.1836,True,,preservar; investigar contexto e escala populacional
Geo11,2023-05-01,Channel2_spend,5131.3804,True,,preservar; investigar contexto e escala populacional
Geo11,2023-05-22,Channel2_spend,4897.41,True,,preservar; investigar contexto e escala populacional
Geo11,2023-07-03,Channel2_spend,12041.025,True,,preservar; investigar contexto e escala populacional
Geo11,2023-07-24,Channel2_spend,5205.006,True,,preservar; investigar contexto e escala populacional
Geo11,2023-08-07,Channel2_spend,4946.447,True,,preservar; investigar contexto e escala populacional
Geo11,2023-08-14,Channel2_spend,15751.383,True,,preservar; investigar contexto e escala populacional
Geo11,2023-08-21,Channel2_spend,17955.773,True,,preservar; investigar contexto e escala populacional
Geo11,2023-09-04,Channel2_spend,6366.95,True,,preservar; investigar contexto e escala populacional
Geo11,2023-10-23,Channel2_spend,13986.441,True,,preservar; investigar contexto e escala populacional
Geo11,2023-11-27,Channel2_spend,9593.249,True,,preservar; investigar contexto e escala populacional
Geo11,2023-12-04,Channel2_spend,6774.7144,True,,preservar; investigar contexto e escala populacional
Geo11,2023-12-11,Channel2_spend,7717.483,True,,preservar; investigar contexto e escala populacional
Geo11,2024-01-15,Channel2_spend,13507.548,True,,preservar; investigar contexto e escala populacional
Geo12,2021-04-05,Channel2_spend,8265.737,True,,preservar; investigar contexto e escala populacional
Geo12,2021-06-07,Channel2_spend,8630.669,True,,preservar; investigar contexto e escala populacional
Geo12,2021-09-13,Channel2_spend,6975.877,True,,preservar; investigar contexto e escala populacional
Geo12,2021-09-27,Channel2_spend,6570.5425,True,,preservar; investigar contexto e escala populacional
Geo12,2021-10-11,Channel2_spend,13828.415,True,,preservar; investigar contexto e escala populacional
Geo12,2021-10-18,Channel2_spend,12416.621,True,,preservar; investigar contexto e escala populacional
Geo12,2021-11-08,Channel2_spend,10238.149,True,,preservar; investigar contexto e escala populacional
Geo12,2021-11-22,Channel2_spend,11448.58,True,,preservar; investigar contexto e escala populacional
Geo12,2022-01-03,Channel2_spend,16381.48,True,,preservar; investigar contexto e escala populacional
Geo12,2022-06-13,Channel2_spend,11242.201,True,,preservar; investigar contexto e escala populacional
Geo12,2022-07-11,Channel2_spend,7675.179,True,,preservar; investigar contexto e escala populacional
Geo12,2022-08-01,Channel2_spend,4968.0483,True,,preservar; investigar contexto e escala populacional
Geo12,2022-09-12,Channel2_spend,4896.838,True,,preservar; investigar contexto e escala populacional
Geo12,2022-10-10,Channel2_spend,15740.793,True,,preservar; investigar contexto e escala populacional
Geo12,2022-12-12,Channel2_spend,7025.2407,True,,preservar; investigar contexto e escala populacional
Geo12,2022-12-19,Channel2_spend,10238.818,True,,preservar; investigar contexto e escala populacional
Geo12,2023-01-09,Channel2_spend,6027.4385,True,,preservar; investigar contexto e escala populacional
Geo12,2023-04-10,Channel2_spend,5079.349,True,,preservar; investigar contexto e escala populacional
Geo12,2023-06-12,Channel2_spend,6299.8115,True,,preservar; investigar contexto e escala populacional
Geo12,2023-06-26,Channel2_spend,9993.776,True,,preservar; investigar contexto e escala populacional
Geo12,2023-07-03,Channel2_spend,4819.2964,True,,preservar; investigar contexto e escala populacional
Geo12,2023-07-24,Channel2_spend,10799.615,True,,preservar; investigar contexto e escala populacional
Geo12,2023-09-04,Channel2_spend,15705.905,True,,preservar; investigar contexto e escala populacional
Geo12,2023-09-25,Channel2_spend,9053.831,True,,preservar; investigar contexto e escala populacional
Geo12,2023-10-23,Channel2_spend,16374.882,True,,preservar; investigar contexto e escala populacional
Geo12,2023-11-13,Channel2_spend,6944.8975,True,,preservar; investigar contexto e escala populacional
Geo13,2021-04-05,Channel2_spend,6558.3037,True,,preservar; investigar contexto e escala populacional
Geo13,2021-06-28,Channel2_spend,6425.3125,True,,preservar; investigar contexto e escala populacional
Geo13,2021-08-30,Channel2_spend,4803.6094,True,,preservar; investigar contexto e escala populacional
Geo13,2021-09-20,Channel2_spend,4974.744,True,,preservar; investigar contexto e escala populacional
Geo13,2021-10-11,Channel2_spend,6921.1035,True,,preservar; investigar contexto e escala populacional
Geo13,2021-11-15,Channel2_spend,11178.793,True,,preservar; investigar contexto e escala populacional
Geo13,2021-11-22,Channel2_spend,13467.726,True,,preservar; investigar contexto e escala populacional
Geo13,2021-12-27,Channel2_spend,4821.9414,True,,preservar; investigar contexto e escala populacional
Geo13,2022-07-04,Channel2_spend,5369.192,True,,preservar; investigar contexto e escala populacional
Geo13,2022-07-18,Channel2_spend,5037.253,True,,preservar; investigar contexto e escala populacional
Geo13,2022-09-19,Channel2_spend,6061.851,True,,preservar; investigar contexto e escala populacional
Geo13,2022-10-17,Channel2_spend,15192.317,True,,preservar; investigar contexto e escala populacional
Geo13,2022-10-24,Channel2_spend,7364.41,True,,preservar; investigar contexto e escala populacional
Geo13,2022-12-19,Channel2_spend,5463.03,True,,preservar; investigar contexto e escala populacional
Geo13,2023-05-01,Channel2_spend,6192.992,True,,preservar; investigar contexto e escala populacional
Geo13,2023-08-07,Channel2_spend,5506.8057,True,,preservar; investigar contexto e escala populacional
Geo13,2023-08-14,Channel2_spend,6322.364,True,,preservar; investigar contexto e escala populacional
Geo13,2023-08-28,Channel2_spend,5987.289,True,,preservar; investigar contexto e escala populacional
Geo13,2023-09-04,Channel2_spend,13933.362,True,,preservar; investigar contexto e escala populacional
Geo13,2023-10-02,Channel2_spend,11906.652,True,,preservar; investigar contexto e escala populacional
Geo13,2023-10-16,Channel2_spend,8641.266,True,,preservar; investigar contexto e escala populacional
Geo13,2023-11-13,Channel2_spend,10353.485,True,,preservar; investigar contexto e escala populacional
Geo13,2023-11-27,Channel2_spend,5261.3174,True,,preservar; investigar contexto e escala populacional
Geo14,2021-02-22,Channel2_spend,5406.369,True,,preservar; investigar contexto e escala populacional
Geo14,2021-03-22,Channel2_spend,6035.4785,True,,preservar; investigar contexto e escala populacional
Geo14,2021-08-30,Channel2_spend,13685.496,True,,preservar; investigar contexto e escala populacional
Geo14,2021-09-13,Channel2_spend,20720.352,True,,preservar; investigar contexto e escala populacional
Geo14,2021-09-27,Channel2_spend,6048.557,True,,preservar; investigar contexto e escala populacional
Geo14,2021-10-04,Channel2_spend,8496.898,True,,preservar; investigar contexto e escala populacional
Geo14,2021-10-18,Channel2_spend,5319.3604,True,,preservar; investigar contexto e escala populacional
Geo14,2021-11-15,Channel2_spend,5223.167,True,,preservar; investigar contexto e escala populacional
Geo14,2021-12-20,Channel2_spend,22327.008,True,,preservar; investigar contexto e escala populacional
Geo14,2022-01-03,Channel2_spend,9807.007,True,,preservar; investigar contexto e escala populacional
Geo14,2022-02-21,Channel2_spend,5125.584,True,,preservar; investigar contexto e escala populacional
Geo14,2022-03-14,Channel2_spend,16068.163,True,,preservar; investigar contexto e escala populacional
Geo14,2022-05-02,Channel2_spend,4853.2554,True,,preservar; investigar contexto e escala populacional
Geo14,2022-06-13,Channel2_spend,5021.306,True,,preservar; investigar contexto e escala populacional
Geo14,2022-08-01,Channel2_spend,18495.63,True,,preservar; investigar contexto e escala populacional
Geo14,2022-08-08,Channel2_spend,26799.979,True,,preservar; investigar contexto e escala populacional
Geo14,2022-08-15,Channel2_spend,5947.1846,True,,preservar; investigar contexto e escala populacional
Geo14,2022-08-22,Channel2_spend,7123.7744,True,,preservar; investigar contexto e escala populacional
Geo14,2022-08-29,Channel2_spend,10521.23,True,,preservar; investigar contexto e escala populacional
Geo14,2022-09-12,Channel2_spend,18085.645,True,,preservar; investigar contexto e escala populacional
Geo14,2022-09-19,Channel2_spend,11068.548,True,,preservar; investigar contexto e escala populacional
Geo14,2022-09-26,Channel2_spend,7249.4985,True,,preservar; investigar contexto e escala populacional
Geo14,2022-10-10,Channel2_spend,14257.113,True,,preservar; investigar contexto e escala populacional
Geo14,2022-10-17,Channel2_spend,13377.046,True,,preservar; investigar contexto e escala populacional
Geo14,2022-12-19,Channel2_spend,4858.8887,True,,preservar; investigar contexto e escala populacional
Geo14,2023-01-02,Channel2_spend,5751.4683,True,,preservar; investigar contexto e escala populacional
Geo14,2023-01-09,Channel2_spend,9523.592,True,,preservar; investigar contexto e escala populacional
Geo14,2023-02-13,Channel2_spend,7677.869,True,,preservar; investigar contexto e escala populacional
Geo14,2023-05-29,Channel2_spend,16833.332,True,,preservar; investigar contexto e escala populacional
Geo14,2023-06-05,Channel2_spend,5188.7764,True,,preservar; investigar contexto e escala populacional
Geo14,2023-06-26,Channel2_spend,16810.162,True,,preservar; investigar contexto e escala populacional
Geo14,2023-07-17,Channel2_spend,15913.035,True,,preservar; investigar contexto e escala populacional
Geo14,2023-09-04,Channel2_spend,6910.299,True,,preservar; investigar contexto e escala populacional
Geo14,2023-09-11,Channel2_spend,8588.44,True,,preservar; investigar contexto e escala populacional
Geo14,2023-09-25,Channel2_spend,8931.919,True,,preservar; investigar contexto e escala populacional
Geo14,2023-10-02,Channel2_spend,8653.832,True,,preservar; investigar contexto e escala populacional
Geo14,2023-10-09,Channel2_spend,28648.361,True,,preservar; investigar contexto e escala populacional
Geo14,2023-10-16,Channel2_spend,5917.78,True,,preservar; investigar contexto e escala populacional
Geo14,2023-11-13,Channel2_spend,25412.193,True,,preservar; investigar contexto e escala populacional
Geo14,2023-11-27,Channel2_spend,10034.111,True,,preservar; investigar contexto e escala populacional
Geo14,2023-12-04,Channel2_spend,11171.139,True,,preservar; investigar contexto e escala populacional
Geo15,2021-04-12,Channel2_spend,10180.931,True,,preservar; investigar contexto e escala populacional
Geo15,2021-05-03,Channel2_spend,6811.9653,True,,preservar; investigar contexto e escala populacional
Geo15,2021-07-12,Channel2_spend,8512.183,True,,preservar; investigar contexto e escala populacional
Geo15,2021-08-30,Channel2_spend,23529.637,True,,preservar; investigar contexto e escala populacional
Geo15,2021-11-22,Channel2_spend,17293.232,True,,preservar; investigar contexto e escala populacional
Geo15,2021-11-29,Channel2_spend,16484.361,True,,preservar; investigar contexto e escala populacional
Geo15,2021-12-06,Channel2_spend,8357.947,True,,preservar; investigar contexto e escala populacional
Geo15,2021-12-13,Channel2_spend,12725.072,True,,preservar; investigar contexto e escala populacional
Geo15,2022-01-24,Channel2_spend,9484.289,True,,preservar; investigar contexto e escala populacional
Geo15,2022-06-06,Channel2_spend,6629.6777,True,,preservar; investigar contexto e escala populacional
Geo15,2022-07-11,Channel2_spend,15661.832,True,,preservar; investigar contexto e escala populacional
Geo15,2022-08-01,Channel2_spend,9473.225,True,,preservar; investigar contexto e escala populacional
Geo15,2022-09-12,Channel2_spend,8021.839,True,,preservar; investigar contexto e escala populacional
Geo15,2022-09-19,Channel2_spend,17906.797,True,,preservar; investigar contexto e escala populacional
Geo15,2022-09-26,Channel2_spend,10310.527,True,,preservar; investigar contexto e escala populacional
Geo15,2022-10-10,Channel2_spend,15377.325,True,,preservar; investigar contexto e escala populacional
Geo15,2022-10-17,Channel2_spend,11371.38,True,,preservar; investigar contexto e escala populacional
Geo15,2022-10-24,Channel2_spend,11507.433,True,,preservar; investigar contexto e escala populacional
Geo15,2022-11-07,Channel2_spend,7577.0166,True,,preservar; investigar contexto e escala populacional
Geo15,2022-11-21,Channel2_spend,5933.749,True,,preservar; investigar contexto e escala populacional
Geo15,2022-12-26,Channel2_spend,4902.3813,True,,preservar; investigar contexto e escala populacional
Geo15,2023-01-02,Channel2_spend,12208.184,True,,preservar; investigar contexto e escala populacional
Geo15,2023-02-13,Channel2_spend,5724.933,True,,preservar; investigar contexto e escala populacional
Geo15,2023-02-27,Channel2_spend,4909.099,True,,preservar; investigar contexto e escala populacional
Geo15,2023-06-26,Channel2_spend,7142.456,True,,preservar; investigar contexto e escala populacional
Geo15,2023-08-07,Channel2_spend,6384.665,True,,preservar; investigar contexto e escala populacional
Geo15,2023-08-14,Channel2_spend,6703.4146,True,,preservar; investigar contexto e escala populacional
Geo15,2023-08-21,Channel2_spend,22622.068,True,,preservar; investigar contexto e escala populacional
Geo15,2023-10-16,Channel2_spend,16417.217,True,,preservar; investigar contexto e escala populacional
Geo15,2023-10-30,Channel2_spend,7266.3667,True,,preservar; investigar contexto e escala populacional
Geo15,2023-11-13,Channel2_spend,8059.5957,True,,preservar; investigar contexto e escala populacional
Geo15,2023-11-20,Channel2_spend,12815.625,True,,preservar; investigar contexto e escala populacional
Geo15,2023-12-04,Channel2_spend,5887.425,True,,preservar; investigar contexto e escala populacional
Geo16,2021-05-17,Channel2_spend,6156.885,True,,preservar; investigar contexto e escala populacional
Geo16,2021-07-26,Channel2_spend,16588.371,True,,preservar; investigar contexto e escala populacional
Geo16,2021-11-22,Channel2_spend,4850.989,True,,preservar; investigar contexto e escala populacional
Geo16,2022-07-11,Channel2_spend,6858.5947,True,,preservar; investigar contexto e escala populacional
Geo16,2022-09-26,Channel2_spend,6103.033,True,,preservar; investigar contexto e escala populacional
Geo16,2022-12-26,Channel2_spend,6103.2783,True,,preservar; investigar contexto e escala populacional
Geo16,2023-01-23,Channel2_spend,8452.61,True,,preservar; investigar contexto e escala populacional
Geo16,2023-08-14,Channel2_spend,5182.453,True,,preservar; investigar contexto e escala populacional
Geo16,2023-09-04,Channel2_spend,5155.828,True,,preservar; investigar contexto e escala populacional
Geo16,2023-10-23,Channel2_spend,5204.8276,True,,preservar; investigar contexto e escala populacional
Geo16,2023-11-20,Channel2_spend,4831.847,True,,preservar; investigar contexto e escala populacional
Geo16,2024-01-01,Channel2_spend,9493.214,True,,preservar; investigar contexto e escala populacional
Geo16,2024-01-15,Channel2_spend,5636.022,True,,preservar; investigar contexto e escala populacional
Geo17,2021-03-15,Channel2_spend,6012.5767,True,,preservar; investigar contexto e escala populacional
Geo17,2021-04-12,Channel2_spend,8179.003,True,,preservar; investigar contexto e escala populacional
Geo17,2021-05-17,Channel2_spend,4771.59,True,,preservar; investigar contexto e escala populacional
Geo17,2021-06-14,Channel2_spend,13629.512,True,,preservar; investigar contexto e escala populacional
Geo17,2021-06-28,Channel2_spend,17780.01,True,,preservar; investigar contexto e escala populacional
Geo17,2021-07-26,Channel2_spend,16168.963,True,,preservar; investigar contexto e escala populacional
Geo17,2021-08-02,Channel2_spend,19956.111,True,,preservar; investigar contexto e escala populacional
Geo17,2021-08-30,Channel2_spend,14214.147,True,,preservar; investigar contexto e escala populacional
Geo17,2021-09-13,Channel2_spend,14759.421,True,,preservar; investigar contexto e escala populacional
Geo17,2021-10-04,Channel2_spend,8613.868,True,,preservar; investigar contexto e escala populacional
Geo17,2021-10-18,Channel2_spend,9119.988,True,,preservar; investigar contexto e escala populacional
Geo17,2021-11-29,Channel2_spend,17787.492,True,,preservar; investigar contexto e escala populacional
Geo17,2022-06-13,Channel2_spend,5539.7466,True,,preservar; investigar contexto e escala populacional
Geo17,2022-06-20,Channel2_spend,10300.747,True,,preservar; investigar contexto e escala populacional
Geo17,2022-07-18,Channel2_spend,8394.574,True,,preservar; investigar contexto e escala populacional
Geo17,2022-08-22,Channel2_spend,4806.8345,True,,preservar; investigar contexto e escala populacional
Geo17,2022-10-17,Channel2_spend,6093.2095,True,,preservar; investigar contexto e escala populacional
Geo17,2022-11-14,Channel2_spend,7205.5815,True,,preservar; investigar contexto e escala populacional
Geo17,2023-01-09,Channel2_spend,13235.71,True,,preservar; investigar contexto e escala populacional
Geo17,2023-05-01,Channel2_spend,8866.787,True,,preservar; investigar contexto e escala populacional
Geo17,2023-07-24,Channel2_spend,4872.004,True,,preservar; investigar contexto e escala populacional
Geo17,2023-08-21,Channel2_spend,10607.526,True,,preservar; investigar contexto e escala populacional
Geo17,2023-08-28,Channel2_spend,6911.042,True,,preservar; investigar contexto e escala populacional
Geo17,2023-09-04,Channel2_spend,7700.667,True,,preservar; investigar contexto e escala populacional
Geo17,2023-09-25,Channel2_spend,5855.7393,True,,preservar; investigar contexto e escala populacional
Geo17,2023-10-02,Channel2_spend,20982.084,True,,preservar; investigar contexto e escala populacional
Geo17,2023-11-13,Channel2_spend,5548.062,True,,preservar; investigar contexto e escala populacional
Geo17,2023-11-20,Channel2_spend,12984.872,True,,preservar; investigar contexto e escala populacional
Geo17,2023-12-04,Channel2_spend,16387.521,True,,preservar; investigar contexto e escala populacional
Geo17,2024-01-01,Channel2_spend,14077.708,True,,preservar; investigar contexto e escala populacional
Geo17,2024-01-08,Channel2_spend,9813.725,True,,preservar; investigar contexto e escala populacional
Geo18,2021-06-07,Channel2_spend,15290.925,True,,preservar; investigar contexto e escala populacional
Geo18,2021-08-09,Channel2_spend,9564.499,True,,preservar; investigar contexto e escala populacional
Geo18,2021-10-04,Channel2_spend,9570.8,True,,preservar; investigar contexto e escala populacional
Geo18,2021-11-22,Channel2_spend,15758.925,True,,preservar; investigar contexto e escala populacional
Geo18,2021-12-13,Channel2_spend,9949.941,True,,preservar; investigar contexto e escala populacional
Geo18,2022-01-17,Channel2_spend,6147.9976,True,,preservar; investigar contexto e escala populacional
Geo18,2022-02-21,Channel2_spend,4977.508,True,,preservar; investigar contexto e escala populacional
Geo18,2022-04-11,Channel2_spend,5645.3477,True,,preservar; investigar contexto e escala populacional
Geo18,2022-04-25,Channel2_spend,7879.5815,True,,preservar; investigar contexto e escala populacional
Geo18,2022-07-11,Channel2_spend,5246.4033,True,,preservar; investigar contexto e escala populacional
Geo18,2022-08-29,Channel2_spend,6685.558,True,,preservar; investigar contexto e escala populacional
Geo18,2022-09-26,Channel2_spend,7378.826,True,,preservar; investigar contexto e escala populacional
Geo18,2022-10-17,Channel2_spend,24142.688,True,,preservar; investigar contexto e escala populacional
Geo18,2023-01-02,Channel2_spend,17793.512,True,,preservar; investigar contexto e escala populacional
Geo18,2023-01-09,Channel2_spend,7076.306,True,,preservar; investigar contexto e escala populacional
Geo18,2023-05-22,Channel2_spend,7166.064,True,,preservar; investigar contexto e escala populacional
Geo18,2023-07-10,Channel2_spend,6384.903,True,,preservar; investigar contexto e escala populacional
Geo18,2023-07-24,Channel2_spend,11859.087,True,,preservar; investigar contexto e escala populacional
Geo18,2023-10-09,Channel2_spend,17860.486,True,,preservar; investigar contexto e escala populacional
Geo18,2023-10-23,Channel2_spend,8228.233,True,,preservar; investigar contexto e escala populacional
Geo18,2023-11-20,Channel2_spend,8062.1514,True,,preservar; investigar contexto e escala populacional
Geo18,2023-12-04,Channel2_spend,15829.415,True,,preservar; investigar contexto e escala populacional
Geo19,2021-02-01,Channel2_spend,7698.6235,True,,preservar; investigar contexto e escala populacional
Geo19,2021-02-22,Channel2_spend,5017.6797,True,,preservar; investigar contexto e escala populacional
Geo19,2021-04-05,Channel2_spend,7612.96,True,,preservar; investigar contexto e escala populacional
Geo19,2021-04-12,Channel2_spend,5157.1807,True,,preservar; investigar contexto e escala populacional
Geo19,2021-05-10,Channel2_spend,7856.3896,True,,preservar; investigar contexto e escala populacional
Geo19,2021-06-07,Channel2_spend,6096.702,True,,preservar; investigar contexto e escala populacional
Geo19,2021-06-14,Channel2_spend,4736.055,True,,preservar; investigar contexto e escala populacional
Geo19,2021-07-26,Channel2_spend,5703.747,True,,preservar; investigar contexto e escala populacional
Geo19,2021-08-02,Channel2_spend,14170.216,True,,preservar; investigar contexto e escala populacional
Geo19,2021-09-13,Channel2_spend,6216.9346,True,,preservar; investigar contexto e escala populacional
Geo19,2021-10-04,Channel2_spend,7251.215,True,,preservar; investigar contexto e escala populacional
Geo19,2021-10-11,Channel2_spend,10339.21,True,,preservar; investigar contexto e escala populacional
Geo19,2021-10-18,Channel2_spend,6378.7573,True,,preservar; investigar contexto e escala populacional
Geo19,2021-11-22,Channel2_spend,5832.473,True,,preservar; investigar contexto e escala populacional
Geo19,2021-12-13,Channel2_spend,8005.617,True,,preservar; investigar contexto e escala populacional
Geo19,2022-02-28,Channel2_spend,5333.0854,True,,preservar; investigar contexto e escala populacional
Geo19,2022-05-09,Channel2_spend,7175.5537,True,,preservar; investigar contexto e escala populacional
Geo19,2022-05-30,Channel2_spend,6114.6777,True,,preservar; investigar contexto e escala populacional
Geo19,2022-06-20,Channel2_spend,6819.218,True,,preservar; investigar contexto e escala populacional
Geo19,2022-07-11,Channel2_spend,5508.7007,True,,preservar; investigar contexto e escala populacional
Geo19,2022-10-31,Channel2_spend,16407.139,True,,preservar; investigar contexto e escala populacional
Geo19,2022-11-21,Channel2_spend,9119.409,True,,preservar; investigar contexto e escala populacional
Geo19,2023-01-02,Channel2_spend,7788.3296,True,,preservar; investigar contexto e escala populacional
Geo19,2023-10-30,Channel2_spend,5945.3267,True,,preservar; investigar contexto e escala populacional
Geo19,2023-11-20,Channel2_spend,5642.3823,True,,preservar; investigar contexto e escala populacional
Geo19,2023-11-27,Channel2_spend,4904.923,True,,preservar; investigar contexto e escala populacional
Geo19,2023-12-04,Channel2_spend,7984.1196,True,,preservar; investigar contexto e escala populacional
Geo2,2021-02-22,Channel2_spend,6060.766,True,,preservar; investigar contexto e escala populacional
Geo2,2021-03-08,Channel2_spend,11721.087,True,,preservar; investigar contexto e escala populacional
Geo2,2021-04-05,Channel2_spend,8077.801,True,,preservar; investigar contexto e escala populacional
Geo2,2021-04-12,Channel2_spend,9878.151,True,,preservar; investigar contexto e escala populacional
Geo2,2021-05-17,Channel2_spend,6524.0547,True,,preservar; investigar contexto e escala populacional
Geo2,2021-07-26,Channel2_spend,13530.301,True,,preservar; investigar contexto e escala populacional
Geo2,2021-08-30,Channel2_spend,18390.78,True,,preservar; investigar contexto e escala populacional
Geo2,2021-09-13,Channel2_spend,8515.416,True,,preservar; investigar contexto e escala populacional
Geo2,2021-09-20,Channel2_spend,5082.9824,True,,preservar; investigar contexto e escala populacional
Geo2,2021-11-15,Channel2_spend,7782.563,True,,preservar; investigar contexto e escala populacional
Geo2,2021-11-22,Channel2_spend,16211.342,True,,preservar; investigar contexto e escala populacional
Geo2,2021-11-29,Channel2_spend,5379.484,True,,preservar; investigar contexto e escala populacional
Geo2,2021-12-06,Channel2_spend,7751.643,True,,preservar; investigar contexto e escala populacional
Geo2,2021-12-13,Channel2_spend,14892.405,True,,preservar; investigar contexto e escala populacional
Geo2,2021-12-27,Channel2_spend,5828.0664,True,,preservar; investigar contexto e escala populacional
Geo2,2022-01-10,Channel2_spend,5315.2437,True,,preservar; investigar contexto e escala populacional
Geo2,2022-01-17,Channel2_spend,8575.643,True,,preservar; investigar contexto e escala populacional
Geo2,2022-02-21,Channel2_spend,7685.9683,True,,preservar; investigar contexto e escala populacional
Geo2,2022-03-14,Channel2_spend,13461.506,True,,preservar; investigar contexto e escala populacional
Geo2,2022-04-11,Channel2_spend,7680.098,True,,preservar; investigar contexto e escala populacional
Geo2,2022-05-30,Channel2_spend,8513.848,True,,preservar; investigar contexto e escala populacional
Geo2,2022-06-13,Channel2_spend,9851.764,True,,preservar; investigar contexto e escala populacional
Geo2,2022-07-04,Channel2_spend,8611.981,True,,preservar; investigar contexto e escala populacional
Geo2,2022-07-11,Channel2_spend,8165.7017,True,,preservar; investigar contexto e escala populacional
Geo2,2022-07-18,Channel2_spend,5620.3423,True,,preservar; investigar contexto e escala populacional
Geo2,2022-08-29,Channel2_spend,12308.984,True,,preservar; investigar contexto e escala populacional
Geo2,2022-09-12,Channel2_spend,12846.419,True,,preservar; investigar contexto e escala populacional
Geo2,2022-09-26,Channel2_spend,4756.6016,True,,preservar; investigar contexto e escala populacional
Geo2,2022-10-10,Channel2_spend,12317.627,True,,preservar; investigar contexto e escala populacional
Geo2,2022-10-17,Channel2_spend,17168.334,True,,preservar; investigar contexto e escala populacional
Geo2,2022-11-07,Channel2_spend,14981.026,True,,preservar; investigar contexto e escala populacional
Geo2,2022-11-14,Channel2_spend,8889.392,True,,preservar; investigar contexto e escala populacional
Geo2,2022-11-28,Channel2_spend,10307.242,True,,preservar; investigar contexto e escala populacional
Geo2,2023-02-20,Channel2_spend,18558.326,True,,preservar; investigar contexto e escala populacional
Geo2,2023-03-13,Channel2_spend,11206.912,True,,preservar; investigar contexto e escala populacional
Geo2,2023-06-05,Channel2_spend,22233.824,True,,preservar; investigar contexto e escala populacional
Geo2,2023-06-26,Channel2_spend,5312.5317,True,,preservar; investigar contexto e escala populacional
Geo2,2023-07-17,Channel2_spend,13156.979,True,,preservar; investigar contexto e escala populacional
Geo2,2023-07-24,Channel2_spend,13574.738,True,,preservar; investigar contexto e escala populacional
Geo2,2023-08-28,Channel2_spend,7153.0376,True,,preservar; investigar contexto e escala populacional
Geo2,2023-09-11,Channel2_spend,16565.15,True,,preservar; investigar contexto e escala populacional
Geo2,2023-09-25,Channel2_spend,7680.247,True,,preservar; investigar contexto e escala populacional
Geo2,2023-10-23,Channel2_spend,10722.133,True,,preservar; investigar contexto e escala populacional
Geo2,2023-10-30,Channel2_spend,9864.366,True,,preservar; investigar contexto e escala populacional
Geo2,2023-11-27,Channel2_spend,26173.96,True,,preservar; investigar contexto e escala populacional
Geo2,2023-12-04,Channel2_spend,9172.272,True,,preservar; investigar contexto e escala populacional
Geo2,2023-12-25,Channel2_spend,19398.34,True,,preservar; investigar contexto e escala populacional
Geo2,2024-01-01,Channel2_spend,10349.286,True,,preservar; investigar contexto e escala populacional
Geo2,2024-01-15,Channel2_spend,15852.101,True,,preservar; investigar contexto e escala populacional
Geo20,2021-02-01,Channel2_spend,12313.963,True,,preservar; investigar contexto e escala populacional
Geo20,2021-04-05,Channel2_spend,19619.854,True,,preservar; investigar contexto e escala populacional
Geo20,2021-04-19,Channel2_spend,5074.7866,True,,preservar; investigar contexto e escala populacional
Geo20,2021-06-28,Channel2_spend,15131.755,True,,preservar; investigar contexto e escala populacional
Geo20,2021-07-26,Channel2_spend,10096.442,True,,preservar; investigar contexto e escala populacional
Geo20,2021-08-02,Channel2_spend,10602.205,True,,preservar; investigar contexto e escala populacional
Geo20,2021-08-09,Channel2_spend,18240.6,True,,preservar; investigar contexto e escala populacional
Geo20,2021-08-30,Channel2_spend,7425.916,True,,preservar; investigar contexto e escala populacional
Geo20,2021-11-15,Channel2_spend,8988.127,True,,preservar; investigar contexto e escala populacional
Geo20,2021-11-22,Channel2_spend,8048.256,True,,preservar; investigar contexto e escala populacional
Geo20,2021-12-13,Channel2_spend,5650.393,True,,preservar; investigar contexto e escala populacional
Geo20,2022-01-24,Channel2_spend,5990.6255,True,,preservar; investigar contexto e escala populacional
Geo20,2022-03-14,Channel2_spend,13922.684,True,,preservar; investigar contexto e escala populacional
Geo20,2022-08-08,Channel2_spend,9348.311,True,,preservar; investigar contexto e escala populacional
Geo20,2022-08-29,Channel2_spend,11342.674,True,,preservar; investigar contexto e escala populacional
Geo20,2022-09-26,Channel2_spend,6604.8804,True,,preservar; investigar contexto e escala populacional
Geo20,2022-10-03,Channel2_spend,5264.587,True,,preservar; investigar contexto e escala populacional
Geo20,2022-10-10,Channel2_spend,8569.134,True,,preservar; investigar contexto e escala populacional
Geo20,2022-10-24,Channel2_spend,6105.738,True,,preservar; investigar contexto e escala populacional
Geo20,2022-10-31,Channel2_spend,12704.77,True,,preservar; investigar contexto e escala populacional
Geo20,2022-12-19,Channel2_spend,5339.6396,True,,preservar; investigar contexto e escala populacional
Geo20,2022-12-26,Channel2_spend,14358.567,True,,preservar; investigar contexto e escala populacional
Geo20,2023-01-02,Channel2_spend,9765.082,True,,preservar; investigar contexto e escala populacional
Geo20,2023-06-26,Channel2_spend,10643.566,True,,preservar; investigar contexto e escala populacional
Geo20,2023-07-24,Channel2_spend,11461.785,True,,preservar; investigar contexto e escala populacional
Geo20,2023-09-25,Channel2_spend,6224.3506,True,,preservar; investigar contexto e escala populacional
Geo20,2023-10-23,Channel2_spend,4811.286,True,,preservar; investigar contexto e escala populacional
Geo20,2023-12-04,Channel2_spend,8601.711,True,,preservar; investigar contexto e escala populacional
Geo20,2023-12-25,Channel2_spend,9435.714,True,,preservar; investigar contexto e escala populacional
Geo21,2021-03-29,Channel2_spend,4948.758,True,,preservar; investigar contexto e escala populacional
Geo21,2021-05-24,Channel2_spend,5153.8887,True,,preservar; investigar contexto e escala populacional
Geo21,2021-06-14,Channel2_spend,5022.9556,True,,preservar; investigar contexto e escala populacional
Geo21,2021-07-26,Channel2_spend,8869.685,True,,preservar; investigar contexto e escala populacional
Geo21,2021-08-02,Channel2_spend,6256.229,True,,preservar; investigar contexto e escala populacional
Geo21,2021-08-30,Channel2_spend,8580.303,True,,preservar; investigar contexto e escala populacional
Geo21,2021-09-13,Channel2_spend,8098.1396,True,,preservar; investigar contexto e escala populacional
Geo21,2021-09-20,Channel2_spend,5864.7085,True,,preservar; investigar contexto e escala populacional
Geo21,2021-10-11,Channel2_spend,8461.073,True,,preservar; investigar contexto e escala populacional
Geo21,2021-11-15,Channel2_spend,11121.865,True,,preservar; investigar contexto e escala populacional
Geo21,2021-11-29,Channel2_spend,19506.92,True,,preservar; investigar contexto e escala populacional
Geo21,2022-01-24,Channel2_spend,4907.115,True,,preservar; investigar contexto e escala populacional
Geo21,2022-06-20,Channel2_spend,8799.136,True,,preservar; investigar contexto e escala populacional
Geo21,2022-09-26,Channel2_spend,5729.748,True,,preservar; investigar contexto e escala populacional
Geo21,2022-10-10,Channel2_spend,17044.914,True,,preservar; investigar contexto e escala populacional
Geo21,2022-12-05,Channel2_spend,14258.599,True,,preservar; investigar contexto e escala populacional
Geo21,2022-12-12,Channel2_spend,5273.757,True,,preservar; investigar contexto e escala populacional
Geo21,2023-02-20,Channel2_spend,10362.201,True,,preservar; investigar contexto e escala populacional
Geo21,2023-07-24,Channel2_spend,4939.4766,True,,preservar; investigar contexto e escala populacional
Geo21,2023-08-28,Channel2_spend,5773.048,True,,preservar; investigar contexto e escala populacional
Geo21,2023-09-11,Channel2_spend,12845.304,True,,preservar; investigar contexto e escala populacional
Geo21,2023-09-25,Channel2_spend,6241.1143,True,,preservar; investigar contexto e escala populacional
Geo21,2023-10-09,Channel2_spend,15699.648,True,,preservar; investigar contexto e escala populacional
Geo21,2023-10-23,Channel2_spend,5113.219,True,,preservar; investigar contexto e escala populacional
Geo21,2023-11-20,Channel2_spend,11144.15,True,,preservar; investigar contexto e escala populacional
Geo21,2023-12-04,Channel2_spend,5652.9717,True,,preservar; investigar contexto e escala populacional
Geo21,2024-01-01,Channel2_spend,14139.585,True,,preservar; investigar contexto e escala populacional
Geo22,2021-01-25,Channel2_spend,11996.12,True,,preservar; investigar contexto e escala populacional
Geo22,2021-08-30,Channel2_spend,11074.76,True,,preservar; investigar contexto e escala populacional
Geo22,2021-09-13,Channel2_spend,4864.2383,True,,preservar; investigar contexto e escala populacional
Geo22,2021-10-18,Channel2_spend,5993.152,True,,preservar; investigar contexto e escala populacional
Geo22,2021-11-08,Channel2_spend,8904.514,True,,preservar; investigar contexto e escala populacional
Geo22,2021-12-13,Channel2_spend,5320.371,True,,preservar; investigar contexto e escala populacional
Geo22,2022-03-14,Channel2_spend,5274.953,True,,preservar; investigar contexto e escala populacional
Geo22,2022-05-09,Channel2_spend,9214.941,True,,preservar; investigar contexto e escala populacional
Geo22,2022-09-05,Channel2_spend,5643.3267,True,,preservar; investigar contexto e escala populacional
Geo22,2022-12-19,Channel2_spend,10772.002,True,,preservar; investigar contexto e escala populacional
Geo22,2023-01-02,Channel2_spend,7000.317,True,,preservar; investigar contexto e escala populacional
Geo22,2023-08-07,Channel2_spend,13942.814,True,,preservar; investigar contexto e escala populacional
Geo22,2023-09-04,Channel2_spend,15127.802,True,,preservar; investigar contexto e escala populacional
Geo22,2023-09-25,Channel2_spend,5346.5576,True,,preservar; investigar contexto e escala populacional
Geo22,2023-10-09,Channel2_spend,6126.002,True,,preservar; investigar contexto e escala populacional
Geo22,2023-11-13,Channel2_spend,6680.2524,True,,preservar; investigar contexto e escala populacional
Geo22,2023-12-04,Channel2_spend,4824.7803,True,,preservar; investigar contexto e escala populacional
Geo22,2024-01-15,Channel2_spend,9528.058,True,,preservar; investigar contexto e escala populacional
Geo23,2021-03-01,Channel2_spend,10624.535,True,,preservar; investigar contexto e escala populacional
Geo23,2021-04-05,Channel2_spend,13156.043,True,,preservar; investigar contexto e escala populacional
Geo23,2021-05-17,Channel2_spend,7961.6113,True,,preservar; investigar contexto e escala populacional
Geo23,2021-06-14,Channel2_spend,15312.051,True,,preservar; investigar contexto e escala populacional
Geo23,2021-08-02,Channel2_spend,11771.431,True,,preservar; investigar contexto e escala populacional
Geo23,2021-08-09,Channel2_spend,18028.41,True,,preservar; investigar contexto e escala populacional
Geo23,2021-08-30,Channel2_spend,18822.309,True,,preservar; investigar contexto e escala populacional
Geo23,2021-10-11,Channel2_spend,8270.924,True,,preservar; investigar contexto e escala populacional
Geo23,2021-10-18,Channel2_spend,41688.645,True,,preservar; investigar contexto e escala populacional
Geo23,2021-11-15,Channel2_spend,15464.044,True,,preservar; investigar contexto e escala populacional
Geo23,2021-11-22,Channel2_spend,16618.207,True,,preservar; investigar contexto e escala populacional
Geo23,2021-12-06,Channel2_spend,6932.25,True,,preservar; investigar contexto e escala populacional
Geo23,2022-01-03,Channel2_spend,7614.5205,True,,preservar; investigar contexto e escala populacional
Geo23,2022-02-21,Channel2_spend,5252.5044,True,,preservar; investigar contexto e escala populacional
Geo23,2022-03-21,Channel2_spend,12533.213,True,,preservar; investigar contexto e escala populacional
Geo23,2022-07-11,Channel2_spend,6358.404,True,,preservar; investigar contexto e escala populacional
Geo23,2022-07-18,Channel2_spend,20783.404,True,,preservar; investigar contexto e escala populacional
Geo23,2022-08-29,Channel2_spend,23943.152,True,,preservar; investigar contexto e escala populacional
Geo23,2022-09-19,Channel2_spend,7265.3857,True,,preservar; investigar contexto e escala populacional
Geo23,2022-09-26,Channel2_spend,5232.4336,True,,preservar; investigar contexto e escala populacional
Geo23,2022-10-03,Channel2_spend,4738.619,True,,preservar; investigar contexto e escala populacional
Geo23,2022-10-10,Channel2_spend,6020.1636,True,,preservar; investigar contexto e escala populacional
Geo23,2022-10-17,Channel2_spend,14462.191,True,,preservar; investigar contexto e escala populacional
Geo23,2022-10-31,Channel2_spend,13829.062,True,,preservar; investigar contexto e escala populacional
Geo23,2022-11-14,Channel2_spend,4985.4966,True,,preservar; investigar contexto e escala populacional
Geo23,2022-11-28,Channel2_spend,6401.734,True,,preservar; investigar contexto e escala populacional
Geo23,2022-12-05,Channel2_spend,23483.37,True,,preservar; investigar contexto e escala populacional
Geo23,2023-01-02,Channel2_spend,5528.905,True,,preservar; investigar contexto e escala populacional
Geo23,2023-02-06,Channel2_spend,15280.44,True,,preservar; investigar contexto e escala populacional
Geo23,2023-02-20,Channel2_spend,14984.422,True,,preservar; investigar contexto e escala populacional
Geo23,2023-04-24,Channel2_spend,8062.7163,True,,preservar; investigar contexto e escala populacional
Geo23,2023-05-01,Channel2_spend,7420.774,True,,preservar; investigar contexto e escala populacional
Geo23,2023-08-21,Channel2_spend,16436.855,True,,preservar; investigar contexto e escala populacional
Geo23,2023-08-28,Channel2_spend,27900.416,True,,preservar; investigar contexto e escala populacional
Geo23,2023-09-25,Channel2_spend,9669.483,True,,preservar; investigar contexto e escala populacional
Geo23,2023-10-02,Channel2_spend,23858.781,True,,preservar; investigar contexto e escala populacional
Geo23,2023-10-23,Channel2_spend,22429.97,True,,preservar; investigar contexto e escala populacional
Geo23,2023-11-20,Channel2_spend,21956.754,True,,preservar; investigar contexto e escala populacional
Geo23,2023-11-27,Channel2_spend,10235.036,True,,preservar; investigar contexto e escala populacional
Geo23,2023-12-04,Channel2_spend,11176.824,True,,preservar; investigar contexto e escala populacional
Geo23,2023-12-11,Channel2_spend,6074.699,True,,preservar; investigar contexto e escala populacional
Geo25,2021-04-12,Channel2_spend,12783.115,True,,preservar; investigar contexto e escala populacional
Geo25,2021-05-03,Channel2_spend,8267.714,True,,preservar; investigar contexto e escala populacional
Geo25,2021-08-02,Channel2_spend,19658.607,True,,preservar; investigar contexto e escala populacional
Geo25,2021-08-30,Channel2_spend,15291.029,True,,preservar; investigar contexto e escala populacional
Geo25,2021-09-06,Channel2_spend,5862.91,True,,preservar; investigar contexto e escala populacional
Geo25,2021-09-20,Channel2_spend,6284.4663,True,,preservar; investigar contexto e escala populacional
Geo25,2021-11-22,Channel2_spend,10216.659,True,,preservar; investigar contexto e escala populacional
Geo25,2021-12-13,Channel2_spend,9939.679,True,,preservar; investigar contexto e escala populacional
Geo25,2022-01-03,Channel2_spend,6449.24,True,,preservar; investigar contexto e escala populacional
Geo25,2022-01-10,Channel2_spend,5304.647,True,,preservar; investigar contexto e escala populacional
Geo25,2022-02-07,Channel2_spend,6090.891,True,,preservar; investigar contexto e escala populacional
Geo25,2022-04-18,Channel2_spend,5483.1304,True,,preservar; investigar contexto e escala populacional
Geo25,2022-08-15,Channel2_spend,6101.3164,True,,preservar; investigar contexto e escala populacional
Geo25,2022-08-22,Channel2_spend,12875.994,True,,preservar; investigar contexto e escala populacional
Geo25,2022-08-29,Channel2_spend,9969.053,True,,preservar; investigar contexto e escala populacional
Geo25,2022-09-26,Channel2_spend,18551.525,True,,preservar; investigar contexto e escala populacional
Geo25,2022-10-10,Channel2_spend,5163.66,True,,preservar; investigar contexto e escala populacional
Geo25,2022-10-24,Channel2_spend,8323.26,True,,preservar; investigar contexto e escala populacional
Geo25,2022-10-31,Channel2_spend,14526.722,True,,preservar; investigar contexto e escala populacional
Geo25,2022-11-07,Channel2_spend,16333.93,True,,preservar; investigar contexto e escala populacional
Geo25,2022-12-05,Channel2_spend,5246.634,True,,preservar; investigar contexto e escala populacional
Geo25,2022-12-26,Channel2_spend,5082.9824,True,,preservar; investigar contexto e escala populacional
Geo25,2023-01-09,Channel2_spend,24061.393,True,,preservar; investigar contexto e escala populacional
Geo25,2023-05-01,Channel2_spend,4774.956,True,,preservar; investigar contexto e escala populacional
Geo25,2023-06-05,Channel2_spend,13069.175,True,,preservar; investigar contexto e escala populacional
Geo25,2023-06-26,Channel2_spend,5511.2563,True,,preservar; investigar contexto e escala populacional
Geo25,2023-07-24,Channel2_spend,6527.2646,True,,preservar; investigar contexto e escala populacional
Geo25,2023-07-31,Channel2_spend,8309.408,True,,preservar; investigar contexto e escala populacional
Geo25,2023-08-14,Channel2_spend,9715.28,True,,preservar; investigar contexto e escala populacional
Geo25,2023-08-28,Channel2_spend,7753.159,True,,preservar; investigar contexto e escala populacional
Geo25,2023-09-04,Channel2_spend,10873.687,True,,preservar; investigar contexto e escala populacional
Geo25,2023-09-25,Channel2_spend,8026.5576,True,,preservar; investigar contexto e escala populacional
Geo25,2023-10-09,Channel2_spend,6685.4463,True,,preservar; investigar contexto e escala populacional
Geo25,2023-10-23,Channel2_spend,7420.5586,True,,preservar; investigar contexto e escala populacional
Geo25,2023-11-20,Channel2_spend,19233.982,True,,preservar; investigar contexto e escala populacional
Geo25,2023-12-04,Channel2_spend,9975.184,True,,preservar; investigar contexto e escala populacional
Geo26,2022-01-03,Channel2_spend,5106.2935,True,,preservar; investigar contexto e escala populacional
Geo26,2022-02-21,Channel2_spend,9054.983,True,,preservar; investigar contexto e escala populacional
Geo26,2022-09-19,Channel2_spend,7502.529,True,,preservar; investigar contexto e escala populacional
Geo26,2022-10-17,Channel2_spend,5167.9253,True,,preservar; investigar contexto e escala populacional
Geo26,2023-08-21,Channel2_spend,4855.522,True,,preservar; investigar contexto e escala populacional
Geo26,2023-11-27,Channel2_spend,4969.869,True,,preservar; investigar contexto e escala populacional
Geo27,2021-02-22,Channel2_spend,9883.501,True,,preservar; investigar contexto e escala populacional
Geo27,2021-03-15,Channel2_spend,17404.809,True,,preservar; investigar contexto e escala populacional
Geo27,2021-08-30,Channel2_spend,11887.495,True,,preservar; investigar contexto e escala populacional
Geo27,2021-09-13,Channel2_spend,7775.199,True,,preservar; investigar contexto e escala populacional
Geo27,2021-12-06,Channel2_spend,8689.381,True,,preservar; investigar contexto e escala populacional
Geo27,2022-02-21,Channel2_spend,8970.649,True,,preservar; investigar contexto e escala populacional
Geo27,2022-09-26,Channel2_spend,7514.8047,True,,preservar; investigar contexto e escala populacional
Geo27,2022-10-03,Channel2_spend,6146.764,True,,preservar; investigar contexto e escala populacional
Geo27,2022-10-31,Channel2_spend,10793.106,True,,preservar; investigar contexto e escala populacional
Geo27,2023-04-10,Channel2_spend,6371.0146,True,,preservar; investigar contexto e escala populacional
Geo27,2023-06-26,Channel2_spend,14451.721,True,,preservar; investigar contexto e escala populacional
Geo27,2023-07-10,Channel2_spend,7987.114,True,,preservar; investigar contexto e escala populacional
Geo27,2023-07-24,Channel2_spend,4976.728,True,,preservar; investigar contexto e escala populacional
Geo27,2023-08-21,Channel2_spend,7189.754,True,,preservar; investigar contexto e escala populacional
Geo27,2023-10-02,Channel2_spend,5073.969,True,,preservar; investigar contexto e escala populacional
Geo27,2023-10-23,Channel2_spend,5749.6406,True,,preservar; investigar contexto e escala populacional
Geo27,2023-10-30,Channel2_spend,11143.451,True,,preservar; investigar contexto e escala populacional
Geo27,2023-11-20,Channel2_spend,6056.1367,True,,preservar; investigar contexto e escala populacional
Geo27,2023-11-27,Channel2_spend,9892.128,True,,preservar; investigar contexto e escala populacional
Geo27,2023-12-04,Channel2_spend,9681.789,True,,preservar; investigar contexto e escala populacional
Geo28,2021-01-25,Channel2_spend,9197.092,True,,preservar; investigar contexto e escala populacional
Geo28,2021-03-15,Channel2_spend,8253.706,True,,preservar; investigar contexto e escala populacional
Geo28,2021-03-29,Channel2_spend,5089.321,True,,preservar; investigar contexto e escala populacional
Geo28,2021-05-03,Channel2_spend,10832.311,True,,preservar; investigar contexto e escala populacional
Geo28,2021-06-28,Channel2_spend,8396.58,True,,preservar; investigar contexto e escala populacional
Geo28,2021-08-30,Channel2_spend,8298.158,True,,preservar; investigar contexto e escala populacional
Geo28,2021-09-13,Channel2_spend,6242.467,True,,preservar; investigar contexto e escala populacional
Geo28,2021-10-04,Channel2_spend,5505.765,True,,preservar; investigar contexto e escala populacional
Geo28,2021-10-11,Channel2_spend,28152.764,True,,preservar; investigar contexto e escala populacional
Geo28,2021-11-08,Channel2_spend,6825.5713,True,,preservar; investigar contexto e escala populacional
Geo28,2021-12-13,Channel2_spend,12126.644,True,,preservar; investigar contexto e escala populacional
Geo28,2022-04-04,Channel2_spend,4973.213,True,,preservar; investigar contexto e escala populacional
Geo28,2022-05-02,Channel2_spend,8149.294,True,,preservar; investigar contexto e escala populacional
Geo28,2022-05-23,Channel2_spend,16485.305,True,,preservar; investigar contexto e escala populacional
Geo28,2022-06-20,Channel2_spend,6974.4204,True,,preservar; investigar contexto e escala populacional
Geo28,2022-07-11,Channel2_spend,5898.8164,True,,preservar; investigar contexto e escala populacional
Geo28,2022-07-18,Channel2_spend,5472.534,True,,preservar; investigar contexto e escala populacional
Geo28,2022-09-12,Channel2_spend,23256.787,True,,preservar; investigar contexto e escala populacional
Geo28,2022-10-03,Channel2_spend,5138.759,True,,preservar; investigar contexto e escala populacional
Geo28,2022-10-17,Channel2_spend,8180.6523,True,,preservar; investigar contexto e escala populacional
Geo28,2022-11-07,Channel2_spend,5997.804,True,,preservar; investigar contexto e escala populacional
Geo28,2022-11-14,Channel2_spend,4936.0435,True,,preservar; investigar contexto e escala populacional
Geo28,2023-01-02,Channel2_spend,6946.577,True,,preservar; investigar contexto e escala populacional
Geo28,2023-01-23,Channel2_spend,7528.7896,True,,preservar; investigar contexto e escala populacional
Geo28,2023-06-26,Channel2_spend,10022.444,True,,preservar; investigar contexto e escala populacional
Geo28,2023-07-31,Channel2_spend,10159.382,True,,preservar; investigar contexto e escala populacional
Geo28,2023-09-04,Channel2_spend,11762.529,True,,preservar; investigar contexto e escala populacional
Geo28,2023-09-25,Channel2_spend,18291.605,True,,preservar; investigar contexto e escala populacional
Geo28,2023-10-09,Channel2_spend,15806.49,True,,preservar; investigar contexto e escala populacional
Geo28,2023-10-16,Channel2_spend,6760.2017,True,,preservar; investigar contexto e escala populacional
Geo28,2023-10-23,Channel2_spend,16370.431,True,,preservar; investigar contexto e escala populacional
Geo28,2023-11-13,Channel2_spend,5004.72,True,,preservar; investigar contexto e escala populacional
Geo28,2023-11-27,Channel2_spend,6869.466,True,,preservar; investigar contexto e escala populacional
Geo28,2023-12-04,Channel2_spend,11578.168,True,,preservar; investigar contexto e escala populacional
Geo28,2024-01-08,Channel2_spend,9014.291,True,,preservar; investigar contexto e escala populacional
Geo29,2021-05-03,Channel2_spend,8214.411,True,,preservar; investigar contexto e escala populacional
Geo29,2021-08-02,Channel2_spend,10637.517,True,,preservar; investigar contexto e escala populacional
Geo29,2021-08-30,Channel2_spend,12419.482,True,,preservar; investigar contexto e escala populacional
Geo29,2021-10-11,Channel2_spend,4932.893,True,,preservar; investigar contexto e escala populacional
Geo29,2021-10-18,Channel2_spend,6529.375,True,,preservar; investigar contexto e escala populacional
Geo29,2021-11-15,Channel2_spend,7569.541,True,,preservar; investigar contexto e escala populacional
Geo29,2021-11-22,Channel2_spend,11072.642,True,,preservar; investigar contexto e escala populacional
Geo29,2021-12-13,Channel2_spend,8740.439,True,,preservar; investigar contexto e escala populacional
Geo29,2022-02-21,Channel2_spend,8765.979,True,,preservar; investigar contexto e escala populacional
Geo29,2022-03-14,Channel2_spend,4890.2246,True,,preservar; investigar contexto e escala populacional
Geo29,2022-08-22,Channel2_spend,8273.16,True,,preservar; investigar contexto e escala populacional
Geo29,2022-10-10,Channel2_spend,4743.2554,True,,preservar; investigar contexto e escala populacional
Geo29,2022-10-17,Channel2_spend,4858.7915,True,,preservar; investigar contexto e escala populacional
Geo29,2022-10-24,Channel2_spend,6756.6426,True,,preservar; investigar contexto e escala populacional
Geo29,2022-12-26,Channel2_spend,7773.2075,True,,preservar; investigar contexto e escala populacional
Geo29,2023-02-20,Channel2_spend,10162.614,True,,preservar; investigar contexto e escala populacional
Geo29,2023-06-26,Channel2_spend,8247.925,True,,preservar; investigar contexto e escala populacional
Geo29,2023-07-10,Channel2_spend,10036.177,True,,preservar; investigar contexto e escala populacional
Geo29,2023-08-21,Channel2_spend,5423.4673,True,,preservar; investigar contexto e escala populacional
Geo29,2023-12-25,Channel2_spend,10477.96,True,,preservar; investigar contexto e escala populacional
Geo3,2021-05-10,Channel2_spend,5116.548,True,,preservar; investigar contexto e escala populacional
Geo3,2021-08-30,Channel2_spend,4784.527,True,,preservar; investigar contexto e escala populacional
Geo3,2022-09-19,Channel2_spend,6229.4927,True,,preservar; investigar contexto e escala populacional
Geo3,2022-12-26,Channel2_spend,4799.649,True,,preservar; investigar contexto e escala populacional
Geo3,2023-11-27,Channel2_spend,5250.364,True,,preservar; investigar contexto e escala populacional
Geo3,2023-12-04,Channel2_spend,7019.3623,True,,preservar; investigar contexto e escala populacional
Geo30,2021-02-01,Channel2_spend,8164.364,True,,preservar; investigar contexto e escala populacional
Geo30,2021-07-05,Channel2_spend,4869.7075,True,,preservar; investigar contexto e escala populacional
Geo30,2021-08-30,Channel2_spend,7574.9653,True,,preservar; investigar contexto e escala populacional
Geo30,2021-10-04,Channel2_spend,5082.0464,True,,preservar; investigar contexto e escala populacional
Geo30,2022-01-17,Channel2_spend,7782.8457,True,,preservar; investigar contexto e escala populacional
Geo30,2022-10-31,Channel2_spend,9162.724,True,,preservar; investigar contexto e escala populacional
Geo30,2023-09-04,Channel2_spend,6215.6636,True,,preservar; investigar contexto e escala populacional
Geo30,2023-10-09,Channel2_spend,5993.962,True,,preservar; investigar contexto e escala populacional
Geo30,2023-11-13,Channel2_spend,5981.285,True,,preservar; investigar contexto e escala populacional
Geo30,2023-11-27,Channel2_spend,8210.77,True,,preservar; investigar contexto e escala populacional
Geo30,2023-12-04,Channel2_spend,6420.1626,True,,preservar; investigar contexto e escala populacional
Geo31,2021-02-01,Channel2_spend,9418.206,True,,preservar; investigar contexto e escala populacional
Geo31,2021-05-10,Channel2_spend,9727.102,True,,preservar; investigar contexto e escala populacional
Geo31,2021-06-14,Channel2_spend,9486.927,True,,preservar; investigar contexto e escala populacional
Geo31,2021-06-21,Channel2_spend,10889.344,True,,preservar; investigar contexto e escala populacional
Geo31,2021-08-02,Channel2_spend,7391.273,True,,preservar; investigar contexto e escala populacional
Geo31,2021-08-30,Channel2_spend,16345.537,True,,preservar; investigar contexto e escala populacional
Geo31,2021-09-13,Channel2_spend,26434.496,True,,preservar; investigar contexto e escala populacional
Geo31,2021-09-27,Channel2_spend,5586.3164,True,,preservar; investigar contexto e escala populacional
Geo31,2021-11-08,Channel2_spend,7797.544,True,,preservar; investigar contexto e escala populacional
Geo31,2021-11-29,Channel2_spend,7166.703,True,,preservar; investigar contexto e escala populacional
Geo31,2021-12-27,Channel2_spend,6940.0225,True,,preservar; investigar contexto e escala populacional
Geo31,2022-02-21,Channel2_spend,22731.02,True,,preservar; investigar contexto e escala populacional
Geo31,2022-04-11,Channel2_spend,9645.02,True,,preservar; investigar contexto e escala populacional
Geo31,2022-06-20,Channel2_spend,4870.4956,True,,preservar; investigar contexto e escala populacional
Geo31,2022-09-19,Channel2_spend,25955.535,True,,preservar; investigar contexto e escala populacional
Geo31,2022-10-10,Channel2_spend,9204.04,True,,preservar; investigar contexto e escala populacional
Geo31,2022-10-17,Channel2_spend,22308.697,True,,preservar; investigar contexto e escala populacional
Geo31,2022-12-05,Channel2_spend,9970.153,True,,preservar; investigar contexto e escala populacional
Geo31,2022-12-19,Channel2_spend,9792.056,True,,preservar; investigar contexto e escala populacional
Geo31,2023-01-02,Channel2_spend,18466.018,True,,preservar; investigar contexto e escala populacional
Geo31,2023-01-09,Channel2_spend,20559.361,True,,preservar; investigar contexto e escala populacional
Geo31,2023-01-23,Channel2_spend,6883.4585,True,,preservar; investigar contexto e escala populacional
Geo31,2023-02-20,Channel2_spend,7114.1143,True,,preservar; investigar contexto e escala populacional
Geo31,2023-04-17,Channel2_spend,11915.302,True,,preservar; investigar contexto e escala populacional
Geo31,2023-06-12,Channel2_spend,21332.78,True,,preservar; investigar contexto e escala populacional
Geo31,2023-09-04,Channel2_spend,24028.756,True,,preservar; investigar contexto e escala populacional
Geo31,2023-10-02,Channel2_spend,20055.678,True,,preservar; investigar contexto e escala populacional
Geo31,2023-10-09,Channel2_spend,14226.178,True,,preservar; investigar contexto e escala populacional
Geo31,2023-11-27,Channel2_spend,7333.609,True,,preservar; investigar contexto e escala populacional
Geo31,2023-12-04,Channel2_spend,19448.586,True,,preservar; investigar contexto e escala populacional
Geo32,2021-03-29,Channel2_spend,16311.117,True,,preservar; investigar contexto e escala populacional
Geo32,2021-05-17,Channel2_spend,8793.979,True,,preservar; investigar contexto e escala populacional
Geo32,2021-06-07,Channel2_spend,4893.68,True,,preservar; investigar contexto e escala populacional
Geo32,2021-07-05,Channel2_spend,7008.7217,True,,preservar; investigar contexto e escala populacional
Geo32,2021-08-02,Channel2_spend,4863.2573,True,,preservar; investigar contexto e escala populacional
Geo32,2021-08-09,Channel2_spend,12722.56,True,,preservar; investigar contexto e escala populacional
Geo32,2021-09-13,Channel2_spend,5292.765,True,,preservar; investigar contexto e escala populacional
Geo32,2021-10-04,Channel2_spend,5212.199,True,,preservar; investigar contexto e escala populacional
Geo32,2021-10-11,Channel2_spend,6287.8994,True,,preservar; investigar contexto e escala populacional
Geo32,2021-10-18,Channel2_spend,10535.007,True,,preservar; investigar contexto e escala populacional
Geo32,2021-11-08,Channel2_spend,7478.8467,True,,preservar; investigar contexto e escala populacional
Geo32,2021-11-15,Channel2_spend,5402.7207,True,,preservar; investigar contexto e escala populacional
Geo32,2022-01-03,Channel2_spend,6260.212,True,,preservar; investigar contexto e escala populacional
Geo32,2022-03-14,Channel2_spend,13308.035,True,,preservar; investigar contexto e escala populacional
Geo32,2022-05-02,Channel2_spend,10490.66,True,,preservar; investigar contexto e escala populacional
Geo32,2022-06-13,Channel2_spend,9290.892,True,,preservar; investigar contexto e escala populacional
Geo32,2022-07-04,Channel2_spend,7888.7954,True,,preservar; investigar contexto e escala populacional
Geo32,2022-08-22,Channel2_spend,7013.9604,True,,preservar; investigar contexto e escala populacional
Geo32,2022-08-29,Channel2_spend,6156.2383,True,,preservar; investigar contexto e escala populacional
Geo32,2022-09-05,Channel2_spend,17056.453,True,,preservar; investigar contexto e escala populacional
Geo32,2022-09-12,Channel2_spend,12050.009,True,,preservar; investigar contexto e escala populacional
Geo32,2022-11-21,Channel2_spend,15917.501,True,,preservar; investigar contexto e escala populacional
Geo32,2022-12-05,Channel2_spend,6128.9893,True,,preservar; investigar contexto e escala populacional
Geo32,2023-06-26,Channel2_spend,11981.548,True,,preservar; investigar contexto e escala populacional
Geo32,2023-07-24,Channel2_spend,12137.263,True,,preservar; investigar contexto e escala populacional
Geo32,2023-07-31,Channel2_spend,6102.119,True,,preservar; investigar contexto e escala populacional
Geo32,2023-09-04,Channel2_spend,5008.859,True,,preservar; investigar contexto e escala populacional
Geo32,2023-09-11,Channel2_spend,5929.35,True,,preservar; investigar contexto e escala populacional
Geo32,2023-11-06,Channel2_spend,6076.5864,True,,preservar; investigar contexto e escala populacional
Geo32,2023-11-20,Channel2_spend,14485.837,True,,preservar; investigar contexto e escala populacional
Geo32,2023-11-27,Channel2_spend,10670.124,True,,preservar; investigar contexto e escala populacional
Geo32,2023-12-04,Channel2_spend,19320.322,True,,preservar; investigar contexto e escala populacional
Geo33,2021-02-01,Channel2_spend,9946.716,True,,preservar; investigar contexto e escala populacional
Geo33,2021-06-14,Channel2_spend,7251.4155,True,,preservar; investigar contexto e escala populacional
Geo33,2021-07-26,Channel2_spend,6904.6514,True,,preservar; investigar contexto e escala populacional
Geo33,2021-08-02,Channel2_spend,6135.469,True,,preservar; investigar contexto e escala populacional
Geo33,2021-09-13,Channel2_spend,9228.71,True,,preservar; investigar contexto e escala populacional
Geo33,2021-10-18,Channel2_spend,13044.587,True,,preservar; investigar contexto e escala populacional
Geo33,2021-11-15,Channel2_spend,13781.838,True,,preservar; investigar contexto e escala populacional
Geo33,2021-11-22,Channel2_spend,14901.471,True,,preservar; investigar contexto e escala populacional
Geo33,2021-12-13,Channel2_spend,6521.5205,True,,preservar; investigar contexto e escala populacional
Geo33,2022-02-21,Channel2_spend,5429.1074,True,,preservar; investigar contexto e escala populacional
Geo33,2022-03-14,Channel2_spend,7708.1797,True,,preservar; investigar contexto e escala populacional
Geo33,2022-05-02,Channel2_spend,5105.112,True,,preservar; investigar contexto e escala populacional
Geo33,2022-05-16,Channel2_spend,7532.4976,True,,preservar; investigar contexto e escala populacional
Geo33,2022-06-13,Channel2_spend,12463.035,True,,preservar; investigar contexto e escala populacional
Geo33,2022-07-18,Channel2_spend,10258.413,True,,preservar; investigar contexto e escala populacional
Geo33,2022-09-19,Channel2_spend,5827.019,True,,preservar; investigar contexto e escala populacional
Geo33,2022-10-03,Channel2_spend,17052.365,True,,preservar; investigar contexto e escala populacional
Geo33,2022-10-10,Channel2_spend,17845.453,True,,preservar; investigar contexto e escala populacional
Geo33,2022-10-17,Channel2_spend,12475.348,True,,preservar; investigar contexto e escala populacional
Geo33,2022-11-07,Channel2_spend,22084.951,True,,preservar; investigar contexto e escala populacional
Geo33,2022-12-19,Channel2_spend,11642.178,True,,preservar; investigar contexto e escala populacional
Geo33,2023-01-30,Channel2_spend,4974.298,True,,preservar; investigar contexto e escala populacional
Geo33,2023-06-26,Channel2_spend,11878.608,True,,preservar; investigar contexto e escala populacional
Geo33,2023-08-21,Channel2_spend,6174.1177,True,,preservar; investigar contexto e escala populacional
Geo33,2023-08-28,Channel2_spend,11204.392,True,,preservar; investigar contexto e escala populacional
Geo33,2023-09-11,Channel2_spend,13881.227,True,,preservar; investigar contexto e escala populacional
Geo33,2023-09-25,Channel2_spend,5985.186,True,,preservar; investigar contexto e escala populacional
Geo33,2023-12-04,Channel2_spend,5504.0635,True,,preservar; investigar contexto e escala populacional
Geo33,2024-01-01,Channel2_spend,7896.4126,True,,preservar; investigar contexto e escala populacional
Geo34,2021-02-08,Channel2_spend,5333.219,True,,preservar; investigar contexto e escala populacional
Geo34,2021-03-01,Channel2_spend,5361.323,True,,preservar; investigar contexto e escala populacional
Geo34,2021-03-08,Channel2_spend,5824.3735,True,,preservar; investigar contexto e escala populacional
Geo34,2021-08-30,Channel2_spend,6332.8716,True,,preservar; investigar contexto e escala populacional
Geo34,2021-10-04,Channel2_spend,4922.363,True,,preservar; investigar contexto e escala populacional
Geo34,2021-11-22,Channel2_spend,9280.972,True,,preservar; investigar contexto e escala populacional
Geo34,2022-02-21,Channel2_spend,9629.192,True,,preservar; investigar contexto e escala populacional
Geo34,2022-05-09,Channel2_spend,12981.453,True,,preservar; investigar contexto e escala populacional
Geo34,2022-05-30,Channel2_spend,9548.805,True,,preservar; investigar contexto e escala populacional
Geo34,2022-08-22,Channel2_spend,7316.4585,True,,preservar; investigar contexto e escala populacional
Geo34,2022-09-12,Channel2_spend,7816.4185,True,,preservar; investigar contexto e escala populacional
Geo34,2022-09-19,Channel2_spend,9830.043,True,,preservar; investigar contexto e escala populacional
Geo34,2022-09-26,Channel2_spend,24655.176,True,,preservar; investigar contexto e escala populacional
Geo34,2022-10-31,Channel2_spend,23983.078,True,,preservar; investigar contexto e escala populacional
Geo34,2022-11-21,Channel2_spend,14583.568,True,,preservar; investigar contexto e escala populacional
Geo34,2022-12-19,Channel2_spend,4836.2686,True,,preservar; investigar contexto e escala populacional
Geo34,2023-01-02,Channel2_spend,15790.759,True,,preservar; investigar contexto e escala populacional
Geo34,2023-05-01,Channel2_spend,10111.251,True,,preservar; investigar contexto e escala populacional
Geo34,2023-06-26,Channel2_spend,14779.113,True,,preservar; investigar contexto e escala populacional
Geo34,2023-07-10,Channel2_spend,14158.95,True,,preservar; investigar contexto e escala populacional
Geo34,2023-07-31,Channel2_spend,11680.299,True,,preservar; investigar contexto e escala populacional
Geo34,2023-09-25,Channel2_spend,11610.307,True,,preservar; investigar contexto e escala populacional
Geo34,2023-10-09,Channel2_spend,9031.709,True,,preservar; investigar contexto e escala populacional
Geo34,2023-11-27,Channel2_spend,8991.315,True,,preservar; investigar contexto e escala populacional
Geo34,2023-12-04,Channel2_spend,5454.7295,True,,preservar; investigar contexto e escala populacional
Geo34,2024-01-01,Channel2_spend,7322.641,True,,preservar; investigar contexto e escala populacional
Geo35,2021-01-25,Channel2_spend,9270.873,True,,preservar; investigar contexto e escala populacional
Geo35,2021-02-08,Channel2_spend,7710.342,True,,preservar; investigar contexto e escala populacional
Geo35,2021-03-08,Channel2_spend,15308.514,True,,preservar; investigar contexto e escala populacional
Geo35,2021-03-29,Channel2_spend,10491.365,True,,preservar; investigar contexto e escala populacional
Geo35,2021-04-05,Channel2_spend,23952.834,True,,preservar; investigar contexto e escala populacional
Geo35,2021-06-07,Channel2_spend,14459.494,True,,preservar; investigar contexto e escala populacional
Geo35,2021-08-30,Channel2_spend,18659.63,True,,preservar; investigar contexto e escala populacional
Geo35,2021-10-04,Channel2_spend,15459.436,True,,preservar; investigar contexto e escala populacional
Geo35,2021-10-18,Channel2_spend,11490.193,True,,preservar; investigar contexto e escala populacional
Geo35,2021-11-01,Channel2_spend,6443.7485,True,,preservar; investigar contexto e escala populacional
Geo35,2021-11-08,Channel2_spend,5357.139,True,,preservar; investigar contexto e escala populacional
Geo35,2021-11-22,Channel2_spend,29745.262,True,,preservar; investigar contexto e escala populacional
Geo35,2021-12-13,Channel2_spend,9241.514,True,,preservar; investigar contexto e escala populacional
Geo35,2022-01-24,Channel2_spend,5388.9805,True,,preservar; investigar contexto e escala populacional
Geo35,2022-02-21,Channel2_spend,10011.625,True,,preservar; investigar contexto e escala populacional
Geo35,2022-07-11,Channel2_spend,11117.079,True,,preservar; investigar contexto e escala populacional
Geo35,2022-08-01,Channel2_spend,10128.647,True,,preservar; investigar contexto e escala populacional
Geo35,2022-08-22,Channel2_spend,5946.33,True,,preservar; investigar contexto e escala populacional
Geo35,2022-09-05,Channel2_spend,6330.003,True,,preservar; investigar contexto e escala populacional
Geo35,2022-09-12,Channel2_spend,7403.861,True,,preservar; investigar contexto e escala populacional
Geo35,2022-09-26,Channel2_spend,5855.9473,True,,preservar; investigar contexto e escala populacional
Geo35,2022-10-03,Channel2_spend,8771.983,True,,preservar; investigar contexto e escala populacional
Geo35,2022-10-10,Channel2_spend,9560.382,True,,preservar; investigar contexto e escala populacional
Geo35,2022-10-17,Channel2_spend,12920.223,True,,preservar; investigar contexto e escala populacional
Geo35,2022-10-31,Channel2_spend,12771.151,True,,preservar; investigar contexto e escala populacional
Geo35,2022-11-07,Channel2_spend,26450.271,True,,preservar; investigar contexto e escala populacional
Geo35,2022-11-21,Channel2_spend,6385.0815,True,,preservar; investigar contexto e escala populacional
Geo35,2022-12-05,Channel2_spend,6564.516,True,,preservar; investigar contexto e escala populacional
Geo35,2023-01-23,Channel2_spend,7879.1724,True,,preservar; investigar contexto e escala populacional
Geo35,2023-02-27,Channel2_spend,7496.703,True,,preservar; investigar contexto e escala populacional
Geo35,2023-09-25,Channel2_spend,27348.129,True,,preservar; investigar contexto e escala populacional
Geo35,2023-10-02,Channel2_spend,8534.134,True,,preservar; investigar contexto e escala populacional
Geo35,2023-10-09,Channel2_spend,4973.473,True,,preservar; investigar contexto e escala populacional
Geo35,2023-10-23,Channel2_spend,16549.412,True,,preservar; investigar contexto e escala populacional
Geo35,2023-11-27,Channel2_spend,8325.385,True,,preservar; investigar contexto e escala populacional
Geo35,2023-12-04,Channel2_spend,12238.339,True,,preservar; investigar contexto e escala populacional
Geo35,2023-12-11,Channel2_spend,5755.697,True,,preservar; investigar contexto e escala populacional
Geo35,2023-12-18,Channel2_spend,14297.121,True,,preservar; investigar contexto e escala populacional
Geo36,2021-02-15,Channel2_spend,8660.995,True,,preservar; investigar contexto e escala populacional
Geo36,2021-02-22,Channel2_spend,8370.877,True,,preservar; investigar contexto e escala populacional
Geo36,2021-07-26,Channel2_spend,5159.9077,True,,preservar; investigar contexto e escala populacional
Geo36,2021-08-02,Channel2_spend,4767.904,True,,preservar; investigar contexto e escala populacional
Geo36,2021-08-30,Channel2_spend,35839.035,True,,preservar; investigar contexto e escala populacional
Geo36,2021-10-04,Channel2_spend,8967.164,True,,preservar; investigar contexto e escala populacional
Geo36,2021-11-22,Channel2_spend,30915.314,True,,preservar; investigar contexto e escala populacional
Geo36,2021-12-13,Channel2_spend,15517.695,True,,preservar; investigar contexto e escala populacional
Geo36,2022-01-03,Channel2_spend,10163.364,True,,preservar; investigar contexto e escala populacional
Geo36,2022-01-17,Channel2_spend,13262.788,True,,preservar; investigar contexto e escala populacional
Geo36,2022-05-02,Channel2_spend,7605.8857,True,,preservar; investigar contexto e escala populacional
Geo36,2022-05-23,Channel2_spend,19935.09,True,,preservar; investigar contexto e escala populacional
Geo36,2022-07-04,Channel2_spend,12786.785,True,,preservar; investigar contexto e escala populacional
Geo36,2022-08-01,Channel2_spend,6908.7754,True,,preservar; investigar contexto e escala populacional
Geo36,2022-08-29,Channel2_spend,20834.812,True,,preservar; investigar contexto e escala populacional
Geo36,2022-09-19,Channel2_spend,17463.906,True,,preservar; investigar contexto e escala populacional
Geo36,2022-09-26,Channel2_spend,17078.953,True,,preservar; investigar contexto e escala populacional
Geo36,2022-10-24,Channel2_spend,6168.3955,True,,preservar; investigar contexto e escala populacional
Geo36,2022-10-31,Channel2_spend,9031.679,True,,preservar; investigar contexto e escala populacional
Geo36,2022-11-21,Channel2_spend,36134.383,True,,preservar; investigar contexto e escala populacional
Geo36,2022-12-26,Channel2_spend,22797.89,True,,preservar; investigar contexto e escala populacional
Geo36,2023-01-16,Channel2_spend,6173.456,True,,preservar; investigar contexto e escala populacional
Geo36,2023-01-23,Channel2_spend,14530.623,True,,preservar; investigar contexto e escala populacional
Geo36,2023-03-27,Channel2_spend,6152.2183,True,,preservar; investigar contexto e escala populacional
Geo36,2023-05-01,Channel2_spend,23481.49,True,,preservar; investigar contexto e escala populacional
Geo36,2023-05-22,Channel2_spend,19038.072,True,,preservar; investigar contexto e escala populacional
Geo36,2023-07-10,Channel2_spend,18029.027,True,,preservar; investigar contexto e escala populacional
Geo36,2023-07-31,Channel2_spend,12876.492,True,,preservar; investigar contexto e escala populacional
Geo36,2023-08-07,Channel2_spend,7351.733,True,,preservar; investigar contexto e escala populacional
Geo36,2023-09-11,Channel2_spend,10880.211,True,,preservar; investigar contexto e escala populacional
Geo36,2023-09-25,Channel2_spend,9622.051,True,,preservar; investigar contexto e escala populacional
Geo36,2023-10-02,Channel2_spend,17320.795,True,,preservar; investigar contexto e escala populacional
Geo36,2023-10-09,Channel2_spend,27822.883,True,,preservar; investigar contexto e escala populacional
Geo36,2023-10-23,Channel2_spend,16372.519,True,,preservar; investigar contexto e escala populacional
Geo36,2023-11-20,Channel2_spend,4928.4346,True,,preservar; investigar contexto e escala populacional
Geo36,2023-12-04,Channel2_spend,25699.467,True,,preservar; investigar contexto e escala populacional
Geo36,2023-12-25,Channel2_spend,18699.371,True,,preservar; investigar contexto e escala populacional
Geo36,2024-01-01,Channel2_spend,10843.881,True,,preservar; investigar contexto e escala populacional
Geo37,2021-02-08,Channel2_spend,6890.384,True,,preservar; investigar contexto e escala populacional
Geo37,2021-06-28,Channel2_spend,8498.674,True,,preservar; investigar contexto e escala populacional
Geo37,2021-07-26,Channel2_spend,4773.544,True,,preservar; investigar contexto e escala populacional
Geo37,2021-10-18,Channel2_spend,8252.934,True,,preservar; investigar contexto e escala populacional
Geo37,2021-11-22,Channel2_spend,11624.5,True,,preservar; investigar contexto e escala populacional
Geo37,2022-10-10,Channel2_spend,5000.076,True,,preservar; investigar contexto e escala populacional
Geo37,2022-10-24,Channel2_spend,6716.01,True,,preservar; investigar contexto e escala populacional
Geo37,2022-11-14,Channel2_spend,12610.152,True,,preservar; investigar contexto e escala populacional
Geo37,2022-12-19,Channel2_spend,6979.3394,True,,preservar; investigar contexto e escala populacional
Geo37,2023-10-02,Channel2_spend,6245.558,True,,preservar; investigar contexto e escala populacional
Geo38,2022-01-10,Channel2_spend,5899.6113,True,,preservar; investigar contexto e escala populacional
Geo38,2022-01-17,Channel2_spend,6229.983,True,,preservar; investigar contexto e escala populacional
Geo38,2022-09-12,Channel2_spend,6670.243,True,,preservar; investigar contexto e escala populacional
Geo38,2023-11-13,Channel2_spend,6885.8735,True,,preservar; investigar contexto e escala populacional
Geo39,2021-02-22,Channel2_spend,7170.1953,True,,preservar; investigar contexto e escala populacional
Geo39,2021-05-17,Channel2_spend,5406.5625,True,,preservar; investigar contexto e escala populacional
Geo39,2021-07-05,Channel2_spend,21576.723,True,,preservar; investigar contexto e escala populacional
Geo39,2021-08-30,Channel2_spend,14423.001,True,,preservar; investigar contexto e escala populacional
Geo39,2021-09-13,Channel2_spend,7511.5947,True,,preservar; investigar contexto e escala populacional
Geo39,2021-10-11,Channel2_spend,6810.16,True,,preservar; investigar contexto e escala populacional
Geo39,2021-10-18,Channel2_spend,10526.826,True,,preservar; investigar contexto e escala populacional
Geo39,2021-11-15,Channel2_spend,7256.2754,True,,preservar; investigar contexto e escala populacional
Geo39,2021-11-22,Channel2_spend,7427.7734,True,,preservar; investigar contexto e escala populacional
Geo39,2021-12-06,Channel2_spend,10111.237,True,,preservar; investigar contexto e escala populacional
Geo39,2022-02-07,Channel2_spend,7576.7266,True,,preservar; investigar contexto e escala populacional
Geo39,2022-05-30,Channel2_spend,11130.12,True,,preservar; investigar contexto e escala populacional
Geo39,2022-06-20,Channel2_spend,5568.564,True,,preservar; investigar contexto e escala populacional
Geo39,2022-07-04,Channel2_spend,12332.184,True,,preservar; investigar contexto e escala populacional
Geo39,2022-08-29,Channel2_spend,11100.642,True,,preservar; investigar contexto e escala populacional
Geo39,2022-10-10,Channel2_spend,15071.022,True,,preservar; investigar contexto e escala populacional
Geo39,2022-10-17,Channel2_spend,17022.42,True,,preservar; investigar contexto e escala populacional
Geo39,2022-10-31,Channel2_spend,16697.613,True,,preservar; investigar contexto e escala populacional
Geo39,2022-11-07,Channel2_spend,8160.329,True,,preservar; investigar contexto e escala populacional
Geo39,2022-12-05,Channel2_spend,8453.553,True,,preservar; investigar contexto e escala populacional
Geo39,2022-12-19,Channel2_spend,12648.578,True,,preservar; investigar contexto e escala populacional
Geo39,2023-01-09,Channel2_spend,8115.892,True,,preservar; investigar contexto e escala populacional
Geo39,2023-05-22,Channel2_spend,4814.407,True,,preservar; investigar contexto e escala populacional
Geo39,2023-05-29,Channel2_spend,9792.599,True,,preservar; investigar contexto e escala populacional
Geo39,2023-06-26,Channel2_spend,8913.52,True,,preservar; investigar contexto e escala populacional
Geo39,2023-09-04,Channel2_spend,13461.655,True,,preservar; investigar contexto e escala populacional
Geo39,2023-09-11,Channel2_spend,8686.052,True,,preservar; investigar contexto e escala populacional
Geo39,2023-09-25,Channel2_spend,10057.608,True,,preservar; investigar contexto e escala populacional
Geo39,2023-10-02,Channel2_spend,19517.025,True,,preservar; investigar contexto e escala populacional
Geo39,2023-10-16,Channel2_spend,6681.5454,True,,preservar; investigar contexto e escala populacional
Geo39,2023-10-23,Channel2_spend,4851.056,True,,preservar; investigar contexto e escala populacional
Geo39,2023-11-27,Channel2_spend,11650.642,True,,preservar; investigar contexto e escala populacional
Geo39,2024-01-15,Channel2_spend,7002.7544,True,,preservar; investigar contexto e escala populacional
Geo4,2021-04-05,Channel2_spend,6627.9385,True,,preservar; investigar contexto e escala populacional
Geo4,2021-06-28,Channel2_spend,6418.149,True,,preservar; investigar contexto e escala populacional
Geo4,2021-10-04,Channel2_spend,6726.25,True,,preservar; investigar contexto e escala populacional
Geo4,2022-01-03,Channel2_spend,7446.1504,True,,preservar; investigar contexto e escala populacional
Geo4,2022-08-01,Channel2_spend,8776.635,True,,preservar; investigar contexto e escala populacional
Geo4,2022-08-22,Channel2_spend,8958.143,True,,preservar; investigar contexto e escala populacional
Geo4,2022-11-14,Channel2_spend,7438.006,True,,preservar; investigar contexto e escala populacional
Geo4,2022-12-19,Channel2_spend,8522.483,True,,preservar; investigar contexto e escala populacional
Geo4,2023-01-09,Channel2_spend,5550.4023,True,,preservar; investigar contexto e escala populacional
Geo4,2023-09-04,Channel2_spend,6157.524,True,,preservar; investigar contexto e escala populacional
Geo4,2023-09-25,Channel2_spend,5702.826,True,,preservar; investigar contexto e escala populacional
Geo4,2023-10-09,Channel2_spend,12994.361,True,,preservar; investigar contexto e escala populacional
Geo4,2023-12-04,Channel2_spend,6187.0845,True,,preservar; investigar contexto e escala populacional
Geo5,2021-03-08,Channel2_spend,7443.921,True,,preservar; investigar contexto e escala populacional
Geo5,2021-03-29,Channel2_spend,4805.787,True,,preservar; investigar contexto e escala populacional
Geo5,2021-07-26,Channel2_spend,6288.888,True,,preservar; investigar contexto e escala populacional
Geo5,2021-08-30,Channel2_spend,5820.7393,True,,preservar; investigar contexto e escala populacional
Geo5,2021-09-13,Channel2_spend,9003.115,True,,preservar; investigar contexto e escala populacional
Geo5,2021-09-20,Channel2_spend,5282.31,True,,preservar; investigar contexto e escala populacional
Geo5,2021-10-04,Channel2_spend,8316.134,True,,preservar; investigar contexto e escala populacional
Geo5,2021-10-11,Channel2_spend,7533.3003,True,,preservar; investigar contexto e escala populacional
Geo5,2021-12-27,Channel2_spend,7577.165,True,,preservar; investigar contexto e escala populacional
Geo5,2022-01-03,Channel2_spend,5579.9556,True,,preservar; investigar contexto e escala populacional
Geo5,2022-09-12,Channel2_spend,6991.177,True,,preservar; investigar contexto e escala populacional
Geo5,2022-11-07,Channel2_spend,5406.198,True,,preservar; investigar contexto e escala populacional
Geo5,2022-11-28,Channel2_spend,5713.1694,True,,preservar; investigar contexto e escala populacional
Geo5,2023-05-01,Channel2_spend,5804.2505,True,,preservar; investigar contexto e escala populacional
Geo5,2023-09-25,Channel2_spend,6982.1265,True,,preservar; investigar contexto e escala populacional
Geo5,2023-10-23,Channel2_spend,13169.248,True,,preservar; investigar contexto e escala populacional
Geo5,2024-01-15,Channel2_spend,7273.114,True,,preservar; investigar contexto e escala populacional
Geo7,2021-02-22,Channel2_spend,5948.8267,True,,preservar; investigar contexto e escala populacional
Geo7,2021-03-22,Channel2_spend,13893.644,True,,preservar; investigar contexto e escala populacional
Geo7,2021-03-29,Channel2_spend,5817.73,True,,preservar; investigar contexto e escala populacional
Geo7,2021-05-17,Channel2_spend,8232.981,True,,preservar; investigar contexto e escala populacional
Geo7,2021-08-09,Channel2_spend,8774.733,True,,preservar; investigar contexto e escala populacional
Geo7,2021-08-30,Channel2_spend,6932.183,True,,preservar; investigar contexto e escala populacional
Geo7,2021-09-13,Channel2_spend,5138.3877,True,,preservar; investigar contexto e escala populacional
Geo7,2021-10-25,Channel2_spend,9183.902,True,,preservar; investigar contexto e escala populacional
Geo7,2021-11-08,Channel2_spend,13999.884,True,,preservar; investigar contexto e escala populacional
Geo7,2021-11-22,Channel2_spend,8345.798,True,,preservar; investigar contexto e escala populacional
Geo7,2021-12-06,Channel2_spend,17654.004,True,,preservar; investigar contexto e escala populacional
Geo7,2021-12-13,Channel2_spend,8272.291,True,,preservar; investigar contexto e escala populacional
Geo7,2022-02-28,Channel2_spend,7062.3657,True,,preservar; investigar contexto e escala populacional
Geo7,2022-03-21,Channel2_spend,9099.316,True,,preservar; investigar contexto e escala populacional
Geo7,2022-05-16,Channel2_spend,9499.946,True,,preservar; investigar contexto e escala populacional
Geo7,2022-05-23,Channel2_spend,5621.8286,True,,preservar; investigar contexto e escala populacional
Geo7,2022-05-30,Channel2_spend,13806.397,True,,preservar; investigar contexto e escala populacional
Geo7,2022-06-13,Channel2_spend,11645.254,True,,preservar; investigar contexto e escala populacional
Geo7,2022-07-04,Channel2_spend,7956.729,True,,preservar; investigar contexto e escala populacional
Geo7,2022-07-18,Channel2_spend,13987.675,True,,preservar; investigar contexto e escala populacional
Geo7,2022-10-17,Channel2_spend,14409.476,True,,preservar; investigar contexto e escala populacional
Geo7,2022-11-07,Channel2_spend,5368.486,True,,preservar; investigar contexto e escala populacional
Geo7,2022-11-21,Channel2_spend,7160.2456,True,,preservar; investigar contexto e escala populacional
Geo7,2022-12-12,Channel2_spend,12783.939,True,,preservar; investigar contexto e escala populacional
Geo7,2023-01-09,Channel2_spend,7821.1074,True,,preservar; investigar contexto e escala populacional
Geo7,2023-01-23,Channel2_spend,5018.809,True,,preservar; investigar contexto e escala populacional
Geo7,2023-02-20,Channel2_spend,7417.14,True,,preservar; investigar contexto e escala populacional
Geo7,2023-02-27,Channel2_spend,4736.2183,True,,preservar; investigar contexto e escala populacional
Geo7,2023-06-26,Channel2_spend,10220.553,True,,preservar; investigar contexto e escala populacional
Geo7,2023-07-17,Channel2_spend,8700.973,True,,preservar; investigar contexto e escala populacional
Geo7,2023-07-24,Channel2_spend,12793.793,True,,preservar; investigar contexto e escala populacional
Geo7,2023-09-04,Channel2_spend,8137.5537,True,,preservar; investigar contexto e escala populacional
Geo7,2023-09-25,Channel2_spend,15014.718,True,,preservar; investigar contexto e escala populacional
Geo7,2023-10-02,Channel2_spend,7046.166,True,,preservar; investigar contexto e escala populacional
Geo7,2023-10-09,Channel2_spend,15608.999,True,,preservar; investigar contexto e escala populacional
Geo7,2023-10-23,Channel2_spend,10707.739,True,,preservar; investigar contexto e escala populacional
Geo7,2023-11-13,Channel2_spend,16188.782,True,,preservar; investigar contexto e escala populacional
Geo7,2023-11-20,Channel2_spend,7712.148,True,,preservar; investigar contexto e escala populacional
Geo7,2023-11-27,Channel2_spend,20934.393,True,,preservar; investigar contexto e escala populacional
Geo8,2021-03-29,Channel2_spend,5639.217,True,,preservar; investigar contexto e escala populacional
Geo8,2021-05-10,Channel2_spend,5687.392,True,,preservar; investigar contexto e escala populacional
Geo8,2021-09-13,Channel2_spend,5966.4526,True,,preservar; investigar contexto e escala populacional
Geo8,2021-09-27,Channel2_spend,5127.7314,True,,preservar; investigar contexto e escala populacional
Geo8,2021-10-11,Channel2_spend,5353.654,True,,preservar; investigar contexto e escala populacional
Geo8,2021-11-22,Channel2_spend,5510.439,True,,preservar; investigar contexto e escala populacional
Geo8,2022-02-21,Channel2_spend,6011.3877,True,,preservar; investigar contexto e escala populacional
Geo8,2022-05-02,Channel2_spend,4967.7583,True,,preservar; investigar contexto e escala populacional
Geo8,2022-09-12,Channel2_spend,6687.0513,True,,preservar; investigar contexto e escala populacional
Geo8,2022-09-19,Channel2_spend,9746.609,True,,preservar; investigar contexto e escala populacional
Geo8,2022-10-10,Channel2_spend,5653.0234,True,,preservar; investigar contexto e escala populacional
Geo8,2022-11-14,Channel2_spend,4909.3296,True,,preservar; investigar contexto e escala populacional
Geo8,2022-12-26,Channel2_spend,8520.194,True,,preservar; investigar contexto e escala populacional
Geo8,2023-11-06,Channel2_spend,6395.373,True,,preservar; investigar contexto e escala populacional
Geo8,2023-12-25,Channel2_spend,9306.46,True,,preservar; investigar contexto e escala populacional
Geo9,2021-02-22,Channel2_spend,4778.5376,True,,preservar; investigar contexto e escala populacional
Geo9,2021-08-02,Channel2_spend,8484.109,True,,preservar; investigar contexto e escala populacional
Geo9,2021-08-09,Channel2_spend,18405.447,True,,preservar; investigar contexto e escala populacional
Geo9,2021-08-30,Channel2_spend,11105.115,True,,preservar; investigar contexto e escala populacional
Geo9,2021-10-11,Channel2_spend,4892.461,True,,preservar; investigar contexto e escala populacional
Geo9,2021-10-18,Channel2_spend,6051.418,True,,preservar; investigar contexto e escala populacional
Geo9,2021-11-22,Channel2_spend,5579.0044,True,,preservar; investigar contexto e escala populacional
Geo9,2021-12-06,Channel2_spend,4781.614,True,,preservar; investigar contexto e escala populacional
Geo9,2022-01-03,Channel2_spend,6688.226,True,,preservar; investigar contexto e escala populacional
Geo9,2022-07-18,Channel2_spend,7843.7866,True,,preservar; investigar contexto e escala populacional
Geo9,2022-09-26,Channel2_spend,8469.522,True,,preservar; investigar contexto e escala populacional
Geo9,2022-10-03,Channel2_spend,6767.3057,True,,preservar; investigar contexto e escala populacional
Geo9,2022-10-10,Channel2_spend,6832.133,True,,preservar; investigar contexto e escala populacional
Geo9,2022-10-17,Channel2_spend,7817.823,True,,preservar; investigar contexto e escala populacional
Geo9,2022-10-31,Channel2_spend,5757.0566,True,,preservar; investigar contexto e escala populacional
Geo9,2022-11-14,Channel2_spend,7969.265,True,,preservar; investigar contexto e escala populacional
Geo9,2023-01-02,Channel2_spend,8697.094,True,,preservar; investigar contexto e escala populacional
Geo9,2023-05-01,Channel2_spend,8895.641,True,,preservar; investigar contexto e escala populacional
Geo9,2023-06-05,Channel2_spend,6011.7144,True,,preservar; investigar contexto e escala populacional
Geo9,2023-06-26,Channel2_spend,10024.287,True,,preservar; investigar contexto e escala populacional
Geo9,2023-08-07,Channel2_spend,14755.334,True,,preservar; investigar contexto e escala populacional
Geo9,2023-08-28,Channel2_spend,4733.848,True,,preservar; investigar contexto e escala populacional
Geo9,2023-09-04,Channel2_spend,16261.694,True,,preservar; investigar contexto e escala populacional
Geo9,2023-09-11,Channel2_spend,7898.4854,True,,preservar; investigar contexto e escala populacional
Geo9,2023-10-02,Channel2_spend,15121.812,True,,preservar; investigar contexto e escala populacional
Geo9,2023-10-09,Channel2_spend,14086.38,True,,preservar; investigar contexto e escala populacional
Geo9,2023-10-23,Channel2_spend,11499.162,True,,preservar; investigar contexto e escala populacional
Geo9,2023-11-06,Channel2_spend,9792.732,True,,preservar; investigar contexto e escala populacional
Geo9,2023-12-04,Channel2_spend,9120.026,True,,preservar; investigar contexto e escala populacional
Geo9,2023-12-11,Channel2_spend,6781.1343,True,,preservar; investigar contexto e escala populacional
Geo9,2024-01-15,Channel2_spend,6712.5176,True,,preservar; investigar contexto e escala populacional
Geo10,2021-05-10,Channel3_spend,42936.31,True,3.2759283196310056,preservar; investigar contexto e escala populacional
Geo10,2021-06-07,Channel3_spend,49282.895,True,3.9421955819383387,preservar; investigar contexto e escala populacional
Geo10,2021-06-28,Channel3_spend,45696.91,True,3.5657373120774363,preservar; investigar contexto e escala populacional
Geo10,2021-08-09,Channel3_spend,49942.15,True,4.011404459470496,preservar; investigar contexto e escala populacional
Geo10,2021-08-30,Channel3_spend,46926.1,True,3.694778214571541,preservar; investigar contexto e escala populacional
Geo10,2021-09-13,Channel3_spend,43525.43,True,3.337774394263347,preservar; investigar contexto e escala populacional
Geo10,2021-10-04,Channel3_spend,42450.406,True,3.2249179057116804,preservar; investigar contexto e escala populacional
Geo10,2021-10-25,Channel3_spend,41334.785,True,3.107799526387592,preservar; investigar contexto e escala populacional
Geo10,2021-11-08,Channel3_spend,41497.195,True,3.1248493990468775,preservar; investigar contexto e escala populacional
Geo10,2021-11-22,Channel3_spend,52213.043,True,4.249803797398356,preservar; investigar contexto e escala populacional
Geo10,2022-01-17,Channel3_spend,48899.56,True,3.9019529063897442,preservar; investigar contexto e escala populacional
Geo10,2022-10-24,Channel3_spend,41017.023,True,3.0744407329884167,preservar; investigar contexto e escala populacional
Geo10,2022-11-07,Channel3_spend,52457.29,True,4.275444954023026,preservar; investigar contexto e escala populacional
Geo10,2022-11-14,Channel3_spend,55855.867,True,4.632229050278046,preservar; investigar contexto e escala populacional
Geo10,2023-06-05,Channel3_spend,53088.07,True,4.341664513631574,preservar; investigar contexto e escala populacional
Geo10,2023-06-26,Channel3_spend,46016.52,True,3.5992901093228906,preservar; investigar contexto e escala populacional
Geo10,2023-08-28,Channel3_spend,53013.04,True,4.3337878314960765,preservar; investigar contexto e escala populacional
Geo10,2023-09-04,Channel3_spend,49079.76,True,3.9208703810107854,preservar; investigar contexto e escala populacional
Geo10,2024-01-15,Channel3_spend,44829.46,True,3.474672032610053,preservar; investigar contexto e escala populacional
Geo11,2021-11-22,Channel3_spend,41807.0,True,3.157372863114423,preservar; investigar contexto e escala populacional
Geo14,2021-12-20,Channel3_spend,59499.484,True,5.014737552643722,preservar; investigar contexto e escala populacional
Geo14,2022-09-26,Channel3_spend,46073.047,True,3.6052243384455522,preservar; investigar contexto e escala populacional
Geo15,2021-08-30,Channel3_spend,43112.027,True,3.2943751669561196,preservar; investigar contexto e escala populacional
Geo15,2021-11-22,Channel3_spend,40672.324,True,3.038254081576661,preservar; investigar contexto e escala populacional
Geo15,2021-12-13,Channel3_spend,43357.883,True,3.320185237102794,preservar; investigar contexto e escala populacional
Geo17,2021-08-30,Channel3_spend,44910.92,True,3.483223738950952,preservar; investigar contexto e escala populacional
Geo17,2021-11-29,Channel3_spend,43881.797,True,3.3751859574058365,preservar; investigar contexto e escala populacional
Geo2,2021-08-30,Channel3_spend,45310.395,True,3.52516079874141,preservar; investigar contexto e escala populacional
Geo2,2021-11-22,Channel3_spend,55190.86,True,4.5624163252763,preservar; investigar contexto e escala populacional
Geo2,2021-12-13,Channel3_spend,53448.273,True,4.379478781727706,preservar; investigar contexto e escala populacional
Geo2,2022-07-11,Channel3_spend,47616.383,True,3.7672444250811763,preservar; investigar contexto e escala populacional
Geo2,2022-09-26,Channel3_spend,50812.656,True,4.102790559151208,preservar; investigar contexto e escala populacional
Geo2,2022-11-07,Channel3_spend,40758.496,True,3.0473004557334002,preservar; investigar contexto e escala populacional
Geo2,2022-11-14,Channel3_spend,44099.848,True,3.398077046521223,preservar; investigar contexto e escala populacional
Geo2,2022-11-28,Channel3_spend,58796.81,True,4.940970529547909,preservar; investigar contexto e escala populacional
Geo2,2023-02-20,Channel3_spend,42738.105,True,3.255120672254405,preservar; investigar contexto e escala populacional
Geo2,2023-08-28,Channel3_spend,42457.156,True,3.225626523656697,preservar; investigar contexto e escala populacional
Geo2,2023-09-04,Channel3_spend,41789.332,True,3.1555180687658964,preservar; investigar contexto e escala populacional
Geo2,2023-11-27,Channel3_spend,42529.74,True,3.233246423645008,preservar; investigar contexto e escala populacional
Geo2,2024-01-15,Channel3_spend,45659.15,True,3.5617732508027937,preservar; investigar contexto e escala populacional
Geo23,2021-02-22,Channel3_spend,45243.65,True,3.5181538795206477,preservar; investigar contexto e escala populacional
Geo23,2021-06-28,Channel3_spend,43424.348,True,3.327162761801392,preservar; investigar contexto e escala populacional
Geo23,2021-08-30,Channel3_spend,53288.113,True,4.362665115050092,preservar; investigar contexto e escala populacional
Geo23,2021-10-04,Channel3_spend,41040.05,True,3.0768581174950693,preservar; investigar contexto e escala populacional
Geo23,2021-10-18,Channel3_spend,55102.316,True,4.5531209375246595,preservar; investigar contexto e escala populacional
Geo23,2021-11-15,Channel3_spend,49423.504,True,3.9569567761058755,preservar; investigar contexto e escala populacional
Geo23,2021-11-22,Channel3_spend,52489.785,True,4.278856293300556,preservar; investigar contexto e escala populacional
Geo23,2021-12-13,Channel3_spend,53719.883,True,4.407992518030819,preservar; investigar contexto e escala populacional
Geo23,2022-01-03,Channel3_spend,54407.46,True,4.48017465147983,preservar; investigar contexto e escala populacional
Geo23,2022-09-12,Channel3_spend,45096.887,True,3.5027466357481294,preservar; investigar contexto e escala populacional
Geo23,2022-09-26,Channel3_spend,41071.598,True,3.0801700402994223,preservar; investigar contexto e escala populacional
Geo23,2022-10-03,Channel3_spend,53996.684,True,4.43705120777876,preservar; investigar contexto e escala populacional
Geo23,2022-11-14,Channel3_spend,49392.258,True,3.9536765573932837,preservar; investigar contexto e escala populacional
Geo23,2022-11-28,Channel3_spend,54591.51,True,4.499496300780622,preservar; investigar contexto e escala populacional
Geo23,2023-02-06,Channel3_spend,49412.438,True,3.9557950625977933,preservar; investigar contexto e escala populacional
Geo23,2023-05-22,Channel3_spend,42563.684,True,3.236809879574734,preservar; investigar contexto e escala populacional
Geo23,2023-08-07,Channel3_spend,52412.26,True,4.270717684976492,preservar; investigar contexto e escala populacional
Geo23,2023-08-28,Channel3_spend,48075.266,True,3.8154181626312726,preservar; investigar contexto e escala populacional
Geo23,2023-09-04,Channel3_spend,47083.08,True,3.7112580434617244,preservar; investigar contexto e escala populacional
Geo23,2023-09-25,Channel3_spend,47249.457,True,3.728724373511808,preservar; investigar contexto e escala populacional
Geo23,2023-10-23,Channel3_spend,44793.684,True,3.470916252521028,preservar; investigar contexto e escala populacional
Geo23,2023-11-20,Channel3_spend,52539.562,True,4.2840819044781995,preservar; investigar contexto e escala populacional
Geo23,2023-12-11,Channel3_spend,55178.188,True,4.561086013187522,preservar; investigar contexto e escala populacional
Geo25,2021-12-13,Channel3_spend,45933.84,True,3.5906103268497067,preservar; investigar contexto e escala populacional
Geo25,2022-09-26,Channel3_spend,50815.39,True,4.103077575664048,preservar; investigar contexto e escala populacional
Geo25,2022-11-07,Channel3_spend,42193.945,True,3.197994518038057,preservar; investigar contexto e escala populacional
Geo25,2023-01-09,Channel3_spend,44217.56,True,3.4104345036388253,preservar; investigar contexto e escala populacional
Geo25,2023-06-05,Channel3_spend,42943.312,True,3.2766633926459696,preservar; investigar contexto e escala populacional
Geo28,2021-10-11,Channel3_spend,46080.055,True,3.605960041343134,preservar; investigar contexto e escala populacional
Geo31,2021-08-30,Channel3_spend,55938.363,True,4.640889516350952,preservar; investigar contexto e escala populacional
Geo31,2021-11-08,Channel3_spend,44685.27,True,3.459534903500131,preservar; investigar contexto e escala populacional
Geo31,2022-02-21,Channel3_spend,40735.977,True,3.0449364012883877,preservar; investigar contexto e escala populacional
Geo31,2022-11-28,Channel3_spend,42816.594,True,3.2633604817190602,preservar; investigar contexto e escala populacional
Geo31,2022-12-05,Channel3_spend,41649.895,True,3.140879911669702,preservar; investigar contexto e escala populacional
Geo31,2023-01-09,Channel3_spend,41475.805,True,3.1226038675144463,preservar; investigar contexto e escala populacional
Geo31,2023-04-17,Channel3_spend,44858.035,True,3.4776718485772915,preservar; investigar contexto e escala populacional
Geo35,2021-08-30,Channel3_spend,40725.055,True,3.043789804963133,preservar; investigar contexto e escala populacional
Geo35,2021-10-04,Channel3_spend,43417.84,True,3.3264795491219603,preservar; investigar contexto e escala populacional
Geo35,2021-11-01,Channel3_spend,43143.992,True,3.2977308666024103,preservar; investigar contexto e escala populacional
Geo35,2021-11-22,Channel3_spend,51105.2,True,4.133501955907799,preservar; investigar contexto e escala populacional
Geo35,2022-08-01,Channel3_spend,42775.176,True,3.259012402008437,preservar; investigar contexto e escala populacional
Geo35,2022-10-17,Channel3_spend,44501.344,True,3.44022627177344,preservar; investigar contexto e escala populacional
Geo35,2022-11-07,Channel3_spend,59130.56,True,4.976007750162629,preservar; investigar contexto e escala populacional
Geo36,2021-08-09,Channel3_spend,47346.31,True,3.738892043708654,preservar; investigar contexto e escala populacional
Geo36,2021-08-30,Channel3_spend,51448.8,True,4.1695732338200635,preservar; investigar contexto e escala populacional
Geo36,2021-10-04,Channel3_spend,44778.793,True,3.469352988844103,preservar; investigar contexto e escala populacional
Geo36,2021-10-11,Channel3_spend,44608.9,True,3.451517547579993,preservar; investigar contexto e escala populacional
Geo36,2021-11-22,Channel3_spend,59426.555,True,5.007081434404888,preservar; investigar contexto e escala populacional
Geo36,2021-11-29,Channel3_spend,52650.51,True,4.295729273924678,preservar; investigar contexto e escala populacional
Geo36,2022-05-30,Channel3_spend,41044.22,True,3.0772958859144346,preservar; investigar contexto e escala populacional
Geo36,2022-08-29,Channel3_spend,46577.44,True,3.6581757356516063,preservar; investigar contexto e escala populacional
Geo36,2022-10-17,Channel3_spend,42481.285,True,3.2281595966041507,preservar; investigar contexto e escala populacional
Geo36,2022-10-24,Channel3_spend,44812.914,True,3.4729350263110534,preservar; investigar contexto e escala populacional
Geo36,2022-11-21,Channel3_spend,49843.996,True,4.001100209726025,preservar; investigar contexto e escala populacional
Geo36,2023-03-27,Channel3_spend,41996.773,True,3.177295315452153,preservar; investigar contexto e escala populacional
Geo36,2023-05-22,Channel3_spend,45165.652,True,3.509965615450215,preservar; investigar contexto e escala populacional
Geo36,2023-09-11,Channel3_spend,45591.016,True,3.5546205137560123,preservar; investigar contexto e escala populacional
Geo36,2023-10-02,Channel3_spend,43243.59,True,3.3081867080968963,preservar; investigar contexto e escala populacional
Geo36,2023-10-23,Channel3_spend,45690.53,True,3.565067536893849,preservar; investigar contexto e escala populacional
Geo36,2023-12-11,Channel3_spend,53031.27,True,4.335701624849803,preservar; investigar contexto e escala populacional
Geo36,2023-12-25,Channel3_spend,50442.51,True,4.063932470576957,preservar; investigar contexto e escala populacional
Geo36,2024-01-15,Channel3_spend,42665.15,True,3.247461824524227,preservar; investigar contexto e escala populacional
Geo39,2021-11-22,Channel3_spend,46321.164,True,3.631271769358698,preservar; investigar contexto e escala populacional
Geo39,2022-05-30,Channel3_spend,40686.402,True,3.0397319961588756,preservar; investigar contexto e escala populacional
Geo7,2021-08-09,Channel3_spend,41034.668,True,3.0762931127869084,preservar; investigar contexto e escala populacional
Geo7,2021-11-08,Channel3_spend,41479.33,True,3.1229739235524,preservar; investigar contexto e escala populacional
Geo7,2022-05-30,Channel3_spend,42293.69,True,3.2084657916566797,preservar; investigar contexto e escala populacional
Geo7,2023-09-04,Channel3_spend,41950.668,True,3.172455192436597,preservar; investigar contexto e escala populacional
Geo10,2021-02-22,Channel4_spend,33462.52,True,4.211318646532558,preservar; investigar contexto e escala populacional
Geo10,2021-06-14,Channel4_spend,27799.11,True,3.3486676499026755,preservar; investigar contexto e escala populacional
Geo10,2021-08-02,Channel4_spend,25974.836,True,3.070794110069611,preservar; investigar contexto e escala populacional
Geo10,2021-08-30,Channel4_spend,25694.373,True,3.028073966822378,preservar; investigar contexto e escala populacional
Geo10,2021-09-13,Channel4_spend,27481.73,True,3.3003243067030152,preservar; investigar contexto e escala populacional
Geo10,2021-10-11,Channel4_spend,29411.38,True,3.5942487260275655,preservar; investigar contexto e escala populacional
Geo10,2021-10-25,Channel4_spend,29847.322,True,3.6606514411360993,preservar; investigar contexto e escala populacional
Geo10,2021-11-08,Channel4_spend,33446.75,True,4.208916559059311,preservar; investigar contexto e escala populacional
Geo10,2022-01-03,Channel4_spend,38085.695,True,4.9155209771680495,preservar; investigar contexto e escala populacional
Geo10,2022-01-17,Channel4_spend,29540.127,True,3.6138594778295907,preservar; investigar contexto e escala populacional
Geo10,2022-06-20,Channel4_spend,26214.22,True,3.107257097241164,preservar; investigar contexto e escala populacional
Geo10,2022-08-29,Channel4_spend,34849.605,True,4.422599528132223,preservar; investigar contexto e escala populacional
Geo10,2022-09-19,Channel4_spend,29356.168,True,3.58583883043005,preservar; investigar contexto e escala populacional
Geo10,2022-10-10,Channel4_spend,36327.34,True,4.647688223901177,preservar; investigar contexto e escala populacional
Geo10,2023-05-29,Channel4_spend,25815.662,True,3.0465487155568414,preservar; investigar contexto e escala populacional
Geo10,2023-06-26,Channel4_spend,29975.693,True,3.6802049205925353,preservar; investigar contexto e escala populacional
Geo10,2023-07-03,Channel4_spend,28669.285,True,3.481212765123437,preservar; investigar contexto e escala populacional
Geo10,2023-07-17,Channel4_spend,38801.11,True,5.02449303865644,preservar; investigar contexto e escala populacional
Geo10,2023-07-31,Channel4_spend,28459.988,True,3.449332631839489,preservar; investigar contexto e escala populacional
Geo10,2023-08-28,Channel4_spend,29943.242,True,3.6752619820640446,preservar; investigar contexto e escala populacional
Geo10,2023-09-04,Channel4_spend,26459.5,True,3.1446181635339765,preservar; investigar contexto e escala populacional
Geo10,2023-09-11,Channel4_spend,29980.025,True,3.680864771127355,preservar; investigar contexto e escala populacional
Geo11,2021-03-22,Channel4_spend,28577.826,True,3.467281724019089,preservar; investigar contexto e escala populacional
Geo11,2021-07-05,Channel4_spend,31159.574,True,3.860533755082918,preservar; investigar contexto e escala populacional
Geo12,2022-10-10,Channel4_spend,28580.863,True,3.467744320065776,preservar; investigar contexto e escala populacional
Geo14,2021-02-22,Channel4_spend,26749.586,True,3.1888040827961133,preservar; investigar contexto e escala populacional
Geo14,2021-07-26,Channel4_spend,26106.045,True,3.0907798738791894,preservar; investigar contexto e escala populacional
Geo14,2021-09-27,Channel4_spend,27173.84,True,3.2534264809492073,preservar; investigar contexto e escala populacional
Geo14,2022-09-12,Channel4_spend,28604.895,True,3.4714048759413014,preservar; investigar contexto e escala populacional
Geo14,2022-11-07,Channel4_spend,25794.22,True,3.043282668657581,preservar; investigar contexto e escala populacional
Geo14,2023-05-29,Channel4_spend,34006.895,True,4.294237883580624,preservar; investigar contexto e escala populacional
Geo15,2021-11-22,Channel4_spend,30003.55,True,3.684448100728376,preservar; investigar contexto e escala populacional
Geo15,2021-12-13,Channel4_spend,26455.768,True,3.144049705039991,preservar; investigar contexto e escala populacional
Geo15,2022-11-07,Channel4_spend,27751.79,True,3.341459864282259,preservar; investigar contexto e escala populacional
Geo15,2022-11-21,Channel4_spend,28474.676,True,3.451569908999097,preservar; investigar contexto e escala populacional
Geo17,2021-04-12,Channel4_spend,26929.213,True,3.2161648796608358,preservar; investigar contexto e escala populacional
Geo17,2021-06-28,Channel4_spend,28640.965,True,3.476899060796087,preservar; investigar contexto e escala populacional
Geo17,2022-02-28,Channel4_spend,27833.455,True,3.3538990826400648,preservar; investigar contexto e escala populacional
Geo17,2022-10-10,Channel4_spend,29738.82,True,3.6441244091118707,preservar; investigar contexto e escala populacional
Geo17,2023-05-29,Channel4_spend,28129.807,True,3.3990394394486403,preservar; investigar contexto e escala populacional
Geo17,2023-09-11,Channel4_spend,26710.377,True,3.182831765247699,preservar; investigar contexto e escala populacional
Geo17,2023-11-13,Channel4_spend,28193.512,True,3.4087429893841583,preservar; investigar contexto e escala populacional
Geo18,2022-01-03,Channel4_spend,30448.912,True,3.752285670877999,preservar; investigar contexto e escala populacional
Geo2,2021-03-08,Channel4_spend,27376.258,True,3.284258804484997,preservar; investigar contexto e escala populacional
Geo2,2021-09-20,Channel4_spend,33089.1,True,4.154439286719029,preservar; investigar contexto e escala populacional
Geo2,2021-11-22,Channel4_spend,39252.285,True,5.093216045361674,preservar; investigar contexto e escala populacional
Geo2,2022-01-17,Channel4_spend,29070.102,True,3.542265237841498,preservar; investigar contexto e escala populacional
Geo2,2022-09-05,Channel4_spend,32438.826,True,4.055389506783885,preservar; investigar contexto e escala populacional
Geo2,2022-11-14,Channel4_spend,35160.406,True,4.469940757604142,preservar; investigar contexto e escala populacional
Geo2,2023-06-05,Channel4_spend,31509.508,True,3.91383572577808,preservar; investigar contexto e escala populacional
Geo2,2023-08-14,Channel4_spend,28718.635,True,3.488729760482008,preservar; investigar contexto e escala populacional
Geo2,2023-08-21,Channel4_spend,28405.742,True,3.4410698774277138,preservar; investigar contexto e escala populacional
Geo2,2023-10-16,Channel4_spend,28298.22,True,3.424692119070181,preservar; investigar contexto e escala populacional
Geo2,2024-01-01,Channel4_spend,28102.215,True,3.3948366241308356,preservar; investigar contexto e escala populacional
Geo20,2021-04-05,Channel4_spend,26212.49,True,3.1069935835234275,preservar; investigar contexto e escala populacional
Geo21,2021-10-25,Channel4_spend,26334.37,True,3.125558353418111,preservar; investigar contexto e escala populacional
Geo21,2023-10-23,Channel4_spend,25712.576,True,3.0308466490212047,preservar; investigar contexto e escala populacional
Geo23,2021-02-22,Channel4_spend,30182.023,True,3.7116331202345614,preservar; investigar contexto e escala populacional
Geo23,2021-03-01,Channel4_spend,26649.39,True,3.173542221257159,preservar; investigar contexto e escala populacional
Geo23,2021-03-22,Channel4_spend,30957.42,True,3.8297416440450953,preservar; investigar contexto e escala populacional
Geo23,2021-06-14,Channel4_spend,29692.17,True,3.6370186779370512,preservar; investigar contexto e escala populacional
Geo23,2021-08-30,Channel4_spend,30586.059,True,3.773175911251696,preservar; investigar contexto e escala populacional
Geo23,2021-09-13,Channel4_spend,37543.426,True,4.832922526183309,preservar; investigar contexto e escala populacional
Geo23,2021-09-27,Channel4_spend,26070.707,True,3.085397187314222,preservar; investigar contexto e escala populacional
Geo23,2021-12-06,Channel4_spend,26467.027,True,3.1457646766862357,preservar; investigar contexto e escala populacional
Geo23,2021-12-13,Channel4_spend,33214.285,True,4.173507474438639,preservar; investigar contexto e escala populacional
Geo23,2022-01-17,Channel4_spend,33984.61,True,4.290843430863992,preservar; investigar contexto e escala populacional
Geo23,2022-07-11,Channel4_spend,28475.322,True,3.4516683077630614,preservar; investigar contexto e escala populacional
Geo23,2022-08-29,Channel4_spend,33849.355,True,4.270241380059058,preservar; investigar contexto e escala populacional
Geo23,2022-10-10,Channel4_spend,32118.602,True,4.006612965310672,preservar; investigar contexto e escala populacional
Geo23,2022-11-07,Channel4_spend,36271.01,True,4.639108034467575,preservar; investigar contexto e escala populacional
Geo23,2022-11-28,Channel4_spend,27908.812,True,3.3653774660085722,preservar; investigar contexto e escala populacional
Geo23,2023-01-23,Channel4_spend,25888.781,True,3.057686206613039,preservar; investigar contexto e escala populacional
Geo23,2023-04-24,Channel4_spend,39878.363,True,5.188580288930132,preservar; investigar contexto e escala populacional
Geo23,2023-08-28,Channel4_spend,31072.734,True,3.847306280372923,preservar; investigar contexto e escala populacional
Geo23,2023-10-02,Channel4_spend,30368.664,True,3.740062290056629,preservar; investigar contexto e escala populacional
Geo23,2023-10-23,Channel4_spend,38502.188,True,4.97896121927296,preservar; investigar contexto e escala populacional
Geo23,2024-01-01,Channel4_spend,26126.684,True,3.093923607763801,preservar; investigar contexto e escala populacional
Geo25,2021-08-30,Channel4_spend,26763.004,True,3.1908479134692906,preservar; investigar contexto e escala populacional
Geo25,2022-12-26,Channel4_spend,27822.104,True,3.352170097547559,preservar; investigar contexto e escala populacional
Geo25,2023-10-23,Channel4_spend,28979.871,True,3.528521245780724,preservar; investigar contexto e escala populacional
Geo25,2024-01-01,Channel4_spend,28466.736,True,3.450360487658732,preservar; investigar contexto e escala populacional
Geo27,2023-08-21,Channel4_spend,25920.854,True,3.0625715681558034,preservar; investigar contexto e escala populacional
Geo28,2021-10-11,Channel4_spend,29112.756,True,3.5487622980243656,preservar; investigar contexto e escala populacional
Geo28,2021-11-22,Channel4_spend,25964.955,True,3.069289035477148,preservar; investigar contexto e escala populacional
Geo28,2022-07-11,Channel4_spend,26297.094,True,3.1198804705612497,preservar; investigar contexto e escala populacional
Geo28,2022-10-10,Channel4_spend,26469.67,True,3.146167258626107,preservar; investigar contexto e escala populacional
Geo28,2022-11-07,Channel4_spend,28841.23,True,3.5074034392253517,preservar; investigar contexto e escala populacional
Geo28,2023-10-23,Channel4_spend,29652.602,True,3.6309916774842055,preservar; investigar contexto e escala populacional
Geo31,2021-01-25,Channel4_spend,30784.799,True,3.8034480015771743,preservar; investigar contexto e escala populacional
Geo31,2021-07-26,Channel4_spend,33076.594,True,4.152534371947919,preservar; investigar contexto e escala populacional
Geo31,2021-10-11,Channel4_spend,27447.742,True,3.2951472522299223,preservar; investigar contexto e escala populacional
Geo31,2022-02-21,Channel4_spend,41985.562,True,5.509548984017983,preservar; investigar contexto e escala populacional
Geo31,2022-07-11,Channel4_spend,28130.951,True,3.399213693606497,preservar; investigar contexto e escala populacional
Geo31,2022-11-07,Channel4_spend,27047.47,True,3.2341777939489513,preservar; investigar contexto e escala populacional
Geo31,2022-11-28,Channel4_spend,38851.047,True,5.03209944589496,preservar; investigar contexto e escala populacional
Geo31,2023-01-23,Channel4_spend,26021.68,True,3.077929391337633,preservar; investigar contexto e escala populacional
Geo31,2023-11-13,Channel4_spend,26974.883,True,3.2231213371689593,preservar; investigar contexto e escala populacional
Geo31,2023-11-20,Channel4_spend,29150.172,True,3.554461505690754,preservar; investigar contexto e escala populacional
Geo31,2023-11-27,Channel4_spend,26678.04,True,3.1779061912069677,preservar; investigar contexto e escala populacional
Geo31,2023-12-11,Channel4_spend,32964.1,True,4.135399278212011,preservar; investigar contexto e escala populacional
Geo32,2021-10-11,Channel4_spend,25691.842,True,3.027688444730129,preservar; investigar contexto e escala populacional
Geo33,2022-10-17,Channel4_spend,27461.145,True,3.2971887981020793,preservar; investigar contexto e escala populacional
Geo33,2022-11-07,Channel4_spend,31609.729,True,3.929101395318735,preservar; investigar contexto e escala populacional
Geo35,2022-11-28,Channel4_spend,30860.691,True,3.8150078761820923,preservar; investigar contexto e escala populacional
Geo35,2023-09-25,Channel4_spend,26822.05,True,3.1998418042077343,preservar; investigar contexto e escala populacional
Geo36,2021-02-22,Channel4_spend,38677.566,True,5.005674808168511,preservar; investigar contexto e escala populacional
Geo36,2021-03-08,Channel4_spend,26531.684,True,3.155613235326542,preservar; investigar contexto e escala populacional
Geo36,2021-08-30,Channel4_spend,37794.293,True,4.871134604696351,preservar; investigar contexto e escala populacional
Geo36,2021-10-04,Channel4_spend,34208.062,True,4.324879654711276,preservar; investigar contexto e escala populacional
Geo36,2021-10-11,Channel4_spend,31990.068,True,3.9870346576831426,preservar; investigar contexto e escala populacional
Geo36,2021-11-22,Channel4_spend,54352.81,True,7.393329041045271,preservar; investigar contexto e escala populacional
Geo36,2021-12-13,Channel4_spend,34071.824,True,4.304127873279442,preservar; investigar contexto e escala populacional
Geo36,2022-01-03,Channel4_spend,25818.904,True,3.047042537217479,preservar; investigar contexto e escala populacional
Geo36,2022-07-11,Channel4_spend,33897.215,True,4.277531418516225,preservar; investigar contexto e escala populacional
Geo36,2022-10-17,Channel4_spend,27153.69,True,3.2503572315778757,preservar; investigar contexto e escala populacional
Geo36,2022-11-14,Channel4_spend,27552.986,True,3.3111780254724246,preservar; investigar contexto e escala populacional
Geo36,2022-12-26,Channel4_spend,29438.178,True,3.5983305992113337,preservar; investigar contexto e escala populacional
Geo36,2023-09-11,Channel4_spend,33041.99,True,4.1472634883129045,preservar; investigar contexto e escala populacional
Geo36,2023-09-25,Channel4_spend,26312.477,True,3.122223610168157,preservar; investigar contexto e escala populacional
Geo36,2023-10-09,Channel4_spend,41259.88,True,5.39901305239086,preservar; investigar contexto e escala populacional
Geo36,2024-01-08,Channel4_spend,30709.482,True,3.79197571101139,preservar; investigar contexto e escala populacional
Geo39,2021-08-30,Channel4_spend,26618.729,True,3.1688719356504893,preservar; investigar contexto e escala populacional
Geo39,2021-10-04,Channel4_spend,28502.977,True,3.4558807192451537,preservar; investigar contexto e escala populacional
Geo39,2021-10-11,Channel4_spend,26453.531,True,3.14370896504775,preservar; investigar contexto e escala populacional
Geo39,2022-01-03,Channel4_spend,31922.262,True,3.976706443148528,preservar; investigar contexto e escala populacional
Geo39,2022-01-10,Channel4_spend,30343.52,True,3.7362323542654257,preservar; investigar contexto e escala populacional
Geo39,2022-08-08,Channel4_spend,28738.137,True,3.4917003064492387,preservar; investigar contexto e escala populacional
Geo39,2022-10-17,Channel4_spend,30421.117,True,3.748051934586378,preservar; investigar contexto e escala populacional
Geo39,2023-08-28,Channel4_spend,29166.861,True,3.5570035753065437,preservar; investigar contexto e escala populacional
Geo39,2023-10-02,Channel4_spend,33670.3,True,4.242967710273265,preservar; investigar contexto e escala populacional
Geo39,2023-11-13,Channel4_spend,29099.922,True,3.5468074222709323,preservar; investigar contexto e escala populacional
Geo39,2023-11-27,Channel4_spend,28666.52,True,3.480791600135262,preservar; investigar contexto e escala populacional
Geo39,2024-01-01,Channel4_spend,34196.473,True,4.323114417442572,preservar; investigar contexto e escala populacional
Geo7,2021-03-22,Channel4_spend,33867.793,True,4.273049857473877,preservar; investigar contexto e escala populacional
Geo7,2021-10-25,Channel4_spend,26489.664,True,3.149212746066823,preservar; investigar contexto e escala populacional
Geo7,2021-11-08,Channel4_spend,33890.887,True,4.276567537125566,preservar; investigar contexto e escala populacional
Geo7,2022-11-07,Channel4_spend,25961.887,True,3.0688217175083516,preservar; investigar contexto e escala populacional
Geo7,2022-11-21,Channel4_spend,30653.66,True,3.78347290017236,preservar; investigar contexto e escala populacional
Geo7,2023-06-26,Channel4_spend,27359.535,True,3.281711555986894,preservar; investigar contexto e escala populacional
Geo7,2023-09-25,Channel4_spend,28658.744,True,3.479607159286056,preservar; investigar contexto e escala populacional
Geo7,2023-10-09,Channel4_spend,31820.383,True,3.961188226935035,preservar; investigar contexto e escala populacional
Geo7,2023-11-27,Channel4_spend,26135.91,True,3.0953289127116874,preservar; investigar contexto e escala populacional
Geo10,2021-01-25,Organic_channel0_impression,2245629.0,True,4.936211702828773,preservar; investigar contexto e escala populacional
Geo10,2021-03-22,Organic_channel0_impression,1772606.0,False,3.754364285770379,preservar; investigar contexto e escala populacional
Geo10,2021-05-10,Organic_channel0_impression,1701121.0,False,3.5757590961529204,preservar; investigar contexto e escala populacional
Geo10,2021-06-21,Organic_channel0_impression,2344098.0,True,5.182236385159913,preservar; investigar contexto e escala populacional
Geo10,2021-06-28,Organic_channel0_impression,2634084.0,True,5.906766069938658,preservar; investigar contexto e escala populacional
Geo10,2021-08-02,Organic_channel0_impression,3080152.0,True,7.021266450749747,preservar; investigar contexto e escala populacional
Geo10,2021-08-09,Organic_channel0_impression,3058280.0,True,6.96661928410901,preservar; investigar contexto e escala populacional
Geo10,2021-08-30,Organic_channel0_impression,2765960.0,True,6.236258103036398,preservar; investigar contexto e escala populacional
Geo10,2021-10-11,Organic_channel0_impression,2400750.0,True,5.323781341475341,preservar; investigar contexto e escala populacional
Geo10,2021-10-25,Organic_channel0_impression,2710808.0,True,6.098460894981812,preservar; investigar contexto e escala populacional
Geo10,2021-11-22,Organic_channel0_impression,1916038.0,False,4.112728971469636,preservar; investigar contexto e escala populacional
Geo10,2021-12-20,Organic_channel0_impression,2257127.0,True,4.964939442497537,preservar; investigar contexto e escala populacional
Geo10,2021-12-27,Organic_channel0_impression,3043790.0,True,6.930416035909289,preservar; investigar contexto e escala populacional
Geo10,2022-02-07,Organic_channel0_impression,2660970.0,True,5.973940709765963,preservar; investigar contexto e escala populacional
Geo10,2022-03-14,Organic_channel0_impression,1901424.0,False,4.076215909413687,preservar; investigar contexto e escala populacional
Geo10,2022-03-28,Organic_channel0_impression,1788520.0,False,3.794125396319057,preservar; investigar contexto e escala populacional
Geo10,2022-05-16,Organic_channel0_impression,1707535.0,False,3.5917844677162747,preservar; investigar contexto e escala populacional
Geo10,2022-07-11,Organic_channel0_impression,1949912.0,False,4.197363121194779,preservar; investigar contexto e escala populacional
Geo10,2022-08-01,Organic_channel0_impression,1910218.0,False,4.098187708217575,preservar; investigar contexto e escala populacional
Geo10,2022-08-22,Organic_channel0_impression,2050503.0,True,4.448689618065588,preservar; investigar contexto e escala populacional
Geo10,2022-08-29,Organic_channel0_impression,1968450.0,False,4.243680292701087,preservar; investigar contexto e escala populacional
Geo10,2022-09-19,Organic_channel0_impression,1744303.0,False,3.683649273085998,preservar; investigar contexto e escala populacional
Geo10,2022-09-26,Organic_channel0_impression,2832180.0,True,6.401708696258307,preservar; investigar contexto e escala populacional
Geo10,2022-10-24,Organic_channel0_impression,1818997.0,False,3.870272145482816,preservar; investigar contexto e escala populacional
Geo10,2022-10-31,Organic_channel0_impression,1764801.0,False,3.734863502319805,preservar; investigar contexto e escala populacional
Geo10,2022-11-14,Organic_channel0_impression,5801781.0,True,13.821253351685263,preservar; investigar contexto e escala populacional
Geo10,2022-12-12,Organic_channel0_impression,2308165.0,True,5.0924578263220575,preservar; investigar contexto e escala populacional
Geo10,2023-03-20,Organic_channel0_impression,1981805.0,False,4.2770477447167705,preservar; investigar contexto e escala populacional
Geo10,2023-05-01,Organic_channel0_impression,3839498.0,True,8.918491551333911,preservar; investigar contexto e escala populacional
Geo10,2023-06-26,Organic_channel0_impression,3962920.0,True,9.226861275233555,preservar; investigar contexto e escala populacional
Geo10,2023-07-24,Organic_channel0_impression,1964568.0,False,4.233981120202031,preservar; investigar contexto e escala populacional
Geo10,2023-08-07,Organic_channel0_impression,2204680.0,True,4.833900673806666,preservar; investigar contexto e escala populacional
Geo10,2023-08-21,Organic_channel0_impression,3605421.0,True,8.333650438232059,preservar; investigar contexto e escala populacional
Geo10,2023-10-09,Organic_channel0_impression,2371765.0,True,5.251362352581698,preservar; investigar contexto e escala populacional
Geo10,2023-11-06,Organic_channel0_impression,2311146.0,True,5.099905851365768,preservar; investigar contexto e escala populacional
Geo10,2023-12-04,Organic_channel0_impression,1822241.0,False,3.878377275721594,preservar; investigar contexto e escala populacional
Geo10,2023-12-18,Organic_channel0_impression,3081013.0,True,7.023417658251469,preservar; investigar contexto e escala populacional
Geo11,2021-05-03,Organic_channel0_impression,1965809.0,False,4.237081757263167,preservar; investigar contexto e escala populacional
Geo11,2021-07-05,Organic_channel0_impression,2997194.0,True,6.813995983934538,preservar; investigar contexto e escala populacional
Geo11,2021-08-23,Organic_channel0_impression,2201649.0,True,4.826327723820929,preservar; investigar contexto e escala populacional
Geo11,2021-08-30,Organic_channel0_impression,2248896.0,True,4.944374298540884,preservar; investigar contexto e escala populacional
Geo11,2021-11-08,Organic_channel0_impression,3414778.0,True,7.857329123771105,preservar; investigar contexto e escala populacional
Geo11,2021-11-22,Organic_channel0_impression,2045684.0,True,4.436649352152928,preservar; investigar contexto e escala populacional
Geo11,2022-02-14,Organic_channel0_impression,2091208.0,True,4.550391013370598,preservar; investigar contexto e escala populacional
Geo11,2022-03-14,Organic_channel0_impression,1869890.0,False,3.997428246975455,preservar; investigar contexto e escala populacional
Geo11,2022-06-20,Organic_channel0_impression,1883832.0,False,4.032262317810549,preservar; investigar contexto e escala populacional
Geo11,2022-10-17,Organic_channel0_impression,2090695.0,True,4.54910928346539,preservar; investigar contexto e escala populacional
Geo11,2023-01-09,Organic_channel0_impression,2299290.0,True,5.070283649112084,preservar; investigar contexto e escala populacional
Geo11,2023-02-06,Organic_channel0_impression,2621219.0,True,5.874622882354847,preservar; investigar contexto e escala populacional
Geo11,2023-05-01,Organic_channel0_impression,1765624.0,False,3.7369197668655865,preservar; investigar contexto e escala populacional
Geo11,2023-06-26,Organic_channel0_impression,2100958.0,True,4.574751377066062,preservar; investigar contexto e escala populacional
Geo11,2023-08-07,Organic_channel0_impression,1879867.0,False,4.022355769907727,preservar; investigar contexto e escala populacional
Geo11,2023-08-21,Organic_channel0_impression,2143401.0,True,4.680795163355967,preservar; investigar contexto e escala populacional
Geo11,2023-09-11,Organic_channel0_impression,2405720.0,True,5.336198880712926,preservar; investigar contexto e escala populacional
Geo11,2023-10-09,Organic_channel0_impression,1869338.0,False,3.9960490756154665,preservar; investigar contexto e escala populacional
Geo11,2024-01-15,Organic_channel0_impression,1762694.0,False,3.7295991652627447,preservar; investigar contexto e escala populacional
Geo12,2021-06-07,Organic_channel0_impression,1726085.0,False,3.6381316212086694,preservar; investigar contexto e escala populacional
Geo12,2021-11-22,Organic_channel0_impression,2041647.0,True,4.426562912333585,preservar; investigar contexto e escala populacional
Geo12,2021-11-29,Organic_channel0_impression,1901807.0,False,4.077172834469621,preservar; investigar contexto e escala populacional
Geo12,2021-12-13,Organic_channel0_impression,2132041.0,True,4.652412216527201,preservar; investigar contexto e escala populacional
Geo12,2022-01-24,Organic_channel0_impression,1937246.0,False,4.16571713488024,preservar; investigar contexto e escala populacional
Geo12,2022-08-01,Organic_channel0_impression,1831446.0,False,3.901375957548952,preservar; investigar contexto e escala populacional
Geo12,2022-10-10,Organic_channel0_impression,1917141.0,False,4.115484815690775,preservar; investigar contexto e escala populacional
Geo12,2022-10-31,Organic_channel0_impression,2580430.0,True,5.77271161314723,preservar; investigar contexto e escala populacional
Geo12,2022-12-12,Organic_channel0_impression,1786064.0,False,3.7879890831666407,preservar; investigar contexto e escala populacional
Geo12,2022-12-26,Organic_channel0_impression,1881875.0,False,4.027372755579572,preservar; investigar contexto e escala populacional
Geo12,2023-06-26,Organic_channel0_impression,2028557.0,True,4.393857562510649,preservar; investigar contexto e escala populacional
Geo12,2023-12-04,Organic_channel0_impression,1748032.0,False,3.6929661752624483,preservar; investigar contexto e escala populacional
Geo13,2021-11-22,Organic_channel0_impression,1995628.0,False,4.311584494189837,preservar; investigar contexto e escala populacional
Geo14,2021-02-01,Organic_channel0_impression,2681267.0,True,6.024652740732818,preservar; investigar contexto e escala populacional
Geo14,2021-02-08,Organic_channel0_impression,2356260.0,True,5.212623128058809,preservar; investigar contexto e escala populacional
Geo14,2021-03-22,Organic_channel0_impression,2033068.0,True,4.405128290780418,preservar; investigar contexto e escala populacional
Geo14,2021-05-10,Organic_channel0_impression,1732408.0,False,3.653929629377533,preservar; investigar contexto e escala populacional
Geo14,2021-05-17,Organic_channel0_impression,1819270.0,False,3.870954235666289,preservar; investigar contexto e escala populacional
Geo14,2021-08-23,Organic_channel0_impression,1992175.0,False,4.302957177693382,preservar; investigar contexto e escala populacional
Geo14,2021-09-27,Organic_channel0_impression,2490315.0,True,5.547559390130131,preservar; investigar contexto e escala populacional
Geo14,2021-11-22,Organic_channel0_impression,1773918.0,False,3.7576423162491945,preservar; investigar contexto e escala populacional
Geo14,2021-12-13,Organic_channel0_impression,2265750.0,True,4.986483997999689,preservar; investigar contexto e escala populacional
Geo14,2021-12-27,Organic_channel0_impression,2176129.0,True,4.7625660334098265,preservar; investigar contexto e escala populacional
Geo14,2022-01-03,Organic_channel0_impression,2209065.0,True,4.844856591222523,preservar; investigar contexto e escala populacional
Geo14,2022-03-14,Organic_channel0_impression,3815910.0,True,8.859556960682772,preservar; investigar contexto e escala populacional
Geo14,2022-08-22,Organic_channel0_impression,1906710.0,False,4.089422974284889,preservar; investigar contexto e escala populacional
Geo14,2022-09-19,Organic_channel0_impression,1675114.0,False,3.5107806368064662,preservar; investigar contexto e escala populacional
Geo14,2022-10-31,Organic_channel0_impression,2858896.0,True,6.468458591282719,preservar; investigar contexto e escala populacional
Geo14,2023-01-09,Organic_channel0_impression,2210226.0,True,4.8477573483764145,preservar; investigar contexto e escala populacional
Geo14,2023-04-10,Organic_channel0_impression,1684876.0,False,3.5351709824880166,preservar; investigar contexto e escala populacional
Geo14,2023-06-26,Organic_channel0_impression,1717427.0,False,3.6164996182470976,preservar; investigar contexto e escala populacional
Geo14,2023-09-04,Organic_channel0_impression,2666288.0,True,5.9872277266000635,preservar; investigar contexto e escala populacional
Geo14,2023-10-09,Organic_channel0_impression,1830586.0,False,3.89922724854607,preservar; investigar contexto e escala populacional
Geo14,2023-10-23,Organic_channel0_impression,3372896.0,True,7.752686995330755,preservar; investigar contexto e escala populacional
Geo14,2023-11-13,Organic_channel0_impression,1884507.0,False,4.033948804527927,preservar; investigar contexto e escala populacional
Geo15,2021-04-12,Organic_channel0_impression,2881272.0,True,6.524365001339096,preservar; investigar contexto e escala populacional
Geo15,2021-08-30,Organic_channel0_impression,2510307.0,True,5.5975093789506145,preservar; investigar contexto e escala populacional
Geo15,2021-11-08,Organic_channel0_impression,1769934.0,False,3.747688296868402,preservar; investigar contexto e escala populacional
Geo15,2021-11-15,Organic_channel0_impression,1732279.0,False,3.6536073230271007,preservar; investigar contexto e escala populacional
Geo15,2021-11-22,Organic_channel0_impression,3410760.0,True,7.847290155429734,preservar; investigar contexto e escala populacional
Geo15,2021-11-29,Organic_channel0_impression,2124332.0,True,4.633151288965321,preservar; investigar contexto e escala populacional
Geo15,2021-12-13,Organic_channel0_impression,1704371.0,False,3.5838792173847414,preservar; investigar contexto e escala populacional
Geo15,2021-12-20,Organic_channel0_impression,1742508.0,False,3.6791644676671926,preservar; investigar contexto e escala populacional
Geo15,2022-01-24,Organic_channel0_impression,1956010.0,False,4.212598967124516,preservar; investigar contexto e escala populacional
Geo15,2022-02-14,Organic_channel0_impression,2558675.0,True,5.718356770870839,preservar; investigar contexto e escala populacional
Geo15,2022-03-21,Organic_channel0_impression,1855782.0,False,3.9621794253328297,preservar; investigar contexto e escala populacional
Geo15,2022-08-01,Organic_channel0_impression,2209277.0,True,4.8453862729767225,preservar; investigar contexto e escala populacional
Geo15,2022-10-03,Organic_channel0_impression,1751940.0,False,3.7027303087313586,preservar; investigar contexto e escala populacional
Geo15,2022-11-07,Organic_channel0_impression,2110270.0,True,4.59801739826936,preservar; investigar contexto e escala populacional
Geo15,2023-07-31,Organic_channel0_impression,1736208.0,False,3.6634239249716622,preservar; investigar contexto e escala populacional
Geo15,2023-08-07,Organic_channel0_impression,2224126.0,True,4.882486482260203,preservar; investigar contexto e escala populacional
Geo15,2023-08-14,Organic_channel0_impression,2126262.0,True,4.637973391727602,preservar; investigar contexto e escala populacional
Geo15,2023-08-21,Organic_channel0_impression,2279820.0,True,5.021637876686373,preservar; investigar contexto e escala populacional
Geo15,2023-10-23,Organic_channel0_impression,1709066.0,False,3.5956096694411723,preservar; investigar contexto e escala populacional
Geo15,2023-10-30,Organic_channel0_impression,2874377.0,True,6.507137851833433,preservar; investigar contexto e escala populacional
Geo15,2023-11-06,Organic_channel0_impression,1767613.0,False,3.741889281059461,preservar; investigar contexto e escala populacional
Geo16,2023-08-14,Organic_channel0_impression,1805597.0,False,3.8367922610193066,preservar; investigar contexto e escala populacional
Geo16,2023-09-11,Organic_channel0_impression,1711626.0,False,3.6020058264730066,preservar; investigar contexto e escala populacional
Geo17,2021-02-01,Organic_channel0_impression,3019217.0,True,6.869020423900199,preservar; investigar contexto e escala populacional
Geo17,2021-03-29,Organic_channel0_impression,1833232.0,False,3.9058382764781934,preservar; investigar contexto e escala populacional
Geo17,2021-04-12,Organic_channel0_impression,1896424.0,False,4.063723415210885,preservar; investigar contexto e escala populacional
Geo17,2021-05-17,Organic_channel0_impression,1813670.0,False,3.8569626421591505,preservar; investigar contexto e escala populacional
Geo17,2021-06-28,Organic_channel0_impression,1921482.0,False,4.126330799157647,preservar; investigar contexto e escala populacional
Geo17,2021-07-26,Organic_channel0_impression,1790542.0,False,3.7991773609746704,preservar; investigar contexto e escala populacional
Geo17,2021-08-30,Organic_channel0_impression,2292125.0,True,5.052381904919469,preservar; investigar contexto e escala populacional
Geo17,2021-11-15,Organic_channel0_impression,3601830.0,True,8.324678328895606,preservar; investigar contexto e escala populacional
Geo17,2021-11-29,Organic_channel0_impression,3307660.0,True,7.589694924967959,preservar; investigar contexto e escala populacional
Geo17,2021-12-27,Organic_channel0_impression,2187166.0,True,4.790141965113091,preservar; investigar contexto e escala populacional
Geo17,2022-01-24,Organic_channel0_impression,1687582.0,False,3.541931920350573,preservar; investigar contexto e escala populacional
Geo17,2022-06-13,Organic_channel0_impression,3381217.0,True,7.773477004183057,preservar; investigar contexto e escala populacional
Geo17,2022-08-22,Organic_channel0_impression,1889270.0,False,4.0458491545055155,preservar; investigar contexto e escala populacional
Geo17,2022-08-29,Organic_channel0_impression,2159994.0,True,4.722252754617385,preservar; investigar contexto e escala populacional
Geo17,2022-10-31,Organic_channel0_impression,3118368.0,True,7.1167490824406014,preservar; investigar contexto e escala populacional
Geo17,2022-11-14,Organic_channel0_impression,3249557.0,True,7.444524646834878,preservar; investigar contexto e escala populacional
Geo17,2023-06-12,Organic_channel0_impression,1752213.0,False,3.703412398914831,preservar; investigar contexto e escala populacional
Geo17,2023-07-31,Organic_channel0_impression,2160376.0,True,4.7232071811744785,preservar; investigar contexto e escala populacional
Geo17,2023-08-07,Organic_channel0_impression,1691138.0,False,3.550816582227606,preservar; investigar contexto e escala populacional
Geo17,2023-09-04,Organic_channel0_impression,3344468.0,True,7.681659670291305,preservar; investigar contexto e escala populacional
Geo17,2023-10-02,Organic_channel0_impression,3534762.0,True,8.157109008656903,preservar; investigar contexto e escala populacional
Geo17,2023-10-16,Organic_channel0_impression,2587761.0,True,5.791028108147378,preservar; investigar contexto e escala populacional
Geo17,2023-10-23,Organic_channel0_impression,2334698.0,True,5.158750496058646,preservar; investigar contexto e escala populacional
Geo17,2023-11-06,Organic_channel0_impression,1895938.0,False,4.0625091447743715,preservar; investigar contexto e escala populacional
Geo17,2023-12-25,Organic_channel0_impression,3179865.0,True,7.270399265638543,preservar; investigar contexto e escala populacional
Geo17,2024-01-08,Organic_channel0_impression,2091766.0,True,4.551785175723631,preservar; investigar contexto e escala populacional
Geo18,2021-05-10,Organic_channel0_impression,2239963.0,True,4.922055208398158,preservar; investigar contexto e escala populacional
Geo18,2021-05-17,Organic_channel0_impression,1689990.0,False,3.5479483055586427,preservar; investigar contexto e escala populacional
Geo18,2021-06-07,Organic_channel0_impression,2062206.0,True,4.4779295499966665,preservar; investigar contexto e escala populacional
Geo18,2021-07-26,Organic_channel0_impression,2723396.0,True,6.1299119983867865,preservar; investigar contexto e escala populacional
Geo18,2021-08-30,Organic_channel0_impression,1865465.0,False,3.9863723896059753,preservar; investigar contexto e escala populacional
Geo18,2021-11-22,Organic_channel0_impression,4049722.0,True,9.443735971591877,preservar; investigar contexto e escala populacional
Geo18,2021-12-13,Organic_channel0_impression,2354501.0,True,5.208228268598263,preservar; investigar contexto e escala populacional
Geo18,2022-10-17,Organic_channel0_impression,2484494.0,True,5.533015628379229,preservar; investigar contexto e escala populacional
Geo18,2023-01-02,Organic_channel0_impression,2596958.0,True,5.8140068019840125,preservar; investigar contexto e escala populacional
Geo18,2023-06-05,Organic_channel0_impression,2002695.0,True,4.3292413854960765,preservar; investigar contexto e escala populacional
Geo18,2023-06-26,Organic_channel0_impression,1889318.0,False,4.045969082449862,preservar; investigar contexto e escala populacional
Geo18,2023-10-02,Organic_channel0_impression,1887939.0,False,4.04252365254873,preservar; investigar contexto e escala populacional
Geo18,2023-10-09,Organic_channel0_impression,2139222.0,True,4.6703539367012645,preservar; investigar contexto e escala populacional
Geo18,2023-11-27,Organic_channel0_impression,1821000.0,False,3.8752766386604582,preservar; investigar contexto e escala populacional
Geo18,2023-12-18,Organic_channel0_impression,2040996.0,True,4.424936389588381,preservar; investigar contexto e escala populacional
Geo18,2024-01-15,Organic_channel0_impression,2483578.0,True,5.530727003441276,preservar; investigar contexto e escala populacional
Geo2,2021-02-01,Organic_channel0_impression,2091540.0,True,4.551220514985664,preservar; investigar contexto e escala populacional
Geo2,2021-02-08,Organic_channel0_impression,2329438.0,True,5.145608392157299,preservar; investigar contexto e escala populacional
Geo2,2021-06-14,Organic_channel0_impression,3030569.0,True,6.897383382738241,preservar; investigar contexto e escala populacional
Geo2,2021-08-30,Organic_channel0_impression,2651655.0,True,5.950667193066144,preservar; investigar contexto e escala populacional
Geo2,2021-09-20,Organic_channel0_impression,1693694.0,False,3.557202745264078,preservar; investigar contexto e escala populacional
Geo2,2021-10-04,Organic_channel0_impression,1912601.0,False,4.10414163095463,preservar; investigar contexto e escala populacional
Geo2,2021-11-22,Organic_channel0_impression,3775915.0,True,8.75962949955456,preservar; investigar contexto e escala populacional
Geo2,2021-11-29,Organic_channel0_impression,2058230.0,True,4.467995518606599,preservar; investigar contexto e escala populacional
Geo2,2021-12-13,Organic_channel0_impression,3385423.0,True,7.783985690306455,preservar; investigar contexto e escala populacional
Geo2,2021-12-27,Organic_channel0_impression,1786537.0,False,3.789170873118226,preservar; investigar contexto e escala populacional
Geo2,2022-01-03,Organic_channel0_impression,2362283.0,True,5.227671586575504,preservar; investigar contexto e escala populacional
Geo2,2022-01-24,Organic_channel0_impression,2693402.0,True,6.0549720241630185,preservar; investigar contexto e escala populacional
Geo2,2022-02-07,Organic_channel0_impression,1677416.0,False,3.516532181137436,preservar; investigar contexto e escala populacional
Geo2,2022-02-14,Organic_channel0_impression,1928630.0,False,4.144190068869973,preservar; investigar contexto e escala populacional
Geo2,2022-03-14,Organic_channel0_impression,1773676.0,False,3.7570376795297786,preservar; investigar contexto e escala populacional
Geo2,2022-04-11,Organic_channel0_impression,3470431.0,True,7.996378079744812,preservar; investigar contexto e escala populacional
Geo2,2022-05-02,Organic_channel0_impression,2337580.0,True,5.165951169717141,preservar; investigar contexto e escala populacional
Geo2,2022-06-06,Organic_channel0_impression,2062817.0,True,4.479456132788248,preservar; investigar contexto e escala populacional
Geo2,2022-06-13,Organic_channel0_impression,2492043.0,True,5.55187679612662,preservar; investigar contexto e escala populacional
Geo2,2022-07-04,Organic_channel0_impression,1816559.0,False,3.8641808053095295,preservar; investigar contexto e escala populacional
Geo2,2022-07-25,Organic_channel0_impression,1673083.0,False,3.5057061856612877,preservar; investigar contexto e escala populacional
Geo2,2022-09-12,Organic_channel0_impression,1971579.0,False,4.2514980955732,preservar; investigar contexto e escala populacional
Geo2,2022-10-17,Organic_channel0_impression,2249027.0,True,4.9447016018889975,preservar; investigar contexto e escala populacional
Geo2,2022-10-24,Organic_channel0_impression,1795689.0,False,3.8120371345070345,preservar; investigar contexto e escala populacional
Geo2,2022-10-31,Organic_channel0_impression,1696469.0,False,3.564136079546633,preservar; investigar contexto e escala populacional
Geo2,2022-11-07,Organic_channel0_impression,4453918.0,True,10.453619208951022,preservar; investigar contexto e escala populacional
Geo2,2022-12-26,Organic_channel0_impression,1696046.0,False,3.563079214537076,preservar; investigar contexto e escala populacional
Geo2,2023-01-09,Organic_channel0_impression,1895470.0,False,4.061339847316989,preservar; investigar contexto e escala populacional
Geo2,2023-06-05,Organic_channel0_impression,3002530.0,True,6.827327973747768,preservar; investigar contexto e escala populacional
Geo2,2023-07-24,Organic_channel0_impression,1823023.0,False,3.880331101814912,preservar; investigar contexto e escala populacional
Geo2,2023-07-31,Organic_channel0_impression,2260260.0,True,4.9727672393650115,preservar; investigar contexto e escala populacional
Geo2,2023-10-09,Organic_channel0_impression,4021679.0,True,9.373670568606043,preservar; investigar contexto e escala populacional
Geo2,2023-10-16,Organic_channel0_impression,3472609.0,True,8.001819810219553,preservar; investigar contexto e escala populacional
Geo2,2023-10-23,Organic_channel0_impression,2366099.0,True,5.237205858151083,preservar; investigar contexto e escala populacional
Geo2,2023-10-30,Organic_channel0_impression,3226188.0,True,7.386137227429822,preservar; investigar contexto e escala populacional
Geo2,2023-11-06,Organic_channel0_impression,2719681.0,True,6.1206300751941045,preservar; investigar contexto e escala populacional
Geo2,2023-11-20,Organic_channel0_impression,1789718.0,False,3.7971185979300484,preservar; investigar contexto e escala populacional
Geo2,2023-11-27,Organic_channel0_impression,2271281.0,True,5.000303195086828,preservar; investigar contexto e escala populacional
Geo2,2023-12-25,Organic_channel0_impression,3029794.0,True,6.895447046136806,preservar; investigar contexto e escala populacional
Geo2,2024-01-01,Organic_channel0_impression,2874201.0,True,6.506698116037495,preservar; investigar contexto e escala populacional
Geo2,2024-01-08,Organic_channel0_impression,2331459.0,True,5.150657858314071,preservar; investigar contexto e escala populacional
Geo20,2021-06-28,Organic_channel0_impression,2287652.0,True,5.041206119605642,preservar; investigar contexto e escala populacional
Geo20,2021-08-30,Organic_channel0_impression,1676072.0,False,3.513174198695723,preservar; investigar contexto e escala populacional
Geo20,2021-11-15,Organic_channel0_impression,2840856.0,True,6.423385672199009,preservar; investigar contexto e escala populacional
Geo20,2021-11-22,Organic_channel0_impression,2596444.0,True,5.812722573579965,preservar; investigar contexto e escala populacional
Geo20,2021-12-13,Organic_channel0_impression,2352283.0,True,5.2026865981699,preservar; investigar contexto e escala populacional
Geo20,2021-12-27,Organic_channel0_impression,1675627.0,False,3.5120623667116737,preservar; investigar contexto e escala populacional
Geo20,2022-01-24,Organic_channel0_impression,1826270.0,False,3.8884437275502113,preservar; investigar contexto e escala populacional
Geo20,2022-03-14,Organic_channel0_impression,1975667.0,False,4.261711958833411,preservar; investigar contexto e escala populacional
Geo20,2022-07-11,Organic_channel0_impression,1940384.0,False,4.1735574242419196,preservar; investigar contexto e escala populacional
Geo21,2021-11-15,Organic_channel0_impression,2253054.0,True,4.954763056719934,preservar; investigar contexto e escala populacional
Geo21,2021-11-29,Organic_channel0_impression,1839936.0,False,3.92258821270531,preservar; investigar contexto e escala populacional
Geo21,2022-05-02,Organic_channel0_impression,1902204.0,False,4.078164738509324,preservar; investigar contexto e escala populacional
Geo21,2022-06-13,Organic_channel0_impression,2383082.0,True,5.27963786396032,preservar; investigar contexto e escala populacional
Geo21,2022-10-24,Organic_channel0_impression,2114252.0,True,4.607966420652472,preservar; investigar contexto e escala populacional
Geo21,2023-06-19,Organic_channel0_impression,1851154.0,False,3.950616372698716,preservar; investigar contexto e escala populacional
Geo21,2023-07-24,Organic_channel0_impression,2755668.0,True,6.210543552969351,preservar; investigar contexto e escala populacional
Geo21,2023-09-18,Organic_channel0_impression,1670832.0,False,3.5000820647711866,preservar; investigar contexto e escala populacional
Geo21,2023-11-20,Organic_channel0_impression,1969218.0,False,4.245599139810637,preservar; investigar contexto e escala populacional
Geo21,2024-01-01,Organic_channel0_impression,2244586.0,True,4.933605768538069,preservar; investigar contexto e escala populacional
Geo22,2023-08-07,Organic_channel0_impression,1681888.0,False,3.5277054679524222,preservar; investigar contexto e escala populacional
Geo23,2021-03-08,Organic_channel0_impression,2996363.0,True,6.8119197313980315,preservar; investigar contexto e escala populacional
Geo23,2021-03-22,Organic_channel0_impression,4147880.0,True,9.688983620783603,preservar; investigar contexto e escala populacional
Geo23,2021-03-29,Organic_channel0_impression,2041128.0,True,4.425266191435335,preservar; investigar contexto e escala populacional
Geo23,2021-08-30,Organic_channel0_impression,2452400.0,True,5.452828806590285,preservar; investigar contexto e escala populacional
Geo23,2021-10-04,Organic_channel0_impression,1946809.0,False,4.189610279292519,preservar; investigar contexto e escala populacional
Geo23,2021-10-11,Organic_channel0_impression,2973570.0,True,6.75497144732514,preservar; investigar contexto e escala populacional
Geo23,2021-10-18,Organic_channel0_impression,3124470.0,True,7.131994922365702,preservar; investigar contexto e escala populacional
Geo23,2021-10-25,Organic_channel0_impression,2122301.0,True,4.628076837820142,preservar; investigar contexto e escala populacional
Geo23,2021-11-15,Organic_channel0_impression,3806846.0,True,8.836910567191934,preservar; investigar contexto e escala populacional
Geo23,2021-11-22,Organic_channel0_impression,1697059.0,False,3.5656101938625637,preservar; investigar contexto e escala populacional
Geo23,2021-11-29,Organic_channel0_impression,3088048.0,True,7.040994597594811,preservar; investigar contexto e escala populacional
Geo23,2021-12-06,Organic_channel0_impression,2417784.0,True,5.366340770725446,preservar; investigar contexto e escala populacional
Geo23,2021-12-13,Organic_channel0_impression,3253447.0,True,7.454243807324658,preservar; investigar contexto e escala populacional
Geo23,2022-01-03,Organic_channel0_impression,2034483.0,True,4.408663666639811,preservar; investigar contexto e escala populacional
Geo23,2022-01-24,Organic_channel0_impression,3460146.0,True,7.970681019169649,preservar; investigar contexto e escala populacional
Geo23,2022-06-06,Organic_channel0_impression,2319169.0,True,5.119951307563584,preservar; investigar contexto e escala populacional
Geo23,2022-06-13,Organic_channel0_impression,1702069.0,False,3.578127673053771,preservar; investigar contexto e escala populacional
Geo23,2022-06-27,Organic_channel0_impression,2703763.0,True,6.080858970650064,preservar; investigar contexto e escala populacional
Geo23,2022-07-11,Organic_channel0_impression,2465068.0,True,5.484479789902503,preservar; investigar contexto e escala populacional
Geo23,2022-07-18,Organic_channel0_impression,2361134.0,True,5.2248008114077,preservar; investigar contexto e escala populacional
Geo23,2022-08-01,Organic_channel0_impression,3449845.0,True,7.944943982613036,preservar; investigar contexto e escala populacional
Geo23,2022-11-07,Organic_channel0_impression,1826757.0,False,3.8896604964855643,preservar; investigar contexto e escala populacional
Geo23,2022-11-28,Organic_channel0_impression,1797598.0,False,3.816806768793664,preservar; investigar contexto e escala populacional
Geo23,2023-02-06,Organic_channel0_impression,4113364.0,True,9.60274543480282,preservar; investigar contexto e escala populacional
Geo23,2023-03-27,Organic_channel0_impression,1818438.0,False,3.8688754846309426,preservar; investigar contexto e escala populacional
Geo23,2023-05-01,Organic_channel0_impression,1959815.0,False,4.222105755212848,preservar; investigar contexto e escala populacional
Geo23,2023-05-22,Organic_channel0_impression,2764388.0,True,6.2323304628590375,preservar; investigar contexto e escala populacional
Geo23,2023-08-21,Organic_channel0_impression,2531683.0,True,5.650917290166434,preservar; investigar contexto e escala populacional
Geo23,2023-08-28,Organic_channel0_impression,3241647.0,True,7.424761521006046,preservar; investigar contexto e escala populacional
Geo23,2023-09-04,Organic_channel0_impression,4974461.0,True,11.754195290912845,preservar; investigar contexto e escala populacional
Geo23,2023-10-02,Organic_channel0_impression,2330346.0,True,5.147877029104527,preservar; investigar contexto e escala populacional
Geo23,2023-10-16,Organic_channel0_impression,2552190.0,True,5.702154005889805,preservar; investigar contexto e escala populacional
Geo23,2023-10-23,Organic_channel0_impression,2796462.0,True,6.312467314671171,preservar; investigar contexto e escala populacional
Geo23,2023-11-20,Organic_channel0_impression,2259682.0,True,4.971323107035168,preservar; investigar contexto e escala populacional
Geo25,2021-04-12,Organic_channel0_impression,3052227.0,True,6.951495870627097,preservar; investigar contexto e escala populacional
Geo25,2021-05-10,Organic_channel0_impression,1924450.0,False,4.13374634371643,preservar; investigar contexto e escala populacional
Geo25,2021-07-26,Organic_channel0_impression,2121010.0,True,4.624851275816979,preservar; investigar contexto e escala populacional
Geo25,2021-08-02,Organic_channel0_impression,2955369.0,True,6.7094962699281,preservar; investigar contexto e escala populacional
Geo25,2021-09-20,Organic_channel0_impression,2871394.0,True,6.4996848297920415,preservar; investigar contexto e escala populacional
Geo25,2021-10-25,Organic_channel0_impression,2214750.0,True,4.85906055713111,preservar; investigar contexto e escala populacional
Geo25,2021-11-22,Organic_channel0_impression,3462304.0,True,7.976072779667578,preservar; investigar contexto e escala populacional
Geo25,2021-12-13,Organic_channel0_impression,3007382.0,True,6.839450690122168,preservar; investigar contexto e escala populacional
Geo25,2022-01-03,Organic_channel0_impression,1861224.0,False,3.9757762560231593,preservar; investigar contexto e escala populacional
Geo25,2022-03-28,Organic_channel0_impression,2113021.0,True,4.604890768579742,preservar; investigar contexto e escala populacional
Geo25,2022-10-03,Organic_channel0_impression,2121488.0,True,4.626045558262767,preservar; investigar contexto e escala populacional
Geo25,2022-10-10,Organic_channel0_impression,1935930.0,False,4.162429110406063,preservar; investigar contexto e escala populacional
Geo25,2022-11-14,Organic_channel0_impression,1910725.0,False,4.099454447129739,preservar; investigar contexto e escala populacional
Geo25,2022-11-21,Organic_channel0_impression,1787119.0,False,3.7906249994434322,preservar; investigar contexto e escala populacional
Geo25,2023-01-09,Organic_channel0_impression,2298198.0,True,5.067555288378192,preservar; investigar contexto e escala populacional
Geo25,2023-06-05,Organic_channel0_impression,3046286.0,True,6.936652289015328,preservar; investigar contexto e escala populacional
Geo25,2023-08-14,Organic_channel0_impression,2062250.0,True,4.4780394839456505,preservar; investigar contexto e escala populacional
Geo25,2023-09-04,Organic_channel0_impression,2587777.0,True,5.791068084128828,preservar; investigar contexto e escala populacional
Geo25,2023-09-11,Organic_channel0_impression,1943453.0,False,4.181225317183599,preservar; investigar contexto e escala populacional
Geo25,2023-09-18,Organic_channel0_impression,2116026.0,True,4.612398757595626,preservar; investigar contexto e escala populacional
Geo25,2023-10-16,Organic_channel0_impression,2445194.0,True,5.4348246239452065,preservar; investigar contexto e escala populacional
Geo25,2023-10-23,Organic_channel0_impression,2255997.0,True,4.962116138807704,preservar; investigar contexto e escala populacional
Geo25,2023-11-06,Organic_channel0_impression,1916880.0,False,4.114832707493387,preservar; investigar contexto e escala populacional
Geo25,2023-11-20,Organic_channel0_impression,2526637.0,True,5.638309865016966,preservar; investigar contexto e escala populacional
Geo27,2021-05-17,Organic_channel0_impression,1728817.0,False,3.64495752004108,preservar; investigar contexto e escala populacional
Geo27,2021-07-05,Organic_channel0_impression,1768999.0,False,3.7453522004524777,preservar; investigar contexto e escala populacional
Geo27,2021-09-20,Organic_channel0_impression,1875148.0,False,4.010565353879122,preservar; investigar contexto e escala populacional
Geo27,2021-12-13,Organic_channel0_impression,1727867.0,False,3.6425839461425484,preservar; investigar contexto e escala populacional
Geo27,2022-06-13,Organic_channel0_impression,1861214.0,False,3.975751271034753,preservar; investigar contexto e escala populacional
Geo27,2022-07-25,Organic_channel0_impression,1853836.0,False,3.957317346589099,preservar; investigar contexto e escala populacional
Geo27,2023-06-05,Organic_channel0_impression,2161790.0,True,4.726740058535031,preservar; investigar contexto e escala populacional
Geo27,2023-10-23,Organic_channel0_impression,1698089.0,False,3.568183647668341,preservar; investigar contexto e escala populacional
Geo27,2023-11-13,Organic_channel0_impression,1752954.0,False,3.7052637865556863,preservar; investigar contexto e escala populacional
Geo28,2021-01-25,Organic_channel0_impression,2609308.0,True,5.844863262664933,preservar; investigar contexto e escala populacional
Geo28,2021-05-03,Organic_channel0_impression,1800691.0,False,3.8245346257075177,preservar; investigar contexto e escala populacional
Geo28,2021-05-10,Organic_channel0_impression,1846410.0,False,3.938763494199098,preservar; investigar contexto e escala populacional
Geo28,2021-06-07,Organic_channel0_impression,1993548.0,False,4.306387616601471,preservar; investigar contexto e escala populacional
Geo28,2021-10-11,Organic_channel0_impression,3529068.0,True,8.142882556258751,preservar; investigar contexto e escala populacional
Geo28,2021-12-13,Organic_channel0_impression,2648893.0,True,5.943766339268516,preservar; investigar contexto e escala populacional
Geo28,2022-02-28,Organic_channel0_impression,1961915.0,False,4.227352602778025,preservar; investigar contexto e escala populacional
Geo28,2022-09-12,Organic_channel0_impression,2416708.0,True,5.363652385973003,preservar; investigar contexto e escala populacional
Geo28,2022-11-14,Organic_channel0_impression,2015158.0,True,4.360380176545981,preservar; investigar contexto e escala populacional
Geo28,2022-11-21,Organic_channel0_impression,2203696.0,True,4.831442150947555,preservar; investigar contexto e escala populacional
Geo28,2023-01-09,Organic_channel0_impression,2168119.0,True,4.742553057696938,preservar; investigar contexto e escala populacional
Geo28,2023-02-06,Organic_channel0_impression,2262614.0,True,4.978648705635692,preservar; investigar contexto e escala populacional
Geo28,2023-02-20,Organic_channel0_impression,1970871.0,False,4.249729158394083,preservar; investigar contexto e escala populacional
Geo28,2023-06-26,Organic_channel0_impression,1878841.0,False,4.019792310097311,preservar; investigar contexto e escala populacional
Geo28,2023-07-31,Organic_channel0_impression,1695474.0,False,3.5616500732002754,preservar; investigar contexto e escala populacional
Geo28,2023-09-11,Organic_channel0_impression,1726716.0,False,3.639708173977063,preservar; investigar contexto e escala populacional
Geo28,2023-10-16,Organic_channel0_impression,2406340.0,True,5.337747949994073,preservar; investigar contexto e escala populacional
Geo28,2023-11-13,Organic_channel0_impression,1797143.0,False,3.815669951821209,preservar; investigar contexto e escala populacional
Geo28,2024-01-08,Organic_channel0_impression,2496615.0,True,5.563299932825662,preservar; investigar contexto e escala populacional
Geo29,2023-06-26,Organic_channel0_impression,1818934.0,False,3.8701147400558606,preservar; investigar contexto e escala populacional
Geo31,2021-03-22,Organic_channel0_impression,3153924.0,True,7.205585707215567,preservar; investigar contexto e escala populacional
Geo31,2021-06-28,Organic_channel0_impression,1847348.0,False,3.9411070861115434,preservar; investigar contexto e escala populacional
Geo31,2021-07-05,Organic_channel0_impression,2350452.0,True,5.198111846792834,preservar; investigar contexto e escala populacional
Geo31,2021-07-19,Organic_channel0_impression,1759290.0,False,3.7210942752094773,preservar; investigar contexto e escala populacional
Geo31,2021-08-30,Organic_channel0_impression,3180080.0,True,7.270936442889264,preservar; investigar contexto e escala populacional
Geo31,2021-09-06,Organic_channel0_impression,1682492.0,False,3.5292145612521204,preservar; investigar contexto e escala populacional
Geo31,2021-10-04,Organic_channel0_impression,2794420.0,True,6.307365380038747,preservar; investigar contexto e escala populacional
Geo31,2021-11-08,Organic_channel0_impression,1767904.0,False,3.7426163442220646,preservar; investigar contexto e escala populacional
Geo31,2021-11-29,Organic_channel0_impression,2993547.0,True,6.804883958663014,preservar; investigar contexto e escala populacional
Geo31,2022-01-03,Organic_channel0_impression,2107661.0,True,4.591498814794338,preservar; investigar contexto e escala populacional
Geo31,2022-02-21,Organic_channel0_impression,2700674.0,True,6.073141107731574,preservar; investigar contexto e escala populacional
Geo31,2022-03-28,Organic_channel0_impression,2578385.0,True,5.767602183018284,preservar; investigar contexto e escala populacional
Geo31,2022-04-11,Organic_channel0_impression,2593361.0,True,5.805019701654516,preservar; investigar contexto e escala populacional
Geo31,2022-05-30,Organic_channel0_impression,1876833.0,False,4.014775324425466,preservar; investigar contexto e escala populacional
Geo31,2022-06-13,Organic_channel0_impression,1962821.0,False,4.229616242727572,preservar; investigar contexto e escala populacional
Geo31,2022-07-11,Organic_channel0_impression,2112293.0,True,4.603071861423814,preservar; investigar contexto e escala populacional
Geo31,2022-08-01,Organic_channel0_impression,2561724.0,True,5.725974693835708,preservar; investigar contexto e escala populacional
Geo31,2022-09-12,Organic_channel0_impression,2436354.0,True,5.4127378941946525,preservar; investigar contexto e escala populacional
Geo31,2022-09-26,Organic_channel0_impression,2464570.0,True,5.483235537479904,preservar; investigar contexto e escala populacional
Geo31,2022-10-17,Organic_channel0_impression,1964422.0,False,4.233616339371309,preservar; investigar contexto e escala populacional
Geo31,2022-11-07,Organic_channel0_impression,2119150.0,True,4.620204067973536,preservar; investigar contexto e escala populacional
Geo31,2022-11-21,Organic_channel0_impression,2065921.0,True,4.487211473189348,preservar; investigar contexto e escala populacional
Geo31,2022-11-28,Organic_channel0_impression,3503147.0,True,8.078118967812586,preservar; investigar contexto e escala populacional
Geo31,2023-01-16,Organic_channel0_impression,1680344.0,False,3.5238477857425967,preservar; investigar contexto e escala populacional
Geo31,2023-02-06,Organic_channel0_impression,2639633.0,True,5.920630240004926,preservar; investigar contexto e escala populacional
Geo31,2023-02-20,Organic_channel0_impression,1729814.0,False,3.647448523385119,preservar; investigar contexto e escala populacional
Geo31,2023-03-06,Organic_channel0_impression,1737618.0,False,3.6669468083368524,preservar; investigar contexto e escala populacional
Geo31,2023-03-13,Organic_channel0_impression,1716748.0,False,3.614803137534357,preservar; investigar contexto e escala populacional
Geo31,2023-04-24,Organic_channel0_impression,1763912.0,False,3.7326423368505472,preservar; investigar contexto e escala populacional
Geo31,2023-06-05,Organic_channel0_impression,2018999.0,True,4.369976910592574,preservar; investigar contexto e escala populacional
Geo31,2023-06-12,Organic_channel0_impression,2304212.0,True,5.082581260405322,preservar; investigar contexto e escala populacional
Geo31,2023-06-26,Organic_channel0_impression,2754567.0,True,6.207792705745893,preservar; investigar contexto e escala populacional
Geo31,2023-07-31,Organic_channel0_impression,2398256.0,True,5.317550085366983,preservar; investigar contexto e escala populacional
Geo31,2023-09-04,Organic_channel0_impression,2646669.0,True,5.93820967784711,preservar; investigar contexto e escala populacional
Geo31,2023-09-18,Organic_channel0_impression,2073150.0,True,4.505273121307759,preservar; investigar contexto e escala populacional
Geo31,2023-10-02,Organic_channel0_impression,1780898.0,False,3.775081838156306,preservar; investigar contexto e escala populacional
Geo31,2023-10-09,Organic_channel0_impression,2010798.0,True,4.349486721601138,preservar; investigar contexto e escala populacional
Geo31,2023-12-25,Organic_channel0_impression,2539553.0,True,5.670580476041644,preservar; investigar contexto e escala populacional
Geo31,2024-01-15,Organic_channel0_impression,2135705.0,True,4.661566716279014,preservar; investigar contexto e escala populacional
Geo32,2021-02-01,Organic_channel0_impression,2452507.0,True,5.453096145966224,preservar; investigar contexto e escala populacional
Geo32,2021-03-08,Organic_channel0_impression,1917854.0,False,4.117266245364093,preservar; investigar contexto e escala populacional
Geo32,2021-03-22,Organic_channel0_impression,1843500.0,False,3.9314928625730667,preservar; investigar contexto e escala populacional
Geo32,2021-03-29,Organic_channel0_impression,2732887.0,True,6.153625250882545,preservar; investigar contexto e escala populacional
Geo32,2021-08-09,Organic_channel0_impression,2263707.0,True,4.9813795648684245,preservar; investigar contexto e escala populacional
Geo32,2021-08-30,Organic_channel0_impression,1947199.0,False,4.190584693840338,preservar; investigar contexto e escala populacional
Geo32,2021-09-27,Organic_channel0_impression,2408336.0,True,5.342734953679831,preservar; investigar contexto e escala populacional
Geo32,2021-10-11,Organic_channel0_impression,2269630.0,True,4.996178173501063,preservar; investigar contexto e escala populacional
Geo32,2022-02-14,Organic_channel0_impression,1744328.0,False,3.6837117355570124,preservar; investigar contexto e escala populacional
Geo32,2022-04-11,Organic_channel0_impression,2006720.0,True,4.339297843329333,preservar; investigar contexto e escala populacional
Geo32,2022-06-13,Organic_channel0_impression,2175402.0,True,4.76074962475274,preservar; investigar contexto e escala populacional
Geo32,2022-08-22,Organic_channel0_impression,2286985.0,True,5.039539620878989,preservar; investigar contexto e escala populacional
Geo32,2022-08-29,Organic_channel0_impression,1852142.0,False,3.9530848895531894,preservar; investigar contexto e escala populacional
Geo32,2022-09-05,Organic_channel0_impression,2141111.0,True,4.675073601011083,preservar; investigar contexto e escala populacional
Geo32,2023-04-10,Organic_channel0_impression,2150814.0,True,4.69931653526104,preservar; investigar contexto e escala populacional
Geo32,2023-06-26,Organic_channel0_impression,1912113.0,False,4.102922363520436,preservar; investigar contexto e escala populacional
Geo32,2023-07-24,Organic_channel0_impression,2165755.0,True,4.736646606437853,preservar; investigar contexto e escala populacional
Geo32,2023-08-07,Organic_channel0_impression,2517716.0,True,5.616020756860326,preservar; investigar contexto e escala populacional
Geo32,2023-08-21,Organic_channel0_impression,2433351.0,True,5.40523490217645,preservar; investigar contexto e escala populacional
Geo32,2023-09-04,Organic_channel0_impression,1764092.0,False,3.733092066641848,preservar; investigar contexto e escala populacional
Geo32,2023-09-11,Organic_channel0_impression,3020649.0,True,6.8725982742398815,preservar; investigar contexto e escala populacional
Geo32,2023-12-11,Organic_channel0_impression,2526380.0,True,5.637667750814941,preservar; investigar contexto e escala populacional
Geo32,2024-01-15,Organic_channel0_impression,2413066.0,True,5.354552853195682,preservar; investigar contexto e escala populacional
Geo33,2021-11-15,Organic_channel0_impression,2733736.0,True,6.155746476398181,preservar; investigar contexto e escala populacional
Geo33,2022-06-13,Organic_channel0_impression,2651578.0,True,5.95047480865542,preservar; investigar contexto e escala populacional
Geo33,2022-08-29,Organic_channel0_impression,1834127.0,False,3.908074432940494,preservar; investigar contexto e escala populacional
Geo33,2023-09-11,Organic_channel0_impression,2006320.0,True,4.338298443793109,preservar; investigar contexto e escala populacional
Geo33,2023-11-06,Organic_channel0_impression,1883211.0,False,4.03071075003056,preservar; investigar contexto e escala populacional
Geo33,2024-01-01,Organic_channel0_impression,1759726.0,False,3.7221836207039614,preservar; investigar contexto e escala populacional
Geo34,2021-01-25,Organic_channel0_impression,1701820.0,False,3.5775055468424717,preservar; investigar contexto e escala populacional
Geo34,2021-08-30,Organic_channel0_impression,1784043.0,False,3.782939617009868,preservar; investigar contexto e escala populacional
Geo34,2021-09-20,Organic_channel0_impression,1786507.0,False,3.789095918153009,preservar; investigar contexto e escala populacional
Geo34,2021-12-13,Organic_channel0_impression,1779346.0,False,3.771204167955756,preservar; investigar contexto e escala populacional
Geo34,2022-05-09,Organic_channel0_impression,2383020.0,True,5.279482957032205,preservar; investigar contexto e escala populacional
Geo34,2022-09-12,Organic_channel0_impression,2020187.0,True,4.37294512721516,preservar; investigar contexto e escala populacional
Geo34,2022-09-26,Organic_channel0_impression,1873845.0,False,4.007309809889872,preservar; investigar contexto e escala populacional
Geo34,2023-01-09,Organic_channel0_impression,2525878.0,True,5.63641350439698,preservar; investigar contexto e escala populacional
Geo34,2023-01-30,Organic_channel0_impression,1706548.0,False,3.589318449360641,preservar; investigar contexto e escala populacional
Geo34,2023-09-11,Organic_channel0_impression,1786527.0,False,3.7891458881298203,preservar; investigar contexto e escala populacional
Geo34,2023-10-02,Organic_channel0_impression,1900543.0,False,4.0740147319351525,preservar; investigar contexto e escala populacional
Geo34,2023-11-20,Organic_channel0_impression,2578742.0,True,5.768494147104364,preservar; investigar contexto e escala populacional
Geo34,2023-12-11,Organic_channel0_impression,1696245.0,False,3.5635764158063474,preservar; investigar contexto e escala populacional
Geo34,2024-01-01,Organic_channel0_impression,1690266.0,False,3.5486378912386374,preservar; investigar contexto e escala populacional
Geo35,2021-01-25,Organic_channel0_impression,2122382.0,True,4.628279216226228,preservar; investigar contexto e escala populacional
Geo35,2021-05-24,Organic_channel0_impression,1968823.0,False,4.244612232768615,preservar; investigar contexto e escala populacional
Geo35,2021-06-07,Organic_channel0_impression,3395519.0,True,7.809210534600752,preservar; investigar contexto e escala populacional
Geo35,2021-07-26,Organic_channel0_impression,2662540.0,True,5.9778633529456435,preservar; investigar contexto e escala populacional
Geo35,2021-08-30,Organic_channel0_impression,3282995.0,True,7.528069451065536,preservar; investigar contexto e escala populacional
Geo35,2021-10-04,Organic_channel0_impression,3528184.0,True,8.140673883283696,preservar; investigar contexto e escala populacional
Geo35,2021-11-22,Organic_channel0_impression,3117097.0,True,7.113573490414249,preservar; investigar contexto e escala populacional
Geo35,2022-06-13,Organic_channel0_impression,2479168.0,True,5.519708623554405,preservar; investigar contexto e escala populacional
Geo35,2022-08-01,Organic_channel0_impression,1721135.0,False,3.6257640519478955,preservar; investigar contexto e escala populacional
Geo35,2022-08-15,Organic_channel0_impression,1983766.0,False,4.28194730094311,preservar; investigar contexto e escala populacional
Geo35,2022-09-05,Organic_channel0_impression,1691953.0,False,3.5528528587826624,preservar; investigar contexto e escala populacional
Geo35,2022-10-03,Organic_channel0_impression,1702532.0,False,3.579284478016951,preservar; investigar contexto e escala populacional
Geo35,2022-10-24,Organic_channel0_impression,2304000.0,True,5.082051578651123,preservar; investigar contexto e escala populacional
Geo35,2023-06-05,Organic_channel0_impression,2505753.0,True,5.5861312152307026,preservar; investigar contexto e escala populacional
Geo35,2023-08-14,Organic_channel0_impression,2685327.0,True,6.034796646025493,preservar; investigar contexto e escala populacional
Geo35,2023-12-18,Organic_channel0_impression,1894747.0,False,4.059533432655265,preservar; investigar contexto e escala populacional
Geo36,2021-02-01,Organic_channel0_impression,2339277.0,True,5.170191122249572,preservar; investigar contexto e escala populacional
Geo36,2021-03-15,Organic_channel0_impression,2092856.0,True,4.554508539459842,preservar; investigar contexto e escala populacional
Geo36,2021-04-26,Organic_channel0_impression,1838092.0,False,3.917980980843316,preservar; investigar contexto e escala populacional
Geo36,2021-05-17,Organic_channel0_impression,1687050.0,False,3.540602718967395,preservar; investigar contexto e escala populacional
Geo36,2021-07-05,Organic_channel0_impression,2650643.0,True,5.948138712239497,preservar; investigar contexto e escala populacional
Geo36,2021-07-26,Organic_channel0_impression,2063683.0,True,4.481619832784174,preservar; investigar contexto e escala populacional
Geo36,2021-08-16,Organic_channel0_impression,2916920.0,True,6.613431488007394,preservar; investigar contexto e escala populacional
Geo36,2021-08-30,Organic_channel0_impression,3530949.0,True,8.147582232577845,preservar; investigar contexto e escala populacional
Geo36,2021-11-08,Organic_channel0_impression,2394593.0,True,5.30839808411401,preservar; investigar contexto e escala populacional
Geo36,2021-11-15,Organic_channel0_impression,1857838.0,False,3.967316338949022,preservar; investigar contexto e escala populacional
Geo36,2021-11-22,Organic_channel0_impression,2969190.0,True,6.7440280224034845,preservar; investigar contexto e escala populacional
Geo36,2021-11-29,Organic_channel0_impression,2538783.0,True,5.668656631934412,preservar; investigar contexto e escala populacional
Geo36,2021-12-13,Organic_channel0_impression,2213668.0,True,4.856357181385623,preservar; investigar contexto e escala populacional
Geo36,2022-03-14,Organic_channel0_impression,3190605.0,True,7.297233143186163,preservar; investigar contexto e escala populacional
Geo36,2022-03-21,Organic_channel0_impression,2021286.0,True,4.375690977440935,preservar; investigar contexto e escala populacional
Geo36,2022-05-23,Organic_channel0_impression,1808449.0,False,3.8439179797125846,preservar; investigar contexto e escala populacional
Geo36,2022-06-13,Organic_channel0_impression,2505094.0,True,5.584484704494773,preservar; investigar contexto e escala populacional
Geo36,2022-07-11,Organic_channel0_impression,2028632.0,True,4.394044949923692,preservar; investigar contexto e escala populacional
Geo36,2022-08-01,Organic_channel0_impression,2764658.0,True,6.233005057545989,preservar; investigar contexto e escala populacional
Geo36,2022-08-29,Organic_channel0_impression,3345522.0,True,7.684293088069255,preservar; investigar contexto e escala populacional
Geo36,2022-09-19,Organic_channel0_impression,2611136.0,True,5.849430518545478,preservar; investigar contexto e escala populacional
Geo36,2022-09-26,Organic_channel0_impression,2284772.0,True,5.034010442944829,preservar; investigar contexto e escala populacional
Geo36,2022-10-17,Organic_channel0_impression,2235654.0,True,4.911289176894184,preservar; investigar contexto e escala populacional
Geo36,2022-11-21,Organic_channel0_impression,2412204.0,True,5.352399147195119,preservar; investigar contexto e escala populacional
Geo36,2022-12-26,Organic_channel0_impression,1725010.0,False,3.635445734955067,preservar; investigar contexto e escala populacional
Geo36,2023-02-06,Organic_channel0_impression,2250692.0,True,4.948861602458531,preservar; investigar contexto e escala populacional
Geo36,2023-05-01,Organic_channel0_impression,2343040.0,True,5.179592973386601,preservar; investigar contexto e escala populacional
Geo36,2023-05-22,Organic_channel0_impression,1671169.0,False,3.5009240588804555,preservar; investigar contexto e escala populacional
Geo36,2023-07-24,Organic_channel0_impression,2557772.0,True,5.716100626417813,preservar; investigar contexto e escala populacional
Geo36,2023-07-31,Organic_channel0_impression,2375974.0,True,5.2618785342016166,preservar; investigar contexto e escala populacional
Geo36,2023-09-11,Organic_channel0_impression,2114158.0,True,4.60773156176146,preservar; investigar contexto e escala populacional
Geo36,2023-10-09,Organic_channel0_impression,4083109.0,True,9.527153352381665,preservar; investigar contexto e escala populacional
Geo36,2023-10-16,Organic_channel0_impression,1781895.0,False,3.7775728415003442,preservar; investigar contexto e escala populacional
Geo36,2023-10-23,Organic_channel0_impression,2638621.0,True,5.918101759178279,preservar; investigar contexto e escala populacional
Geo36,2023-12-18,Organic_channel0_impression,2699721.0,True,6.070760038336519,preservar; investigar contexto e escala populacional
Geo36,2023-12-25,Organic_channel0_impression,4457710.0,True,10.463093516554427,preservar; investigar contexto e escala populacional
Geo39,2021-02-22,Organic_channel0_impression,2181464.0,True,4.775895524724216,preservar; investigar contexto e escala populacional
Geo39,2021-03-15,Organic_channel0_impression,1701446.0,False,3.5765711082761023,preservar; investigar contexto e escala populacional
Geo39,2021-05-03,Organic_channel0_impression,3216161.0,True,7.361084779555523,preservar; investigar contexto e escala populacional
Geo39,2021-05-17,Organic_channel0_impression,2231040.0,True,4.899761103243838,preservar; investigar contexto e escala populacional
Geo39,2021-06-07,Organic_channel0_impression,2622604.0,True,5.878083303249023,preservar; investigar contexto e escala populacional
Geo39,2021-07-05,Organic_channel0_impression,3782597.0,True,8.776324468807184,preservar; investigar contexto e escala populacional
Geo39,2021-08-30,Organic_channel0_impression,1823225.0,False,3.8808357985807054,preservar; investigar contexto e escala populacional
Geo39,2021-10-18,Organic_channel0_impression,1867126.0,False,3.990522396180147,preservar; investigar contexto e escala populacional
Geo39,2021-11-15,Organic_channel0_impression,2343718.0,True,5.181286955600501,preservar; investigar contexto e escala populacional
Geo39,2021-11-22,Organic_channel0_impression,2880691.0,True,6.522913373512732,preservar; investigar contexto e escala populacional
Geo39,2022-01-24,Organic_channel0_impression,2507736.0,True,5.591085738431534,preservar; investigar contexto e escala populacional
Geo39,2022-02-28,Organic_channel0_impression,2138498.0,True,4.668545023540699,preservar; investigar contexto e escala populacional
Geo39,2022-03-28,Organic_channel0_impression,2264578.0,True,4.983555757358552,preservar; investigar contexto e escala populacional
Geo39,2022-05-09,Organic_channel0_impression,1728121.0,False,3.64321856484805,preservar; investigar contexto e escala populacional
Geo39,2022-06-27,Organic_channel0_impression,2155196.0,True,4.710264957180376,preservar; investigar contexto e escala populacional
Geo39,2022-10-17,Organic_channel0_impression,1734068.0,False,3.6580771374528633,preservar; investigar contexto e escala populacional
Geo39,2023-01-09,Organic_channel0_impression,1745505.0,False,3.686652468692352,preservar; investigar contexto e escala populacional
Geo39,2023-06-12,Organic_channel0_impression,2252830.0,True,4.9542033929796485,preservar; investigar contexto e escala populacional
Geo39,2023-06-26,Organic_channel0_impression,2678478.0,True,6.017684427466494,preservar; investigar contexto e escala populacional
Geo39,2023-08-07,Organic_channel0_impression,2557584.0,True,5.715630908635787,preservar; investigar contexto e escala populacional
Geo39,2023-08-28,Organic_channel0_impression,1986045.0,False,4.287641379800747,preservar; investigar contexto e escala populacional
Geo39,2023-09-04,Organic_channel0_impression,2109616.0,True,4.596383380027634,preservar; investigar contexto e escala populacional
Geo39,2023-09-11,Organic_channel0_impression,2444496.0,True,5.433080671754495,preservar; investigar contexto e escala populacional
Geo39,2023-10-02,Organic_channel0_impression,3288424.0,True,7.541633801270938,preservar; investigar contexto e escala populacional
Geo39,2023-10-16,Organic_channel0_impression,2000165.0,True,4.322920183429459,preservar; investigar contexto e escala populacional
Geo39,2023-10-23,Organic_channel0_impression,1893584.0,False,4.056627678503693,preservar; investigar contexto e escala populacional
Geo39,2023-11-13,Organic_channel0_impression,2128501.0,True,4.643567530631617,preservar; investigar contexto e escala populacional
Geo39,2023-12-18,Organic_channel0_impression,2687601.0,True,6.040478232388927,preservar; investigar contexto e escala populacional
Geo39,2024-01-01,Organic_channel0_impression,2683131.0,True,6.029309942571622,preservar; investigar contexto e escala populacional
Geo5,2021-09-20,Organic_channel0_impression,2006027.0,True,4.337566383632825,preservar; investigar contexto e escala populacional
Geo7,2021-03-01,Organic_channel0_impression,1731436.0,False,3.6515010885045083,preservar; investigar contexto e escala populacional
Geo7,2021-05-03,Organic_channel0_impression,1787526.0,False,3.79164188847154,preservar; investigar contexto e escala populacional
Geo7,2021-07-26,Organic_channel0_impression,1699684.0,False,3.5721687533190347,preservar; investigar contexto e escala populacional
Geo7,2021-09-20,Organic_channel0_impression,1767827.0,False,3.742423959811341,preservar; investigar contexto e escala populacional
Geo7,2021-09-27,Organic_channel0_impression,1962939.0,False,4.229911065590759,preservar; investigar contexto e escala populacional
Geo7,2021-10-18,Organic_channel0_impression,1831560.0,False,3.901660786416776,preservar; investigar contexto e escala populacional
Geo7,2021-11-08,Organic_channel0_impression,2219792.0,True,4.8716579882852145,preservar; investigar contexto e escala populacional
Geo7,2021-11-15,Organic_channel0_impression,1919997.0,False,4.122620528379414,preservar; investigar contexto e escala populacional
Geo7,2021-11-22,Organic_channel0_impression,2809679.0,True,6.345489973846858,preservar; investigar contexto e escala populacional
Geo7,2021-12-13,Organic_channel0_impression,2793392.0,True,6.304796923230651,preservar; investigar contexto e escala populacional
Geo7,2022-01-03,Organic_channel0_impression,3154303.0,True,7.206532638276139,preservar; investigar contexto e escala populacional
Geo7,2022-01-24,Organic_channel0_impression,1705422.0,False,3.5865051396661705,preservar; investigar contexto e escala populacional
Geo7,2022-07-11,Organic_channel0_impression,2788414.0,True,6.292359396002341,preservar; investigar contexto e escala populacional
Geo7,2022-10-17,Organic_channel0_impression,2260406.0,True,4.973132020195734,preservar; investigar contexto e escala populacional
Geo7,2022-10-31,Organic_channel0_impression,2121931.0,True,4.627152393249135,preservar; investigar contexto e escala populacional
Geo7,2023-01-09,Organic_channel0_impression,2006732.0,True,4.3393278253154195,preservar; investigar contexto e escala populacional
Geo7,2023-02-27,Organic_channel0_impression,2715844.0,True,6.111043335142874,preservar; investigar contexto e escala populacional
Geo7,2023-06-26,Organic_channel0_impression,2373696.0,True,5.256186953842819,preservar; investigar contexto e escala populacional
Geo7,2023-07-03,Organic_channel0_impression,1803671.0,False,3.8319801522523878,preservar; investigar contexto e escala populacional
Geo7,2023-08-07,Organic_channel0_impression,2586864.0,True,5.788786954687396,preservar; investigar contexto e escala populacional
Geo7,2023-10-23,Organic_channel0_impression,1772982.0,False,3.75530372133443,preservar; investigar contexto e escala populacional
Geo7,2023-11-06,Organic_channel0_impression,1684896.0,False,3.5352209524648277,preservar; investigar contexto e escala populacional
Geo7,2023-11-27,Organic_channel0_impression,2789324.0,True,6.294633029947251,preservar; investigar contexto e escala populacional
Geo7,2023-12-04,Organic_channel0_impression,1941155.0,False,4.175483766847991,preservar; investigar contexto e escala populacional
Geo7,2023-12-25,Organic_channel0_impression,2176303.0,True,4.763000772208084,preservar; investigar contexto e escala populacional
Geo9,2021-10-11,Organic_channel0_impression,2353917.0,True,5.206769145275376,preservar; investigar contexto e escala populacional
Geo9,2021-11-22,Organic_channel0_impression,1772535.0,False,3.7541868923526995,preservar; investigar contexto e escala populacional
Geo9,2023-08-07,Organic_channel0_impression,2031092.0,True,4.40019125707147,preservar; investigar contexto e escala populacional
Geo9,2023-09-04,Organic_channel0_impression,2088291.0,True,4.5431028922526835,preservar; investigar contexto e escala populacional
Geo9,2023-10-02,Organic_channel0_impression,1709186.0,False,3.5959094893020396,preservar; investigar contexto e escala populacional
Geo9,2023-11-27,Organic_channel0_impression,2363542.0,True,5.23081719661577,preservar; investigar contexto e escala populacional
Geo1,2021-06-28,competitor_sales_control,3.924682,True,3.3196974468335565,preservar; investigar contexto e escala populacional
Geo10,2021-10-25,competitor_sales_control,3.2732959,True,2.7757001434077297,preservar; investigar contexto e escala populacional
Geo11,2022-10-17,competitor_sales_control,3.4125714,True,2.8920144099130844,preservar; investigar contexto e escala populacional
Geo12,2023-10-23,competitor_sales_control,3.5509286,True,3.007561769166756,preservar; investigar contexto e escala populacional
Geo13,2023-02-27,competitor_sales_control,-3.7545688,True,-3.0935369275729925,preservar; investigar contexto e escala populacional
Geo14,2022-05-16,competitor_sales_control,-3.9493327,True,-3.2561916670657407,preservar; investigar contexto e escala populacional
Geo14,2023-09-25,competitor_sales_control,3.2357516,True,2.744345470719734,preservar; investigar contexto e escala populacional
Geo14,2023-10-09,competitor_sales_control,3.59091,True,3.040951756744307,preservar; investigar contexto e escala populacional
Geo15,2022-10-10,competitor_sales_control,3.2604184,True,2.764945653444149,preservar; investigar contexto e escala populacional
Geo15,2023-08-21,competitor_sales_control,3.3643146,True,2.8517133210934746,preservar; investigar contexto e escala populacional
Geo15,2023-09-11,competitor_sales_control,3.2311502,True,2.740502666594832,preservar; investigar contexto e escala populacional
Geo16,2024-01-01,competitor_sales_control,3.4432638,True,2.917646800342765,preservar; investigar contexto e escala populacional
Geo17,2021-04-19,competitor_sales_control,-3.4744775,True,-2.8596220314567966,preservar; investigar contexto e escala populacional
Geo17,2021-11-29,competitor_sales_control,3.178909,True,2.69687405381398,preservar; investigar contexto e escala populacional
Geo17,2022-10-10,competitor_sales_control,3.4011354,True,2.882463771417762,preservar; investigar contexto e escala populacional
Geo18,2022-11-07,competitor_sales_control,3.258544,True,2.7633802707233,preservar; investigar contexto e escala populacional
Geo19,2022-10-10,competitor_sales_control,3.459413,True,2.9311336113945887,preservar; investigar contexto e escala populacional
Geo19,2023-08-07,competitor_sales_control,3.5040593,True,2.968419434361859,preservar; investigar contexto e escala populacional
Geo2,2021-11-01,competitor_sales_control,-3.4891922,True,-2.8719108370065616,preservar; investigar contexto e escala populacional
Geo2,2022-03-28,competitor_sales_control,-3.4221087,True,-2.8158868550634923,preservar; investigar contexto e escala populacional
Geo21,2022-05-16,competitor_sales_control,-3.4756804,True,-2.860626618991426,preservar; investigar contexto e escala populacional
Geo22,2023-09-04,competitor_sales_control,3.5564291,True,3.012155445893191,preservar; investigar contexto e escala populacional
Geo22,2023-09-25,competitor_sales_control,3.4971333,True,2.9626352683756223,preservar; investigar contexto e escala populacional
Geo23,2023-03-20,competitor_sales_control,-3.3808699,True,-2.7814467649287518,preservar; investigar contexto e escala populacional
Geo26,2022-02-21,competitor_sales_control,3.7371893,True,3.1631151629745244,preservar; investigar contexto e escala populacional
Geo27,2023-03-13,competitor_sales_control,-4.0258627,True,-3.320104780396189,preservar; investigar contexto e escala populacional
Geo28,2021-02-08,competitor_sales_control,-4.141794,True,-3.416923417733784,preservar; investigar contexto e escala populacional
Geo28,2021-04-19,competitor_sales_control,-3.5212548,True,-2.8986875335630597,preservar; investigar contexto e escala populacional
Geo28,2022-03-21,competitor_sales_control,-3.449091,True,-2.838420799893182,preservar; investigar contexto e escala populacional
Geo29,2022-10-10,competitor_sales_control,3.2027607,True,2.7167935155312652,preservar; investigar contexto e escala populacional
Geo29,2023-02-20,competitor_sales_control,3.2822385,True,2.7831684487424857,preservar; investigar contexto e escala populacional
Geo29,2023-03-13,competitor_sales_control,-3.3203716,True,-2.7309223339317645,preservar; investigar contexto e escala populacional
Geo29,2023-03-20,competitor_sales_control,-3.713109,True,-3.0589122719339272,preservar; investigar contexto e escala populacional
Geo29,2023-08-21,competitor_sales_control,3.4765253,True,2.9454247438817784,preservar; investigar contexto e escala populacional
Geo3,2023-05-15,competitor_sales_control,-3.4370456,True,-2.8283612282832173,preservar; investigar contexto e escala populacional
Geo30,2022-01-17,competitor_sales_control,3.2574158,True,2.7624380679994083,preservar; investigar contexto e escala populacional
Geo30,2023-04-03,competitor_sales_control,-3.3928678,True,-2.7914666674823567,preservar; investigar contexto e escala populacional
Geo31,2023-05-29,competitor_sales_control,-3.3309407,True,-2.739748991270074,preservar; investigar contexto e escala populacional
Geo33,2021-09-13,competitor_sales_control,3.3137298,True,2.809468030943232,preservar; investigar contexto e escala populacional
Geo33,2022-06-27,competitor_sales_control,-3.7703326,True,-3.1067018764285854,preservar; investigar contexto e escala populacional
Geo33,2022-10-10,competitor_sales_control,3.91587,True,3.312338210525339,preservar; investigar contexto e escala populacional
Geo33,2022-11-07,competitor_sales_control,3.4131005,True,2.8924562814440287,preservar; investigar contexto e escala populacional
Geo33,2023-03-20,competitor_sales_control,-3.935061,True,-3.2442728276626553,preservar; investigar contexto e escala populacional
Geo33,2023-04-03,competitor_sales_control,-3.5140724,True,-2.8926892381862848,preservar; investigar contexto e escala populacional
Geo35,2021-06-28,competitor_sales_control,3.7666893,True,3.187751734818876,preservar; investigar contexto e escala populacional
Geo35,2022-10-10,competitor_sales_control,3.2487464,True,2.755197922374072,preservar; investigar contexto e escala populacional
Geo35,2022-11-07,competitor_sales_control,3.4521286,True,2.925050131938894,preservar; investigar contexto e escala populacional
Geo35,2022-11-21,competitor_sales_control,3.1950588,True,2.710361365948621,preservar; investigar contexto e escala populacional
Geo35,2023-09-25,competitor_sales_control,3.628428,True,3.0722844653021504,preservar; investigar contexto e escala populacional
Geo36,2021-04-19,competitor_sales_control,-3.4609604,True,-2.848333387210109,preservar; investigar contexto e escala populacional
Geo36,2021-11-22,competitor_sales_control,3.6128526,True,3.0592768564511497,preservar; investigar contexto e escala populacional
Geo36,2022-07-25,competitor_sales_control,-4.8256345,True,-3.988024624795723,preservar; investigar contexto e escala populacional
Geo36,2023-06-19,competitor_sales_control,-3.3721185,True,-2.774138137985069,preservar; investigar contexto e escala populacional
Geo36,2023-09-11,competitor_sales_control,3.282673,True,2.783531316215922,preservar; investigar contexto e escala populacional
Geo39,2022-04-04,competitor_sales_control,-3.79745,True,-3.129348648405942,preservar; investigar contexto e escala populacional
Geo4,2023-09-25,competitor_sales_control,3.5755312,True,3.0281083360297334,preservar; investigar contexto e escala populacional
Geo5,2022-05-16,competitor_sales_control,-3.3850083,True,-2.7849029001464016,preservar; investigar contexto e escala populacional
Geo5,2024-01-15,competitor_sales_control,3.7631156,True,3.1847672020459896,preservar; investigar contexto e escala populacional
Geo6,2023-04-17,competitor_sales_control,-3.762361,True,-3.1000444901196214,preservar; investigar contexto e escala populacional
Geo8,2022-09-12,competitor_sales_control,3.358917,True,2.847205580070184,preservar; investigar contexto e escala populacional
Geo8,2023-04-24,competitor_sales_control,-3.5100768,True,-2.8893523606791227,preservar; investigar contexto e escala populacional
Geo0,2021-11-22,sentiment_score_control,3.2494621,True,2.8582286478761523,preservar; investigar contexto e escala populacional
Geo0,2023-02-20,sentiment_score_control,-3.2211893,True,-2.7702539781928897,preservar; investigar contexto e escala populacional
Geo1,2021-12-13,sentiment_score_control,3.1038039,True,2.731528166369068,preservar; investigar contexto e escala populacional
Geo11,2022-07-11,sentiment_score_control,3.1524527,True,2.7738452235944204,preservar; investigar contexto e escala populacional
Geo12,2021-09-27,sentiment_score_control,3.1212516,True,2.7467050118277596,preservar; investigar contexto e escala populacional
Geo13,2021-03-22,sentiment_score_control,-4.1138744,True,-3.54675425077761,preservar; investigar contexto e escala populacional
Geo13,2021-11-22,sentiment_score_control,4.320259,True,3.7896590982475926,preservar; investigar contexto e escala populacional
Geo14,2022-04-18,sentiment_score_control,-3.263442,True,-2.8070074011719894,preservar; investigar contexto e escala populacional
Geo14,2023-05-08,sentiment_score_control,-3.2519317,True,-2.7969951907211463,preservar; investigar contexto e escala populacional
Geo15,2021-11-22,sentiment_score_control,3.6629674,True,3.217915370736461,preservar; investigar contexto e escala populacional
Geo16,2021-09-20,sentiment_score_control,3.2111778,True,2.824927129361152,preservar; investigar contexto e escala populacional
Geo16,2024-01-15,sentiment_score_control,3.5214682,True,3.09483258670599,preservar; investigar contexto e escala populacional
Geo17,2022-11-14,sentiment_score_control,3.1455812,True,2.767868063649592,preservar; investigar contexto e escala populacional
Geo18,2021-12-13,sentiment_score_control,3.1740804,True,2.7926580333359303,preservar; investigar contexto e escala populacional
Geo19,2023-11-13,sentiment_score_control,3.1342254,True,2.757990244701546,preservar; investigar contexto e escala populacional
Geo2,2021-11-22,sentiment_score_control,3.1250415,True,2.750001648439112,preservar; investigar contexto e escala populacional
Geo2,2023-01-02,sentiment_score_control,-3.1655092,True,-2.7218207593259622,preservar; investigar contexto e escala populacional
Geo2,2023-11-27,sentiment_score_control,3.3192983,True,2.9189755208062382,preservar; investigar contexto e escala populacional
Geo20,2021-11-22,sentiment_score_control,3.1489549,True,2.7708026695589085,preservar; investigar contexto e escala populacional
Geo20,2021-12-13,sentiment_score_control,3.3322234,True,2.930218392086587,preservar; investigar contexto e escala populacional
Geo20,2023-09-18,sentiment_score_control,-3.2217736,True,-2.770762230329361,preservar; investigar contexto e escala populacional
Geo21,2021-12-13,sentiment_score_control,3.9332714,True,3.4530387414309427,preservar; investigar contexto e escala populacional
Geo21,2022-04-18,sentiment_score_control,-3.5535417,True,-3.0593500202285258,preservar; investigar contexto e escala populacional
Geo21,2023-02-20,sentiment_score_control,3.0802343,True,2.7110261989622937,preservar; investigar contexto e escala populacional
Geo21,2023-03-06,sentiment_score_control,-3.1875634,True,-2.741004559203028,preservar; investigar contexto e escala populacional
Geo22,2021-03-08,sentiment_score_control,-3.4279013,True,-2.9500619803053167,preservar; investigar contexto e escala populacional
Geo22,2021-08-30,sentiment_score_control,3.4582407,True,3.039834277688789,preservar; investigar contexto e escala populacional
Geo22,2023-08-07,sentiment_score_control,3.980857,True,3.494430976353546,preservar; investigar contexto e escala populacional
Geo23,2021-04-26,sentiment_score_control,-3.2594008,True,-2.8034921717797108,preservar; investigar contexto e escala populacional
Geo23,2021-10-18,sentiment_score_control,3.127304,True,2.751969679345781,preservar; investigar contexto e escala populacional
Geo23,2021-12-13,sentiment_score_control,3.8080697,True,3.344132303787847,preservar; investigar contexto e escala populacional
Geo23,2022-03-28,sentiment_score_control,-3.1384487,True,-2.6982822398342865,preservar; investigar contexto e escala populacional
Geo23,2022-04-18,sentiment_score_control,-3.3693938,True,-2.899169353444792,preservar; investigar contexto e escala populacional
Geo23,2023-06-05,sentiment_score_control,-3.2002027,True,-2.751998827949398,preservar; investigar contexto e escala populacional
Geo24,2021-07-05,sentiment_score_control,-3.3360703,True,-2.87018297646429,preservar; investigar contexto e escala populacional
Geo24,2021-12-13,sentiment_score_control,3.130845,True,2.7550498108112023,preservar; investigar contexto e escala populacional
Geo26,2022-01-10,sentiment_score_control,3.2188745,True,2.8316220878050675,preservar; investigar contexto e escala populacional
Geo28,2021-07-19,sentiment_score_control,-3.7569895,True,-3.2363186647782802,preservar; investigar contexto e escala populacional
Geo28,2021-10-11,sentiment_score_control,3.2024665,True,2.8173496232231336,preservar; investigar contexto e escala populacional
Geo29,2023-03-13,sentiment_score_control,-3.3332646,True,-2.867742444170438,preservar; investigar contexto e escala populacional
Geo3,2021-04-26,sentiment_score_control,-3.6558018,True,-3.1483007549551845,preservar; investigar contexto e escala populacional
Geo30,2023-12-04,sentiment_score_control,3.3268404,True,2.9255360007625653,preservar; investigar contexto e escala populacional
Geo32,2021-08-09,sentiment_score_control,3.1517913,True,2.7732699061837374,preservar; investigar contexto e escala populacional
Geo32,2022-03-28,sentiment_score_control,-3.210092,True,-2.7606010149307556,preservar; investigar contexto e escala populacional
Geo32,2023-03-20,sentiment_score_control,-3.55904,True,-3.0641327050170952,preservar; investigar contexto e escala populacional
Geo32,2023-09-18,sentiment_score_control,-3.555376,True,-3.0609455822581846,preservar; investigar contexto e escala populacional
Geo34,2022-09-26,sentiment_score_control,3.2538981,True,2.8620872932250956,preservar; investigar contexto e escala populacional
Geo35,2021-04-26,sentiment_score_control,-3.5600376,True,-3.06500046529665,preservar; investigar contexto e escala populacional
Geo35,2021-11-22,sentiment_score_control,4.2033124,True,3.6879333421238973,preservar; investigar contexto e escala populacional
Geo36,2023-10-23,sentiment_score_control,3.374263,True,2.9667864504750967,preservar; investigar contexto e escala populacional
Geo38,2021-12-13,sentiment_score_control,3.1072788,True,2.734550800887338,preservar; investigar contexto e escala populacional
Geo39,2023-03-20,sentiment_score_control,-4.230392,True,-3.6481068421459635,preservar; investigar contexto e escala populacional
Geo4,2021-03-22,sentiment_score_control,-3.5796337,True,-3.08204609201496,preservar; investigar contexto e escala populacional
Geo5,2023-10-23,sentiment_score_control,3.1641839,True,2.7840495834495878,preservar; investigar contexto e escala populacional
Geo6,2021-04-19,sentiment_score_control,-3.653327,True,-3.1461480553362566,preservar; investigar contexto e escala populacional
Geo6,2021-09-06,sentiment_score_control,-3.1484876,True,-2.7070145560636614,preservar; investigar contexto e escala populacional
Geo6,2022-03-14,sentiment_score_control,-3.3204043,True,-2.856555939034952,preservar; investigar contexto e escala populacional
Geo7,2022-04-18,sentiment_score_control,-3.2840776,True,-2.8249572347974743,preservar; investigar contexto e escala populacional
Geo8,2022-09-19,sentiment_score_control,3.085959,True,2.7160058173187176,preservar; investigar contexto e escala populacional
Geo8,2023-06-19,sentiment_score_control,-4.0132847,True,-3.4592565100074153,preservar; investigar contexto e escala populacional
Geo9,2021-08-09,sentiment_score_control,3.0786805,True,2.7096746292726666,preservar; investigar contexto e escala populacional
Geo0,2021-02-08,Promo,0.68381935,False,4.79146280198393,preservar; investigar contexto e escala populacional
Geo0,2021-02-15,Promo,1.2890546,False,9.629271441485184,preservar; investigar contexto e escala populacional
Geo0,2021-03-22,Promo,1.4659629,False,11.043347211426672,preservar; investigar contexto e escala populacional
Geo0,2021-03-29,Promo,0.9731307,False,7.104006475763293,preservar; investigar contexto e escala populacional
Geo0,2021-04-12,Promo,1.6279713,False,12.33832406082825,preservar; investigar contexto e escala populacional
Geo0,2021-04-19,Promo,0.6690695,False,4.673563271575964,preservar; investigar contexto e escala populacional
Geo0,2021-04-26,Promo,0.5568802,False,3.776803929155644,preservar; investigar contexto e escala populacional
Geo0,2021-05-03,Promo,1.2657831,False,9.443256063573612,preservar; investigar contexto e escala populacional
Geo0,2021-07-05,Promo,0.8438258,False,6.070437524929965,preservar; investigar contexto e escala populacional
Geo0,2021-08-02,Promo,1.4114499,False,10.60761009537943,preservar; investigar contexto e escala populacional
Geo0,2021-08-16,Promo,1.0073695,False,7.377686441439707,preservar; investigar contexto e escala populacional
Geo0,2021-09-06,Promo,1.0616482,False,7.811550734375216,preservar; investigar contexto e escala populacional
Geo0,2021-09-20,Promo,0.5559206,False,3.7691335874654244,preservar; investigar contexto e escala populacional
Geo0,2021-09-27,Promo,1.089553,False,8.034601329203515,preservar; investigar contexto e escala populacional
Geo0,2021-10-11,Promo,0.9845294,False,7.195119360115423,preservar; investigar contexto e escala populacional
Geo0,2021-10-18,Promo,1.5786209,False,11.943852999397437,preservar; investigar contexto e escala populacional
Geo0,2021-11-15,Promo,1.5787075,False,11.944545216561226,preservar; investigar contexto e escala populacional
Geo0,2021-11-22,Promo,1.1300328,False,8.358167291637598,preservar; investigar contexto e escala populacional
Geo0,2021-12-27,Promo,1.4557307,False,10.961558476284255,preservar; investigar contexto e escala populacional
Geo0,2022-01-24,Promo,2.4903753,True,19.231751900565673,preservar; investigar contexto e escala populacional
Geo0,2022-02-28,Promo,1.0494665,False,7.714179119777732,preservar; investigar contexto e escala populacional
Geo0,2022-03-07,Promo,0.78975,False,5.638195066434791,preservar; investigar contexto e escala populacional
Geo0,2022-03-28,Promo,1.1935049,False,8.865516911057961,preservar; investigar contexto e escala populacional
Geo0,2022-04-18,Promo,1.6383218,False,12.421058399786789,preservar; investigar contexto e escala populacional
Geo0,2022-05-09,Promo,0.7193704,False,5.075631935941908,preservar; investigar contexto e escala populacional
Geo0,2022-05-16,Promo,1.4950795,False,11.27608405058616,preservar; investigar contexto e escala populacional
Geo0,2022-05-30,Promo,0.75847054,False,5.388169903777901,preservar; investigar contexto e escala populacional
Geo0,2022-06-06,Promo,2.5858955,True,19.995270629534097,preservar; investigar contexto e escala populacional
Geo0,2022-07-04,Promo,2.3646197,True,18.226553462197014,preservar; investigar contexto e escala populacional
Geo0,2022-07-11,Promo,1.0622299,False,7.8162004194118975,preservar; investigar contexto e escala populacional
Geo0,2022-08-29,Promo,2.1704597,True,16.674580199824135,preservar; investigar contexto e escala populacional
Geo0,2022-09-19,Promo,0.5371571,False,3.619151869765932,preservar; investigar contexto e escala populacional
Geo0,2022-09-26,Promo,1.7121215,False,13.010959312287511,preservar; investigar contexto e escala populacional
Geo0,2022-10-03,Promo,1.9037877,False,14.542998958458769,preservar; investigar contexto e escala populacional
Geo0,2022-11-14,Promo,1.0709755,False,7.886106359684912,preservar; investigar contexto e escala populacional
Geo0,2022-12-26,Promo,0.8958492,False,6.486274596508712,preservar; investigar contexto e escala populacional
Geo0,2023-02-13,Promo,0.86505544,False,6.240131764988689,preservar; investigar contexto e escala populacional
Geo0,2023-02-27,Promo,2.7043977,True,20.942490684809968,preservar; investigar contexto e escala populacional
Geo0,2023-05-01,Promo,0.91592294,False,6.646729416017492,preservar; investigar contexto e escala populacional
Geo0,2023-05-22,Promo,0.54361117,False,3.6707409925176986,preservar; investigar contexto e escala populacional
Geo0,2023-05-29,Promo,1.6832058,False,12.779828321028779,preservar; investigar contexto e escala populacional
Geo0,2023-06-26,Promo,0.90638375,False,6.570480096772052,preservar; investigar contexto e escala populacional
Geo0,2023-07-10,Promo,1.0423979,False,7.657677892942087,preservar; investigar contexto e escala populacional
Geo0,2023-08-07,Promo,1.0618486,False,7.8131525856410775,preservar; investigar contexto e escala populacional
Geo0,2023-08-14,Promo,2.7463713,True,21.27799699365594,preservar; investigar contexto e escala populacional
Geo0,2023-09-04,Promo,0.6147878,False,4.2396749988310845,preservar; investigar contexto e escala populacional
Geo0,2023-09-11,Promo,0.7066211,False,4.973723341411777,preservar; investigar contexto e escala populacional
Geo0,2023-09-25,Promo,0.56078744,False,3.8080355526088465,preservar; investigar contexto e escala populacional
Geo0,2023-10-23,Promo,1.7764667,False,13.52528785556128,preservar; investigar contexto e escala populacional
Geo0,2023-11-13,Promo,0.8533168,False,6.14630164850424,preservar; investigar contexto e escala populacional
Geo0,2023-12-04,Promo,1.3265772,False,9.929199706497094,preservar; investigar contexto e escala populacional
Geo0,2023-12-11,Promo,0.5872622,False,4.019655451907049,preservar; investigar contexto e escala populacional
Geo1,2021-03-22,Promo,1.0267199,False,7.532359409178787,preservar; investigar contexto e escala populacional
Geo1,2021-05-31,Promo,2.6867244,True,20.801223229835234,preservar; investigar contexto e escala populacional
Geo1,2021-06-21,Promo,1.0177737,False,7.460850018985956,preservar; investigar contexto e escala populacional
Geo1,2021-06-28,Promo,0.9326464,False,6.780404543615155,preservar; investigar contexto e escala populacional
Geo1,2021-07-05,Promo,1.2320731,False,9.173802938962007,preservar; investigar contexto e escala populacional
Geo1,2021-08-09,Promo,1.7389642,False,13.225520255272142,preservar; investigar contexto e escala populacional
Geo1,2021-08-23,Promo,1.2483022,False,9.303526513706421,preservar; investigar contexto e escala populacional
Geo1,2021-08-30,Promo,2.8456528,True,22.071580808284455,preservar; investigar contexto e escala populacional
Geo1,2021-10-11,Promo,2.131112,True,16.360063418119,preservar; investigar contexto e escala populacional
Geo1,2021-10-18,Promo,1.7002289,False,12.915898551986233,preservar; investigar contexto e escala populacional
Geo1,2021-11-22,Promo,0.95506644,False,6.9596139720315655,preservar; investigar contexto e escala populacional
Geo1,2021-11-29,Promo,1.2819239,False,9.572273832595597,preservar; investigar contexto e escala populacional
Geo1,2021-12-06,Promo,0.7171908,False,5.058209805108225,preservar; investigar contexto e escala populacional
Geo1,2021-12-13,Promo,3.0241275,True,23.498177236024574,preservar; investigar contexto e escala populacional
Geo1,2021-12-27,Promo,4.028789,True,31.5287076528737,preservar; investigar contexto e escala populacional
Geo1,2022-01-10,Promo,0.70958173,False,4.997388455749328,preservar; investigar contexto e escala populacional
Geo1,2022-01-17,Promo,2.3069,True,17.765184327915065,preservar; investigar contexto e escala populacional
Geo1,2022-02-07,Promo,1.2893658,False,9.631758947043744,preservar; investigar contexto e escala populacional
Geo1,2022-02-21,Promo,0.90896535,False,6.591115522061203,preservar; investigar contexto e escala populacional
Geo1,2022-04-25,Promo,0.8024889,False,5.740020530959111,preservar; investigar contexto e escala populacional
Geo1,2022-06-13,Promo,1.578084,False,11.939561412847333,preservar; investigar contexto e escala populacional
Geo1,2022-06-27,Promo,1.9604217,False,14.995689799730016,preservar; investigar contexto e escala populacional
Geo1,2022-07-11,Promo,1.8971391,False,14.489854904934809,preservar; investigar contexto e escala populacional
Geo1,2022-08-01,Promo,0.83042586,False,5.963328189343848,preservar; investigar contexto e escala populacional
Geo1,2022-08-22,Promo,1.2570891,False,9.37376257602175,preservar; investigar contexto e escala populacional
Geo1,2022-09-05,Promo,1.1959465,False,8.885033278576552,preservar; investigar contexto e escala populacional
Geo1,2022-10-03,Promo,1.822931,False,13.896689541051968,preservar; investigar contexto e escala populacional
Geo1,2022-10-17,Promo,1.7848256,False,13.592102798406607,preservar; investigar contexto e escala populacional
Geo1,2022-11-14,Promo,1.2825522,False,9.57729600400448,preservar; investigar contexto e escala populacional
Geo1,2022-11-21,Promo,2.2082489,True,16.976639470561988,preservar; investigar contexto e escala populacional
Geo1,2022-12-05,Promo,0.858506,False,6.187780324097077,preservar; investigar contexto e escala populacional
Geo1,2022-12-19,Promo,1.2209533,False,9.084919377554229,preservar; investigar contexto e escala populacional
Geo1,2022-12-26,Promo,0.8592573,False,6.193785667690098,preservar; investigar contexto e escala populacional
Geo1,2023-01-02,Promo,2.114701,True,16.228885867599836,preservar; investigar contexto e escala populacional
Geo1,2023-02-27,Promo,0.967601,False,7.059806091807054,preservar; investigar contexto e escala populacional
Geo1,2023-03-13,Promo,1.0375158,False,7.618653950501672,preservar; investigar contexto e escala populacional
Geo1,2023-04-10,Promo,2.0768871,False,15.926629163098177,preservar; investigar contexto e escala populacional
Geo1,2023-06-05,Promo,0.9072281,False,6.577229214119005,preservar; investigar contexto e escala populacional
Geo1,2023-07-10,Promo,1.0529433,False,7.741970120182644,preservar; investigar contexto e escala populacional
Geo1,2023-08-07,Promo,1.4972384,False,11.293340720735197,preservar; investigar contexto e escala populacional
Geo1,2023-08-14,Promo,2.7904472,True,21.630307553580852,preservar; investigar contexto e escala populacional
Geo1,2023-08-21,Promo,0.7633261,False,5.426981704838095,preservar; investigar contexto e escala populacional
Geo1,2023-09-04,Promo,0.7745005,False,5.51630169877639,preservar; investigar contexto e escala populacional
Geo1,2023-10-09,Promo,1.1645869,False,8.634367535278713,preservar; investigar contexto e escala populacional
Geo1,2023-10-23,Promo,2.4254413,True,18.71271692003971,preservar; investigar contexto e escala populacional
Geo1,2023-11-06,Promo,0.65285754,False,4.543976701475745,preservar; investigar contexto e escala populacional
Geo1,2023-12-11,Promo,2.370615,True,18.27447551256735,preservar; investigar contexto e escala populacional
Geo1,2024-01-01,Promo,1.8949735,False,14.472544679878181,preservar; investigar contexto e escala populacional
Geo10,2021-02-15,Promo,0.69188297,False,4.855917492125746,preservar; investigar contexto e escala populacional
Geo10,2021-04-26,Promo,0.5551785,False,3.7632017819544705,preservar; investigar contexto e escala populacional
Geo10,2021-05-10,Promo,1.3953645,False,10.479035153503798,preservar; investigar contexto e escala populacional
Geo10,2021-05-24,Promo,1.0586084,False,7.787252792868411,preservar; investigar contexto e escala populacional
Geo10,2021-05-31,Promo,0.80257,False,5.740668785139057,preservar; investigar contexto e escala populacional
Geo10,2021-06-07,Promo,1.5460832,False,11.683770384960324,preservar; investigar contexto e escala populacional
Geo10,2021-07-05,Promo,0.5535859,False,3.750471700487355,preservar; investigar contexto e escala populacional
Geo10,2021-08-02,Promo,1.0000412,False,7.3191093624396695,preservar; investigar contexto e escala populacional
Geo10,2021-08-09,Promo,2.3485775,True,18.098323829576298,preservar; investigar contexto e escala populacional
Geo10,2021-08-23,Promo,1.6437073,False,12.46410615423935,preservar; investigar contexto e escala populacional
Geo10,2021-08-30,Promo,1.1572912,False,8.576051036873821,preservar; investigar contexto e escala populacional
Geo10,2021-09-13,Promo,0.9995647,False,7.315300569384865,preservar; investigar contexto e escala populacional
Geo10,2021-09-27,Promo,0.9291252,False,6.752258642031578,preservar; investigar contexto e escala populacional
Geo10,2021-10-04,Promo,1.1719859,False,8.693509738452882,preservar; investigar contexto e escala populacional
Geo10,2021-10-11,Promo,0.82938576,False,5.955014389435555,preservar; investigar contexto e escala populacional
Geo10,2021-10-18,Promo,1.177645,False,8.738744451519912,preservar; investigar contexto e escala populacional
Geo10,2021-10-25,Promo,1.6233163,False,12.301115389957083,preservar; investigar contexto e escala populacional
Geo10,2021-11-08,Promo,1.6223047,False,12.293029398237795,preservar; investigar contexto e escala populacional
Geo10,2021-12-27,Promo,0.5660472,False,3.850078233318047,preservar; investigar contexto e escala populacional
Geo10,2022-01-03,Promo,1.2583255,False,9.383645454789765,preservar; investigar contexto e escala populacional
Geo10,2022-01-17,Promo,0.9487165,False,6.908857188463004,preservar; investigar contexto e escala populacional
Geo10,2022-02-07,Promo,1.1508282,False,8.524390534222832,preservar; investigar contexto e escala populacional
Geo10,2022-03-07,Promo,0.7554698,False,5.364184179389083,preservar; investigar contexto e escala populacional
Geo10,2022-04-04,Promo,0.60852236,False,4.1895936465597545,preservar; investigar contexto e escala populacional
Geo10,2022-05-16,Promo,1.5335808,False,11.583835328741273,preservar; investigar contexto e escala populacional
Geo10,2022-06-20,Promo,1.5754286,False,11.918336084247699,preservar; investigar contexto e escala populacional
Geo10,2022-07-18,Promo,1.1723416,False,8.696352944517088,preservar; investigar contexto e escala populacional
Geo10,2022-08-01,Promo,1.2192186,False,9.071053452449995,preservar; investigar contexto e escala populacional
Geo10,2022-08-22,Promo,1.5108266,False,11.401954869291927,preservar; investigar contexto e escala populacional
Geo10,2022-08-29,Promo,1.4997396,False,11.313333487133255,preservar; investigar contexto e escala populacional
Geo10,2022-09-12,Promo,0.78818417,False,5.625678964799947,preservar; investigar contexto e escala populacional
Geo10,2022-09-26,Promo,2.340512,True,18.033854112087276,preservar; investigar contexto e escala populacional
Geo10,2022-10-03,Promo,0.5572603,False,3.7798421710027186,preservar; investigar contexto e escala populacional
Geo10,2022-10-24,Promo,1.7643127,False,13.428137654536968,preservar; investigar contexto e escala populacional
Geo10,2022-10-31,Promo,0.8432981,False,6.06621947646193,preservar; investigar contexto e escala populacional
Geo10,2022-11-14,Promo,3.0055392,True,23.349595939192238,preservar; investigar contexto e escala populacional
Geo10,2023-01-23,Promo,0.6671359,False,4.658107485110554,preservar; investigar contexto e escala populacional
Geo10,2023-02-13,Promo,1.6488992,False,12.50560641166062,preservar; investigar contexto e escala populacional
Geo10,2023-02-20,Promo,0.8348744,False,5.9988865697342275,preservar; investigar contexto e escala populacional
Geo10,2023-02-27,Promo,1.0937052,False,8.067790984024409,preservar; investigar contexto e escala populacional
Geo10,2023-03-20,Promo,2.303757,True,17.74006148096596,preservar; investigar contexto e escala populacional
Geo10,2023-03-27,Promo,1.1107666,False,8.204167357214812,preservar; investigar contexto e escala populacional
Geo10,2023-04-03,Promo,0.5535936,False,3.7505332486647363,preservar; investigar contexto e escala populacional
Geo10,2023-05-08,Promo,1.4186759,False,10.665369462879978,preservar; investigar contexto e escala populacional
Geo10,2023-05-15,Promo,0.8784088,False,6.346868774068003,preservar; investigar contexto e escala populacional
Geo10,2023-05-29,Promo,1.0747144,False,7.915992396101712,preservar; investigar contexto e escala populacional
Geo10,2023-06-26,Promo,3.024769,True,23.50330491859468,preservar; investigar contexto e escala populacional
Geo10,2023-07-24,Promo,3.9359832,True,30.786885855422504,preservar; investigar contexto e escala populacional
Geo10,2023-08-07,Promo,2.146913,True,16.486365074066434,preservar; investigar contexto e escala populacional
Geo10,2023-08-14,Promo,0.91339135,False,6.626493734150524,preservar; investigar contexto e escala populacional
Geo10,2023-08-21,Promo,0.59102,False,4.049692561122875,preservar; investigar contexto e escala populacional
Geo10,2023-08-28,Promo,2.1137426,True,16.221225117833363,preservar; investigar contexto e escala populacional
Geo10,2023-09-04,Promo,1.1496452,False,8.514934496061588,preservar; investigar contexto e escala populacional
Geo10,2023-09-11,Promo,2.256398,True,17.361508216994405,preservar; investigar contexto e escala populacional
Geo10,2023-10-02,Promo,1.2556536,False,9.362288237238602,preservar; investigar contexto e escala populacional
Geo10,2023-10-09,Promo,1.1311846,False,8.367373939781404,preservar; investigar contexto e escala populacional
Geo10,2023-11-06,Promo,0.77232826,False,5.4989383984083595,preservar; investigar contexto e escala populacional
Geo10,2023-12-04,Promo,1.5726702,False,11.896287448859722,preservar; investigar contexto e escala populacional
Geo11,2021-02-08,Promo,1.4686844,False,11.065100895159405,preservar; investigar contexto e escala populacional
Geo11,2021-02-22,Promo,0.9952378,False,7.2807144903317065,preservar; investigar contexto e escala populacional
Geo11,2021-03-22,Promo,2.8871818,True,22.40353330938192,preservar; investigar contexto e escala populacional
Geo11,2021-04-19,Promo,1.0987945,False,8.108471131965253,preservar; investigar contexto e escala populacional
Geo11,2021-05-03,Promo,0.83844954,False,6.027463628290263,preservar; investigar contexto e escala populacional
Geo11,2021-05-10,Promo,0.6341013,False,4.394053014914926,preservar; investigar contexto e escala populacional
Geo11,2021-06-28,Promo,1.4944084,False,11.270719767230275,preservar; investigar contexto e escala populacional
Geo11,2021-07-05,Promo,1.6714135,False,12.68556928568741,preservar; investigar contexto e escala populacional
Geo11,2021-08-23,Promo,1.6201752,False,12.276007730220579,preservar; investigar contexto e escala populacional
Geo11,2021-10-25,Promo,1.0719984,False,7.894282675352821,preservar; investigar contexto e escala populacional
Geo11,2021-11-08,Promo,1.4470866,False,10.892463852894899,preservar; investigar contexto e escala populacional
Geo11,2021-11-22,Promo,2.3315015,True,17.961830754646964,preservar; investigar contexto e escala populacional
Geo11,2021-12-13,Promo,1.101893,False,8.133238278408713,preservar; investigar contexto e escala populacional
Geo11,2022-01-10,Promo,1.1930444,False,8.861836010319792,preservar; investigar contexto e escala populacional
Geo11,2022-01-17,Promo,0.9767506,False,7.132941313075115,preservar; investigar contexto e escala populacional
Geo11,2022-02-07,Promo,1.0689425,False,7.869856042202402,preservar; investigar contexto e escala populacional
Geo11,2022-04-04,Promo,0.70648426,False,4.972629542373751,preservar; investigar contexto e escala populacional
Geo11,2022-05-02,Promo,2.1153092,True,16.233747374285944,preservar; investigar contexto e escala populacional
Geo11,2022-05-23,Promo,0.8650261,False,6.239897242453059,preservar; investigar contexto e escala populacional
Geo11,2022-06-13,Promo,1.9665214,False,15.0444463474664,preservar; investigar contexto e escala populacional
Geo11,2022-06-20,Promo,1.4816055,False,11.168382733439413,preservar; investigar contexto e escala populacional
Geo11,2022-06-27,Promo,2.0872416,True,16.00939547513588,preservar; investigar contexto e escala populacional
Geo11,2022-07-04,Promo,1.8329192,False,13.97652791836569,preservar; investigar contexto e escala populacional
Geo11,2022-07-11,Promo,1.1664934,False,8.649606704132822,preservar; investigar contexto e escala populacional
Geo11,2022-08-22,Promo,1.0394838,False,7.63438470544785,preservar; investigar contexto e escala populacional
Geo11,2022-09-12,Promo,0.70361173,False,4.949668635104674,preservar; investigar contexto e escala populacional
Geo11,2022-09-19,Promo,1.8866076,False,14.405673784144327,preservar; investigar contexto e escala populacional
Geo11,2022-09-26,Promo,0.9849317,False,7.198335052551829,preservar; investigar contexto e escala populacional
Geo11,2022-10-24,Promo,1.3254025,False,9.919810012475104,preservar; investigar contexto e escala populacional
Geo11,2022-10-31,Promo,2.5976985,True,20.08961519286221,preservar; investigar contexto e escala populacional
Geo11,2022-11-07,Promo,0.772232,False,5.498168966258401,preservar; investigar contexto e escala populacional
Geo11,2022-12-12,Promo,1.3226386,False,9.897717414103287,preservar; investigar contexto e escala populacional
Geo11,2023-01-23,Promo,1.875823,False,14.319469566770067,preservar; investigar contexto e escala populacional
Geo11,2023-02-13,Promo,1.2429669,False,9.260880021397305,preservar; investigar contexto e escala populacional
Geo11,2023-03-27,Promo,1.2221546,False,9.094521692552625,preservar; investigar contexto e escala populacional
Geo11,2023-04-03,Promo,1.3256721,False,9.921964998010415,preservar; investigar contexto e escala populacional
Geo11,2023-04-10,Promo,1.123675,False,8.307347680968489,preservar; investigar contexto e escala populacional
Geo11,2023-05-01,Promo,1.071576,False,7.890906318193641,preservar; investigar contexto e escala populacional
Geo11,2023-05-15,Promo,2.4898489,True,19.227544243348362,preservar; investigar contexto e escala populacional
Geo11,2023-05-22,Promo,1.4181025,False,10.66078612198255,preservar; investigar contexto e escala populacional
Geo11,2023-05-29,Promo,0.82621944,False,5.929705139434955,preservar; investigar contexto e escala populacional
Geo11,2023-06-26,Promo,2.3864374,True,18.400948224488285,preservar; investigar contexto e escala populacional
Geo11,2023-07-10,Promo,0.9823313,False,7.1775493537906305,preservar; investigar contexto e escala populacional
Geo11,2023-07-24,Promo,1.0700153,False,7.878431222032818,preservar; investigar contexto e escala populacional
Geo11,2023-08-07,Promo,2.101315,True,16.121887958194588,preservar; investigar contexto e escala populacional
Geo11,2023-08-14,Promo,2.3306582,True,17.95509003023329,preservar; investigar contexto e escala populacional
Geo11,2023-08-21,Promo,2.0309455,False,15.55940555972658,preservar; investigar contexto e escala populacional
Geo11,2023-09-04,Promo,0.8201691,False,5.881343139495395,preservar; investigar contexto e escala populacional
Geo11,2023-09-11,Promo,2.5599012,True,19.78749117663907,preservar; investigar contexto e escala populacional
Geo11,2023-10-23,Promo,1.464589,False,11.032365258062569,preservar; investigar contexto e escala populacional
Geo11,2023-11-20,Promo,1.4056606,False,10.56133465858578,preservar; investigar contexto e escala populacional
Geo11,2023-11-27,Promo,2.6573372,True,20.56632341187065,preservar; investigar contexto e escala populacional
Geo11,2023-12-04,Promo,0.84086424,False,6.04676497685151,preservar; investigar contexto e escala populacional
Geo11,2023-12-11,Promo,2.7401624,True,21.22836758085852,preservar; investigar contexto e escala populacional
Geo11,2024-01-15,Promo,1.0960689,False,8.08668467582638,preservar; investigar contexto e escala populacional
Geo12,2021-03-22,Promo,2.246624,True,17.28338199806964,preservar; investigar contexto e escala populacional
Geo12,2021-05-10,Promo,1.2786045,False,9.545740972855585,preservar; investigar contexto e escala populacional
Geo12,2021-05-17,Promo,2.2919097,True,17.64536281578616,preservar; investigar contexto e escala populacional
Geo12,2021-07-05,Promo,2.2528095,True,17.33282436835398,preservar; investigar contexto e escala populacional
Geo12,2021-08-30,Promo,1.550199,False,11.716669084760872,preservar; investigar contexto e escala populacional
Geo12,2021-09-27,Promo,0.8343773,False,5.994913115321756,preservar; investigar contexto e escala populacional
Geo12,2021-10-04,Promo,0.65688396,False,4.576160962822487,preservar; investigar contexto e escala populacional
Geo12,2021-10-11,Promo,0.74110866,False,5.249391712881081,preservar; investigar contexto e escala populacional
Geo12,2021-10-18,Promo,1.9340926,False,14.78523420010939,preservar; investigar contexto e escala populacional
Geo12,2022-02-07,Promo,2.392444,True,18.448960598807236,preservar; investigar contexto e escala populacional
Geo12,2022-02-14,Promo,1.0074944,False,7.378684800836441,preservar; investigar contexto e escala populacional
Geo12,2022-04-25,Promo,2.3165178,True,17.842061998098675,preservar; investigar contexto e escala populacional
Geo12,2022-05-30,Promo,1.2393972,False,9.232346446228927,preservar; investigar contexto e escala populacional
Geo12,2022-06-20,Promo,1.2130641,False,9.021858873529135,preservar; investigar contexto e escala populacional
Geo12,2022-06-27,Promo,1.545047,False,11.675487758804211,preservar; investigar contexto e escala populacional
Geo12,2022-07-04,Promo,0.61661166,False,4.254253603869771,preservar; investigar contexto e escala populacional
Geo12,2022-07-11,Promo,1.9765475,False,15.124587669705155,preservar; investigar contexto e escala populacional
Geo12,2022-08-01,Promo,0.9469739,False,6.894928116527431,preservar; investigar contexto e escala populacional
Geo12,2022-09-05,Promo,0.8016417,False,5.733248632793257,preservar; investigar contexto e escala populacional
Geo12,2022-09-12,Promo,1.4144406,False,10.631515567339559,preservar; investigar contexto e escala populacional
Geo12,2022-09-19,Promo,0.7759891,False,5.528200480185373,preservar; investigar contexto e escala populacional
Geo12,2022-10-17,Promo,1.7477634,False,13.295854634805885,preservar; investigar contexto e escala populacional
Geo12,2022-10-31,Promo,1.5466081,False,11.68796605227295,preservar; investigar contexto e escala populacional
Geo12,2022-11-07,Promo,1.9774656,False,15.1319262906991,preservar; investigar contexto e escala populacional
Geo12,2023-01-09,Promo,1.8886667,False,14.422132725968348,preservar; investigar contexto e escala populacional
Geo12,2023-01-23,Promo,1.3462272,False,10.086267457865176,preservar; investigar contexto e escala populacional
Geo12,2023-02-13,Promo,0.6517595,False,4.535199771515836,preservar; investigar contexto e escala populacional
Geo12,2023-02-20,Promo,0.7693167,False,5.4748661868404165,preservar; investigar contexto e escala populacional
Geo12,2023-04-03,Promo,0.7912504,False,5.650188168427294,preservar; investigar contexto e escala populacional
Geo12,2023-04-17,Promo,1.2496,False,9.313900179239525,preservar; investigar contexto e escala populacional
Geo12,2023-05-29,Promo,0.61441743,False,4.236714531499065,preservar; investigar contexto e escala populacional
Geo12,2023-06-05,Promo,0.68383634,False,4.791598607637658,preservar; investigar contexto e escala populacional
Geo12,2023-06-12,Promo,1.2607794,False,9.40326013952677,preservar; investigar contexto e escala populacional
Geo12,2023-06-26,Promo,2.3297033,True,17.947457256911083,preservar; investigar contexto e escala populacional
Geo12,2023-07-24,Promo,1.5364239,False,11.606560994080438,preservar; investigar contexto e escala populacional
Geo12,2023-08-07,Promo,2.1249986,True,16.3111973625865,preservar; investigar contexto e escala populacional
Geo12,2023-08-14,Promo,0.61824477,False,4.267307492696068,preservar; investigar contexto e escala populacional
Geo12,2023-09-04,Promo,1.0044314,False,7.354201415470517,preservar; investigar contexto e escala populacional
Geo12,2023-09-11,Promo,0.8770383,False,6.335913997821187,preservar; investigar contexto e escala populacional
Geo12,2023-09-18,Promo,0.9972298,False,7.296637083752838,preservar; investigar contexto e escala populacional
Geo12,2023-11-06,Promo,1.7531812,False,13.339160571872652,preservar; investigar contexto e escala populacional
Geo12,2023-12-11,Promo,1.5250381,False,11.515551222908595,preservar; investigar contexto e escala populacional
Geo13,2021-02-01,Promo,0.5941833,False,4.07497767144871,preservar; investigar contexto e escala populacional
Geo13,2021-02-08,Promo,0.60125875,False,4.131533652182415,preservar; investigar contexto e escala populacional
Geo13,2021-02-15,Promo,2.0668547,False,15.846437483259749,preservar; investigar contexto e escala populacional
Geo13,2021-03-01,Promo,1.3632191,False,10.222088298805195,preservar; investigar contexto e escala populacional
Geo13,2021-03-22,Promo,1.1253555,False,8.32078037085012,preservar; investigar contexto e escala populacional
Geo13,2021-04-05,Promo,1.4857266,False,11.201323797569849,preservar; investigar contexto e escala populacional
Geo13,2021-04-19,Promo,0.5343257,False,3.5965197256833066,preservar; investigar contexto e escala populacional
Geo13,2021-04-26,Promo,0.81035,False,5.802856424103113,preservar; investigar contexto e escala populacional
Geo13,2021-05-03,Promo,0.6907802,False,4.8471027539997324,preservar; investigar contexto e escala populacional
Geo13,2021-05-10,Promo,1.8837118,False,14.382526873487242,preservar; investigar contexto e escala populacional
Geo13,2021-05-17,Promo,1.6979861,False,12.897971246501838,preservar; investigar contexto e escala populacional
Geo13,2021-06-21,Promo,1.0171831,False,7.456129193848144,preservar; investigar contexto e escala populacional
Geo13,2021-06-28,Promo,1.4991531,False,11.308645434401582,preservar; investigar contexto e escala populacional
Geo13,2021-07-05,Promo,1.1947744,False,8.875664367056016,preservar; investigar contexto e escala populacional
Geo13,2021-08-09,Promo,1.8269453,False,13.928776923968856,preservar; investigar contexto e escala populacional
Geo13,2021-08-23,Promo,0.57577825,False,3.9278611413053444,preservar; investigar contexto e escala populacional
Geo13,2021-08-30,Promo,1.0082392,False,7.384638188175829,preservar; investigar contexto e escala populacional
Geo13,2021-10-11,Promo,1.7697834,False,13.471866435575611,preservar; investigar contexto e escala populacional
Geo13,2021-10-18,Promo,1.9692243,False,15.066051356381045,preservar; investigar contexto e escala populacional
Geo13,2021-12-27,Promo,2.3573968,True,18.168818873832812,preservar; investigar contexto e escala populacional
Geo13,2022-01-10,Promo,1.2318832,False,9.172285017028937,preservar; investigar contexto e escala populacional
Geo13,2022-02-28,Promo,1.8504606,False,14.11674106105516,preservar; investigar contexto e escala populacional
Geo13,2022-03-07,Promo,1.2363306,False,9.207834285091758,preservar; investigar contexto e escala populacional
Geo13,2022-05-16,Promo,1.8116672,False,13.80665494879447,preservar; investigar contexto e escala populacional
Geo13,2022-06-27,Promo,1.7320383,False,13.17015966803549,preservar; investigar contexto e escala populacional
Geo13,2022-07-04,Promo,2.3648462,True,18.228363937804385,preservar; investigar contexto e escala populacional
Geo13,2022-07-18,Promo,2.1781566,True,16.736103598068667,preservar; investigar contexto e escala populacional
Geo13,2022-07-25,Promo,1.0156918,False,7.4442088306107275,preservar; investigar contexto e escala populacional
Geo13,2022-08-01,Promo,0.76617134,False,5.44972447577461,preservar; investigar contexto e escala populacional
Geo13,2022-08-29,Promo,1.4980152,False,11.299549892707853,preservar; investigar contexto e escala populacional
Geo13,2022-09-05,Promo,1.9065609,False,14.565165894239632,preservar; investigar contexto e escala populacional
Geo13,2022-10-10,Promo,1.4555598,False,10.960192426477192,preservar; investigar contexto e escala populacional
Geo13,2022-10-17,Promo,2.0094693,False,15.387740499068503,preservar; investigar contexto e escala populacional
Geo13,2022-11-07,Promo,0.65378356,False,4.551378629166425,preservar; investigar contexto e escala populacional
Geo13,2022-11-21,Promo,2.6622648,True,20.60571104808649,preservar; investigar contexto e escala populacional
Geo13,2022-12-19,Promo,1.7702138,False,13.475306738893114,preservar; investigar contexto e escala populacional
Geo13,2023-01-02,Promo,1.0339576,False,7.590212297935875,preservar; investigar contexto e escala populacional
Geo13,2023-02-27,Promo,0.9162731,False,6.649528339367062,preservar; investigar contexto e escala populacional
Geo13,2023-04-03,Promo,1.2829201,False,9.580236727960118,preservar; investigar contexto e escala populacional
Geo13,2023-04-17,Promo,1.6731428,False,12.699392047134781,preservar; investigar contexto e escala populacional
Geo13,2023-05-01,Promo,1.5700985,False,11.875731156941491,preservar; investigar contexto e escala populacional
Geo13,2023-06-26,Promo,0.8078588,False,5.782943590402951,preservar; investigar contexto e escala populacional
Geo13,2023-07-03,Promo,0.5590329,False,3.794011041031984,preservar; investigar contexto e escala populacional
Geo13,2023-07-10,Promo,1.0332153,False,7.584278893770962,preservar; investigar contexto e escala populacional
Geo13,2023-08-07,Promo,2.900675,True,22.51138809730863,preservar; investigar contexto e escala populacional
Geo13,2023-08-14,Promo,1.593092,False,12.059524405851517,preservar; investigar contexto e escala populacional
Geo13,2023-08-28,Promo,2.44419,True,18.862580337346316,preservar; investigar contexto e escala populacional
Geo13,2023-09-04,Promo,1.314669,False,9.8340142511871,preservar; investigar contexto e escala populacional
Geo13,2023-10-02,Promo,0.7126591,False,5.021986704402131,preservar; investigar contexto e escala populacional
Geo13,2023-10-16,Promo,2.4265609,True,18.72166618489629,preservar; investigar contexto e escala populacional
Geo13,2023-10-23,Promo,1.2259728,False,9.12504159526375,preservar; investigar contexto e escala populacional
Geo13,2023-11-13,Promo,1.2229867,False,9.101172892344655,preservar; investigar contexto e escala populacional
Geo13,2023-11-20,Promo,1.7826169,False,13.574448063422041,preservar; investigar contexto e escala populacional
Geo13,2023-11-27,Promo,0.7245263,False,5.116844435650749,preservar; investigar contexto e escala populacional
Geo13,2023-12-11,Promo,2.0347648,False,15.589934255034473,preservar; investigar contexto e escala populacional
Geo13,2024-01-01,Promo,1.2246795,False,9.114703899444699,preservar; investigar contexto e escala populacional
Geo13,2024-01-08,Promo,0.92958647,False,6.755945697587485,preservar; investigar contexto e escala populacional
Geo13,2024-01-15,Promo,0.5373459,False,3.6206609991022325,preservar; investigar contexto e escala populacional
Geo14,2021-04-05,Promo,1.5579438,False,11.778575360628329,preservar; investigar contexto e escala populacional
Geo14,2021-05-03,Promo,1.1419606,False,8.453509415035473,preservar; investigar contexto e escala populacional
Geo14,2021-05-24,Promo,0.7315769,False,5.173201783630178,preservar; investigar contexto e escala populacional
Geo14,2021-05-31,Promo,1.5223875,False,11.494364262003952,preservar; investigar contexto e escala populacional
Geo14,2021-07-19,Promo,1.0847259,False,7.996017016601538,preservar; investigar contexto e escala populacional
Geo14,2021-08-09,Promo,0.53386456,False,3.5928337092524734,preservar; investigar contexto e escala populacional
Geo14,2021-09-20,Promo,1.8505669,False,14.11759074563381,preservar; investigar contexto e escala populacional
Geo14,2021-11-15,Promo,1.1686342,False,8.666718696098664,preservar; investigar contexto e escala populacional
Geo14,2021-12-06,Promo,0.59850085,False,4.109489013429334,preservar; investigar contexto e escala populacional
Geo14,2021-12-13,Promo,2.1098285,True,16.1899386605494,preservar; investigar contexto e escala populacional
Geo14,2021-12-20,Promo,1.7126354,False,13.015067053632448,preservar; investigar contexto e escala populacional
Geo14,2021-12-27,Promo,1.8308667,False,13.960121732122284,preservar; investigar contexto e escala populacional
Geo14,2022-02-07,Promo,0.70092046,False,4.928156587917682,preservar; investigar contexto e escala populacional
Geo14,2022-03-14,Promo,1.4653137,False,11.038157980679184,preservar; investigar contexto e escala populacional
Geo14,2022-06-06,Promo,1.4641126,False,11.028557264334745,preservar; investigar contexto e escala populacional
Geo14,2022-06-20,Promo,1.5606838,False,11.800476919852173,preservar; investigar contexto e escala populacional
Geo14,2022-07-04,Promo,2.708109,True,20.972156106980574,preservar; investigar contexto e escala populacional
Geo14,2022-08-01,Promo,0.9164871,False,6.651238899102063,preservar; investigar contexto e escala populacional
Geo14,2022-08-08,Promo,0.6346915,False,4.398770642744821,preservar; investigar contexto e escala populacional
Geo14,2022-08-22,Promo,1.9464133,False,14.883716879207642,preservar; investigar contexto e escala populacional
Geo14,2022-09-05,Promo,0.74710405,False,5.297314482645697,preservar; investigar contexto e escala populacional
Geo14,2022-09-12,Promo,1.6294045,False,12.349780015090879,preservar; investigar contexto e escala populacional
Geo14,2022-09-26,Promo,0.57331324,False,3.908157651340975,preservar; investigar contexto e escala populacional
Geo14,2022-10-03,Promo,1.8836681,False,14.382177567597434,preservar; investigar contexto e escala populacional
Geo14,2022-10-10,Promo,0.7370112,False,5.216639609648477,preservar; investigar contexto e escala populacional
Geo14,2022-10-17,Promo,1.6888704,False,12.82510699707965,preservar; investigar contexto e escala populacional
Geo14,2022-12-05,Promo,0.96420115,False,7.032630173512459,preservar; investigar contexto e escala populacional
Geo14,2022-12-12,Promo,0.85119504,False,6.129341848395194,preservar; investigar contexto e escala populacional
Geo14,2022-12-26,Promo,1.041735,False,7.652379154398478,preservar; investigar contexto e escala populacional
Geo14,2023-01-16,Promo,0.61369437,False,4.230934917844907,preservar; investigar contexto e escala populacional
Geo14,2023-02-06,Promo,1.0072297,False,7.376568982323101,preservar; investigar contexto e escala populacional
Geo14,2023-02-13,Promo,0.74137855,False,5.2515490164646295,preservar; investigar contexto e escala populacional
Geo14,2023-02-27,Promo,0.9009614,False,6.52713779032774,preservar; investigar contexto e escala populacional
Geo14,2023-04-17,Promo,0.82516474,False,5.921274637787733,preservar; investigar contexto e escala populacional
Geo14,2023-05-29,Promo,0.7103056,False,5.003174543952015,preservar; investigar contexto e escala populacional
Geo14,2023-06-05,Promo,1.4977475,False,11.297410094385144,preservar; investigar contexto e escala populacional
Geo14,2023-07-10,Promo,0.52486783,False,3.5209204191371666,preservar; investigar contexto e escala populacional
Geo14,2023-08-28,Promo,0.94165236,False,6.852391611610621,preservar; investigar contexto e escala populacional
Geo14,2023-09-11,Promo,0.65012145,False,4.522106395936778,preservar; investigar contexto e escala populacional
Geo14,2023-10-02,Promo,1.3802304,False,10.358064209179132,preservar; investigar contexto e escala populacional
Geo14,2023-10-16,Promo,0.6091119,False,4.194305998831589,preservar; investigar contexto e escala populacional
Geo14,2023-10-23,Promo,2.0881739,True,16.01684760056084,preservar; investigar contexto e escala populacional
Geo14,2023-11-13,Promo,1.0902245,False,8.039968809867315,preservar; investigar contexto e escala populacional
Geo14,2023-11-20,Promo,0.595145,False,4.082664799005488,preservar; investigar contexto e escala populacional
Geo14,2023-11-27,Promo,1.5994387,False,12.110255291225961,preservar; investigar contexto e escala populacional
Geo14,2023-12-18,Promo,1.2350304,False,9.19744143571116,preservar; investigar contexto e escala populacional
Geo14,2023-12-25,Promo,1.2864879,False,9.608755115915898,preservar; investigar contexto e escala populacional
Geo14,2024-01-01,Promo,1.1808819,False,8.76461786650227,preservar; investigar contexto e escala populacional
Geo15,2021-02-08,Promo,0.61584604,False,4.248133796653363,preservar; investigar contexto e escala populacional
Geo15,2021-04-05,Promo,0.788409,False,5.627476091646771,preservar; investigar contexto e escala populacional
Geo15,2021-04-12,Promo,0.8878563,False,6.422385190406424,preservar; investigar contexto e escala populacional
Geo15,2021-05-31,Promo,1.9415102,False,14.844525078101647,preservar; investigar contexto e escala populacional
Geo15,2021-06-14,Promo,0.75855803,False,5.3888692349518035,preservar; investigar contexto e escala populacional
Geo15,2021-06-21,Promo,1.0088747,False,7.3897179111272,preservar; investigar contexto e escala populacional
Geo15,2021-07-05,Promo,0.87550765,False,6.323679099417545,preservar; investigar contexto e escala populacional
Geo15,2021-07-19,Promo,1.0175409,False,7.458989185778908,preservar; investigar contexto e escala populacional
Geo15,2021-08-09,Promo,2.073876,False,15.902560628434337,preservar; investigar contexto e escala populacional
Geo15,2021-08-30,Promo,3.4844887,True,27.17796850834581,preservar; investigar contexto e escala populacional
Geo15,2021-09-20,Promo,1.1724908,False,8.697545540369715,preservar; investigar contexto e escala populacional
Geo15,2021-10-11,Promo,0.575198,False,3.923223046509856,preservar; investigar contexto e escala populacional
Geo15,2021-11-08,Promo,1.4161019,False,10.644794786441226,preservar; investigar contexto e escala populacional
Geo15,2021-11-15,Promo,1.376547,False,10.32862179923566,preservar; investigar contexto e escala populacional
Geo15,2021-12-13,Promo,2.4327765,True,18.7713491526013,preservar; investigar contexto e escala populacional
Geo15,2022-02-07,Promo,0.9235586,False,6.707763306420098,preservar; investigar contexto e escala populacional
Geo15,2022-02-14,Promo,1.3077401,False,9.778629684141077,preservar; investigar contexto e escala populacional
Geo15,2022-03-28,Promo,1.5415483,False,11.647521705790902,preservar; investigar contexto e escala populacional
Geo15,2022-05-02,Promo,0.7736532,False,5.509529001283557,preservar; investigar contexto e escala populacional
Geo15,2022-05-23,Promo,1.2964737,False,9.688574309382128,preservar; investigar contexto e escala populacional
Geo15,2022-06-06,Promo,2.1782048,True,16.73648887367253,preservar; investigar contexto e escala populacional
Geo15,2022-06-27,Promo,0.54652876,False,3.6940620765234993,preservar; investigar contexto e escala populacional
Geo15,2022-07-04,Promo,2.743651,True,21.256252901846953,preservar; investigar contexto e escala populacional
Geo15,2022-07-11,Promo,1.2526337,False,9.338149361800612,preservar; investigar contexto e escala populacional
Geo15,2022-07-25,Promo,0.6604629,False,4.604768395803722,preservar; investigar contexto e escala populacional
Geo15,2022-08-01,Promo,0.9037707,False,6.549593283148013,preservar; investigar contexto e escala populacional
Geo15,2022-08-08,Promo,0.83371186,False,5.9895940738728815,preservar; investigar contexto e escala populacional
Geo15,2022-09-05,Promo,1.6423651,False,12.453377587527582,preservar; investigar contexto e escala populacional
Geo15,2022-09-26,Promo,1.299722,False,9.714538847640089,preservar; investigar contexto e escala populacional
Geo15,2022-10-03,Promo,1.5128824,False,11.418387433325645,preservar; investigar contexto e escala populacional
Geo15,2022-10-17,Promo,1.6143024,False,12.229064855399484,preservar; investigar contexto e escala populacional
Geo15,2022-10-24,Promo,2.6281505,True,20.3330262444989,preservar; investigar contexto e escala populacional
Geo15,2022-10-31,Promo,1.0796407,False,7.95536964106683,preservar; investigar contexto e escala populacional
Geo15,2022-11-07,Promo,0.91898984,False,6.671243975135598,preservar; investigar contexto e escala populacional
Geo15,2022-11-14,Promo,1.0072343,False,7.376605751364135,preservar; investigar contexto e escala populacional
Geo15,2022-11-21,Promo,1.3722591,False,10.294347457704301,preservar; investigar contexto e escala populacional
Geo15,2022-12-12,Promo,1.7253425,False,13.116638332177454,preservar; investigar contexto e escala populacional
Geo15,2023-02-27,Promo,1.5542297,False,11.748887557302313,preservar; investigar contexto e escala populacional
Geo15,2023-04-03,Promo,1.9132421,False,14.61857052835874,preservar; investigar contexto e escala populacional
Geo15,2023-04-10,Promo,1.4586084,False,10.984560708758144,preservar; investigar contexto e escala populacional
Geo15,2023-05-29,Promo,1.5875852,False,12.015507067773463,preservar; investigar contexto e escala populacional
Geo15,2023-07-10,Promo,1.9639903,False,15.024214582301628,preservar; investigar contexto e escala populacional
Geo15,2023-07-31,Promo,1.261802,False,9.411434057213743,preservar; investigar contexto e escala populacional
Geo15,2023-08-07,Promo,2.5289016,True,19.53970301046553,preservar; investigar contexto e escala populacional
Geo15,2023-08-14,Promo,2.085196,True,15.99304444245402,preservar; investigar contexto e escala populacional
Geo15,2023-08-28,Promo,0.87151563,False,6.291769806551569,preservar; investigar contexto e escala populacional
Geo15,2023-09-18,Promo,3.247843,True,25.286395583667645,preservar; investigar contexto e escala populacional
Geo15,2023-10-30,Promo,1.4620508,False,11.012076740682293,preservar; investigar contexto e escala populacional
Geo15,2023-11-06,Promo,1.5603203,False,11.79757136628361,preservar; investigar contexto e escala populacional
Geo15,2023-11-13,Promo,2.1838076,True,16.7812735656504,preservar; investigar contexto e escala populacional
Geo15,2023-11-20,Promo,1.9400878,False,14.833155451152741,preservar; investigar contexto e escala populacional
Geo15,2023-12-04,Promo,0.58372855,False,3.9914100341145895,preservar; investigar contexto e escala populacional
Geo15,2023-12-11,Promo,1.954886,False,14.95144145615504,preservar; investigar contexto e escala populacional
Geo15,2024-01-08,Promo,1.9998944,False,15.31120574015887,preservar; investigar contexto e escala populacional
Geo16,2021-04-05,Promo,0.98013777,False,7.160015876708777,preservar; investigar contexto e escala populacional
Geo16,2021-05-24,Promo,1.5591058,False,11.787863540123986,preservar; investigar contexto e escala populacional
Geo16,2021-06-07,Promo,1.9383292,False,14.819098486900533,preservar; investigar contexto e escala populacional
Geo16,2021-06-14,Promo,0.7022636,False,4.938892668303053,preservar; investigar contexto e escala populacional
Geo16,2021-08-09,Promo,0.958603,False,6.987882650239114,preservar; investigar contexto e escala populacional
Geo16,2021-08-30,Promo,1.1101291,False,8.199071647723862,preservar; investigar contexto e escala populacional
Geo16,2021-10-04,Promo,0.618136,False,4.26643806474104,preservar; investigar contexto e escala populacional
Geo16,2021-10-11,Promo,0.6430497,False,4.465579990301294,preservar; investigar contexto e escala populacional
Geo16,2021-10-18,Promo,1.7831824,False,13.57896825748813,preservar; investigar contexto e escala populacional
Geo16,2021-10-25,Promo,1.08517,False,7.999566827715153,preservar; investigar contexto e escala populacional
Geo16,2021-11-22,Promo,0.6665945,False,4.653779928846396,preservar; investigar contexto e escala populacional
Geo16,2021-12-13,Promo,2.3936276,True,18.458421432930358,preservar; investigar contexto e escala populacional
Geo16,2021-12-20,Promo,1.0478778,False,7.701480212062795,preservar; investigar contexto e escala populacional
Geo16,2022-01-03,Promo,0.64405197,False,4.473591404813442,preservar; investigar contexto e escala populacional
Geo16,2022-01-17,Promo,1.4253701,False,10.718878009506351,preservar; investigar contexto e escala populacional
Geo16,2022-02-07,Promo,1.4608867,False,11.002771775320074,preservar; investigar contexto e escala populacional
Geo16,2022-02-21,Promo,1.173672,False,8.706987190645336,preservar; investigar contexto e escala populacional
Geo16,2022-03-14,Promo,0.7820265,False,5.576459047213855,preservar; investigar contexto e escala populacional
Geo16,2022-03-28,Promo,0.78019476,False,5.561817455209226,preservar; investigar contexto e escala populacional
Geo16,2022-05-16,Promo,1.5124167,False,11.414664967584569,preservar; investigar contexto e escala populacional
Geo16,2022-05-30,Promo,0.98790896,False,7.222133094965983,preservar; investigar contexto e escala populacional
Geo16,2022-06-27,Promo,0.6457881,False,4.487468760293476,preservar; investigar contexto e escala populacional
Geo16,2022-07-04,Promo,1.4650207,False,11.035815952630793,preservar; investigar contexto e escala populacional
Geo16,2022-07-11,Promo,2.5060494,True,19.35703921057679,preservar; investigar contexto e escala populacional
Geo16,2022-07-25,Promo,0.7241603,False,5.113918898907709,preservar; investigar contexto e escala populacional
Geo16,2022-08-15,Promo,1.6991618,False,12.907368933793618,preservar; investigar contexto e escala populacional
Geo16,2022-08-29,Promo,2.4160938,True,18.63799983068026,preservar; investigar contexto e escala populacional
Geo16,2022-09-05,Promo,1.2399118,False,9.236459782862719,preservar; investigar contexto e escala populacional
Geo16,2022-09-26,Promo,0.71664953,False,5.053883287969141,preservar; investigar contexto e escala populacional
Geo16,2022-11-21,Promo,2.4712567,True,19.07893177276385,preservar; investigar contexto e escala populacional
Geo16,2022-12-05,Promo,1.1011387,False,8.127208955006324,preservar; investigar contexto e escala populacional
Geo16,2022-12-26,Promo,1.3706167,False,10.281219311401658,preservar; investigar contexto e escala populacional
Geo16,2023-01-02,Promo,0.9410101,False,6.847257854155472,preservar; investigar contexto e escala populacional
Geo16,2023-01-23,Promo,1.1008873,False,8.125199446981188,preservar; investigar contexto e escala populacional
Geo16,2023-02-13,Promo,1.0612339,False,7.808239122701333,preservar; investigar contexto e escala populacional
Geo16,2023-02-20,Promo,1.336803,False,10.010937284712856,preservar; investigar contexto e escala populacional
Geo16,2023-03-27,Promo,1.0649736,False,7.838131553733966,preservar; investigar contexto e escala populacional
Geo16,2023-04-03,Promo,2.1208231,True,16.277821464579507,preservar; investigar contexto e escala populacional
Geo16,2023-04-10,Promo,1.7495595,False,13.310211346675207,preservar; investigar contexto e escala populacional
Geo16,2023-05-01,Promo,0.96653455,False,7.051281669239803,preservar; investigar contexto e escala populacional
Geo16,2023-05-29,Promo,1.9537202,False,14.942122902234182,preservar; investigar contexto e escala populacional
Geo16,2023-06-05,Promo,0.7800789,False,5.560891354971388,preservar; investigar contexto e escala populacional
Geo16,2023-06-26,Promo,1.1745887,False,8.714314621061575,preservar; investigar contexto e escala populacional
Geo16,2023-07-10,Promo,1.8848106,False,14.391309878332192,preservar; investigar contexto e escala populacional
Geo16,2023-08-14,Promo,2.402574,True,18.52993242177715,preservar; investigar contexto e escala populacional
Geo16,2023-08-21,Promo,0.6731647,False,4.706297310018843,preservar; investigar contexto e escala populacional
Geo16,2023-08-28,Promo,0.9300806,False,6.759895411988681,preservar; investigar contexto e escala populacional
Geo16,2023-09-04,Promo,0.9338136,False,6.7897342881137215,preservar; investigar contexto e escala populacional
Geo16,2023-09-18,Promo,1.135029,False,8.39810326616102,preservar; investigar contexto e escala populacional
Geo16,2023-10-02,Promo,1.0158995,False,7.445869032746054,preservar; investigar contexto e escala populacional
Geo16,2023-10-23,Promo,1.1473877,False,8.496889689511283,preservar; investigar contexto e escala populacional
Geo16,2023-10-30,Promo,1.5306805,False,11.560652448370137,preservar; investigar contexto e escala populacional
Geo16,2023-11-06,Promo,1.0395355,False,7.634797957495978,preservar; investigar contexto e escala populacional
Geo16,2023-11-13,Promo,1.6533024,False,12.540802377198734,preservar; investigar contexto e escala populacional
Geo16,2023-12-11,Promo,1.4720656,False,11.092127738972424,preservar; investigar contexto e escala populacional
Geo17,2021-02-08,Promo,1.0644648,False,7.834064578064954,preservar; investigar contexto e escala populacional
Geo17,2021-03-22,Promo,1.7056706,False,12.959395528200975,preservar; investigar contexto e escala populacional
Geo17,2021-03-29,Promo,0.99793184,False,7.3022486788760155,preservar; investigar contexto e escala populacional
Geo17,2021-04-12,Promo,0.88216287,False,6.376876068387514,preservar; investigar contexto e escala populacional
Geo17,2021-05-10,Promo,1.7278411,False,13.136610316074059,preservar; investigar contexto e escala populacional
Geo17,2021-05-17,Promo,2.0092952,False,15.386348870798109,preservar; investigar contexto e escala populacional
Geo17,2021-08-30,Promo,0.77345926,False,5.507978786540537,preservar; investigar contexto e escala populacional
Geo17,2021-09-13,Promo,0.7493226,False,5.315047951337689,preservar; investigar contexto e escala populacional
Geo17,2021-10-11,Promo,2.1130862,True,16.21597833554339,preservar; investigar contexto e escala populacional
Geo17,2021-10-18,Promo,1.8694836,False,14.268797032265088,preservar; investigar contexto e escala populacional
Geo17,2021-11-08,Promo,1.5134513,False,11.422934804509017,preservar; investigar contexto e escala populacional
Geo17,2021-12-20,Promo,1.5861675,False,12.00417500919257,preservar; investigar contexto e escala populacional
Geo17,2021-12-27,Promo,2.6841025,True,20.780265675773553,preservar; investigar contexto e escala populacional
Geo17,2022-02-28,Promo,1.5855483,False,11.999225576538773,preservar; investigar contexto e escala populacional
Geo17,2022-04-11,Promo,0.59315366,False,4.066747481142419,preservar; investigar contexto e escala populacional
Geo17,2022-05-02,Promo,1.2725754,False,9.49754874996636,preservar; investigar contexto e escala populacional
Geo17,2022-05-23,Promo,0.8212383,False,5.889889543554568,preservar; investigar contexto e escala populacional
Geo17,2022-06-06,Promo,0.7446144,False,5.27741403851371,preservar; investigar contexto e escala populacional
Geo17,2022-06-13,Promo,2.0099652,False,15.391704361557226,preservar; investigar contexto e escala populacional
Geo17,2022-06-20,Promo,1.043431,False,7.665935739961849,preservar; investigar contexto e escala populacional
Geo17,2022-06-27,Promo,0.7562047,False,5.370058433357552,preservar; investigar contexto e escala populacional
Geo17,2022-07-04,Promo,1.1515764,False,8.530371098679504,preservar; investigar contexto e escala populacional
Geo17,2022-08-15,Promo,0.744355,False,5.275340584330255,preservar; investigar contexto e escala populacional
Geo17,2022-08-29,Promo,2.2949302,True,17.66950648718602,preservar; investigar contexto e escala populacional
Geo17,2022-09-12,Promo,1.0843589,False,7.993083486588708,preservar; investigar contexto e escala populacional
Geo17,2022-09-26,Promo,1.0420868,False,7.6551911867105025,preservar; investigar contexto e escala populacional
Geo17,2022-10-31,Promo,0.8781405,False,6.3447241797834195,preservar; investigar contexto e escala populacional
Geo17,2022-11-07,Promo,0.5290037,False,3.5539795438623933,preservar; investigar contexto e escala populacional
Geo17,2022-11-21,Promo,1.3999361,False,10.515577185674502,preservar; investigar contexto e escala populacional
Geo17,2022-12-12,Promo,1.6394345,False,12.429952511081817,preservar; investigar contexto e escala populacional
Geo17,2022-12-26,Promo,1.3633623,False,10.22323293503908,preservar; investigar contexto e escala populacional
Geo17,2023-01-02,Promo,1.2242851,False,9.111551353839632,preservar; investigar contexto e escala populacional
Geo17,2023-02-20,Promo,0.5977306,False,4.103332197373798,preservar; investigar contexto e escala populacional
Geo17,2023-02-27,Promo,2.3485026,True,18.09772513366905,preservar; investigar contexto e escala populacional
Geo17,2023-05-01,Promo,0.5709606,False,3.8893523651028787,preservar; investigar contexto e escala populacional
Geo17,2023-05-22,Promo,2.0439312,False,15.663203763235002,preservar; investigar contexto e escala populacional
Geo17,2023-05-29,Promo,2.1890469,True,16.823152704059705,preservar; investigar contexto e escala populacional
Geo17,2023-06-12,Promo,0.7531507,False,5.345646987419733,preservar; investigar contexto e escala populacional
Geo17,2023-07-31,Promo,0.65379685,False,4.55148485972193,preservar; investigar contexto e escala populacional
Geo17,2023-08-07,Promo,0.84742534,False,6.09920961926887,preservar; investigar contexto e escala populacional
Geo17,2023-09-18,Promo,2.2540889,True,17.34305095772295,preservar; investigar contexto e escala populacional
Geo17,2023-09-25,Promo,0.88358384,False,6.3882342649606185,preservar; investigar contexto e escala populacional
Geo17,2023-10-02,Promo,1.952317,False,14.93090674606524,preservar; investigar contexto e escala populacional
Geo17,2023-10-16,Promo,1.5425689,False,11.655679636938295,preservar; investigar contexto e escala populacional
Geo17,2023-10-23,Promo,0.5419903,False,3.6577849413136283,preservar; investigar contexto e escala populacional
Geo17,2023-11-06,Promo,1.0019768,False,7.33458113544466,preservar; investigar contexto e escala populacional
Geo17,2023-11-13,Promo,1.8010895,False,13.722104538939702,preservar; investigar contexto e escala populacional
Geo17,2023-11-20,Promo,0.52695537,False,3.5376066895540084,preservar; investigar contexto e escala populacional
Geo17,2023-11-27,Promo,1.2677178,False,9.458720642635793,preservar; investigar contexto e escala populacional
Geo17,2023-12-11,Promo,0.6529893,False,4.545029894703239,preservar; investigar contexto e escala populacional
Geo17,2024-01-01,Promo,1.7046478,False,12.951220011860045,preservar; investigar contexto e escala populacional
Geo18,2021-02-08,Promo,2.1322758,True,16.36936598550028,preservar; investigar contexto e escala populacional
Geo18,2021-03-29,Promo,0.82887113,False,5.95090081300367,preservar; investigar contexto e escala populacional
Geo18,2021-04-05,Promo,0.7513174,False,5.330992925914233,preservar; investigar contexto e escala populacional
Geo18,2021-05-03,Promo,1.7390498,False,13.226204479166142,preservar; investigar contexto e escala populacional
Geo18,2021-05-10,Promo,2.076727,False,15.925349440604842,preservar; investigar contexto e escala populacional
Geo18,2021-05-31,Promo,0.8419285,False,6.055271894157922,preservar; investigar contexto e escala populacional
Geo18,2021-06-28,Promo,1.2093643,False,8.992285373961115,preservar; investigar contexto e escala populacional
Geo18,2021-07-05,Promo,1.0021572,False,7.336023121314726,preservar; investigar contexto e escala populacional
Geo18,2021-07-19,Promo,0.5760278,False,3.9298558617813693,preservar; investigar contexto e escala populacional
Geo18,2021-08-16,Promo,0.7001572,False,4.922055644817977,preservar; investigar contexto e escala populacional
Geo18,2021-08-30,Promo,0.57211417,False,3.8985731613342107,preservar; investigar contexto e escala populacional
Geo18,2021-09-20,Promo,1.4968091,False,11.289909210014466,preservar; investigar contexto e escala populacional
Geo18,2021-10-18,Promo,1.238583,False,9.225838325966132,preservar; investigar contexto e escala populacional
Geo18,2021-10-25,Promo,1.564275,False,11.82918235032103,preservar; investigar contexto e escala populacional
Geo18,2021-11-08,Promo,0.73636436,False,5.211469243017692,preservar; investigar contexto e escala populacional
Geo18,2021-11-22,Promo,2.3929038,True,18.452635904256557,preservar; investigar contexto e escala populacional
Geo18,2021-12-06,Promo,0.8163041,False,5.85044915175811,preservar; investigar contexto e escala populacional
Geo18,2021-12-13,Promo,1.8587661,False,14.183129163293717,preservar; investigar contexto e escala populacional
Geo18,2022-03-28,Promo,0.73388296,False,5.19163474336147,preservar; investigar contexto e escala populacional
Geo18,2022-04-18,Promo,0.78274417,False,5.582195577143847,preservar; investigar contexto e escala populacional
Geo18,2022-06-20,Promo,0.73719454,False,5.218105095731725,preservar; investigar contexto e escala populacional
Geo18,2022-06-27,Promo,0.9536268,False,6.948106541111487,preservar; investigar contexto e escala populacional
Geo18,2022-07-11,Promo,0.8187289,False,5.869831232344234,preservar; investigar contexto e escala populacional
Geo18,2022-07-18,Promo,0.98079216,False,7.165246592526474,preservar; investigar contexto e escala populacional
Geo18,2022-08-01,Promo,2.962813,True,23.00807389550252,preservar; investigar contexto e escala populacional
Geo18,2022-08-15,Promo,1.0543183,False,7.752960866143517,preservar; investigar contexto e escala populacional
Geo18,2022-10-17,Promo,1.5500671,False,11.715614772475604,preservar; investigar contexto e escala populacional
Geo18,2022-10-24,Promo,1.1851398,False,8.798652409939937,preservar; investigar contexto e escala populacional
Geo18,2022-10-31,Promo,1.3462591,False,10.086522443171468,preservar; investigar contexto e escala populacional
Geo18,2022-11-21,Promo,0.6811762,False,4.77033539093922,preservar; investigar contexto e escala populacional
Geo18,2022-12-12,Promo,1.4041042,False,10.54889393348505,preservar; investigar contexto e escala populacional
Geo18,2022-12-19,Promo,0.94520533,False,6.880791459375418,preservar; investigar contexto e escala populacional
Geo18,2022-12-26,Promo,1.0882207,False,8.023951895862664,preservar; investigar contexto e escala populacional
Geo18,2023-01-23,Promo,1.6732297,False,12.700086662279508,preservar; investigar contexto e escala populacional
Geo18,2023-02-13,Promo,0.54622626,False,3.691644112412108,preservar; investigar contexto e escala populacional
Geo18,2023-03-13,Promo,1.014904,False,7.4379117326703845,preservar; investigar contexto e escala populacional
Geo18,2023-04-17,Promo,1.309095,False,9.789459765379174,preservar; investigar contexto e escala populacional
Geo18,2023-05-01,Promo,1.3434212,False,10.063838342835211,preservar; investigar contexto e escala populacional
Geo18,2023-05-15,Promo,1.0143565,False,7.433535417460511,preservar; investigar contexto e escala populacional
Geo18,2023-05-29,Promo,1.1052333,False,8.15993819748733,preservar; investigar contexto e escala populacional
Geo18,2023-06-05,Promo,0.6826011,False,4.781725001062598,preservar; investigar contexto e escala populacional
Geo18,2023-06-19,Promo,0.98748666,False,7.218757537133783,preservar; investigar contexto e escala populacional
Geo18,2023-07-03,Promo,1.2818334,False,9.571550441679626,preservar; investigar contexto e escala populacional
Geo18,2023-07-24,Promo,1.1101048,False,8.198877411267972,preservar; investigar contexto e escala populacional
Geo18,2023-07-31,Promo,0.9086215,False,6.588367036244008,preservar; investigar contexto e escala populacional
Geo18,2023-08-07,Promo,0.8034378,False,5.747605344662579,preservar; investigar contexto e escala populacional
Geo18,2023-08-14,Promo,2.616191,True,20.237430734448694,preservar; investigar contexto e escala populacional
Geo18,2023-10-09,Promo,1.3401396,False,10.037607628693252,preservar; investigar contexto e escala populacional
Geo18,2023-11-06,Promo,1.2795526,False,9.553319391943223,preservar; investigar contexto e escala populacional
Geo18,2023-11-20,Promo,0.6095336,False,4.197676760701915,preservar; investigar contexto e escala populacional
Geo18,2023-11-27,Promo,1.477005,False,11.131609695771786,preservar; investigar contexto e escala populacional
Geo18,2023-12-18,Promo,0.55571896,False,3.7675218245450246,preservar; investigar contexto e escala populacional
Geo18,2024-01-01,Promo,2.2755044,True,17.514230826904793,preservar; investigar contexto e escala populacional
Geo18,2024-01-15,Promo,0.64205265,False,4.45761030065745,preservar; investigar contexto e escala populacional
Geo19,2021-01-25,Promo,0.5803838,False,3.964674544985409,preservar; investigar contexto e escala populacional
Geo19,2021-03-01,Promo,0.5780004,False,3.94562338576858,preservar; investigar contexto e escala populacional
Geo19,2021-03-22,Promo,1.5550461,False,11.755413262758644,preservar; investigar contexto e escala populacional
Geo19,2021-04-05,Promo,0.7287261,False,5.150414570113633,preservar; investigar contexto e escala populacional
Geo19,2021-04-12,Promo,1.1867194,False,8.811278578899786,preservar; investigar contexto e escala populacional
Geo19,2021-05-10,Promo,2.1961074,True,16.879589185410047,preservar; investigar contexto e escala populacional
Geo19,2021-05-17,Promo,1.3922884,False,10.454447056303627,preservar; investigar contexto e escala populacional
Geo19,2021-05-31,Promo,0.7111833,False,5.010190236846456,preservar; investigar contexto e escala populacional
Geo19,2021-07-26,Promo,1.329345,False,9.951323478621093,preservar; investigar contexto e escala populacional
Geo19,2021-08-09,Promo,1.302913,False,9.740045371539098,preservar; investigar contexto e escala populacional
Geo19,2021-08-23,Promo,0.5293453,False,3.556710044822564,preservar; investigar contexto e escala populacional
Geo19,2021-09-06,Promo,1.0985852,False,8.106798140598263,preservar; investigar contexto e escala populacional
Geo19,2021-09-20,Promo,1.4095317,False,10.592277405268781,preservar; investigar contexto e escala populacional
Geo19,2021-10-11,Promo,1.8492829,False,14.107327387223803,preservar; investigar contexto e escala populacional
Geo19,2021-10-18,Promo,4.8005548,True,37.69763990675613,preservar; investigar contexto e escala populacional
Geo19,2021-11-08,Promo,1.2785065,False,9.544957632416192,preservar; investigar contexto e escala populacional
Geo19,2021-11-15,Promo,1.9364638,False,14.804187841434782,preservar; investigar contexto e escala populacional
Geo19,2021-11-22,Promo,0.9275696,False,6.739824311546683,preservar; investigar contexto e escala populacional
Geo19,2021-12-13,Promo,2.2356274,True,17.195483207499954,preservar; investigar contexto e escala populacional
Geo19,2021-12-27,Promo,0.62709546,False,4.338053445691283,preservar; investigar contexto e escala populacional
Geo19,2022-01-17,Promo,0.66358566,False,4.629729458972282,preservar; investigar contexto e escala populacional
Geo19,2022-03-28,Promo,3.4956765,True,27.26739561209929,preservar; investigar contexto e escala populacional
Geo19,2022-04-04,Promo,0.9769569,False,7.134590324632736,preservar; investigar contexto e escala populacional
Geo19,2022-04-11,Promo,1.55586,False,11.7619189850405,preservar; investigar contexto e escala populacional
Geo19,2022-05-30,Promo,1.3485979,False,10.105217102555676,preservar; investigar contexto e escala populacional
Geo19,2022-06-13,Promo,1.1187278,False,8.267803376664764,preservar; investigar contexto e escala populacional
Geo19,2022-06-20,Promo,1.4829831,False,11.17939426190174,preservar; investigar contexto e escala populacional
Geo19,2022-07-04,Promo,0.90119535,False,6.529007815795045,preservar; investigar contexto e escala populacional
Geo19,2022-07-18,Promo,0.858336,False,6.186421468232824,preservar; investigar contexto e escala populacional
Geo19,2022-08-01,Promo,0.9560709,False,6.967642891804553,preservar; investigar contexto e escala populacional
Geo19,2022-08-29,Promo,1.6042615,False,12.148805232767842,preservar; investigar contexto e escala populacional
Geo19,2022-09-12,Promo,1.4922917,False,11.253800413066367,preservar; investigar contexto e escala populacional
Geo19,2022-10-03,Promo,1.1164215,False,8.249368498548725,preservar; investigar contexto e escala populacional
Geo19,2022-10-31,Promo,0.6335899,False,4.389965256744461,preservar; investigar contexto e escala populacional
Geo19,2022-11-14,Promo,1.0543029,False,7.752837769788754,preservar; investigar contexto e escala populacional
Geo19,2022-11-21,Promo,1.4828851,False,11.178610921462345,preservar; investigar contexto e escala populacional
Geo19,2022-12-12,Promo,0.7149733,False,5.0404847293495125,preservar; investigar contexto e escala populacional
Geo19,2022-12-19,Promo,0.6626009,False,4.621858006614153,preservar; investigar contexto e escala populacional
Geo19,2023-01-02,Promo,3.1242228,True,24.29826597360797,preservar; investigar contexto e escala populacional
Geo19,2023-01-09,Promo,0.8665258,False,6.2518847491567096,preservar; investigar contexto e escala populacional
Geo19,2023-01-16,Promo,0.7576774,False,5.381830121776878,preservar; investigar contexto e escala populacional
Geo19,2023-02-20,Promo,0.6524795,False,4.540954925764438,preservar; investigar contexto e escala populacional
Geo19,2023-02-27,Promo,1.066494,False,7.850284521122262,preservar; investigar contexto e escala populacional
Geo19,2023-03-13,Promo,1.63882,False,12.42504064679603,preservar; investigar contexto e escala populacional
Geo19,2023-04-03,Promo,0.93091035,False,6.766527827596705,preservar; investigar contexto e escala populacional
Geo19,2023-04-10,Promo,1.6308683,False,12.361480563409078,preservar; investigar contexto e escala populacional
Geo19,2023-05-08,Promo,0.6937476,False,4.87082198277376,preservar; investigar contexto e escala populacional
Geo19,2023-05-22,Promo,1.0366074,False,7.611392864224687,preservar; investigar contexto e escala populacional
Geo19,2023-06-12,Promo,0.68159133,False,4.773653637027028,preservar; investigar contexto e escala populacional
Geo19,2023-06-26,Promo,2.956283,True,22.955877843775617,preservar; investigar contexto e escala populacional
Geo19,2023-07-03,Promo,1.7651322,False,13.434688139129648,preservar; investigar contexto e escala populacional
Geo19,2023-08-07,Promo,2.4082265,True,18.575114379263564,preservar; investigar contexto e escala populacional
Geo19,2023-08-14,Promo,1.6324937,False,12.374472824125299,preservar; investigar contexto e escala populacional
Geo19,2023-08-21,Promo,1.119411,False,8.273264378585104,preservar; investigar contexto e escala populacional
Geo19,2023-08-28,Promo,1.2066114,False,8.970280701556982,preservar; investigar contexto e escala populacional
Geo19,2023-09-11,Promo,1.3385017,False,10.02451545210466,preservar; investigar contexto e escala populacional
Geo19,2023-10-02,Promo,0.7954378,False,5.683659186344785,preservar; investigar contexto e escala populacional
Geo19,2023-10-09,Promo,0.66784894,False,4.663807006201417,preservar; investigar contexto e escala populacional
Geo19,2023-10-30,Promo,2.667879,True,20.650586863339964,preservar; investigar contexto e escala populacional
Geo19,2023-11-13,Promo,0.58398235,False,3.9934387259872217,preservar; investigar contexto e escala populacional
Geo19,2023-11-20,Promo,2.216888,True,17.045694127602395,preservar; investigar contexto e escala populacional
Geo19,2023-11-27,Promo,0.8105423,False,5.804393529883677,preservar; investigar contexto e escala populacional
Geo19,2023-12-11,Promo,1.7149392,False,13.033481948574016,preservar; investigar contexto e escala populacional
Geo19,2024-01-01,Promo,0.58945614,False,4.037192206229516,preservar; investigar contexto e escala populacional
Geo2,2021-02-08,Promo,2.0258684,False,15.518822929677167,preservar; investigar contexto e escala populacional
Geo2,2021-03-22,Promo,1.0876812,False,8.01963952681111,preservar; investigar contexto e escala populacional
Geo2,2021-04-05,Promo,0.52749294,False,3.5419036315948698,preservar; investigar contexto e escala populacional
Geo2,2021-05-03,Promo,0.9778638,False,7.141839421005036,preservar; investigar contexto e escala populacional
Geo2,2021-05-10,Promo,0.5620655,False,3.818251430996302,preservar; investigar contexto e escala populacional
Geo2,2021-05-17,Promo,0.80699795,False,5.776062584104467,preservar; investigar contexto e escala populacional
Geo2,2021-05-31,Promo,2.4723482,True,19.08765642673933,preservar; investigar contexto e escala populacional
Geo2,2021-06-14,Promo,1.7057672,False,12.960167678062662,preservar; investigar contexto e escala populacional
Geo2,2021-06-28,Promo,1.4037166,False,10.545795742114557,preservar; investigar contexto e escala populacional
Geo2,2021-08-02,Promo,2.5009947,True,19.316635629770673,preservar; investigar contexto e escala populacional
Geo2,2021-08-09,Promo,1.0345128,False,7.59465016132313,preservar; investigar contexto e escala populacional
Geo2,2021-08-23,Promo,0.55948627,False,3.7976349497565502,preservar; investigar contexto e escala populacional
Geo2,2021-10-18,Promo,0.9370409,False,6.815530967706098,preservar; investigar contexto e escala populacional
Geo2,2021-11-15,Promo,2.013689,False,15.4214696996002,preservar; investigar contexto e escala populacional
Geo2,2021-11-22,Promo,0.6042257,False,4.155249283985037,preservar; investigar contexto e escala populacional
Geo2,2021-12-06,Promo,2.9863744,True,23.19640652232613,preservar; investigar contexto e escala populacional
Geo2,2021-12-13,Promo,2.0173821,False,15.450989644260632,preservar; investigar contexto e escala populacional
Geo2,2021-12-27,Promo,0.72396815,False,5.112382992117614,preservar; investigar contexto e escala populacional
Geo2,2022-01-03,Promo,0.52252835,False,3.502220324329502,preservar; investigar contexto e escala populacional
Geo2,2022-01-24,Promo,1.6731287,False,12.699279342030744,preservar; investigar contexto e escala populacional
Geo2,2022-02-14,Promo,0.8851303,False,6.400595536959636,preservar; investigar contexto e escala populacional
Geo2,2022-02-21,Promo,0.58658737,False,4.01426135365485,preservar; investigar contexto e escala populacional
Geo2,2022-03-28,Promo,0.59639883,False,4.092687000465938,preservar; investigar contexto e escala populacional
Geo2,2022-04-04,Promo,0.58056825,False,3.9661489035981234,preservar; investigar contexto e escala populacional
Geo2,2022-04-11,Promo,1.1640807,False,8.630321342111152,preservar; investigar contexto e escala populacional
Geo2,2022-04-25,Promo,0.88472486,False,6.397354745656089,preservar; investigar contexto e escala populacional
Geo2,2022-05-02,Promo,1.3754436,False,10.319802025349679,preservar; investigar contexto e escala populacional
Geo2,2022-05-23,Promo,0.9636364,False,7.028115974398712,preservar; investigar contexto e escala populacional
Geo2,2022-05-30,Promo,2.1655397,True,16.635253312458694,preservar; investigar contexto e escala populacional
Geo2,2022-06-13,Promo,0.7233694,False,5.107597021831017,preservar; investigar contexto e escala populacional
Geo2,2022-07-04,Promo,0.5650739,False,3.8422983838317086,preservar; investigar contexto e escala populacional
Geo2,2022-07-11,Promo,1.7359495,False,13.20142294483706,preservar; investigar contexto e escala populacional
Geo2,2022-07-25,Promo,0.7038308,False,4.951419720717508,preservar; investigar contexto e escala populacional
Geo2,2022-08-01,Promo,1.5420889,False,11.651842867439226,preservar; investigar contexto e escala populacional
Geo2,2022-08-29,Promo,1.8809357,False,14.360336757223989,preservar; investigar contexto e escala populacional
Geo2,2022-09-05,Promo,2.6649387,True,20.627084252177234,preservar; investigar contexto e escala populacional
Geo2,2022-09-12,Promo,1.9629161,False,15.015628211893507,preservar; investigar contexto e escala populacional
Geo2,2022-09-26,Promo,1.5828819,False,11.977912321971452,preservar; investigar contexto e escala populacional
Geo2,2022-10-24,Promo,1.0440968,False,7.671257658987848,preservar; investigar contexto e escala populacional
Geo2,2022-12-12,Promo,3.3612795,True,26.19312413216971,preservar; investigar contexto e escala populacional
Geo2,2023-01-09,Promo,1.4170765,False,10.652585027178294,preservar; investigar contexto e escala populacional
Geo2,2023-01-23,Promo,0.7231615,False,5.105935221041733,preservar; investigar contexto e escala populacional
Geo2,2023-03-27,Promo,0.5397773,False,3.6400958352689683,preservar; investigar contexto e escala populacional
Geo2,2023-04-10,Promo,2.292167,True,17.647419484103054,preservar; investigar contexto e escala populacional
Geo2,2023-05-29,Promo,1.6335423,False,12.382854566826802,preservar; investigar contexto e escala populacional
Geo2,2023-06-05,Promo,1.9425815,False,14.85308826802738,preservar; investigar contexto e escala populacional
Geo2,2023-08-07,Promo,1.3460072,False,10.084508938511437,preservar; investigar contexto e escala populacional
Geo2,2023-08-14,Promo,2.3663366,True,18.24027710709899,preservar; investigar contexto e escala populacional
Geo2,2023-08-28,Promo,1.596294,False,12.085118855718214,preservar; investigar contexto e escala populacional
Geo2,2023-09-11,Promo,1.1888195,False,8.828065244785185,preservar; investigar contexto e escala populacional
Geo2,2023-10-09,Promo,0.7034557,False,4.948421445219383,preservar; investigar contexto e escala populacional
Geo2,2023-10-23,Promo,1.0819743,False,7.9740227354481314,preservar; investigar contexto e escala populacional
Geo2,2023-10-30,Promo,1.6629826,False,12.618178827417223,preservar; investigar contexto e escala populacional
Geo2,2023-11-06,Promo,1.125913,False,8.325236618757891,preservar; investigar contexto e escala populacional
Geo2,2023-11-20,Promo,0.99986583,False,7.317707582716644,preservar; investigar contexto e escala populacional
Geo2,2023-12-04,Promo,0.5886443,False,4.030702950083427,preservar; investigar contexto e escala populacional
Geo2,2023-12-11,Promo,1.7919471,False,13.649026869214127,preservar; investigar contexto e escala populacional
Geo2,2023-12-18,Promo,0.77591056,False,5.52757268877609,preservar; investigar contexto e escala populacional
Geo2,2024-01-01,Promo,1.8026501,False,13.734578835773547,preservar; investigar contexto e escala populacional
Geo2,2024-01-15,Promo,0.5391237,False,3.6348714341344035,preservar; investigar contexto e escala populacional
Geo20,2021-02-01,Promo,1.2389792,False,9.229005259456821,preservar; investigar contexto e escala populacional
Geo20,2021-02-08,Promo,1.1741452,False,8.710769605909835,preservar; investigar contexto e escala populacional
Geo20,2021-02-15,Promo,0.97850597,False,7.146972459065903,preservar; investigar contexto e escala populacional
Geo20,2021-04-05,Promo,3.0040627,True,23.33779387634771,preservar; investigar contexto e escala populacional
Geo20,2021-05-17,Promo,2.5647042,True,19.82588285143911,preservar; investigar contexto e escala populacional
Geo20,2021-05-24,Promo,0.95644486,False,6.970632054975118,preservar; investigar contexto e escala populacional
Geo20,2021-05-31,Promo,0.6790358,False,4.753226596281293,preservar; investigar contexto e escala populacional
Geo20,2021-07-05,Promo,1.8357868,False,13.999449418814704,preservar; investigar contexto e escala populacional
Geo20,2021-08-02,Promo,1.6579719,False,12.57812695048185,preservar; investigar contexto e escala populacional
Geo20,2021-08-30,Promo,0.70292467,False,4.944176779162946,preservar; investigar contexto e escala populacional
Geo20,2021-10-11,Promo,2.1003718,True,16.11434870612892,preservar; investigar contexto e escala populacional
Geo20,2021-10-18,Promo,1.3141172,False,9.829603564917129,preservar; investigar contexto e escala populacional
Geo20,2021-10-25,Promo,0.5638061,False,3.8321645163922953,preservar; investigar contexto e escala populacional
Geo20,2021-11-15,Promo,1.4741334,False,11.108656222243615,preservar; investigar contexto e escala populacional
Geo20,2021-11-22,Promo,0.77276963,False,5.50246638789545,preservar; investigar contexto e escala populacional
Geo20,2021-12-06,Promo,0.7150962,False,5.041467102206669,preservar; investigar contexto e escala populacional
Geo20,2021-12-13,Promo,2.524555,True,19.504959463997512,preservar; investigar contexto e escala populacional
Geo20,2021-12-20,Promo,1.1149137,False,8.237316246359779,preservar; investigar contexto e escala populacional
Geo20,2021-12-27,Promo,2.000413,False,15.31535104987182,preservar; investigar contexto e escala populacional
Geo20,2022-04-04,Promo,2.0099187,False,15.391332674512004,preservar; investigar contexto e escala populacional
Geo20,2022-05-23,Promo,1.0680039,False,7.862353559177766,preservar; investigar contexto e escala populacional
Geo20,2022-05-30,Promo,1.2484866,False,9.305000472655646,preservar; investigar contexto e escala populacional
Geo20,2022-06-27,Promo,1.9462085,False,14.882079857554707,preservar; investigar contexto e escala populacional
Geo20,2022-07-04,Promo,1.4793936,False,11.150702419991523,preservar; investigar contexto e escala populacional
Geo20,2022-07-11,Promo,1.3243338,False,9.911267605050826,preservar; investigar contexto e escala populacional
Geo20,2022-07-25,Promo,0.85657924,False,6.172379211597027,preservar; investigar contexto e escala populacional
Geo20,2022-08-22,Promo,1.3312497,False,9.966548259589581,preservar; investigar contexto e escala populacional
Geo20,2022-10-03,Promo,1.3004252,False,9.720159714956223,preservar; investigar contexto e escala populacional
Geo20,2022-10-17,Promo,0.5712385,False,3.891573694777443,preservar; investigar contexto e escala populacional
Geo20,2022-10-24,Promo,1.2180988,False,9.062102588939462,preservar; investigar contexto e escala populacional
Geo20,2022-10-31,Promo,1.9527274,False,14.934187183986943,preservar; investigar contexto e escala populacional
Geo20,2022-11-14,Promo,1.8375728,False,14.013725398659153,preservar; investigar contexto e escala populacional
Geo20,2022-11-21,Promo,1.1495608,False,8.514259864091335,preservar; investigar contexto e escala populacional
Geo20,2022-12-05,Promo,1.4945536,False,11.271880390003743,preservar; investigar contexto e escala populacional
Geo20,2022-12-19,Promo,0.888102,False,6.424349136793759,preservar; investigar contexto e escala populacional
Geo20,2023-01-02,Promo,0.9456228,False,6.884128409714534,preservar; investigar contexto e escala populacional
Geo20,2023-01-09,Promo,0.9506148,False,6.924030812504838,preservar; investigar contexto e escala populacional
Geo20,2023-01-16,Promo,0.5747054,False,3.9192855618114386,preservar; investigar contexto e escala populacional
Geo20,2023-02-13,Promo,0.7416203,False,5.253481389436296,preservar; investigar contexto e escala populacional
Geo20,2023-03-06,Promo,0.97236705,False,7.097902415288369,preservar; investigar contexto e escala populacional
Geo20,2023-05-01,Promo,1.3051524,False,9.757945499906208,preservar; investigar contexto e escala populacional
Geo20,2023-05-22,Promo,2.0231833,False,15.49736020096478,preservar; investigar contexto e escala populacional
Geo20,2023-06-12,Promo,1.5937763,False,12.064994200368623,preservar; investigar contexto e escala populacional
Geo20,2023-06-26,Promo,1.6171122,False,12.251524344854653,preservar; investigar contexto e escala populacional
Geo20,2023-07-10,Promo,0.5326505,False,3.5831294001315603,preservar; investigar contexto e escala populacional
Geo20,2023-07-24,Promo,0.8541101,False,6.152642709428429,preservar; investigar contexto e escala populacional
Geo20,2023-08-07,Promo,2.0143423,False,15.426691702753827,preservar; investigar contexto e escala populacional
Geo20,2023-08-14,Promo,1.8962957,False,14.483113381194155,preservar; investigar contexto e escala populacional
Geo20,2023-08-21,Promo,0.7647866,False,5.438655875365987,preservar; investigar contexto e escala populacional
Geo20,2023-08-28,Promo,1.172845,False,8.700376756529234,preservar; investigar contexto e escala populacional
Geo20,2023-09-25,Promo,0.6871701,False,4.818246250731849,preservar; investigar contexto e escala populacional
Geo20,2023-10-23,Promo,1.414011,False,10.628081658637893,preservar; investigar contexto e escala populacional
Geo20,2023-11-06,Promo,1.0654373,False,7.84183803293546,preservar; investigar contexto e escala populacional
Geo20,2023-11-27,Promo,1.493277,False,11.261676181790182,preservar; investigar contexto e escala populacional
Geo20,2023-12-11,Promo,0.5922285,False,4.0593524276637565,preservar; investigar contexto e escala populacional
Geo20,2024-01-01,Promo,0.8110509,False,5.80845890689873,preservar; investigar contexto e escala populacional
Geo21,2021-02-08,Promo,1.2788706,False,9.547867981946633,preservar; investigar contexto e escala populacional
Geo21,2021-03-22,Promo,0.86400676,False,6.231749382825601,preservar; investigar contexto e escala populacional
Geo21,2021-04-12,Promo,0.9461842,False,6.888615831374486,preservar; investigar contexto e escala populacional
Geo21,2021-04-19,Promo,0.9793091,False,7.153392093832125,preservar; investigar contexto e escala populacional
Geo21,2021-05-17,Promo,1.2851208,False,9.597827516786367,preservar; investigar contexto e escala populacional
Geo21,2021-06-21,Promo,0.97274405,False,7.100915877999095,preservar; investigar contexto e escala populacional
Geo21,2021-06-28,Promo,1.0591455,False,7.791545978072474,preservar; investigar contexto e escala populacional
Geo21,2021-07-05,Promo,1.6923624,False,12.853019495185368,preservar; investigar contexto e escala populacional
Geo21,2021-08-09,Promo,0.5750772,False,3.9222574595192574,preservar; investigar contexto e escala populacional
Geo21,2021-08-30,Promo,1.4453306,False,10.878427671144141,preservar; investigar contexto e escala populacional
Geo21,2021-09-27,Promo,0.6930413,False,4.865176336321277,preservar; investigar contexto e escala populacional
Geo21,2021-10-04,Promo,0.7786606,False,5.549554500428623,preservar; investigar contexto e escala populacional
Geo21,2021-10-11,Promo,0.9444149,False,6.874473339135526,preservar; investigar contexto e escala populacional
Geo21,2021-10-18,Promo,0.6382351,False,4.427095593571688,preservar; investigar contexto e escala populacional
Geo21,2021-10-25,Promo,1.4507444,False,10.921701635131752,preservar; investigar contexto e escala populacional
Geo21,2021-11-08,Promo,0.59412175,False,4.074485685693152,preservar; investigar contexto e escala populacional
Geo21,2021-11-15,Promo,0.9580724,False,6.983641421288686,preservar; investigar contexto e escala populacional
Geo21,2021-11-29,Promo,1.6499345,False,12.513881843873923,preservar; investigar contexto e escala populacional
Geo21,2022-01-24,Promo,1.5497005,False,11.712684439770692,preservar; investigar contexto e escala populacional
Geo21,2022-03-28,Promo,1.2515411,False,9.329415915228362,preservar; investigar contexto e escala populacional
Geo21,2022-04-11,Promo,0.6976241,False,4.901807893113626,preservar; investigar contexto e escala populacional
Geo21,2022-05-16,Promo,0.9422337,False,6.857038419070179,preservar; investigar contexto e escala populacional
Geo21,2022-06-13,Promo,1.4332823,False,10.782122358736608,preservar; investigar contexto e escala populacional
Geo21,2022-07-04,Promo,1.4332213,False,10.781634769279435,preservar; investigar contexto e escala populacional
Geo21,2022-07-11,Promo,1.1099291,False,8.197472993765917,preservar; investigar contexto e escala populacional
Geo21,2022-07-18,Promo,1.2873073,False,9.615304801181598,preservar; investigar contexto e escala populacional
Geo21,2022-08-08,Promo,0.5488217,False,3.71239016455515,preservar; investigar contexto e escala populacional
Geo21,2022-08-15,Promo,0.9726834,False,7.100431086186348,preservar; investigar contexto e escala populacional
Geo21,2022-08-22,Promo,0.9711299,False,7.088013541568012,preservar; investigar contexto e escala populacional
Geo21,2022-08-29,Promo,2.1700056,True,16.670950456012626,preservar; investigar contexto e escala populacional
Geo21,2022-09-19,Promo,1.287137,False,9.613943547336408,preservar; investigar contexto e escala populacional
Geo21,2022-09-26,Promo,1.6511729,False,12.523780709181517,preservar; investigar contexto e escala populacional
Geo21,2022-10-24,Promo,1.8874433,False,14.412353759707601,preservar; investigar contexto e escala populacional
Geo21,2022-12-05,Promo,0.53187597,False,3.576938372881325,preservar; investigar contexto e escala populacional
Geo21,2023-01-02,Promo,0.80545247,False,5.763709145509844,preservar; investigar contexto e escala populacional
Geo21,2023-01-09,Promo,0.66472024,False,4.638798463010307,preservar; investigar contexto e escala populacional
Geo21,2023-02-06,Promo,0.80042434,False,5.723517945882037,preservar; investigar contexto e escala populacional
Geo21,2023-03-27,Promo,1.518168,False,11.46063666012621,preservar; investigar contexto e escala populacional
Geo21,2023-04-03,Promo,1.0400271,False,7.638727448924608,preservar; investigar contexto e escala populacional
Geo21,2023-04-10,Promo,1.140443,False,8.441378828802588,preservar; investigar contexto e escala populacional
Geo21,2023-05-22,Promo,1.4501083,False,10.916617116218509,preservar; investigar contexto e escala populacional
Geo21,2023-05-29,Promo,1.1152349,False,8.239883684616236,preservar; investigar contexto e escala populacional
Geo21,2023-06-19,Promo,0.82417077,False,5.913329567414841,preservar; investigar contexto e escala populacional
Geo21,2023-07-10,Promo,0.57346326,False,3.9093568016748304,preservar; investigar contexto e escala populacional
Geo21,2023-07-24,Promo,1.1087,False,8.187648465867367,preservar; investigar contexto e escala populacional
Geo21,2023-08-14,Promo,1.4164191,False,10.647330251618527,preservar; investigar contexto e escala populacional
Geo21,2023-08-21,Promo,0.74085337,False,5.247351111036463,preservar; investigar contexto e escala populacional
Geo21,2023-08-28,Promo,1.4040167,False,10.54819452237845,preservar; investigar contexto e escala populacional
Geo21,2023-09-04,Promo,1.5256675,False,11.520582186914247,preservar; investigar contexto e escala populacional
Geo21,2023-09-11,Promo,1.1870056,False,8.813566252713606,preservar; investigar contexto e escala populacional
Geo21,2023-09-18,Promo,1.9902353,False,15.233997947932943,preservar; investigar contexto e escala populacional
Geo21,2023-10-09,Promo,0.6122637,False,4.219499186554841,preservar; investigar contexto e escala populacional
Geo21,2023-10-23,Promo,2.2144403,True,17.026129001138088,preservar; investigar contexto e escala populacional
Geo21,2023-11-06,Promo,1.4799516,False,11.155162664534188,preservar; investigar contexto e escala populacional
Geo21,2023-11-27,Promo,1.3846405,False,10.393315328278794,preservar; investigar contexto e escala populacional
Geo21,2023-12-04,Promo,1.4405677,False,10.840356526462664,preservar; investigar contexto e escala populacional
Geo21,2023-12-11,Promo,2.6411972,True,20.437312037464494,preservar; investigar contexto e escala populacional
Geo21,2023-12-18,Promo,0.8126506,False,5.821245740581353,preservar; investigar contexto e escala populacional
Geo21,2023-12-25,Promo,1.8048754,False,13.75236625903662,preservar; investigar contexto e escala populacional
Geo21,2024-01-15,Promo,1.2430966,False,9.261916748489034,preservar; investigar contexto e escala populacional
Geo22,2021-02-08,Promo,1.2639297,False,9.428441337345339,preservar; investigar contexto e escala populacional
Geo22,2021-02-15,Promo,1.7351345,False,13.194908429958433,preservar; investigar contexto e escala populacional
Geo22,2021-03-29,Promo,0.6223946,False,4.30047820346756,preservar; investigar contexto e escala populacional
Geo22,2021-04-05,Promo,0.6279259,False,4.3446913766554625,preservar; investigar contexto e escala populacional
Geo22,2021-04-19,Promo,0.77782714,False,5.542892429789679,preservar; investigar contexto e escala populacional
Geo22,2021-05-03,Promo,1.8189507,False,13.864873929307926,preservar; investigar contexto e escala populacional
Geo22,2021-06-14,Promo,1.8678584,False,14.25580637020283,preservar; investigar contexto e escala populacional
Geo22,2021-06-28,Promo,1.2057083,False,8.963061979609883,preservar; investigar contexto e escala populacional
Geo22,2021-08-09,Promo,0.74616283,False,5.289791057254213,preservar; investigar contexto e escala populacional
Geo22,2021-11-08,Promo,1.5787802,False,11.945126327274938,preservar; investigar contexto e escala populacional
Geo22,2021-11-22,Promo,2.4629824,True,19.012793060542734,preservar; investigar contexto e escala populacional
Geo22,2021-12-06,Promo,0.70144624,False,4.9323592893077235,preservar; investigar contexto e escala populacional
Geo22,2021-12-13,Promo,2.0230522,False,15.49631228329535,preservar; investigar contexto e escala populacional
Geo22,2021-12-20,Promo,0.8800856,False,6.360271888851414,preservar; investigar contexto e escala populacional
Geo22,2021-12-27,Promo,1.4151543,False,10.637220363988485,preservar; investigar contexto e escala populacional
Geo22,2022-01-03,Promo,1.3037668,False,9.746870025285565,preservar; investigar contexto e escala populacional
Geo22,2022-02-14,Promo,0.62234116,False,4.300051043129996,preservar; investigar contexto e escala populacional
Geo22,2022-04-18,Promo,1.8417481,False,14.04709969801219,preservar; investigar contexto e escala populacional
Geo22,2022-05-02,Promo,0.59070957,False,4.047211210382051,preservar; investigar contexto e escala populacional
Geo22,2022-05-16,Promo,1.650306,False,12.516851343600804,preservar; investigar contexto e escala populacional
Geo22,2022-06-13,Promo,1.0903324,False,8.040831283677626,preservar; investigar contexto e escala populacional
Geo22,2022-07-04,Promo,1.1877639,False,8.819627549195154,preservar; investigar contexto e escala populacional
Geo22,2022-07-25,Promo,1.0203781,False,7.481667690826314,preservar; investigar contexto e escala populacional
Geo22,2022-08-22,Promo,0.94133204,False,6.849831207431577,preservar; investigar contexto e escala populacional
Geo22,2022-10-03,Promo,1.2752817,False,9.519180935998289,preservar; investigar contexto e escala populacional
Geo22,2022-10-17,Promo,1.1661472,False,8.646839434131618,preservar; investigar contexto e escala populacional
Geo22,2022-10-24,Promo,0.6567883,False,4.575396326634401,preservar; investigar contexto e escala populacional
Geo22,2022-12-19,Promo,1.7248746,False,13.112898281242842,preservar; investigar contexto e escala populacional
Geo22,2023-01-02,Promo,0.59938616,False,4.116565535106875,preservar; investigar contexto e escala populacional
Geo22,2023-01-09,Promo,0.83342314,False,5.987286257019192,preservar; investigar contexto e escala populacional
Geo22,2023-02-13,Promo,1.6758612,False,12.721120951731166,preservar; investigar contexto e escala populacional
Geo22,2023-04-03,Promo,0.77033484,False,5.483004454544127,preservar; investigar contexto e escala populacional
Geo22,2023-04-10,Promo,1.715116,False,13.034895158672839,preservar; investigar contexto e escala populacional
Geo22,2023-05-22,Promo,2.2484503,True,17.297980106686612,preservar; investigar contexto e escala populacional
Geo22,2023-05-29,Promo,0.57446015,False,3.917325212395508,preservar; investigar contexto e escala populacional
Geo22,2023-06-05,Promo,0.5228522,False,3.5048089447509043,preservar; investigar contexto e escala populacional
Geo22,2023-06-26,Promo,1.3971276,False,10.49312808747006,preservar; investigar contexto e escala populacional
Geo22,2023-07-10,Promo,1.8989928,False,14.504672029144022,preservar; investigar contexto e escala populacional
Geo22,2023-08-14,Promo,2.44954,True,18.905344330721338,preservar; investigar contexto e escala populacional
Geo22,2023-09-18,Promo,1.0630188,False,7.822506309949012,preservar; investigar contexto e escala populacional
Geo22,2023-09-25,Promo,0.59945136,False,4.117086696297165,preservar; investigar contexto e escala populacional
Geo22,2023-10-02,Promo,1.6652133,False,12.636009414337162,preservar; investigar contexto e escala populacional
Geo22,2023-10-09,Promo,2.354467,True,18.14540019200288,preservar; investigar contexto e escala populacional
Geo22,2023-10-16,Promo,2.3566916,True,18.1631820199771,preservar; investigar contexto e escala populacional
Geo22,2023-11-06,Promo,1.3858566,False,10.403035943670078,preservar; investigar contexto e escala populacional
Geo22,2023-11-13,Promo,0.8177421,False,5.861943473715734,preservar; investigar contexto e escala populacional
Geo22,2023-11-20,Promo,1.4193788,False,10.670987932215176,preservar; investigar contexto e escala populacional
Geo22,2023-12-11,Promo,0.82649964,False,5.931944853630036,preservar; investigar contexto e escala populacional
Geo22,2023-12-18,Promo,1.5548997,False,11.754243048061428,preservar; investigar contexto e escala populacional
Geo22,2024-01-08,Promo,1.4698534,False,11.074445027543597,preservar; investigar contexto e escala populacional
Geo23,2021-02-08,Promo,0.70971256,False,4.998434215235918,preservar; investigar contexto e escala populacional
Geo23,2021-03-01,Promo,0.85487586,False,6.158763635702608,preservar; investigar contexto e escala populacional
Geo23,2021-03-22,Promo,1.0877683,False,8.020335740609795,preservar; investigar contexto e escala populacional
Geo23,2021-04-19,Promo,0.7048191,False,4.959319469250693,preservar; investigar contexto e escala populacional
Geo23,2021-05-03,Promo,0.6279535,False,4.344911990901658,preservar; investigar contexto e escala populacional
Geo23,2021-05-17,Promo,2.8299587,True,21.946133632877547,preservar; investigar contexto e escala populacional
Geo23,2021-06-14,Promo,0.5281396,False,3.5470725594370935,preservar; investigar contexto e escala populacional
Geo23,2021-06-28,Promo,2.1427472,True,16.453066710776405,preservar; investigar contexto e escala populacional
Geo23,2021-07-05,Promo,1.4891584,False,11.228755100834222,preservar; investigar contexto e escala populacional
Geo23,2021-07-19,Promo,0.82469493,False,5.917519319707823,preservar; investigar contexto e escala populacional
Geo23,2021-08-30,Promo,2.6206222,True,20.27285051154092,preservar; investigar contexto e escala populacional
Geo23,2021-10-11,Promo,0.85558355,False,6.164420392800098,preservar; investigar contexto e escala populacional
Geo23,2021-10-18,Promo,0.9560962,False,6.967845121530233,preservar; investigar contexto e escala populacional
Geo23,2021-10-25,Promo,0.79467815,False,5.6775870989490205,preservar; investigar contexto e escala populacional
Geo23,2021-11-15,Promo,1.9441527,False,14.865647293520993,preservar; investigar contexto e escala populacional
Geo23,2021-11-22,Promo,1.1775997,False,8.738382356398438,preservar; investigar contexto e escala populacional
Geo23,2021-12-27,Promo,1.3759112,False,10.323539678303353,preservar; investigar contexto e escala populacional
Geo23,2022-01-03,Promo,0.66096145,False,4.608753440457389,preservar; investigar contexto e escala populacional
Geo23,2022-01-24,Promo,1.1045007,False,8.154082328039378,preservar; investigar contexto e escala populacional
Geo23,2022-02-07,Promo,2.3295932,True,17.946577197907235,preservar; investigar contexto e escala populacional
Geo23,2022-02-21,Promo,0.91230357,False,6.6177988151386575,preservar; investigar contexto e escala populacional
Geo23,2022-04-11,Promo,0.58453566,False,3.9978614820945735,preservar; investigar contexto e escala populacional
Geo23,2022-05-02,Promo,2.0879803,True,16.015300103529547,preservar; investigar contexto e escala populacional
Geo23,2022-05-23,Promo,0.8376218,False,6.020847279154517,preservar; investigar contexto e escala populacional
Geo23,2022-06-13,Promo,0.88168555,False,6.373060720851483,preservar; investigar contexto e escala populacional
Geo23,2022-07-04,Promo,1.8770585,False,14.32934525159527,preservar; investigar contexto e escala populacional
Geo23,2022-07-11,Promo,1.7135708,False,13.022543958193756,preservar; investigar contexto e escala populacional
Geo23,2022-07-18,Promo,0.6965369,False,4.893117610198239,preservar; investigar contexto e escala populacional
Geo23,2022-07-25,Promo,0.86768234,False,6.261129285399316,preservar; investigar contexto e escala populacional
Geo23,2022-08-01,Promo,1.6066978,False,12.168279235956547,preservar; investigar contexto e escala populacional
Geo23,2022-08-29,Promo,0.8663231,False,6.250264513370332,preservar; investigar contexto e escala populacional
Geo23,2022-09-26,Promo,1.5770726,False,11.931477019782006,preservar; investigar contexto e escala populacional
Geo23,2022-10-03,Promo,0.9855967,False,7.203650576961996,preservar; investigar contexto e escala populacional
Geo23,2022-10-17,Promo,0.7646729,False,5.437747040590895,preservar; investigar contexto e escala populacional
Geo23,2022-10-24,Promo,1.1886218,False,8.826484975347757,preservar; investigar contexto e escala populacional
Geo23,2022-10-31,Promo,1.1785741,False,8.746170998481544,preservar; investigar contexto e escala populacional
Geo23,2022-12-05,Promo,0.7787691,False,5.550421770200807,preservar; investigar contexto e escala populacional
Geo23,2023-01-09,Promo,0.8533118,False,6.146261682155291,preservar; investigar contexto e escala populacional
Geo23,2023-02-06,Promo,2.0174775,False,15.451752202198573,preservar; investigar contexto e escala populacional
Geo23,2023-02-20,Promo,1.0863326,False,8.008859803172687,preservar; investigar contexto e escala populacional
Geo23,2023-02-27,Promo,0.539044,False,3.6342343705321625,preservar; investigar contexto e escala populacional
Geo23,2023-04-10,Promo,0.6027723,False,4.143631865672653,preservar; investigar contexto e escala populacional
Geo23,2023-05-01,Promo,1.0546069,False,7.755267723804829,preservar; investigar contexto e escala populacional
Geo23,2023-05-15,Promo,1.001618,False,7.331713150244106,preservar; investigar contexto e escala populacional
Geo23,2023-05-22,Promo,2.2923837,True,17.649151625666487,preservar; investigar contexto e escala populacional
Geo23,2023-06-12,Promo,0.568878,False,3.8727055814387987,preservar; investigar contexto e escala populacional
Geo23,2023-07-17,Promo,0.9147701,False,6.637514454873107,preservar; investigar contexto e escala populacional
Geo23,2023-07-31,Promo,0.9388884,False,6.8302985336426145,preservar; investigar contexto e escala populacional
Geo23,2023-08-21,Promo,0.64990693,False,4.520391679701486,preservar; investigar contexto e escala populacional
Geo23,2023-08-28,Promo,1.3887194,False,10.425919076424101,preservar; investigar contexto e escala populacional
Geo23,2023-09-04,Promo,0.88510215,False,6.400370526415055,preservar; investigar contexto e escala populacional
Geo23,2023-10-23,Promo,1.1991103,False,8.910322385537281,preservar; investigar contexto e escala populacional
Geo23,2023-11-13,Promo,2.1889505,True,16.82238215285197,preservar; investigar contexto e escala populacional
Geo23,2023-12-11,Promo,1.9144552,False,14.628267163940654,preservar; investigar contexto e escala populacional
Geo23,2023-12-18,Promo,1.1750901,False,8.718322446534145,preservar; investigar contexto e escala populacional
Geo23,2024-01-01,Promo,0.5552715,False,3.7639451560449144,preservar; investigar contexto e escala populacional
Geo23,2024-01-15,Promo,0.5543025,False,3.7561996776186715,preservar; investigar contexto e escala populacional
Geo24,2021-02-15,Promo,0.675061,False,4.721454947521098,preservar; investigar contexto e escala populacional
Geo24,2021-03-01,Promo,0.9991656,False,7.312110455411786,preservar; investigar contexto e escala populacional
Geo24,2021-03-22,Promo,0.62550384,False,4.325331197628563,preservar; investigar contexto e escala populacional
Geo24,2021-04-05,Promo,1.5574551,False,11.774669049682089,preservar; investigar contexto e escala populacional
Geo24,2021-05-10,Promo,1.0657787,False,7.844566935241673,preservar; investigar contexto e escala populacional
Geo24,2021-06-14,Promo,0.6065661,False,4.173956732600908,preservar; investigar contexto e escala populacional
Geo24,2021-07-05,Promo,1.6104326,False,12.19813249996721,preservar; investigar contexto e escala populacional
Geo24,2021-08-09,Promo,0.6993507,False,4.915609072732564,preservar; investigar contexto e escala populacional
Geo24,2021-08-30,Promo,2.1263938,True,16.322349572597123,preservar; investigar contexto e escala populacional
Geo24,2021-10-18,Promo,1.7688112,False,13.464095378686045,preservar; investigar contexto e escala populacional
Geo24,2021-11-08,Promo,0.6416957,False,4.454757103006008,preservar; investigar contexto e escala populacional
Geo24,2021-11-15,Promo,0.61262715,False,4.222404340459917,preservar; investigar contexto e escala populacional
Geo24,2021-11-22,Promo,0.887936,False,6.423022254008665,preservar; investigar contexto e escala populacional
Geo24,2021-12-13,Promo,3.0733776,True,23.891846572495474,preservar; investigar contexto e escala populacional
Geo24,2021-12-27,Promo,2.028186,False,15.537348131741833,preservar; investigar contexto e escala populacional
Geo24,2022-01-10,Promo,0.6867259,False,4.814695640291252,preservar; investigar contexto e escala populacional
Geo24,2022-01-17,Promo,0.7801104,False,5.561143142969764,preservar; investigar contexto e escala populacional
Geo24,2022-03-28,Promo,1.8603412,False,14.195719362539512,preservar; investigar contexto e escala populacional
Geo24,2022-05-02,Promo,0.7070074,False,4.976811141531547,preservar; investigar contexto e escala populacional
Geo24,2022-06-06,Promo,3.086849,True,23.999527107140764,preservar; investigar contexto e escala populacional
Geo24,2022-06-13,Promo,1.737969,False,13.21756535317741,preservar; investigar contexto e escala populacional
Geo24,2022-06-20,Promo,2.0033753,False,15.33902951296992,preservar; investigar contexto e escala populacional
Geo24,2022-06-27,Promo,2.6854248,True,20.790835176416508,preservar; investigar contexto e escala populacional
Geo24,2022-07-04,Promo,1.8955297,False,14.476990536535228,preservar; investigar contexto e escala populacional
Geo24,2022-07-11,Promo,0.9229034,False,6.702526116053871,preservar; investigar contexto e escala populacional
Geo24,2022-07-18,Promo,1.3681283,False,10.261328858856908,preservar; investigar contexto e escala populacional
Geo24,2022-08-22,Promo,2.0958843,True,16.078478907947527,preservar; investigar contexto e escala populacional
Geo24,2022-08-29,Promo,0.65980035,False,4.599472454904541,preservar; investigar contexto e escala populacional
Geo24,2022-09-26,Promo,0.7184802,False,5.068516327175097,preservar; investigar contexto e escala populacional
Geo24,2022-10-10,Promo,0.93765926,False,6.820473686013273,preservar; investigar contexto e escala populacional
Geo24,2022-12-12,Promo,1.4405622,False,10.840312563478822,preservar; investigar contexto e escala populacional
Geo24,2023-01-02,Promo,0.59164935,False,4.0547231254650375,preservar; investigar contexto e escala populacional
Geo24,2023-01-09,Promo,1.040995,False,7.646464134754081,preservar; investigar contexto e escala populacional
Geo24,2023-02-20,Promo,1.6554171,False,12.557705744823066,preservar; investigar contexto e escala populacional
Geo24,2023-04-10,Promo,1.2115194,False,9.009511669684949,preservar; investigar contexto e escala populacional
Geo24,2023-05-08,Promo,1.1304808,False,8.361748276503395,preservar; investigar contexto e escala populacional
Geo24,2023-05-15,Promo,1.3575951,False,10.177134149507784,preservar; investigar contexto e escala populacional
Geo24,2023-05-22,Promo,0.9928204,False,7.261391559942028,preservar; investigar contexto e escala populacional
Geo24,2023-05-29,Promo,2.1340036,True,16.383176757042964,preservar; investigar contexto e escala populacional
Geo24,2023-06-05,Promo,0.55602974,False,3.7700059729302753,preservar; investigar contexto e escala populacional
Geo24,2023-07-03,Promo,1.2397256,False,9.234971436027873,preservar; investigar contexto e escala populacional
Geo24,2023-07-10,Promo,0.775067,False,5.520829886112269,preservar; investigar contexto e escala populacional
Geo24,2023-07-24,Promo,1.2687316,False,9.466824219548615,preservar; investigar contexto e escala populacional
Geo24,2023-07-31,Promo,0.93048984,False,6.763166577717427,preservar; investigar contexto e escala populacional
Geo24,2023-08-14,Promo,1.0979894,False,8.102035750457546,preservar; investigar contexto e escala populacional
Geo24,2023-08-28,Promo,0.82873833,False,5.949839306775594,preservar; investigar contexto e escala populacional
Geo24,2023-09-04,Promo,2.4310584,True,18.757615915775574,preservar; investigar contexto e escala populacional
Geo24,2023-09-11,Promo,0.54798126,False,3.7056723008930748,preservar; investigar contexto e escala populacional
Geo24,2023-10-09,Promo,0.7263149,False,5.131141197996649,preservar; investigar contexto e escala populacional
Geo24,2023-10-23,Promo,1.9876988,False,15.213723019111308,preservar; investigar contexto e escala populacional
Geo24,2023-10-30,Promo,1.5868908,False,12.009956541231476,preservar; investigar contexto e escala populacional
Geo24,2023-11-20,Promo,1.2335701,False,9.185768863837223,preservar; investigar contexto e escala populacional
Geo24,2023-12-11,Promo,2.3819282,True,18.364904972352456,preservar; investigar contexto e escala populacional
Geo24,2024-01-01,Promo,0.616581,False,4.254008530218019,preservar; investigar contexto e escala populacional
Geo25,2021-02-22,Promo,0.5418981,False,3.6570479618390155,preservar; investigar contexto e escala populacional
Geo25,2021-03-22,Promo,1.2759218,False,9.524297427990692,preservar; investigar contexto e escala populacional
Geo25,2021-03-29,Promo,1.0661736,False,7.847723477481633,preservar; investigar contexto e escala populacional
Geo25,2021-05-17,Promo,0.8884457,False,6.427096423620487,preservar; investigar contexto e escala populacional
Geo25,2021-08-23,Promo,1.3075604,False,9.777193293559865,preservar; investigar contexto e escala populacional
Geo25,2021-08-30,Promo,0.6541716,False,4.5544803375756295,preservar; investigar contexto e escala populacional
Geo25,2021-09-20,Promo,0.8117282,False,5.813872748527311,preservar; investigar contexto e escala populacional
Geo25,2021-10-25,Promo,1.080152,False,7.959456599910317,preservar; investigar contexto e escala populacional
Geo25,2021-11-22,Promo,1.3580823,False,10.181028470549338,preservar; investigar contexto e escala populacional
Geo25,2021-12-13,Promo,3.4478283,True,26.8849320405466,preservar; investigar contexto e escala populacional
Geo25,2021-12-27,Promo,2.2374468,True,17.21002616255538,preservar; investigar contexto e escala populacional
Geo25,2022-01-24,Promo,0.72773135,False,5.142463264990305,preservar; investigar contexto e escala populacional
Geo25,2022-02-14,Promo,0.756201,False,5.37002885825933,preservar; investigar contexto e escala populacional
Geo25,2022-04-04,Promo,0.6478235,False,4.5037382616234805,preservar; investigar contexto e escala populacional
Geo25,2022-04-11,Promo,1.3210233,False,9.884805885411945,preservar; investigar contexto e escala populacional
Geo25,2022-05-16,Promo,2.3855557,True,18.393900558514684,preservar; investigar contexto e escala populacional
Geo25,2022-05-23,Promo,1.380595,False,10.360978555344465,preservar; investigar contexto e escala populacional
Geo25,2022-05-30,Promo,0.7975614,False,5.700633694070244,preservar; investigar contexto e escala populacional
Geo25,2022-06-20,Promo,1.7674161,False,13.452943968002398,preservar; investigar contexto e escala populacional
Geo25,2022-06-27,Promo,1.4111277,False,10.60503466385318,preservar; investigar contexto e escala populacional
Geo25,2022-07-04,Promo,1.8571991,False,14.17060370953322,preservar; investigar contexto e escala populacional
Geo25,2022-07-11,Promo,0.70302826,False,4.945004801980462,preservar; investigar contexto e escala populacional
Geo25,2022-07-18,Promo,0.5683934,False,3.8688320428986986,preservar; investigar contexto e escala populacional
Geo25,2022-08-22,Promo,0.667841,False,4.663743539639288,preservar; investigar contexto e escala populacional
Geo25,2022-09-12,Promo,0.9270689,False,6.735822081362968,preservar; investigar contexto e escala populacional
Geo25,2022-09-26,Promo,1.4806182,False,11.16049097817602,preservar; investigar contexto e escala populacional
Geo25,2022-10-03,Promo,2.5245147,True,19.504637335224988,preservar; investigar contexto e escala populacional
Geo25,2022-10-17,Promo,0.743422,False,5.2678828636164425,preservar; investigar contexto e escala populacional
Geo25,2022-10-31,Promo,1.3497603,False,10.114508479359252,preservar; investigar contexto e escala populacional
Geo25,2022-11-14,Promo,1.3657165,False,10.24205069077805,preservar; investigar contexto e escala populacional
Geo25,2022-11-21,Promo,0.6774639,False,4.740661975498826,preservar; investigar contexto e escala populacional
Geo25,2022-12-05,Promo,0.71365094,False,5.029914749110372,preservar; investigar contexto e escala populacional
Geo25,2023-01-02,Promo,0.89574826,False,6.485467755856137,preservar; investigar contexto e escala populacional
Geo25,2023-01-09,Promo,1.5341299,False,11.58822443318281,preservar; investigar contexto e escala populacional
Geo25,2023-03-13,Promo,0.7554356,False,5.363910809562275,preservar; investigar contexto e escala populacional
Geo25,2023-03-27,Promo,0.6511764,False,4.530538895901447,preservar; investigar contexto e escala populacional
Geo25,2023-05-01,Promo,0.836439,False,6.011392839647231,preservar; investigar contexto e escala populacional
Geo25,2023-05-15,Promo,0.99986637,False,7.317711899082331,preservar; investigar contexto e escala populacional
Geo25,2023-05-29,Promo,1.4153409,False,10.638711908131247,preservar; investigar contexto e escala populacional
Geo25,2023-06-05,Promo,1.961065,False,15.000831870185749,preservar; investigar contexto e escala populacional
Geo25,2023-06-19,Promo,1.2417953,False,9.251515106511665,preservar; investigar contexto e escala populacional
Geo25,2023-06-26,Promo,0.7741777,False,5.5137214712882665,preservar; investigar contexto e escala populacional
Geo25,2023-07-24,Promo,0.9750675,False,7.11948784069203,preservar; investigar contexto e escala populacional
Geo25,2023-08-14,Promo,1.0279156,False,7.54191696186636,preservar; investigar contexto e escala populacional
Geo25,2023-09-18,Promo,0.82375145,False,5.909977829526614,preservar; investigar contexto e escala populacional
Geo25,2023-09-25,Promo,2.3278735,True,17.932831171849845,preservar; investigar contexto e escala populacional
Geo25,2023-10-16,Promo,0.54468876,False,3.679354460110407,preservar; investigar contexto e escala populacional
Geo25,2023-10-23,Promo,1.204669,False,8.954754574317422,preservar; investigar contexto e escala populacional
Geo25,2023-11-20,Promo,1.6284661,False,12.342279130720202,preservar; investigar contexto e escala populacional
Geo25,2023-11-27,Promo,0.7370609,False,5.217036875157027,preservar; investigar contexto e escala populacional
Geo25,2023-12-11,Promo,2.1869764,True,16.806602638960076,preservar; investigar contexto e escala populacional
Geo25,2024-01-01,Promo,1.1097355,False,8.195925496734626,preservar; investigar contexto e escala populacional
Geo25,2024-01-15,Promo,1.3098788,False,9.79572489024036,preservar; investigar contexto e escala populacional
Geo26,2021-02-08,Promo,0.9744651,False,7.1146726949707,preservar; investigar contexto e escala populacional
Geo26,2021-03-08,Promo,1.3647321,False,10.234182115997045,preservar; investigar contexto e escala populacional
Geo26,2021-05-31,Promo,1.8182386,False,13.859181921890665,preservar; investigar contexto e escala populacional
Geo26,2021-06-28,Promo,1.338173,False,10.021888064324779,preservar; investigar contexto e escala populacional
Geo26,2021-07-05,Promo,1.3473129,False,10.09494575087588,preservar; investigar contexto e escala populacional
Geo26,2021-08-09,Promo,0.5250521,False,3.522393338961319,preservar; investigar contexto e escala populacional
Geo26,2021-08-23,Promo,1.7359434,False,13.201374185891343,preservar; investigar contexto e escala populacional
Geo26,2021-08-30,Promo,1.7107627,False,13.000098057297231,preservar; investigar contexto e escala populacional
Geo26,2021-09-20,Promo,1.6155167,False,12.238771082905146,preservar; investigar contexto e escala populacional
Geo26,2021-09-27,Promo,1.0504198,False,7.721799103868276,preservar; investigar contexto e escala populacional
Geo26,2021-10-11,Promo,0.89942515,False,6.514858129613276,preservar; investigar contexto e escala populacional
Geo26,2021-10-18,Promo,1.1987472,False,8.907420029276631,preservar; investigar contexto e escala populacional
Geo26,2021-11-08,Promo,0.95718384,False,6.976538921484329,preservar; investigar contexto e escala populacional
Geo26,2021-11-15,Promo,2.750431,True,21.310447271021285,preservar; investigar contexto e escala populacional
Geo26,2021-12-13,Promo,1.5044501,False,11.35098578447775,preservar; investigar contexto e escala populacional
Geo26,2022-01-03,Promo,1.1578382,False,8.580423355448799,preservar; investigar contexto e escala populacional
Geo26,2022-04-04,Promo,1.2239778,False,9.10909502203325,preservar; investigar contexto e escala populacional
Geo26,2022-05-02,Promo,0.6283778,False,4.3483035352734385,preservar; investigar contexto e escala populacional
Geo26,2022-05-30,Promo,1.6120273,False,12.210879367300883,preservar; investigar contexto e escala populacional
Geo26,2022-06-27,Promo,0.635821,False,4.407799040972314,preservar; investigar contexto e escala populacional
Geo26,2022-07-04,Promo,0.79041183,False,5.643485252179724,preservar; investigar contexto e escala populacional
Geo26,2022-07-11,Promo,0.83319366,False,5.985451961467846,preservar; investigar contexto e escala populacional
Geo26,2022-07-18,Promo,0.9397415,False,6.8371175921002285,preservar; investigar contexto e escala populacional
Geo26,2022-08-08,Promo,1.3151146,False,9.8375760522054,preservar; investigar contexto e escala populacional
Geo26,2022-08-22,Promo,1.6786749,False,12.743611614938516,preservar; investigar contexto e escala populacional
Geo26,2022-08-29,Promo,0.6566811,False,4.574539448112944,preservar; investigar contexto e escala populacional
Geo26,2022-09-19,Promo,0.5797995,False,3.9600040774472727,preservar; investigar contexto e escala populacional
Geo26,2022-09-26,Promo,0.6956823,False,4.88628656183594,preservar; investigar contexto e escala populacional
Geo26,2022-10-03,Promo,1.0319655,False,7.574288905187767,preservar; investigar contexto e escala populacional
Geo26,2022-10-24,Promo,1.1653899,False,8.640786130919862,preservar; investigar contexto e escala populacional
Geo26,2022-11-07,Promo,1.3220665,False,9.893144464456585,preservar; investigar contexto e escala populacional
Geo26,2022-11-14,Promo,0.6910941,False,4.849611841386727,preservar; investigar contexto e escala populacional
Geo26,2022-12-05,Promo,0.7022659,False,4.938911052823569,preservar; investigar contexto e escala populacional
Geo26,2023-01-02,Promo,1.7315925,False,13.16659626836323,preservar; investigar contexto e escala populacional
Geo26,2023-02-27,Promo,1.8170123,False,13.849379775147527,preservar; investigar contexto e escala populacional
Geo26,2023-04-03,Promo,1.0337366,False,7.588445785312345,preservar; investigar contexto e escala populacional
Geo26,2023-04-17,Promo,1.0501255,False,7.719446684569159,preservar; investigar contexto e escala populacional
Geo26,2023-05-01,Promo,1.3431991,False,10.062063037614914,preservar; investigar contexto e escala populacional
Geo26,2023-05-15,Promo,0.8680348,False,6.263946593269403,preservar; investigar contexto e escala populacional
Geo26,2023-05-29,Promo,0.8474025,False,6.099027052986874,preservar; investigar contexto e escala populacional
Geo26,2023-06-05,Promo,1.6040596,False,12.147191391597296,preservar; investigar contexto e escala populacional
Geo26,2023-06-26,Promo,1.4233963,False,10.703100893595394,preservar; investigar contexto e escala populacional
Geo26,2023-07-24,Promo,1.3101285,False,9.797720809706856,preservar; investigar contexto e escala populacional
Geo26,2023-07-31,Promo,1.3306484,False,9.96174190646502,preservar; investigar contexto e escala populacional
Geo26,2023-08-07,Promo,1.3797492,False,10.354217847756315,preservar; investigar contexto e escala populacional
Geo26,2023-08-14,Promo,3.003806,True,23.33574200399269,preservar; investigar contexto e escala populacional
Geo26,2023-08-28,Promo,0.872533,False,6.299901919437541,preservar; investigar contexto e escala populacional
Geo26,2023-09-11,Promo,1.3053792,False,9.759758373494517,preservar; investigar contexto e escala populacional
Geo26,2023-10-09,Promo,1.4937772,False,11.265674415339003,preservar; investigar contexto e escala populacional
Geo26,2023-10-23,Promo,1.9108422,False,14.599387480190382,preservar; investigar contexto e escala populacional
Geo26,2023-11-06,Promo,0.55341536,False,3.749108528257416,preservar; investigar contexto e escala populacional
Geo26,2023-11-20,Promo,0.909744,False,6.597339481582973,preservar; investigar contexto e escala populacional
Geo26,2023-11-27,Promo,2.03753,False,15.612037244657019,preservar; investigar contexto e escala populacional
Geo26,2023-12-11,Promo,2.5456083,True,19.673244170861516,preservar; investigar contexto e escala populacional
Geo26,2023-12-25,Promo,0.5343265,False,3.5965261202991385,preservar; investigar contexto e escala populacional
Geo26,2024-01-01,Promo,1.5229843,False,11.49913464541446,preservar; investigar contexto e escala populacional
Geo27,2021-02-22,Promo,1.7993681,False,13.70834492432367,preservar; investigar contexto e escala populacional
Geo27,2021-03-01,Promo,0.8782411,False,6.345528302724267,preservar; investigar contexto e escala populacional
Geo27,2021-04-05,Promo,0.697903,False,4.904037216057981,preservar; investigar contexto e escala populacional
Geo27,2021-04-26,Promo,1.625045,False,12.314933355442578,preservar; investigar contexto e escala populacional
Geo27,2021-05-10,Promo,1.0204911,False,7.482570930312553,preservar; investigar contexto e escala populacional
Geo27,2021-05-31,Promo,0.66927385,False,4.675196696257494,preservar; investigar contexto e escala populacional
Geo27,2021-06-21,Promo,0.60594094,False,4.168959660059164,preservar; investigar contexto e escala populacional
Geo27,2021-07-05,Promo,0.8513405,False,6.130504549418807,preservar; investigar contexto e escala populacional
Geo27,2021-08-02,Promo,1.1001817,False,8.119559395817559,preservar; investigar contexto e escala populacional
Geo27,2021-08-30,Promo,0.8954247,False,6.482881453482973,preservar; investigar contexto e escala populacional
Geo27,2021-09-20,Promo,0.90771115,False,6.581090363090931,preservar; investigar contexto e escala populacional
Geo27,2021-10-11,Promo,1.3072441,False,9.774665022325374,preservar; investigar contexto e escala populacional
Geo27,2021-10-25,Promo,1.3238738,False,9.907590700947553,preservar; investigar contexto e escala populacional
Geo27,2021-12-06,Promo,0.6804182,False,4.764276492438609,preservar; investigar contexto e escala populacional
Geo27,2021-12-13,Promo,2.544808,True,19.6668471570488,preservar; investigar contexto e escala populacional
Geo27,2021-12-27,Promo,0.6852977,False,4.803279652377569,preservar; investigar contexto e escala populacional
Geo27,2022-01-10,Promo,0.8402606,False,6.041939919475642,preservar; investigar contexto e escala populacional
Geo27,2022-03-14,Promo,1.121996,False,8.293926980991541,preservar; investigar contexto e escala populacional
Geo27,2022-03-28,Promo,1.0818089,False,7.972700648624911,preservar; investigar contexto e escala populacional
Geo27,2022-06-06,Promo,0.5515079,False,3.733861685864308,preservar; investigar contexto e escala populacional
Geo27,2022-06-27,Promo,0.7067697,False,4.974911141302528,preservar; investigar contexto e escala populacional
Geo27,2022-07-04,Promo,1.7110425,False,13.002334574184397,preservar; investigar contexto e escala populacional
Geo27,2022-08-08,Promo,1.109527,False,8.194258899983469,preservar; investigar contexto e escala populacional
Geo27,2022-08-15,Promo,0.65669566,False,4.574655830121082,preservar; investigar contexto e escala populacional
Geo27,2022-08-22,Promo,1.6172471,False,12.252602636949286,preservar; investigar contexto e escala populacional
Geo27,2022-08-29,Promo,1.1472633,False,8.495895326749444,preservar; investigar contexto e escala populacional
Geo27,2022-09-05,Promo,1.9812471,False,15.162152840408943,preservar; investigar contexto e escala populacional
Geo27,2022-09-26,Promo,1.1313937,False,8.369045332494435,preservar; investigar contexto e escala populacional
Geo27,2022-10-10,Promo,1.0415539,False,7.650931573239559,preservar; investigar contexto e escala populacional
Geo27,2022-10-31,Promo,1.6705514,False,12.678678287801688,preservar; investigar contexto e escala populacional
Geo27,2022-12-26,Promo,1.0629817,False,7.822209759639812,preservar; investigar contexto e escala populacional
Geo27,2023-01-02,Promo,1.0023037,False,7.337194135338919,preservar; investigar contexto e escala populacional
Geo27,2023-01-30,Promo,0.5799804,False,3.9614500599522335,preservar; investigar contexto e escala populacional
Geo27,2023-02-20,Promo,1.0268636,False,7.533508042047571,preservar; investigar contexto e escala populacional
Geo27,2023-02-27,Promo,1.1931341,False,8.862553006619931,preservar; investigar contexto e escala populacional
Geo27,2023-03-13,Promo,2.489963,True,19.228456275431366,preservar; investigar contexto e escala populacional
Geo27,2023-04-03,Promo,1.0478027,False,7.700879917501588,preservar; investigar contexto e escala populacional
Geo27,2023-04-10,Promo,1.5445613,False,11.671605427667341,preservar; investigar contexto e escala populacional
Geo27,2023-04-17,Promo,2.5329747,True,19.572260397646055,preservar; investigar contexto e escala populacional
Geo27,2023-05-15,Promo,1.4254084,False,10.719184151739297,preservar; investigar contexto e escala populacional
Geo27,2023-05-22,Promo,0.6856794,False,4.806330683456307,preservar; investigar contexto e escala populacional
Geo27,2023-06-26,Promo,1.5999696,False,12.114498918157325,preservar; investigar contexto e escala populacional
Geo27,2023-08-07,Promo,1.0105238,False,7.402899612337434,preservar; investigar contexto e escala populacional
Geo27,2023-08-21,Promo,1.9774052,False,15.131443497203803,preservar; investigar contexto e escala populacional
Geo27,2023-08-28,Promo,0.648879,False,4.512175157886535,preservar; investigar contexto e escala populacional
Geo27,2023-09-18,Promo,0.939016,False,6.831318474867783,preservar; investigar contexto e escala populacional
Geo27,2023-09-25,Promo,0.6050266,False,4.161651093759628,preservar; investigar contexto e escala populacional
Geo27,2023-11-06,Promo,1.3801209,False,10.357188946137157,preservar; investigar contexto e escala populacional
Geo27,2023-11-13,Promo,3.393917,True,26.45400447493184,preservar; investigar contexto e escala populacional
Geo27,2023-11-20,Promo,1.0088893,False,7.38983461286613,preservar; investigar contexto e escala populacional
Geo27,2023-11-27,Promo,0.9966744,False,7.292197621711625,preservar; investigar contexto e escala populacional
Geo27,2024-01-01,Promo,1.7773856,False,13.532632871171055,preservar; investigar contexto e escala populacional
Geo28,2021-01-25,Promo,1.5661911,False,11.84449825456512,preservar; investigar contexto e escala populacional
Geo28,2021-02-15,Promo,0.6304704,False,4.365030251635416,preservar; investigar contexto e escala populacional
Geo28,2021-03-22,Promo,0.7097877,False,4.9990348295279174,preservar; investigar contexto e escala populacional
Geo28,2021-04-05,Promo,0.545294,False,3.6841923067179394,preservar; investigar contexto e escala populacional
Geo28,2021-05-03,Promo,0.9741826,False,7.112414596255103,preservar; investigar contexto e escala populacional
Geo28,2021-05-10,Promo,1.2138349,False,9.028020085883055,preservar; investigar contexto e escala populacional
Geo28,2021-05-17,Promo,0.78197724,False,5.576065298744014,preservar; investigar contexto e escala populacional
Geo28,2021-06-07,Promo,0.7692773,False,5.474551252010702,preservar; investigar contexto e escala populacional
Geo28,2021-06-21,Promo,0.8646772,False,6.237108390623424,preservar; investigar contexto e escala populacional
Geo28,2021-07-05,Promo,1.1129441,False,8.221572702181936,preservar; investigar contexto e escala populacional
Geo28,2021-07-26,Promo,1.4521017,False,10.932550900217345,preservar; investigar contexto e escala populacional
Geo28,2021-08-16,Promo,1.3241014,False,9.909409969151694,preservar; investigar contexto e escala populacional
Geo28,2021-09-06,Promo,0.5588558,False,3.7925954329522233,preservar; investigar contexto e escala populacional
Geo28,2021-09-20,Promo,0.82611793,False,5.928893742618601,preservar; investigar contexto e escala populacional
Geo28,2021-09-27,Promo,0.5540367,False,3.7540750665085634,preservar; investigar contexto e escala populacional
Geo28,2021-10-11,Promo,3.5992296,True,28.095123477961593,preservar; investigar contexto e escala populacional
Geo28,2021-10-18,Promo,1.8331139,False,13.978084207993753,preservar; investigar contexto e escala populacional
Geo28,2021-11-08,Promo,2.1377225,True,16.412902928063975,preservar; investigar contexto e escala populacional
Geo28,2021-11-15,Promo,1.2618841,False,9.41209030466348,preservar; investigar contexto e escala populacional
Geo28,2021-11-22,Promo,1.0107036,False,7.404336802245626,preservar; investigar contexto e escala populacional
Geo28,2021-12-06,Promo,1.2341896,False,9.190720694471958,preservar; investigar contexto e escala populacional
Geo28,2021-12-13,Promo,1.4629796,False,11.019500889662988,preservar; investigar contexto e escala populacional
Geo28,2021-12-27,Promo,2.2104473,True,16.994211874867716,preservar; investigar contexto e escala populacional
Geo28,2022-01-10,Promo,1.8670601,False,14.24942534292969,preservar; investigar contexto e escala populacional
Geo28,2022-01-17,Promo,0.9611004,False,7.007845042211971,preservar; investigar contexto e escala populacional
Geo28,2022-02-28,Promo,0.567348,False,3.86047587866052,preservar; investigar contexto e escala populacional
Geo28,2022-04-25,Promo,0.7928376,False,5.662875086237545,preservar; investigar contexto e escala populacional
Geo28,2022-05-02,Promo,1.2122405,False,9.01527561653032,preservar; investigar contexto e escala populacional
Geo28,2022-05-16,Promo,0.6057565,False,4.167485381379148,preservar; investigar contexto e escala populacional
Geo28,2022-05-30,Promo,1.56964,False,11.872066242742902,preservar; investigar contexto e escala populacional
Geo28,2022-06-27,Promo,1.3620312,False,10.212593093621981,preservar; investigar contexto e escala populacional
Geo28,2022-07-18,Promo,1.0629168,False,7.82169099643046,preservar; investigar contexto e escala populacional
Geo28,2022-09-05,Promo,0.5721072,False,3.8985174482437768,preservar; investigar contexto e escala populacional
Geo28,2022-09-12,Promo,1.4489069,False,10.907014001893137,preservar; investigar contexto e escala populacional
Geo28,2022-09-26,Promo,1.3569301,False,10.171818625097618,preservar; investigar contexto e escala populacional
Geo28,2022-10-31,Promo,0.8062383,False,5.769990496708703,preservar; investigar contexto e escala populacional
Geo28,2022-11-14,Promo,2.27509,True,17.510918415903934,preservar; investigar contexto e escala populacional
Geo28,2022-11-21,Promo,0.5982218,False,4.107258491494512,preservar; investigar contexto e escala populacional
Geo28,2023-01-02,Promo,1.574832,False,11.91356729949115,preservar; investigar contexto e escala populacional
Geo28,2023-01-09,Promo,0.5792916,False,3.9559442957210718,preservar; investigar contexto e escala populacional
Geo28,2023-01-23,Promo,0.76085824,False,5.407255434054825,preservar; investigar contexto e escala populacional
Geo28,2023-04-17,Promo,1.6887767,False,12.824358027700352,preservar; investigar contexto e escala populacional
Geo28,2023-07-03,Promo,1.3192449,False,9.870590654417898,preservar; investigar contexto e escala populacional
Geo28,2023-08-14,Promo,1.775876,False,13.52056623109649,preservar; investigar contexto e escala populacional
Geo28,2023-08-28,Promo,0.9907703,False,7.245004557546114,preservar; investigar contexto e escala populacional
Geo28,2023-09-25,Promo,1.8020104,False,13.72946554108906,preservar; investigar contexto e escala populacional
Geo28,2023-10-09,Promo,0.9741132,False,7.111859863331696,preservar; investigar contexto e escala populacional
Geo28,2023-10-16,Promo,1.0050175,False,7.358886270894273,preservar; investigar contexto e escala populacional
Geo28,2023-10-23,Promo,1.3028889,False,9.739852733737166,preservar; investigar contexto e escala populacional
Geo28,2023-10-30,Promo,0.63040674,False,4.364521400080601,preservar; investigar contexto e escala populacional
Geo28,2023-11-06,Promo,2.27911,True,17.543051360458623,preservar; investigar contexto e escala populacional
Geo28,2023-11-13,Promo,0.8511839,False,6.129252803369737,preservar; investigar contexto e escala populacional
Geo28,2023-12-18,Promo,0.69826555,False,4.906935176020245,preservar; investigar contexto e escala populacional
Geo28,2023-12-25,Promo,0.9531738,False,6.944485589896743,preservar; investigar contexto e escala populacional
Geo28,2024-01-01,Promo,0.8542328,False,6.153623483631628,preservar; investigar contexto e escala populacional
Geo28,2024-01-08,Promo,1.6976337,False,12.89515441822794,preservar; investigar contexto e escala populacional
Geo29,2021-02-08,Promo,0.6816237,False,4.773912379170122,preservar; investigar contexto e escala populacional
Geo29,2021-03-01,Promo,1.5916078,False,12.047660794829607,preservar; investigar contexto e escala populacional
Geo29,2021-03-22,Promo,0.5850733,False,4.002158983664321,preservar; investigar contexto e escala populacional
Geo29,2021-04-05,Promo,1.0208602,False,7.48552124619194,preservar; investigar contexto e escala populacional
Geo29,2021-04-26,Promo,0.6008488,False,4.1282568112321165,preservar; investigar contexto e escala populacional
Geo29,2021-05-03,Promo,0.81891143,False,5.871290243878952,preservar; investigar contexto e escala populacional
Geo29,2021-05-17,Promo,0.88409865,False,6.392349280181066,preservar; investigar contexto e escala populacional
Geo29,2021-06-21,Promo,0.8700826,False,6.280315211144801,preservar; investigar contexto e escala populacional
Geo29,2021-06-28,Promo,0.9061891,False,6.568924206807481,preservar; investigar contexto e escala populacional
Geo29,2021-07-05,Promo,1.9407195,False,14.838204799678913,preservar; investigar contexto e escala populacional
Geo29,2021-07-19,Promo,0.7874324,False,5.619669864370127,preservar; investigar contexto e escala populacional
Geo29,2021-08-30,Promo,2.0617294,False,15.805469577606473,preservar; investigar contexto e escala populacional
Geo29,2021-10-11,Promo,1.0372646,False,7.616646041130495,preservar; investigar contexto e escala populacional
Geo29,2021-10-18,Promo,2.7507453,True,21.312959555716198,preservar; investigar contexto e escala populacional
Geo29,2021-11-29,Promo,0.6522237,False,4.538910247352225,preservar; investigar contexto e escala populacional
Geo29,2021-12-06,Promo,1.9844893,False,15.188068619721188,preservar; investigar contexto e escala populacional
Geo29,2021-12-13,Promo,3.593705,True,28.05096385968128,preservar; investigar contexto e escala populacional
Geo29,2021-12-27,Promo,0.991348,False,7.249622269503638,preservar; investigar contexto e escala populacional
Geo29,2022-01-03,Promo,1.3030598,False,9.74121878354423,preservar; investigar contexto e escala populacional
Geo29,2022-01-10,Promo,0.862626,False,6.220712595630743,preservar; investigar contexto e escala populacional
Geo29,2022-01-24,Promo,0.61450315,False,4.23739971458544,preservar; investigar contexto e escala populacional
Geo29,2022-03-07,Promo,0.6953989,False,4.884021269177532,preservar; investigar contexto e escala populacional
Geo29,2022-03-21,Promo,0.9704638,False,7.082689224561077,preservar; investigar contexto e escala populacional
Geo29,2022-04-04,Promo,1.2962141,False,9.686499256544716,preservar; investigar contexto e escala populacional
Geo29,2022-06-27,Promo,1.3016368,False,9.729844360633454,preservar; investigar contexto e escala populacional
Geo29,2022-07-04,Promo,1.6663133,False,12.64480201110586,preservar; investigar contexto e escala populacional
Geo29,2022-07-18,Promo,0.95319057,False,6.944619637031116,preservar; investigar contexto e escala populacional
Geo29,2022-07-25,Promo,0.948128,False,6.904153149191751,preservar; investigar contexto e escala populacional
Geo29,2022-08-08,Promo,0.8352237,False,6.001678618871778,preservar; investigar contexto e escala populacional
Geo29,2022-08-22,Promo,1.2210119,False,9.085387783163906,preservar; investigar contexto e escala populacional
Geo29,2022-08-29,Promo,0.5852659,False,4.003698487425822,preservar; investigar contexto e escala populacional
Geo29,2022-09-26,Promo,0.65083504,False,4.527810313326027,preservar; investigar contexto e escala populacional
Geo29,2022-11-21,Promo,1.2055256,False,8.9616016092193,preservar; investigar contexto e escala populacional
Geo29,2022-12-12,Promo,0.7113556,False,5.0115674772312255,preservar; investigar contexto e escala populacional
Geo29,2022-12-26,Promo,1.2551681,False,9.358407504755688,preservar; investigar contexto e escala populacional
Geo29,2023-01-09,Promo,1.6288292,False,12.345181486980854,preservar; investigar contexto e escala populacional
Geo29,2023-02-20,Promo,1.5841023,False,11.987667308422832,preservar; investigar contexto e escala populacional
Geo29,2023-03-27,Promo,1.1147265,False,8.23581990625514,preservar; investigar contexto e escala populacional
Geo29,2023-04-03,Promo,0.65132797,False,4.531750435803476,preservar; investigar contexto e escala populacional
Geo29,2023-04-10,Promo,0.97973096,False,7.156764134625619,preservar; investigar contexto e escala populacional
Geo29,2023-05-15,Promo,0.6746506,False,4.718174509599394,preservar; investigar contexto e escala populacional
Geo29,2023-05-29,Promo,1.3792264,False,10.35003896631025,preservar; investigar contexto e escala populacional
Geo29,2023-06-05,Promo,1.72216,False,13.091199751071656,preservar; investigar contexto e escala populacional
Geo29,2023-06-12,Promo,0.52786154,False,3.544849950839362,preservar; investigar contexto e escala populacional
Geo29,2023-07-10,Promo,1.5140285,False,11.427548519831646,preservar; investigar contexto e escala populacional
Geo29,2023-07-24,Promo,1.9711108,False,15.081130659839362,preservar; investigar contexto e escala populacional
Geo29,2023-08-14,Promo,1.5359242,False,11.602566757166514,preservar; investigar contexto e escala populacional
Geo29,2023-11-06,Promo,2.3039856,True,17.741888742439887,preservar; investigar contexto e escala populacional
Geo29,2023-11-20,Promo,1.7065885,False,12.966732550540966,preservar; investigar contexto e escala populacional
Geo29,2023-12-04,Promo,1.5173228,False,11.453880748499936,preservar; investigar contexto e escala populacional
Geo29,2023-12-18,Promo,0.55117214,False,3.7311778655997103,preservar; investigar contexto e escala populacional
Geo3,2021-02-15,Promo,1.1757448,False,8.723555640265477,preservar; investigar contexto e escala populacional
Geo3,2021-03-29,Promo,1.4754341,False,11.11905306825911,preservar; investigar contexto e escala populacional
Geo3,2021-05-10,Promo,0.5933251,False,4.068117847315168,preservar; investigar contexto e escala populacional
Geo3,2021-05-17,Promo,2.0748074,False,15.91000555991649,preservar; investigar contexto e escala populacional
Geo3,2021-06-07,Promo,0.5306776,False,3.567359478163413,preservar; investigar contexto e escala populacional
Geo3,2021-06-14,Promo,1.0440835,False,7.671151348499645,preservar; investigar contexto e escala populacional
Geo3,2021-06-21,Promo,1.043983,False,7.6703480248857785,preservar; investigar contexto e escala populacional
Geo3,2021-06-28,Promo,1.6257017,False,12.32018253571349,preservar; investigar contexto e escala populacional
Geo3,2021-08-09,Promo,0.80050015,False,5.724123915664796,preservar; investigar contexto e escala populacional
Geo3,2021-08-30,Promo,2.541593,True,19.641148794674837,preservar; investigar contexto e escala populacional
Geo3,2021-10-11,Promo,0.59753233,False,4.10174737177259,preservar; investigar contexto e escala populacional
Geo3,2021-12-20,Promo,1.8850363,False,14.393113959323735,preservar; investigar contexto e escala populacional
Geo3,2021-12-27,Promo,0.94866705,False,6.908461921271901,preservar; investigar contexto e escala populacional
Geo3,2022-01-24,Promo,2.1095672,True,16.18785001915335,preservar; investigar contexto e escala populacional
Geo3,2022-02-07,Promo,1.0735589,False,7.906756172859687,preservar; investigar contexto e escala populacional
Geo3,2022-03-28,Promo,1.5479245,False,11.698488392624142,preservar; investigar contexto e escala populacional
Geo3,2022-04-04,Promo,0.6352436,False,4.403183726995728,preservar; investigar contexto e escala populacional
Geo3,2022-06-20,Promo,1.0684036,False,7.865548469112719,preservar; investigar contexto e escala populacional
Geo3,2022-06-27,Promo,3.5231142,True,27.486712550608814,preservar; investigar contexto e escala populacional
Geo3,2022-07-04,Promo,2.4535425,True,18.93733739305471,preservar; investigar contexto e escala populacional
Geo3,2022-09-26,Promo,1.4993215,False,11.30999150103417,preservar; investigar contexto e escala populacional
Geo3,2022-10-17,Promo,1.8345985,False,13.989951016323575,preservar; investigar contexto e escala populacional
Geo3,2022-11-07,Promo,0.7301209,False,5.161563582816339,preservar; investigar contexto e escala populacional
Geo3,2022-11-21,Promo,1.1624529,False,8.61730989754744,preservar; investigar contexto e escala populacional
Geo3,2022-12-12,Promo,0.8455098,False,6.083898191255862,preservar; investigar contexto e escala populacional
Geo3,2022-12-26,Promo,0.80305463,False,5.744542563477252,preservar; investigar contexto e escala populacional
Geo3,2023-01-02,Promo,2.8677633,True,22.248315999970156,preservar; investigar contexto e escala populacional
Geo3,2023-04-10,Promo,1.6376383,False,12.415594999885515,preservar; investigar contexto e escala populacional
Geo3,2023-05-01,Promo,1.5060728,False,11.363956463365538,preservar; investigar contexto e escala populacional
Geo3,2023-05-29,Promo,1.0554453,False,7.761969281196535,preservar; investigar contexto e escala populacional
Geo3,2023-07-17,Promo,0.7866734,False,5.613602972599725,preservar; investigar contexto e escala populacional
Geo3,2023-07-31,Promo,1.8131083,False,13.818174049888441,preservar; investigar contexto e escala populacional
Geo3,2023-08-07,Promo,1.089262,False,8.032275287694706,preservar; investigar contexto e escala populacional
Geo3,2023-10-30,Promo,1.5089056,False,11.386599798025868,preservar; investigar contexto e escala populacional
Geo3,2023-11-06,Promo,1.5505046,False,11.719111828008609,preservar; investigar contexto e escala populacional
Geo3,2023-11-20,Promo,0.63686055,False,4.416108444582222,preservar; investigar contexto e escala populacional
Geo3,2023-12-11,Promo,2.0308778,False,15.558864415361814,preservar; investigar contexto e escala populacional
Geo3,2024-01-15,Promo,1.1039802,False,8.149921831113828,preservar; investigar contexto e escala populacional
Geo30,2021-02-15,Promo,1.3237693,False,9.906755404254525,preservar; investigar contexto e escala populacional
Geo30,2021-02-22,Promo,0.98093367,False,7.166377720134417,preservar; investigar contexto e escala populacional
Geo30,2021-03-22,Promo,0.79567415,False,5.685548395659587,preservar; investigar contexto e escala populacional
Geo30,2021-04-05,Promo,1.6532845,False,12.540659297669498,preservar; investigar contexto e escala populacional
Geo30,2021-05-31,Promo,1.2238907,False,9.108398808234567,preservar; investigar contexto e escala populacional
Geo30,2021-06-14,Promo,0.7896794,False,5.637630741587637,preservar; investigar contexto e escala populacional
Geo30,2021-06-21,Promo,2.4336982,True,18.778716549366486,preservar; investigar contexto e escala populacional
Geo30,2021-07-05,Promo,1.5493003,False,11.709485533200846,preservar; investigar contexto e escala populacional
Geo30,2021-08-30,Promo,1.9409138,False,14.839757891999055,preservar; investigar contexto e escala populacional
Geo30,2021-09-20,Promo,0.87608284,False,6.328276748267896,preservar; investigar contexto e escala populacional
Geo30,2021-10-11,Promo,1.4235227,False,10.704111242896813,preservar; investigar contexto e escala populacional
Geo30,2021-10-18,Promo,0.7039466,False,4.952345341359158,preservar; investigar contexto e escala populacional
Geo30,2021-11-15,Promo,0.6244514,False,4.316918760771065,preservar; investigar contexto e escala populacional
Geo30,2021-12-13,Promo,1.74677,False,13.287914120596772,preservar; investigar contexto e escala populacional
Geo30,2021-12-20,Promo,0.74566567,False,5.285817123245553,preservar; investigar contexto e escala populacional
Geo30,2021-12-27,Promo,2.768558,True,21.45534127249962,preservar; investigar contexto e escala populacional
Geo30,2022-01-17,Promo,0.99290514,False,7.262068909624009,preservar; investigar contexto e escala populacional
Geo30,2022-02-07,Promo,0.52264595,False,3.503160332856774,preservar; investigar contexto e escala populacional
Geo30,2022-03-28,Promo,2.6592815,True,20.581864726322806,preservar; investigar contexto e escala populacional
Geo30,2022-04-25,Promo,0.81329894,False,5.826428097116823,preservar; investigar contexto e escala populacional
Geo30,2022-05-16,Promo,0.53093326,False,3.569403037517854,preservar; investigar contexto e escala populacional
Geo30,2022-06-06,Promo,1.394789,False,10.474435026739812,preservar; investigar contexto e escala populacional
Geo30,2022-06-20,Promo,1.9204235,False,14.675973396026667,preservar; investigar contexto e escala populacional
Geo30,2022-06-27,Promo,0.65641916,False,4.572445691024223,preservar; investigar contexto e escala populacional
Geo30,2022-07-04,Promo,1.7577035,False,13.375308535842724,preservar; investigar contexto e escala populacional
Geo30,2022-07-18,Promo,0.8175696,False,5.860564634677006,preservar; investigar contexto e escala populacional
Geo30,2022-09-05,Promo,1.3133513,False,9.82348151958518,preservar; investigar contexto e escala populacional
Geo30,2022-09-26,Promo,1.0548838,False,7.757481060209605,preservar; investigar contexto e escala populacional
Geo30,2022-10-03,Promo,1.5328796,False,11.57823044796472,preservar; investigar contexto e escala populacional
Geo30,2022-10-10,Promo,1.6133243,False,12.221246638218155,preservar; investigar contexto e escala populacional
Geo30,2022-10-31,Promo,2.2902088,True,17.631767063200815,preservar; investigar contexto e escala populacional
Geo30,2022-11-21,Promo,1.2653749,False,9.439993210845449,preservar; investigar contexto e escala populacional
Geo30,2022-12-05,Promo,0.54316586,False,3.667181509547636,preservar; investigar contexto e escala populacional
Geo30,2022-12-12,Promo,0.64865625,False,4.510394657040875,preservar; investigar contexto e escala populacional
Geo30,2023-01-09,Promo,1.378652,False,10.34544763214303,preservar; investigar contexto e escala populacional
Geo30,2023-02-13,Promo,0.7518481,False,5.335234954191638,preservar; investigar contexto e escala populacional
Geo30,2023-03-06,Promo,0.55617094,False,3.771134622624584,preservar; investigar contexto e escala populacional
Geo30,2023-05-15,Promo,1.6680175,False,12.658424141481506,preservar; investigar contexto e escala populacional
Geo30,2023-06-05,Promo,1.3529816,False,10.14025719933289,preservar; investigar contexto e escala populacional
Geo30,2023-08-07,Promo,2.4434588,True,18.856735658476072,preservar; investigar contexto e escala populacional
Geo30,2023-08-14,Promo,1.6598554,False,12.593182274130799,preservar; investigar contexto e escala populacional
Geo30,2023-09-11,Promo,1.9806799,False,15.157619057784212,preservar; investigar contexto e escala populacional
Geo30,2023-09-18,Promo,1.1931183,False,8.862426712957253,preservar; investigar contexto e escala populacional
Geo30,2023-09-25,Promo,0.82881963,False,5.950489159609498,preservar; investigar contexto e escala populacional
Geo30,2023-10-02,Promo,2.2978847,True,17.693122602779763,preservar; investigar contexto e escala populacional
Geo30,2023-11-06,Promo,1.0648831,False,7.8374081628179955,preservar; investigar contexto e escala populacional
Geo30,2023-11-13,Promo,2.9980226,True,23.289513727490796,preservar; investigar contexto e escala populacional
Geo30,2023-11-20,Promo,0.58428305,False,3.9958423022129916,preservar; investigar contexto e escala populacional
Geo30,2023-12-11,Promo,1.7257309,False,13.119742918163784,preservar; investigar contexto e escala populacional
Geo30,2023-12-18,Promo,0.60726285,False,4.179526043326899,preservar; investigar contexto e escala populacional
Geo31,2021-01-25,Promo,0.66378236,False,4.631301735139921,preservar; investigar contexto e escala populacional
Geo31,2021-02-08,Promo,0.68090504,False,4.768167935903038,preservar; investigar contexto e escala populacional
Geo31,2021-02-15,Promo,0.5364121,False,3.6131968837725865,preservar; investigar contexto e escala populacional
Geo31,2021-03-29,Promo,1.8683039,False,14.259367371894148,preservar; investigar contexto e escala populacional
Geo31,2021-04-05,Promo,1.1180563,False,8.262435896000964,preservar; investigar contexto e escala populacional
Geo31,2021-04-19,Promo,1.1530136,False,8.541859026021296,preservar; investigar contexto e escala populacional
Geo31,2021-05-10,Promo,0.9367321,False,6.813062645995031,preservar; investigar contexto e escala populacional
Geo31,2021-06-07,Promo,0.7534004,False,5.347642906886227,preservar; investigar contexto e escala populacional
Geo31,2021-06-21,Promo,1.8811222,False,14.361827502039773,preservar; investigar contexto e escala populacional
Geo31,2021-07-05,Promo,2.012861,False,15.41485127221431,preservar; investigar contexto e escala populacional
Geo31,2021-08-30,Promo,1.2232333,False,9.1031440326748,preservar; investigar contexto e escala populacional
Geo31,2021-10-11,Promo,0.77638704,False,5.531381321965497,preservar; investigar contexto e escala populacional
Geo31,2021-10-25,Promo,1.0572419,False,7.776329989700754,preservar; investigar contexto e escala populacional
Geo31,2021-11-08,Promo,1.7795022,False,13.549551426007987,preservar; investigar contexto e escala populacional
Geo31,2022-01-03,Promo,0.99627614,False,7.28901422208517,preservar; investigar contexto e escala populacional
Geo31,2022-02-21,Promo,1.0520924,False,7.735168646918568,preservar; investigar contexto e escala populacional
Geo31,2022-03-21,Promo,0.59504956,False,4.0819019213367564,preservar; investigar contexto e escala populacional
Geo31,2022-04-11,Promo,1.9696335,False,15.069322202379002,preservar; investigar contexto e escala populacional
Geo31,2022-06-20,Promo,1.5037408,False,11.3453161582159,preservar; investigar contexto e escala populacional
Geo31,2022-06-27,Promo,2.6601167,True,20.588540705251187,preservar; investigar contexto e escala populacional
Geo31,2022-07-11,Promo,0.7514725,False,5.332232682058618,preservar; investigar contexto e escala populacional
Geo31,2022-08-08,Promo,2.7869165,True,21.60208571593427,preservar; investigar contexto e escala populacional
Geo31,2022-08-15,Promo,1.5456753,False,11.680509930213095,preservar; investigar contexto e escala populacional
Geo31,2022-09-26,Promo,1.4632839,False,11.021933241660001,preservar; investigar contexto e escala populacional
Geo31,2022-10-10,Promo,0.7756972,False,5.525867244733753,preservar; investigar contexto e escala populacional
Geo31,2022-10-17,Promo,0.6514245,False,4.532522026136278,preservar; investigar contexto e escala populacional
Geo31,2022-10-24,Promo,1.4396448,False,10.832979537773728,preservar; investigar contexto e escala populacional
Geo31,2022-10-31,Promo,0.79656595,False,5.6926767936580625,preservar; investigar contexto e escala populacional
Geo31,2022-11-07,Promo,1.368807,False,10.266753891063196,preservar; investigar contexto e escala populacional
Geo31,2022-12-05,Promo,0.7820121,False,5.576343944128883,preservar; investigar contexto e escala populacional
Geo31,2022-12-26,Promo,0.96237206,False,7.018009763672772,preservar; investigar contexto e escala populacional
Geo31,2023-01-09,Promo,1.096971,False,8.09389540450369,preservar; investigar contexto e escala populacional
Geo31,2023-01-23,Promo,0.6684656,False,4.668736135949949,preservar; investigar contexto e escala populacional
Geo31,2023-02-20,Promo,1.0706383,False,7.883411029111817,preservar; investigar contexto e escala populacional
Geo31,2023-02-27,Promo,0.9162795,False,6.6495794962937165,preservar; investigar contexto e escala populacional
Geo31,2023-05-01,Promo,0.61456734,False,4.237912802573242,preservar; investigar contexto e escala populacional
Geo31,2023-05-15,Promo,1.179925,False,8.756969106640481,preservar; investigar contexto e escala populacional
Geo31,2023-05-22,Promo,1.2160343,False,9.045600483458577,preservar; investigar contexto e escala populacional
Geo31,2023-06-12,Promo,1.5849614,False,11.994534326499185,preservar; investigar contexto e escala populacional
Geo31,2023-06-26,Promo,1.7849852,False,13.593378524265045,preservar; investigar contexto e escala populacional
Geo31,2023-07-31,Promo,0.7449223,False,5.279875166281966,preservar; investigar contexto e escala populacional
Geo31,2023-08-14,Promo,2.3403034,True,18.03218671600914,preservar; investigar contexto e escala populacional
Geo31,2023-09-18,Promo,1.0340799,False,7.591189874831159,preservar; investigar contexto e escala populacional
Geo31,2023-10-02,Promo,2.033679,False,15.58125516269679,preservar; investigar contexto e escala populacional
Geo31,2023-10-23,Promo,1.7113659,False,13.004919597634395,preservar; investigar contexto e escala populacional
Geo31,2023-11-06,Promo,2.463087,True,19.013629156562736,preservar; investigar contexto e escala populacional
Geo31,2023-11-13,Promo,1.2135892,False,9.02605613949572,preservar; investigar contexto e escala populacional
Geo31,2023-12-04,Promo,0.79041,False,5.643470624496009,preservar; investigar contexto e escala populacional
Geo31,2023-12-11,Promo,1.3073919,False,9.775846427600296,preservar; investigar contexto e escala populacional
Geo31,2023-12-18,Promo,1.8039672,False,13.745106771413594,preservar; investigar contexto e escala populacional
Geo31,2024-01-01,Promo,1.1109537,False,8.205662897992468,preservar; investigar contexto e escala populacional
Geo31,2024-01-08,Promo,0.82135373,False,5.890812206686396,preservar; investigar contexto e escala populacional
Geo32,2021-01-25,Promo,1.199259,False,8.911510984755013,preservar; investigar contexto e escala populacional
Geo32,2021-02-22,Promo,0.67565876,False,4.726233004470603,preservar; investigar contexto e escala populacional
Geo32,2021-03-22,Promo,2.5657651,True,19.834362911359033,preservar; investigar contexto e escala populacional
Geo32,2021-03-29,Promo,2.5372577,True,19.606495572155445,preservar; investigar contexto e escala populacional
Geo32,2021-05-10,Promo,1.2238293,False,9.107908021469477,preservar; investigar contexto e escala populacional
Geo32,2021-05-24,Promo,0.77251625,False,5.50044105319613,preservar; investigar contexto e escala populacional
Geo32,2021-07-05,Promo,0.7392356,False,5.234419838968741,preservar; investigar contexto e escala populacional
Geo32,2021-07-12,Promo,2.0311475,False,15.561020200224103,preservar; investigar contexto e escala populacional
Geo32,2021-08-23,Promo,0.8455434,False,6.084166765120797,preservar; investigar contexto e escala populacional
Geo32,2021-08-30,Promo,1.7142546,False,13.028009756075969,preservar; investigar contexto e escala populacional
Geo32,2021-09-13,Promo,1.2811487,False,9.5660774498546,preservar; investigar contexto e escala populacional
Geo32,2021-10-11,Promo,2.8408399,True,22.033110000113496,preservar; investigar contexto e escala populacional
Geo32,2021-10-18,Promo,2.2253213,True,17.11310376972008,preservar; investigar contexto e escala populacional
Geo32,2021-10-25,Promo,1.6168499,False,12.249427710188808,preservar; investigar contexto e escala populacional
Geo32,2021-11-22,Promo,0.6074313,False,4.1808725096229775,preservar; investigar contexto e escala populacional
Geo32,2021-12-06,Promo,1.2414411,False,9.248683890352144,preservar; investigar contexto e escala populacional
Geo32,2021-12-27,Promo,1.7858243,False,13.600085676945604,preservar; investigar contexto e escala populacional
Geo32,2022-01-31,Promo,0.74262285,False,5.261495042063983,preservar; investigar contexto e escala populacional
Geo32,2022-05-16,Promo,1.0277033,False,7.5402199906900025,preservar; investigar contexto e escala populacional
Geo32,2022-06-06,Promo,0.87913406,False,6.352665972915699,preservar; investigar contexto e escala populacional
Geo32,2022-07-04,Promo,3.5322428,True,27.559679913211287,preservar; investigar contexto e escala populacional
Geo32,2022-07-11,Promo,1.0331144,False,7.58347237284918,preservar; investigar contexto e escala populacional
Geo32,2022-07-18,Promo,0.76243496,False,5.41985858239768,preservar; investigar contexto e escala populacional
Geo32,2022-08-22,Promo,0.648191,False,4.506675788271204,preservar; investigar contexto e escala populacional
Geo32,2022-08-29,Promo,1.0964758,False,8.089937137303819,preservar; investigar contexto e escala populacional
Geo32,2022-09-05,Promo,1.5859648,False,12.002554773406194,preservar; investigar contexto e escala populacional
Geo32,2022-09-26,Promo,0.98694223,False,7.214405761262165,preservar; investigar contexto e escala populacional
Geo32,2022-10-03,Promo,1.3228856,False,9.899691751741347,preservar; investigar contexto e escala populacional
Geo32,2022-10-17,Promo,2.0556283,False,15.756701839292386,preservar; investigar contexto e escala populacional
Geo32,2022-10-31,Promo,1.1678636,False,8.660559082398702,preservar; investigar contexto e escala populacional
Geo32,2022-12-12,Promo,2.215435,True,17.034079906597924,preservar; investigar contexto e escala populacional
Geo32,2022-12-19,Promo,1.2916901,False,9.650337704016001,preservar; investigar contexto e escala populacional
Geo32,2023-01-02,Promo,2.3314288,True,17.96124964393325,preservar; investigar contexto e escala populacional
Geo32,2023-01-09,Promo,0.76585644,False,5.447207395117825,preservar; investigar contexto e escala populacional
Geo32,2023-02-27,Promo,0.70400393,False,4.952803595516204,preservar; investigar contexto e escala populacional
Geo32,2023-04-10,Promo,1.2029563,False,8.941064501148562,preservar; investigar contexto e escala populacional
Geo32,2023-05-08,Promo,0.73960465,False,5.237369755184638,preservar; investigar contexto e escala populacional
Geo32,2023-05-29,Promo,1.4000823,False,10.51674580171776,preservar; investigar contexto e escala populacional
Geo32,2023-06-05,Promo,2.2889228,True,17.621487718251228,preservar; investigar contexto e escala populacional
Geo32,2023-07-10,Promo,1.3212935,False,9.886965666909127,preservar; investigar contexto e escala populacional
Geo32,2023-07-24,Promo,0.84924847,False,6.113782389220611,preservar; investigar contexto e escala populacional
Geo32,2023-08-07,Promo,2.0535269,False,15.73990478215626,preservar; investigar contexto e escala populacional
Geo32,2023-08-14,Promo,2.5132453,True,19.414557980656667,preservar; investigar contexto e escala populacional
Geo32,2023-08-28,Promo,1.2079337,False,8.980850202199937,preservar; investigar contexto e escala populacional
Geo32,2023-09-11,Promo,1.4897515,False,11.233495909146509,preservar; investigar contexto e escala populacional
Geo32,2023-09-18,Promo,1.1089817,False,8.189900169967133,preservar; investigar contexto e escala populacional
Geo32,2023-09-25,Promo,0.9035592,False,6.547902706587486,preservar; investigar contexto e escala populacional
Geo32,2023-10-02,Promo,1.145869,False,8.484750310681632,preservar; investigar contexto e escala populacional
Geo32,2023-10-23,Promo,2.0229654,False,15.495618467477598,preservar; investigar contexto e escala populacional
Geo32,2023-11-06,Promo,0.7941186,False,5.673114464838181,preservar; investigar contexto e escala populacional
Geo32,2023-12-11,Promo,3.942986,True,30.842861125105983,preservar; investigar contexto e escala populacional
Geo32,2024-01-01,Promo,0.86155474,False,6.212149725435801,preservar; investigar contexto e escala populacional
Geo33,2021-01-25,Promo,1.3651962,False,10.237891792506456,preservar; investigar contexto e escala populacional
Geo33,2021-02-22,Promo,1.2900302,False,9.637069675492038,preservar; investigar contexto e escala populacional
Geo33,2021-03-22,Promo,1.8361174,False,14.002091993807188,preservar; investigar contexto e escala populacional
Geo33,2021-04-05,Promo,1.2138648,False,9.02825908464977,preservar; investigar contexto e escala populacional
Geo33,2021-05-10,Promo,1.3683238,False,10.2628915431008,preservar; investigar contexto e escala populacional
Geo33,2021-05-31,Promo,1.2076375,False,8.978482595688218,preservar; investigar contexto e escala populacional
Geo33,2021-07-05,Promo,0.5360693,False,3.6104567908886693,preservar; investigar contexto e escala populacional
Geo33,2021-08-09,Promo,0.5382514,False,3.6278989048968278,preservar; investigar contexto e escala populacional
Geo33,2021-08-23,Promo,1.0229228,False,7.502008164460225,preservar; investigar contexto e escala populacional
Geo33,2021-08-30,Promo,1.4429562,False,10.859448451355421,preservar; investigar contexto e escala populacional
Geo33,2021-09-20,Promo,0.6121931,False,4.218934861707687,preservar; investigar contexto e escala populacional
Geo33,2021-10-18,Promo,3.7326086,True,29.161257809245235,preservar; investigar contexto e escala populacional
Geo33,2021-11-22,Promo,1.3712349,False,10.286160750785665,preservar; investigar contexto e escala populacional
Geo33,2021-11-29,Promo,1.5419881,False,11.651037145844423,preservar; investigar contexto e escala populacional
Geo33,2021-12-06,Promo,0.63311183,False,4.386143914256087,preservar; investigar contexto e escala populacional
Geo33,2021-12-13,Promo,3.2834494,True,25.571007145108485,preservar; investigar contexto e escala populacional
Geo33,2021-12-27,Promo,1.0819645,False,7.973944401404192,preservar; investigar contexto e escala populacional
Geo33,2022-02-07,Promo,1.5433705,False,11.662087042001739,preservar; investigar contexto e escala populacional
Geo33,2022-03-14,Promo,1.1044655,False,8.15380096494278,preservar; investigar contexto e escala populacional
Geo33,2022-04-11,Promo,0.54995954,False,3.7214852266526908,preservar; investigar contexto e escala populacional
Geo33,2022-04-25,Promo,1.322969,False,9.900358390441811,preservar; investigar contexto e escala populacional
Geo33,2022-05-16,Promo,2.2691555,True,17.463482356336815,preservar; investigar contexto e escala populacional
Geo33,2022-05-30,Promo,0.6353365,False,4.403926301759193,preservar; investigar contexto e escala populacional
Geo33,2022-06-13,Promo,2.915538,True,22.630192066193302,preservar; investigar contexto e escala populacional
Geo33,2022-06-27,Promo,1.3558699,False,10.163344160466552,preservar; investigar contexto e escala populacional
Geo33,2022-07-04,Promo,1.3260697,False,9.925143122078808,preservar; investigar contexto e escala populacional
Geo33,2022-07-11,Promo,1.6460238,False,12.482622563707247,preservar; investigar contexto e escala populacional
Geo33,2022-08-15,Promo,0.72379243,False,5.110978414750163,preservar; investigar contexto e escala populacional
Geo33,2022-08-22,Promo,1.2004719,False,8.92120602168297,preservar; investigar contexto e escala populacional
Geo33,2022-09-05,Promo,0.97655284,False,7.1313605640415,preservar; investigar contexto e escala populacional
Geo33,2022-09-26,Promo,0.7620754,False,5.416984522312086,preservar; investigar contexto e escala populacional
Geo33,2022-10-03,Promo,0.7721586,False,5.497582260255835,preservar; investigar contexto e escala populacional
Geo33,2022-10-10,Promo,0.94934535,False,6.913883756170272,preservar; investigar contexto e escala populacional
Geo33,2022-10-17,Promo,0.6553645,False,4.564015509107792,preservar; investigar contexto e escala populacional
Geo33,2022-10-31,Promo,0.92172575,False,6.693112841886003,preservar; investigar contexto e escala populacional
Geo33,2022-11-07,Promo,0.6271097,False,4.3381672698530895,preservar; investigar contexto e escala populacional
Geo33,2022-11-14,Promo,0.58357227,False,3.990160845911851,preservar; investigar contexto e escala populacional
Geo33,2022-11-21,Promo,1.1732888,False,8.703924169661914,preservar; investigar contexto e escala populacional
Geo33,2022-12-05,Promo,0.5787605,False,3.9516990701357493,preservar; investigar contexto e escala populacional
Geo33,2022-12-12,Promo,1.7206354,False,13.079013211950244,preservar; investigar contexto e escala populacional
Geo33,2023-01-02,Promo,0.6351777,False,4.402656970516585,preservar; investigar contexto e escala populacional
Geo33,2023-01-23,Promo,0.804966,False,5.759820659555237,preservar; investigar contexto e escala populacional
Geo33,2023-02-13,Promo,0.75230455,False,5.338883482187158,preservar; investigar contexto e escala populacional
Geo33,2023-02-20,Promo,1.3338158,False,9.987059789196993,preservar; investigar contexto e escala populacional
Geo33,2023-04-10,Promo,2.2459924,True,17.27833344887045,preservar; investigar contexto e escala populacional
Geo33,2023-05-29,Promo,0.8170202,False,5.856173132254532,preservar; investigar contexto e escala populacional
Geo33,2023-06-05,Promo,1.6527553,False,12.536429259296776,preservar; investigar contexto e escala populacional
Geo33,2023-06-26,Promo,0.9833152,False,7.18541393193674,preservar; investigar contexto e escala populacional
Geo33,2023-07-10,Promo,1.597983,False,12.098619488393057,preservar; investigar contexto e escala populacional
Geo33,2023-07-24,Promo,1.3081205,False,9.781670323969088,preservar; investigar contexto e escala populacional
Geo33,2023-07-31,Promo,0.57512623,False,3.922649369537048,preservar; investigar contexto e escala populacional
Geo33,2023-08-07,Promo,0.82451385,False,5.9160718984143,preservar; investigar contexto e escala populacional
Geo33,2023-08-14,Promo,1.0296564,False,7.555831645916312,preservar; investigar contexto e escala populacional
Geo33,2023-08-28,Promo,0.9374681,False,6.81894569256027,preservar; investigar contexto e escala populacional
Geo33,2023-09-11,Promo,1.6064543,False,12.16633287476275,preservar; investigar contexto e escala populacional
Geo33,2023-09-25,Promo,0.6236668,False,4.310647241294046,preservar; investigar contexto e escala populacional
Geo33,2023-11-06,Promo,0.9442568,False,6.873209603181771,preservar; investigar contexto e escala populacional
Geo33,2023-12-11,Promo,1.3157895,False,9.842970709986485,preservar; investigar contexto e escala populacional
Geo33,2023-12-25,Promo,0.5977452,False,4.1034488991127285,preservar; investigar contexto e escala populacional
Geo34,2021-02-08,Promo,2.428491,True,18.737093994917434,preservar; investigar contexto e escala populacional
Geo34,2021-03-01,Promo,1.4888464,False,11.226261200659827,preservar; investigar contexto e escala populacional
Geo34,2021-03-29,Promo,0.72413194,False,5.113692209776473,preservar; investigar contexto e escala populacional
Geo34,2021-04-05,Promo,1.0992692,False,8.112265537134434,preservar; investigar contexto e escala populacional
Geo34,2021-05-17,Promo,0.5864637,False,4.013272825979954,preservar; investigar contexto e escala populacional
Geo34,2021-05-31,Promo,2.1475985,True,16.49184446050729,preservar; investigar contexto e escala populacional
Geo34,2021-08-09,Promo,1.0529639,False,7.742134781540312,preservar; investigar contexto e escala populacional
Geo34,2021-09-06,Promo,0.60495174,False,4.161052717583169,preservar; investigar contexto e escala populacional
Geo34,2021-09-13,Promo,1.686358,False,12.805024706059946,preservar; investigar contexto e escala populacional
Geo34,2021-09-20,Promo,1.3842343,False,10.390068462090207,preservar; investigar contexto e escala populacional
Geo34,2021-10-11,Promo,1.6381078,False,12.419347840051788,preservar; investigar contexto e escala populacional
Geo34,2021-10-18,Promo,2.8047583,True,21.744700036868576,preservar; investigar contexto e escala populacional
Geo34,2021-11-08,Promo,1.9208016,False,14.678995651334162,preservar; investigar contexto e escala populacional
Geo34,2021-11-15,Promo,0.7567668,False,5.374551450306355,preservar; investigar contexto e escala populacional
Geo34,2021-12-20,Promo,0.7899227,False,5.639575504127476,preservar; investigar contexto e escala populacional
Geo34,2021-12-27,Promo,1.3048753,False,9.755730564847475,preservar; investigar contexto e escala populacional
Geo34,2022-01-10,Promo,2.1652958,True,16.63330375395698,preservar; investigar contexto e escala populacional
Geo34,2022-02-07,Promo,1.3887274,False,10.425983022582418,preservar; investigar contexto e escala populacional
Geo34,2022-02-21,Promo,1.333805,False,9.986973461883261,preservar; investigar contexto e escala populacional
Geo34,2022-03-28,Promo,0.5881557,False,4.026797438464167,preservar; investigar contexto e escala populacional
Geo34,2022-05-09,Promo,1.6961236,False,12.883083781518478,preservar; investigar contexto e escala populacional
Geo34,2022-05-30,Promo,1.0911572,False,8.047424132600192,preservar; investigar contexto e escala populacional
Geo34,2022-06-06,Promo,0.95057034,False,6.923675431729986,preservar; investigar contexto e escala populacional
Geo34,2022-06-27,Promo,1.3503721,False,10.119398761816605,preservar; investigar contexto e escala populacional
Geo34,2022-07-11,Promo,1.0551219,False,7.759384257746539,preservar; investigar contexto e escala populacional
Geo34,2022-08-08,Promo,1.5277472,False,11.537205790095937,preservar; investigar contexto e escala populacional
Geo34,2022-08-29,Promo,1.6666417,False,12.647427000904806,preservar; investigar contexto e escala populacional
Geo34,2022-09-05,Promo,1.2180126,False,9.061413569083587,preservar; investigar contexto e escala populacional
Geo34,2022-09-26,Promo,1.533725,False,11.584987958244952,preservar; investigar contexto e escala populacional
Geo34,2022-10-03,Promo,1.7166609,False,13.047243961170983,preservar; investigar contexto e escala populacional
Geo34,2022-10-10,Promo,1.7325824,False,13.17450880612808,preservar; investigar contexto e escala populacional
Geo34,2022-10-17,Promo,1.2310796,False,9.165861625425915,preservar; investigar contexto e escala populacional
Geo34,2022-10-24,Promo,1.9027897,False,14.535021675208627,preservar; investigar contexto e escala populacional
Geo34,2022-10-31,Promo,1.8890083,False,14.424863226928517,preservar; investigar contexto e escala populacional
Geo34,2022-11-21,Promo,0.9197198,False,6.677078742351304,preservar; investigar contexto e escala populacional
Geo34,2022-12-12,Promo,1.0944848,False,8.074022537152478,preservar; investigar contexto e escala populacional
Geo34,2023-01-02,Promo,1.0644441,False,7.833899117380306,preservar; investigar contexto e escala populacional
Geo34,2023-01-23,Promo,0.9560109,False,6.967163295617169,preservar; investigar contexto e escala populacional
Geo34,2023-02-13,Promo,1.0630456,False,7.822720529579376,preservar; investigar contexto e escala populacional
Geo34,2023-02-20,Promo,0.84889597,False,6.110964761619734,preservar; investigar contexto e escala populacional
Geo34,2023-04-10,Promo,1.7747824,False,13.511824791254446,preservar; investigar contexto e escala populacional
Geo34,2023-05-29,Promo,1.9100847,False,14.593332578324665,preservar; investigar contexto e escala populacional
Geo34,2023-07-03,Promo,1.2236879,False,9.106777773121209,preservar; investigar contexto e escala populacional
Geo34,2023-07-10,Promo,1.6969652,False,12.889810917373511,preservar; investigar contexto e escala populacional
Geo34,2023-07-31,Promo,2.1140444,True,16.223637486655903,preservar; investigar contexto e escala populacional
Geo34,2023-08-07,Promo,2.7956216,True,21.671667928780803,preservar; investigar contexto e escala populacional
Geo34,2023-08-14,Promo,0.79181,False,5.654661202201623,preservar; investigar contexto e escala populacional
Geo34,2023-09-04,Promo,2.1988,True,16.901111863645863,preservar; investigar contexto e escala populacional
Geo34,2023-09-25,Promo,0.68856525,False,4.829398061078982,preservar; investigar contexto e escala populacional
Geo34,2023-10-23,Promo,1.667408,False,12.65355224354467,preservar; investigar contexto e escala populacional
Geo34,2023-11-06,Promo,2.2733965,True,17.497381813515034,preservar; investigar contexto e escala populacional
Geo34,2023-11-13,Promo,0.5452289,False,3.683671944854629,preservar; investigar contexto e escala populacional
Geo34,2023-11-20,Promo,3.163012,True,24.60831851413554,preservar; investigar contexto e escala populacional
Geo34,2023-12-11,Promo,1.5152991,False,11.43770476842647,preservar; investigar contexto e escala populacional
Geo35,2021-01-25,Promo,1.5047959,False,11.353749857171037,preservar; investigar contexto e escala populacional
Geo35,2021-02-08,Promo,0.69369465,False,4.870398739138394,preservar; investigar contexto e escala populacional
Geo35,2021-03-22,Promo,0.9741837,False,7.112423388851872,preservar; investigar contexto e escala populacional
Geo35,2021-03-29,Promo,1.1271734,False,8.335311336000862,preservar; investigar contexto e escala populacional
Geo35,2021-04-19,Promo,1.3810444,False,10.364570730787966,preservar; investigar contexto e escala populacional
Geo35,2021-05-03,Promo,0.61943066,False,4.276786631407004,preservar; investigar contexto e escala populacional
Geo35,2021-05-17,Promo,1.4279937,False,10.739849152126672,preservar; investigar contexto e escala populacional
Geo35,2021-05-31,Promo,0.678288,False,4.747249229132538,preservar; investigar contexto e escala populacional
Geo35,2021-06-07,Promo,1.4163995,False,10.64717358353065,preservar; investigar contexto e escala populacional
Geo35,2021-06-21,Promo,1.5248133,False,11.513754335859865,preservar; investigar contexto e escala populacional
Geo35,2021-07-12,Promo,2.2021122,True,16.92758717184339,preservar; investigar contexto e escala populacional
Geo35,2021-08-30,Promo,1.0893439,False,8.032929936490484,preservar; investigar contexto e escala populacional
Geo35,2021-10-11,Promo,0.6502078,False,4.52279661478312,preservar; investigar contexto e escala populacional
Geo35,2021-10-18,Promo,1.6501269,False,12.515419748981463,preservar; investigar contexto e escala populacional
Geo35,2021-11-08,Promo,1.4565215,False,10.967879554033969,preservar; investigar contexto e escala populacional
Geo35,2021-11-22,Promo,1.2518712,False,9.332054493585948,preservar; investigar contexto e escala populacional
Geo35,2021-12-13,Promo,2.2126207,True,17.011584447428707,preservar; investigar contexto e escala populacional
Geo35,2021-12-27,Promo,1.1687431,False,8.667589163178762,preservar; investigar contexto e escala populacional
Geo35,2022-01-10,Promo,0.9114065,False,6.610628292608389,preservar; investigar contexto e escala populacional
Geo35,2022-01-24,Promo,1.1739295,False,8.709045457616192,preservar; investigar contexto e escala populacional
Geo35,2022-02-07,Promo,1.1813369,False,8.768254804256594,preservar; investigar contexto e escala populacional
Geo35,2022-02-21,Promo,1.9615206,False,15.004473603901946,preservar; investigar contexto e escala populacional
Geo35,2022-03-28,Promo,0.7092205,False,4.994501046903186,preservar; investigar contexto e escala populacional
Geo35,2022-04-04,Promo,0.91732556,False,6.657940936089955,preservar; investigar contexto e escala populacional
Geo35,2022-04-25,Promo,0.86739683,False,6.258847126941653,preservar; investigar contexto e escala populacional
Geo35,2022-06-13,Promo,0.6572497,False,4.579084421315381,preservar; investigar contexto e escala populacional
Geo35,2022-06-27,Promo,3.55016,True,27.70289692668774,preservar; investigar contexto e escala populacional
Geo35,2022-07-11,Promo,1.5177093,False,11.456970147273664,preservar; investigar contexto e escala populacional
Geo35,2022-07-18,Promo,0.7205911,False,5.085389320374226,preservar; investigar contexto e escala populacional
Geo35,2022-08-08,Promo,0.87389153,False,6.310761016244975,preservar; investigar contexto e escala populacional
Geo35,2022-08-15,Promo,0.96209997,False,7.0158348748956865,preservar; investigar contexto e escala populacional
Geo35,2022-08-22,Promo,0.61084026,False,4.208121246605357,preservar; investigar contexto e escala populacional
Geo35,2022-09-05,Promo,1.2321973,False,9.17479570306989,preservar; investigar contexto e escala populacional
Geo35,2022-09-26,Promo,0.6276617,False,4.342579554777017,preservar; investigar contexto e escala populacional
Geo35,2022-10-03,Promo,0.89952475,False,6.515654259284333,preservar; investigar contexto e escala populacional
Geo35,2022-10-24,Promo,1.4035102,False,10.544145931229956,preservar; investigar contexto e escala populacional
Geo35,2022-10-31,Promo,1.1392319,False,8.43169817976025,preservar; investigar contexto e escala populacional
Geo35,2022-12-12,Promo,1.4605289,False,10.99991178338931,preservar; investigar contexto e escala populacional
Geo35,2022-12-26,Promo,2.0280414,False,15.53619230493024,preservar; investigar contexto e escala populacional
Geo35,2023-01-02,Promo,1.1495794,False,8.514408538909423,preservar; investigar contexto e escala populacional
Geo35,2023-01-23,Promo,0.77802455,False,5.5444703811788685,preservar; investigar contexto e escala populacional
Geo35,2023-02-13,Promo,0.7968843,False,5.695221451095621,preservar; investigar contexto e escala populacional
Geo35,2023-02-27,Promo,1.8794384,False,14.348368434367837,preservar; investigar contexto e escala populacional
Geo35,2023-04-10,Promo,1.4570367,False,10.971997686629635,preservar; investigar contexto e escala populacional
Geo35,2023-05-01,Promo,0.54176867,False,3.6560133929301304,preservar; investigar contexto e escala populacional
Geo35,2023-05-08,Promo,1.3792584,False,10.35029475094352,preservar; investigar contexto e escala populacional
Geo35,2023-05-22,Promo,0.6600613,False,4.601558298656169,preservar; investigar contexto e escala populacional
Geo35,2023-05-29,Promo,0.8929548,False,6.463138876429334,preservar; investigar contexto e escala populacional
Geo35,2023-06-05,Promo,1.2405455,False,9.241525117928466,preservar; investigar contexto e escala populacional
Geo35,2023-06-19,Promo,0.5860785,False,4.010193818456952,preservar; investigar contexto e escala populacional
Geo35,2023-06-26,Promo,0.9050796,False,6.560055673975782,preservar; investigar contexto e escala populacional
Geo35,2023-07-10,Promo,0.98048294,False,7.162774913642095,preservar; investigar contexto e escala populacional
Geo35,2023-08-07,Promo,1.1609359,False,8.605184107276429,preservar; investigar contexto e escala populacional
Geo35,2023-08-14,Promo,2.2521086,True,17.327221885558362,preservar; investigar contexto e escala populacional
Geo35,2023-08-21,Promo,1.3531227,False,10.14138504970022,preservar; investigar contexto e escala populacional
Geo35,2023-10-23,Promo,1.2788836,False,9.547971894453896,preservar; investigar contexto e escala populacional
Geo35,2023-11-06,Promo,0.93464214,False,6.7963570318653,preservar; investigar contexto e escala populacional
Geo35,2023-11-27,Promo,0.8412533,False,6.0498748383959,preservar; investigar contexto e escala populacional
Geo35,2023-12-04,Promo,1.7479742,False,13.29753961607756,preservar; investigar contexto e escala populacional
Geo35,2023-12-11,Promo,3.1428058,True,24.446804906110415,preservar; investigar contexto e escala populacional
Geo35,2023-12-25,Promo,0.6979893,False,4.904727035240834,preservar; investigar contexto e escala populacional
Geo35,2024-01-01,Promo,0.57385474,False,3.9124860069321117,preservar; investigar contexto e escala populacional
Geo36,2021-02-15,Promo,2.0212674,False,15.48204589537465,preservar; investigar contexto e escala populacional
Geo36,2021-03-01,Promo,0.8705037,False,6.283681177053253,preservar; investigar contexto e escala populacional
Geo36,2021-03-22,Promo,2.1945882,True,16.867445809945504,preservar; investigar contexto e escala populacional
Geo36,2021-04-26,Promo,1.270745,False,9.482917868943247,preservar; investigar contexto e escala populacional
Geo36,2021-05-31,Promo,0.9574299,False,6.978505745448787,preservar; investigar contexto e escala populacional
Geo36,2021-07-19,Promo,0.729621,False,5.157567747248457,preservar; investigar contexto e escala populacional
Geo36,2021-08-30,Promo,1.2960014,False,9.684799088060439,preservar; investigar contexto e escala populacional
Geo36,2021-09-27,Promo,0.7812637,False,5.570361781018254,preservar; investigar contexto e escala populacional
Geo36,2021-10-18,Promo,2.3513825,True,18.120744951336476,preservar; investigar contexto e escala populacional
Geo36,2021-11-29,Promo,1.1388354,False,8.428528848288627,preservar; investigar contexto e escala populacional
Geo36,2021-12-20,Promo,1.1138399,False,8.228733073259573,preservar; investigar contexto e escala populacional
Geo36,2022-01-24,Promo,1.7415636,False,13.246297960763552,preservar; investigar contexto e escala populacional
Geo36,2022-02-21,Promo,1.7072785,False,12.972247906695873,preservar; investigar contexto e escala populacional
Geo36,2022-03-28,Promo,0.65012634,False,4.5221454830260495,preservar; investigar contexto e escala populacional
Geo36,2022-05-16,Promo,0.6888809,False,4.831921136688109,preservar; investigar contexto e escala populacional
Geo36,2022-06-06,Promo,0.8488523,False,6.110615695528016,preservar; investigar contexto e escala populacional
Geo36,2022-06-13,Promo,1.4254485,False,10.719504681857865,preservar; investigar contexto e escala populacional
Geo36,2022-06-27,Promo,1.1124179,False,8.217366643618584,preservar; investigar contexto e escala populacional
Geo36,2022-07-04,Promo,2.167496,True,16.65089054614833,preservar; investigar contexto e escala populacional
Geo36,2022-07-11,Promo,1.8027198,False,13.735135966677891,preservar; investigar contexto e escala populacional
Geo36,2022-08-08,Promo,0.6177071,False,4.263009751328227,preservar; investigar contexto e escala populacional
Geo36,2022-08-29,Promo,1.9334695,False,14.78025359370341,preservar; investigar contexto e escala populacional
Geo36,2022-09-05,Promo,0.739111,False,5.233423877552941,preservar; investigar contexto e escala populacional
Geo36,2022-09-26,Promo,1.9523597,False,14.93124805868526,preservar; investigar contexto e escala populacional
Geo36,2022-10-10,Promo,1.3989781,False,10.507919633215945,preservar; investigar contexto e escala populacional
Geo36,2022-10-24,Promo,1.3133895,False,9.823786862491145,preservar; investigar contexto e escala populacional
Geo36,2022-11-14,Promo,1.8064451,False,13.76491329462555,preservar; investigar contexto e escala populacional
Geo36,2022-11-21,Promo,0.54233277,False,3.6605223964185147,preservar; investigar contexto e escala populacional
Geo36,2022-12-12,Promo,1.4043897,False,10.55117601201002,preservar; investigar contexto e escala populacional
Geo36,2023-01-02,Promo,1.4578061,False,10.97814770840585,preservar; investigar contexto e escala populacional
Geo36,2023-03-13,Promo,0.5942279,False,4.075334171281332,preservar; investigar contexto e escala populacional
Geo36,2023-04-03,Promo,1.74069,False,13.23931504027525,preservar; investigar contexto e escala populacional
Geo36,2023-05-15,Promo,2.0348299,False,15.590454616897786,preservar; investigar contexto e escala populacional
Geo36,2023-05-29,Promo,1.6038796,False,12.145752603035145,preservar; investigar contexto e escala populacional
Geo36,2023-06-12,Promo,0.61140543,False,4.212638802892415,preservar; investigar contexto e escala populacional
Geo36,2023-06-26,Promo,0.6666408,False,4.654150017237661,preservar; investigar contexto e escala populacional
Geo36,2023-07-10,Promo,0.7170191,False,5.05683736068533,preservar; investigar contexto e escala populacional
Geo36,2023-07-31,Promo,0.91369617,False,6.6289302426478285,preservar; investigar contexto e escala populacional
Geo36,2023-08-14,Promo,2.2323627,True,17.169387579617442,preservar; investigar contexto e escala populacional
Geo36,2023-08-28,Promo,0.71237195,False,5.019691436982012,preservar; investigar contexto e escala populacional
Geo36,2023-09-11,Promo,1.3274157,False,9.935902063215778,preservar; investigar contexto e escala populacional
Geo36,2023-09-25,Promo,0.9477732,False,6.9013171370703565,preservar; investigar contexto e escala populacional
Geo36,2023-10-02,Promo,1.8898258,False,14.431397724981618,preservar; investigar contexto e escala populacional
Geo36,2023-10-09,Promo,1.5256057,False,11.520088202841244,preservar; investigar contexto e escala populacional
Geo36,2023-11-06,Promo,1.1846998,False,8.795135371232458,preservar; investigar contexto e escala populacional
Geo36,2023-11-13,Promo,1.0974791,False,8.097956784883849,preservar; investigar contexto e escala populacional
Geo36,2023-11-27,Promo,1.8379997,False,14.017137725532386,preservar; investigar contexto e escala populacional
Geo36,2023-12-04,Promo,1.5428777,False,11.658147958649362,preservar; investigar contexto e escala populacional
Geo36,2023-12-11,Promo,2.113863,True,16.222187507516043,preservar; investigar contexto e escala populacional
Geo36,2023-12-25,Promo,1.2657382,False,9.442897165760055,preservar; investigar contexto e escala populacional
Geo37,2021-01-25,Promo,0.587573,False,4.022139760157695,preservar; investigar contexto e escala populacional
Geo37,2021-02-01,Promo,0.9991083,False,7.311652441052836,preservar; investigar contexto e escala populacional
Geo37,2021-02-22,Promo,2.7613642,True,21.3978392882863,preservar; investigar contexto e escala populacional
Geo37,2021-04-05,Promo,0.7675766,False,5.4609570980793185,preservar; investigar contexto e escala populacional
Geo37,2021-05-03,Promo,0.88663965,False,6.412660178716756,preservar; investigar contexto e escala populacional
Geo37,2021-05-10,Promo,1.7306337,False,13.158932321288844,preservar; investigar contexto e escala populacional
Geo37,2021-05-17,Promo,1.695379,False,12.87713199283305,preservar; investigar contexto e escala populacional
Geo37,2021-06-14,Promo,0.68392086,False,4.792274198800284,preservar; investigar contexto e escala populacional
Geo37,2021-06-21,Promo,1.9626303,False,15.013343735387602,preservar; investigar contexto e escala populacional
Geo37,2021-08-23,Promo,0.8876709,False,6.4209032381874085,preservar; investigar contexto e escala populacional
Geo37,2021-09-20,Promo,0.8047098,False,5.75777278383511,preservar; investigar contexto e escala populacional
Geo37,2021-10-04,Promo,0.7634261,False,5.427781031817067,preservar; investigar contexto e escala populacional
Geo37,2021-10-18,Promo,1.7090715,False,12.98657983942885,preservar; investigar contexto e escala populacional
Geo37,2021-11-15,Promo,2.5194888,True,19.464463960588812,preservar; investigar contexto e escala populacional
Geo37,2021-12-06,Promo,0.55933553,False,3.796430044268448,preservar; investigar contexto e escala populacional
Geo37,2021-12-20,Promo,1.893243,False,14.458712326507065,preservar; investigar contexto e escala populacional
Geo37,2021-12-27,Promo,1.0180173,False,7.462797179506731,preservar; investigar contexto e escala populacional
Geo37,2022-01-03,Promo,2.229563,True,17.147008822187153,preservar; investigar contexto e escala populacional
Geo37,2022-03-07,Promo,2.736159,True,21.19636732458234,preservar; investigar contexto e escala populacional
Geo37,2022-03-14,Promo,0.82735264,False,5.938763112760672,preservar; investigar contexto e escala populacional
Geo37,2022-03-28,Promo,1.5546603,False,11.752329459273767,preservar; investigar contexto e escala populacional
Geo37,2022-05-02,Promo,1.2648578,False,9.43585989103718,preservar; investigar contexto e escala populacional
Geo37,2022-05-16,Promo,1.2942252,False,9.670601442259933,preservar; investigar contexto e escala populacional
Geo37,2022-06-06,Promo,0.91445065,False,6.63496100483878,preservar; investigar contexto e escala populacional
Geo37,2022-06-27,Promo,0.7625113,False,5.4204687886134275,preservar; investigar contexto e escala populacional
Geo37,2022-07-11,Promo,1.2188604,False,9.068190263211315,preservar; investigar contexto e escala populacional
Geo37,2022-09-05,Promo,2.1336129,True,16.380053786536124,preservar; investigar contexto e escala populacional
Geo37,2022-09-26,Promo,1.1659405,False,8.645187225266083,preservar; investigar contexto e escala populacional
Geo37,2022-10-03,Promo,1.2394292,False,9.232602230862197,preservar; investigar contexto e escala populacional
Geo37,2022-10-10,Promo,1.1040308,False,8.150326290565188,preservar; investigar contexto e escala populacional
Geo37,2022-10-17,Promo,0.55146396,False,3.7335104615897476,preservar; investigar contexto e escala populacional
Geo37,2022-10-24,Promo,0.6121434,False,4.218537596199138,preservar; investigar contexto e escala populacional
Geo37,2022-11-07,Promo,0.64664334,False,4.49430492434844,preservar; investigar contexto e escala populacional
Geo37,2022-11-14,Promo,0.77852315,False,5.548455825496025,preservar; investigar contexto e escala populacional
Geo37,2022-11-21,Promo,0.75274545,False,5.3424077148374485,preservar; investigar contexto e escala populacional
Geo37,2022-12-26,Promo,0.7229237,False,5.104034421485736,preservar; investigar contexto e escala populacional
Geo37,2023-01-02,Promo,1.2558105,False,9.363542381268608,preservar; investigar contexto e escala populacional
Geo37,2023-01-09,Promo,1.0489917,False,7.71038391528157,preservar; investigar contexto e escala populacional
Geo37,2023-01-16,Promo,1.168292,False,8.66398339917662,preservar; investigar contexto e escala populacional
Geo37,2023-01-23,Promo,1.5181196,False,11.460249785868386,preservar; investigar contexto e escala populacional
Geo37,2023-02-13,Promo,0.6895965,False,4.837641120549636,preservar; investigar contexto e escala populacional
Geo37,2023-03-13,Promo,0.58432794,False,3.996201120093852,preservar; investigar contexto e escala populacional
Geo37,2023-04-03,Promo,0.72027934,False,5.082897338584581,preservar; investigar contexto e escala populacional
Geo37,2023-04-10,Promo,1.9975725,False,15.292646167034109,preservar; investigar contexto e escala populacional
Geo37,2023-04-17,Promo,2.37593,True,18.316959741499733,preservar; investigar contexto e escala populacional
Geo37,2023-05-01,Promo,0.65854883,False,4.589468717897304,preservar; investigar contexto e escala populacional
Geo37,2023-05-29,Promo,2.2657423,True,17.436199727890525,preservar; investigar contexto e escala populacional
Geo37,2023-06-05,Promo,1.0540514,False,7.750827462436639,preservar; investigar contexto e escala populacional
Geo37,2023-07-10,Promo,0.96988386,False,7.078053607679224,preservar; investigar contexto e escala populacional
Geo37,2023-08-07,Promo,1.3158677,False,9.843595783684043,preservar; investigar contexto e escala populacional
Geo37,2023-08-14,Promo,1.9785385,False,15.140502269856498,preservar; investigar contexto e escala populacional
Geo37,2023-09-04,Promo,1.0295315,False,7.554833286519576,preservar; investigar contexto e escala populacional
Geo37,2023-10-02,Promo,0.52447885,False,3.5178111970543604,preservar; investigar contexto e escala populacional
Geo37,2023-10-09,Promo,1.2548158,False,9.35559147580877,preservar; investigar contexto e escala populacional
Geo37,2023-10-16,Promo,0.68535495,False,4.80373726707303,preservar; investigar contexto e escala populacional
Geo37,2023-10-23,Promo,1.9584221,False,14.979706457458486,preservar; investigar contexto e escala populacional
Geo37,2023-11-06,Promo,2.3813477,True,18.360264879239523,preservar; investigar contexto e escala populacional
Geo37,2023-11-13,Promo,1.0311038,False,7.567401104609959,preservar; investigar contexto e escala populacional
Geo37,2023-11-20,Promo,0.7656493,False,5.4455516692135815,preservar; investigar contexto e escala populacional
Geo37,2023-11-27,Promo,1.4804635,False,11.159254419339549,preservar; investigar contexto e escala populacional
Geo37,2023-12-11,Promo,2.4541364,True,18.942084595982827,preservar; investigar contexto e escala populacional
Geo37,2023-12-25,Promo,1.5181046,False,11.46012988682154,preservar; investigar contexto e escala populacional
Geo38,2021-02-22,Promo,1.9329736,False,14.776289731214685,preservar; investigar contexto e escala populacional
Geo38,2021-03-08,Promo,0.65312386,False,4.546105469086144,preservar; investigar contexto e escala populacional
Geo38,2021-03-22,Promo,1.6013469,False,12.125508048638713,preservar; investigar contexto e escala populacional
Geo38,2021-04-19,Promo,1.2019349,False,8.932900175385337,preservar; investigar contexto e escala populacional
Geo38,2021-05-17,Promo,0.9096963,False,6.596958202614003,preservar; investigar contexto e escala populacional
Geo38,2021-05-31,Promo,1.5080507,False,11.379766351682633,preservar; investigar contexto e escala populacional
Geo38,2021-07-05,Promo,2.1371517,True,16.408340369668,preservar; investigar contexto e escala populacional
Geo38,2021-08-23,Promo,1.0189059,False,7.469899999041882,preservar; investigar contexto e escala populacional
Geo38,2021-10-11,Promo,0.55703455,False,3.778037690347688,preservar; investigar contexto e escala populacional
Geo38,2021-10-18,Promo,1.3452715,False,10.078628289927137,preservar; investigar contexto e escala populacional
Geo38,2021-11-22,Promo,2.5752208,True,19.909944872509726,preservar; investigar contexto e escala populacional
Geo38,2021-12-20,Promo,1.1564565,False,8.569379054580338,preservar; investigar contexto e escala populacional
Geo38,2022-01-03,Promo,0.92356694,False,6.7078299702901445,preservar; investigar contexto e escala populacional
Geo38,2022-01-10,Promo,0.8467028,False,6.093434162115003,preservar; investigar contexto e escala populacional
Geo38,2022-01-17,Promo,0.9717577,False,7.093031716342001,preservar; investigar contexto e escala populacional
Geo38,2022-05-30,Promo,1.1603336,False,8.600369760882078,preservar; investigar contexto e escala populacional
Geo38,2022-06-20,Promo,1.0518206,False,7.732996076189722,preservar; investigar contexto e escala populacional
Geo38,2022-06-27,Promo,1.5064683,False,11.367117801567373,preservar; investigar contexto e escala populacional
Geo38,2022-07-11,Promo,0.5536902,False,3.7513053985264238,preservar; investigar contexto e escala populacional
Geo38,2022-07-25,Promo,0.9756086,False,7.123812998975251,preservar; investigar contexto e escala populacional
Geo38,2022-08-15,Promo,2.1803777,True,16.753857449598627,preservar; investigar contexto e escala populacional
Geo38,2022-08-29,Promo,1.1890409,False,8.829834954716631,preservar; investigar contexto e escala populacional
Geo38,2022-09-12,Promo,0.7717237,False,5.494105987224284,preservar; investigar contexto e escala populacional
Geo38,2022-10-31,Promo,0.89554656,False,6.48385551333955,preservar; investigar contexto e escala populacional
Geo38,2022-12-12,Promo,0.76407325,False,5.432953876361488,preservar; investigar contexto e escala populacional
Geo38,2023-01-09,Promo,1.1774738,False,8.73737600373191,preservar; investigar contexto e escala populacional
Geo38,2023-02-06,Promo,1.2210237,False,9.085482103747426,preservar; investigar contexto e escala populacional
Geo38,2023-02-13,Promo,1.3143073,False,9.831123085504156,preservar; investigar contexto e escala populacional
Geo38,2023-02-20,Promo,1.0166202,False,7.451629782283508,preservar; investigar contexto e escala populacional
Geo38,2023-03-06,Promo,0.8043145,False,5.754613044287232,preservar; investigar contexto e escala populacional
Geo38,2023-03-27,Promo,1.0481434,False,7.703603224518948,preservar; investigar contexto e escala populacional
Geo38,2023-04-10,Promo,1.4876564,False,11.216749209610057,preservar; investigar contexto e escala populacional
Geo38,2023-05-01,Promo,1.9122726,False,14.610821053297604,preservar; investigar contexto e escala populacional
Geo38,2023-05-29,Promo,1.6838506,False,12.78498238138919,preservar; investigar contexto e escala populacional
Geo38,2023-07-10,Promo,1.0176125,False,7.459561503895852,preservar; investigar contexto e escala populacional
Geo38,2023-07-31,Promo,1.0930686,False,8.062702468476271,preservar; investigar contexto e escala populacional
Geo38,2023-08-07,Promo,0.6269199,False,4.336650147246999,preservar; investigar contexto e escala populacional
Geo38,2023-08-14,Promo,1.5164337,False,11.446773932329892,preservar; investigar contexto e escala populacional
Geo38,2023-09-25,Promo,1.162303,False,8.616111706405961,preservar; investigar contexto e escala populacional
Geo38,2023-10-16,Promo,1.5811862,False,11.964358134389018,preservar; investigar contexto e escala populacional
Geo38,2023-10-23,Promo,2.577551,True,19.928570789773744,preservar; investigar contexto e escala populacional
Geo38,2023-11-06,Promo,1.1799071,False,8.756826027111247,preservar; investigar contexto e escala populacional
Geo38,2023-11-13,Promo,0.58044934,False,3.965198423887428,preservar; investigar contexto e escala populacional
Geo38,2023-12-04,Promo,0.79065984,False,5.645467663020274,preservar; investigar contexto e escala populacional
Geo38,2023-12-11,Promo,1.399738,False,10.513993718929157,preservar; investigar contexto e escala populacional
Geo38,2024-01-08,Promo,0.7146146,False,5.037617543475938,preservar; investigar contexto e escala populacional
Geo39,2021-02-01,Promo,0.7745687,False,5.516846839776049,preservar; investigar contexto e escala populacional
Geo39,2021-02-08,Promo,0.6673527,False,4.659840426000966,preservar; investigar contexto e escala populacional
Geo39,2021-02-22,Promo,1.0213969,False,7.489811234088085,preservar; investigar contexto e escala populacional
Geo39,2021-04-12,Promo,0.8779488,False,6.3431918699647305,preservar; investigar contexto e escala populacional
Geo39,2021-05-03,Promo,1.7054297,False,12.957469949508631,preservar; investigar contexto e escala populacional
Geo39,2021-05-17,Promo,0.7314066,False,5.171840529784989,preservar; investigar contexto e escala populacional
Geo39,2021-06-07,Promo,1.0288877,False,7.549687219428953,preservar; investigar contexto e escala populacional
Geo39,2021-06-21,Promo,1.3406589,False,10.041758533695054,preservar; investigar contexto e escala populacional
Geo39,2021-07-05,Promo,1.9582793,False,14.978565018532514,preservar; investigar contexto e escala populacional
Geo39,2021-08-30,Promo,1.18559,False,8.80225097999927,preservar; investigar contexto e escala populacional
Geo39,2021-10-11,Promo,0.5592133,False,3.79545302690205,preservar; investigar contexto e escala populacional
Geo39,2021-10-18,Promo,2.49213,True,19.2457776910657,preservar; investigar contexto e escala populacional
Geo39,2021-12-06,Promo,0.6239851,False,4.313191499068116,preservar; investigar contexto e escala populacional
Geo39,2021-12-13,Promo,0.81580365,False,5.846448919891842,preservar; investigar contexto e escala populacional
Geo39,2021-12-20,Promo,0.56715214,False,3.8589103168395056,preservar; investigar contexto e escala populacional
Geo39,2022-01-03,Promo,0.73152643,False,5.172798363303891,preservar; investigar contexto e escala populacional
Geo39,2022-01-10,Promo,1.1177856,False,8.260272117868885,preservar; investigar contexto e escala populacional
Geo39,2022-02-14,Promo,1.2956866,False,9.682282806730635,preservar; investigar contexto e escala populacional
Geo39,2022-02-28,Promo,1.8847874,False,14.39112443447307,preservar; investigar contexto e escala populacional
Geo39,2022-05-02,Promo,0.98142236,False,7.170283951147958,preservar; investigar contexto e escala populacional
Geo39,2022-05-16,Promo,1.0780802,False,7.942896143559966,preservar; investigar contexto e escala populacional
Geo39,2022-05-23,Promo,0.75604916,False,5.368815160174458,preservar; investigar contexto e escala populacional
Geo39,2022-05-30,Promo,1.0390922,False,7.631254540998195,preservar; investigar contexto e escala populacional
Geo39,2022-06-20,Promo,1.6009228,False,12.12211810292089,preservar; investigar contexto e escala populacional
Geo39,2022-06-27,Promo,2.0285099,False,15.539937151826726,preservar; investigar contexto e escala populacional
Geo39,2022-08-15,Promo,0.6078959,False,4.184586182767284,preservar; investigar contexto e escala populacional
Geo39,2022-08-22,Promo,1.1058252,False,8.164669413875867,preservar; investigar contexto e escala populacional
Geo39,2022-10-17,Promo,0.6891299,False,4.83391146086575,preservar; investigar contexto e escala populacional
Geo39,2022-10-31,Promo,0.8160149,False,5.848137498134922,preservar; investigar contexto e escala populacional
Geo39,2022-11-14,Promo,2.4625106,True,19.00902183585594,preservar; investigar contexto e escala populacional
Geo39,2022-11-21,Promo,0.9919069,False,7.254089707989115,preservar; investigar contexto e escala populacional
Geo39,2022-12-19,Promo,1.0059516,False,7.366352784204855,preservar; investigar contexto e escala populacional
Geo39,2023-01-02,Promo,2.3628554,True,18.212450936307004,preservar; investigar contexto e escala populacional
Geo39,2023-02-20,Promo,1.6303484,False,12.3573248624454,preservar; investigar contexto e escala populacional
Geo39,2023-05-01,Promo,0.54094124,False,3.6493995217080193,preservar; investigar contexto e escala populacional
Geo39,2023-05-29,Promo,1.7968943,False,13.688571173517852,preservar; investigar contexto e escala populacional
Geo39,2023-06-19,Promo,0.68117404,False,4.770318125476474,preservar; investigar contexto e escala populacional
Geo39,2023-08-21,Promo,0.5559485,False,3.7693565996925575,preservar; investigar contexto e escala populacional
Geo39,2023-08-28,Promo,2.0325282,False,15.572056507822774,preservar; investigar contexto e escala populacional
Geo39,2023-09-11,Promo,1.2993345,False,9.711441455596571,preservar; investigar contexto e escala populacional
Geo39,2023-09-18,Promo,0.6203081,False,4.2838002460513005,preservar; investigar contexto e escala populacional
Geo39,2023-09-25,Promo,0.74984765,False,5.319244817640785,preservar; investigar contexto e escala populacional
Geo39,2023-10-02,Promo,1.1546941,False,8.555291715902927,preservar; investigar contexto e escala populacional
Geo39,2023-10-23,Promo,2.255173,True,17.351716461501994,preservar; investigar contexto e escala populacional
Geo39,2023-10-30,Promo,1.267065,False,9.453502636117062,preservar; investigar contexto e escala populacional
Geo39,2023-11-13,Promo,1.9736136,False,15.101136215469083,preservar; investigar contexto e escala populacional
Geo39,2023-11-27,Promo,1.597848,False,12.097540396971445,preservar; investigar contexto e escala populacional
Geo39,2023-12-04,Promo,0.6435803,False,4.469821219251722,preservar; investigar contexto e escala populacional
Geo39,2024-01-01,Promo,1.1272875,False,8.33622336808387,preservar; investigar contexto e escala populacional
Geo39,2024-01-15,Promo,1.0100081,False,7.398777483106873,preservar; investigar contexto e escala populacional
Geo4,2021-02-22,Promo,1.3862673,False,10.406318779572718,preservar; investigar contexto e escala populacional
Geo4,2021-03-01,Promo,1.7014351,False,12.9255400340066,preservar; investigar contexto e escala populacional
Geo4,2021-03-29,Promo,0.57161266,False,3.894564456601966,preservar; investigar contexto e escala populacional
Geo4,2021-05-17,Promo,1.5886832,False,12.024283678002579,preservar; investigar contexto e escala populacional
Geo4,2021-05-24,Promo,1.4402199,False,10.837576467229798,preservar; investigar contexto e escala populacional
Geo4,2021-05-31,Promo,0.9602797,False,7.001284965695545,preservar; investigar contexto e escala populacional
Geo4,2021-06-21,Promo,2.4767365,True,19.122733292557577,preservar; investigar contexto e escala populacional
Geo4,2021-06-28,Promo,2.578923,True,19.939537555925245,preservar; investigar contexto e escala populacional
Geo4,2021-07-05,Promo,0.839114,False,6.0327748363347435,preservar; investigar contexto e escala populacional
Geo4,2021-08-16,Promo,1.0996478,False,8.115291789076826,preservar; investigar contexto e escala populacional
Geo4,2021-09-20,Promo,1.0783067,False,7.944706619167339,preservar; investigar contexto e escala populacional
Geo4,2021-12-06,Promo,1.9895792,False,15.228753563623908,preservar; investigar contexto e escala populacional
Geo4,2021-12-13,Promo,0.5850462,False,4.00194236605302,preservar; investigar contexto e escala populacional
Geo4,2021-12-27,Promo,0.9349905,False,6.799141567329248,preservar; investigar contexto e escala populacional
Geo4,2022-01-03,Promo,0.57210445,False,3.8984954667518545,preservar; investigar contexto e escala populacional
Geo4,2022-01-10,Promo,1.1368824,False,8.412917992389293,preservar; investigar contexto e escala populacional
Geo4,2022-03-28,Promo,1.2223035,False,9.095711890424315,preservar; investigar contexto e escala populacional
Geo4,2022-06-06,Promo,0.9773495,False,7.137728482352181,preservar; investigar contexto e escala populacional
Geo4,2022-06-13,Promo,1.3827178,False,10.377946668454092,preservar; investigar contexto e escala populacional
Geo4,2022-06-20,Promo,0.75707877,False,5.377045110682656,preservar; investigar contexto e escala populacional
Geo4,2022-06-27,Promo,0.5474741,False,3.7016184341865177,preservar; investigar contexto e escala populacional
Geo4,2022-07-04,Promo,1.7252355,False,13.115783052309952,preservar; investigar contexto e escala populacional
Geo4,2022-07-11,Promo,1.6440318,False,12.466699970286117,preservar; investigar contexto e escala populacional
Geo4,2022-07-18,Promo,1.3303717,False,9.9595301687142,preservar; investigar contexto e escala populacional
Geo4,2022-08-29,Promo,1.0565531,False,7.770824225469592,preservar; investigar contexto e escala populacional
Geo4,2022-09-05,Promo,1.6007321,False,12.12059378637199,preservar; investigar contexto e escala populacional
Geo4,2022-10-03,Promo,1.074631,False,7.915325757401248,preservar; investigar contexto e escala populacional
Geo4,2022-10-24,Promo,0.5980275,False,4.105705399174369,preservar; investigar contexto e escala populacional
Geo4,2022-11-14,Promo,0.6254227,False,4.324682623717824,preservar; investigar contexto e escala populacional
Geo4,2022-11-21,Promo,1.2599969,False,9.39700540591631,preservar; investigar contexto e escala populacional
Geo4,2022-12-05,Promo,1.1285437,False,8.34626451359372,preservar; investigar contexto e escala populacional
Geo4,2023-01-02,Promo,1.3280686,False,9.941120869061487,preservar; investigar contexto e escala populacional
Geo4,2023-02-20,Promo,0.5391871,False,3.6353782074390724,preservar; investigar contexto e escala populacional
Geo4,2023-02-27,Promo,1.8366778,False,14.00657142219735,preservar; investigar contexto e escala populacional
Geo4,2023-05-15,Promo,0.9965688,False,7.29135353242183,preservar; investigar contexto e escala populacional
Geo4,2023-06-05,Promo,2.2579188,True,17.373664381690617,preservar; investigar contexto e escala populacional
Geo4,2023-08-14,Promo,2.2805479,True,17.55454488308927,preservar; investigar contexto e escala populacional
Geo4,2023-08-28,Promo,1.433473,False,10.783646675285507,preservar; investigar contexto e escala populacional
Geo4,2023-09-04,Promo,1.8924911,False,14.45270218695217,preservar; investigar contexto e escala populacional
Geo4,2023-09-11,Promo,0.7050903,False,4.961487244017666,preservar; investigar contexto e escala populacional
Geo4,2023-09-25,Promo,0.8836547,False,6.388800668057918,preservar; investigar contexto e escala populacional
Geo4,2023-11-06,Promo,1.3227222,False,9.898385651457707,preservar; investigar contexto e escala populacional
Geo4,2023-11-27,Promo,1.9787912,False,15.142522169132361,preservar; investigar contexto e escala populacional
Geo4,2023-12-04,Promo,1.1954072,False,8.880722508178954,preservar; investigar contexto e escala populacional
Geo4,2023-12-11,Promo,1.3812779,False,10.366437159283867,preservar; investigar contexto e escala populacional
Geo4,2023-12-25,Promo,3.2897778,True,25.621591753645774,preservar; investigar contexto e escala populacional
Geo4,2024-01-01,Promo,2.3105798,True,17.79459796208729,preservar; investigar contexto e escala populacional
Geo4,2024-01-15,Promo,1.4279393,False,10.73941431825011,preservar; investigar contexto e escala populacional
Geo5,2021-03-22,Promo,2.6300359,True,20.348096755360448,preservar; investigar contexto e escala populacional
Geo5,2021-03-29,Promo,0.66259503,False,4.621811086120488,preservar; investigar contexto e escala populacional
Geo5,2021-04-19,Promo,0.73913467,False,5.2336130782488635,preservar; investigar contexto e escala populacional
Geo5,2021-05-03,Promo,1.2766478,False,9.530100541858031,preservar; investigar contexto e escala populacional
Geo5,2021-05-31,Promo,1.7560025,False,13.361711983930402,preservar; investigar contexto e escala populacional
Geo5,2021-06-07,Promo,2.9727738,True,23.087693257224007,preservar; investigar contexto e escala populacional
Geo5,2021-06-28,Promo,1.2804682,False,9.560638029762695,preservar; investigar contexto e escala populacional
Geo5,2021-08-09,Promo,1.3599045,False,10.195593806760174,preservar; investigar contexto e escala populacional
Geo5,2021-08-30,Promo,2.0614316,False,15.803089181863095,preservar; investigar contexto e escala populacional
Geo5,2021-09-13,Promo,1.1292222,False,8.351687947146049,preservar; investigar contexto e escala populacional
Geo5,2021-09-20,Promo,2.9306154,True,22.75070979212089,preservar; investigar contexto e escala populacional
Geo5,2021-10-11,Promo,2.1698523,True,16.66972508775386,preservar; investigar contexto e escala populacional
Geo5,2021-11-29,Promo,0.7125154,False,5.0208380715333485,preservar; investigar contexto e escala populacional
Geo5,2021-12-13,Promo,0.6157072,False,4.247024011075758,preservar; investigar contexto e escala populacional
Geo5,2021-12-27,Promo,2.2776127,True,17.53108303760247,preservar; investigar contexto e escala populacional
Geo5,2022-02-07,Promo,0.7307776,False,5.166812763087252,preservar; investigar contexto e escala populacional
Geo5,2022-03-28,Promo,1.0361795,False,7.607972544081664,preservar; investigar contexto e escala populacional
Geo5,2022-05-02,Promo,0.94015074,False,6.8403887578289755,preservar; investigar contexto e escala populacional
Geo5,2022-05-16,Promo,0.80567825,False,5.765513865962968,preservar; investigar contexto e escala populacional
Geo5,2022-05-30,Promo,1.1394359,False,8.433328806797356,preservar; investigar contexto e escala populacional
Geo5,2022-06-06,Promo,1.7651856,False,13.435114979736419,preservar; investigar contexto e escala populacional
Geo5,2022-06-27,Promo,0.569597,False,3.8784527424176107,preservar; investigar contexto e escala populacional
Geo5,2022-07-04,Promo,3.2754366,True,25.506958672937383,preservar; investigar contexto e escala populacional
Geo5,2022-07-18,Promo,2.5996892,True,20.105527395032617,preservar; investigar contexto e escala populacional
Geo5,2022-08-01,Promo,1.2067139,False,8.97110001171043,preservar; investigar contexto e escala populacional
Geo5,2022-08-22,Promo,1.3760056,False,10.324294242971504,preservar; investigar contexto e escala populacional
Geo5,2022-09-05,Promo,0.80177116,False,5.734283441500234,preservar; investigar contexto e escala populacional
Geo5,2022-09-12,Promo,0.9860079,False,7.206937409499531,preservar; investigar contexto e escala populacional
Geo5,2022-10-03,Promo,0.5535532,False,3.750210320565231,preservar; investigar contexto e escala populacional
Geo5,2022-10-10,Promo,1.0786028,False,7.947073426352077,preservar; investigar contexto e escala populacional
Geo5,2022-10-24,Promo,0.57070625,False,3.887319276931862,preservar; investigar contexto e escala populacional
Geo5,2022-10-31,Promo,1.9340621,False,14.7849904053808,preservar; investigar contexto e escala populacional
Geo5,2022-11-21,Promo,1.5756083,False,11.919772474828914,preservar; investigar contexto e escala populacional
Geo5,2022-12-05,Promo,1.1905036,False,8.84152671043806,preservar; investigar contexto e escala populacional
Geo5,2023-02-06,Promo,0.6138426,False,4.232119760225837,preservar; investigar contexto e escala populacional
Geo5,2023-02-13,Promo,1.3213618,False,9.887511607235766,preservar; investigar contexto e escala populacional
Geo5,2023-02-27,Promo,1.5039403,False,11.34691081553895,preservar; investigar contexto e escala populacional
Geo5,2023-04-10,Promo,0.85103333,False,6.128049256737499,preservar; investigar contexto e escala populacional
Geo5,2023-04-17,Promo,1.599655,False,12.111984235481478,preservar; investigar contexto e escala populacional
Geo5,2023-04-24,Promo,0.6141132,False,4.234282739030937,preservar; investigar contexto e escala populacional
Geo5,2023-07-17,Promo,0.9365488,False,6.811597479642575,preservar; investigar contexto e escala populacional
Geo5,2023-07-24,Promo,1.4916012,False,11.248281060276563,preservar; investigar contexto e escala populacional
Geo5,2023-08-14,Promo,1.909303,False,14.587084239330036,preservar; investigar contexto e escala populacional
Geo5,2023-08-28,Promo,1.277892,False,9.540045768130407,preservar; investigar contexto e escala populacional
Geo5,2023-09-11,Promo,1.3630967,False,10.221109922582933,preservar; investigar contexto e escala populacional
Geo5,2023-09-18,Promo,0.6880682,False,4.82542500633,preservar; investigar contexto e escala populacional
Geo5,2023-09-25,Promo,2.0286605,False,15.541140938257058,preservar; investigar contexto e escala populacional
Geo5,2023-10-23,Promo,1.9422433,False,14.850384944184492,preservar; investigar contexto e escala populacional
Geo5,2023-10-30,Promo,0.54435754,False,3.676706929290655,preservar; investigar contexto e escala populacional
Geo5,2023-11-06,Promo,1.5368907,False,11.610292252418283,preservar; investigar contexto e escala populacional
Geo5,2023-11-13,Promo,1.89296,False,14.456450231156571,preservar; investigar contexto e escala populacional
Geo5,2023-11-20,Promo,0.6293014,False,4.355686119251228,preservar; investigar contexto e escala populacional
Geo5,2023-11-27,Promo,0.66017115,False,4.602436359342571,preservar; investigar contexto e escala populacional
Geo5,2023-12-11,Promo,0.72245586,False,5.1002948501473115,preservar; investigar contexto e escala populacional
Geo5,2023-12-18,Promo,0.7230142,False,5.104757812401707,preservar; investigar contexto e escala populacional
Geo6,2021-04-26,Promo,0.63257086,False,4.38181979509794,preservar; investigar contexto e escala populacional
Geo6,2021-05-03,Promo,0.5458414,False,3.6885678226008354,preservar; investigar contexto e escala populacional
Geo6,2021-05-10,Promo,1.2994167,False,9.712098502373287,preservar; investigar contexto e escala populacional
Geo6,2021-05-31,Promo,0.72418475,False,5.114114334354069,preservar; investigar contexto e escala populacional
Geo6,2021-06-21,Promo,0.9444112,False,6.874443764037304,preservar; investigar contexto e escala populacional
Geo6,2021-06-28,Promo,2.5173235,True,19.44715613351312,preservar; investigar contexto e escala populacional
Geo6,2021-07-05,Promo,0.88648206,False,6.411400519330593,preservar; investigar contexto e escala populacional
Geo6,2021-07-19,Promo,0.54994935,False,3.721403775233533,preservar; investigar contexto e escala populacional
Geo6,2021-08-02,Promo,1.0854658,False,8.001931236918953,preservar; investigar contexto e escala populacional
Geo6,2021-08-09,Promo,0.86771214,False,6.26136748483905,preservar; investigar contexto e escala populacional
Geo6,2021-08-23,Promo,2.302263,True,17.72811953590011,preservar; investigar contexto e escala populacional
Geo6,2021-09-20,Promo,0.7065862,False,4.973444376296116,preservar; investigar contexto e escala populacional
Geo6,2021-10-18,Promo,0.832893,False,5.983048704972869,preservar; investigar contexto e escala populacional
Geo6,2021-11-15,Promo,1.1921163,False,8.854417456627948,preservar; investigar contexto e escala populacional
Geo6,2021-12-13,Promo,1.4249868,False,10.71581418919595,preservar; investigar contexto e escala populacional
Geo6,2021-12-27,Promo,1.550962,False,11.72276794961043,preservar; investigar contexto e escala populacional
Geo6,2022-01-03,Promo,2.2996562,True,17.707282680212256,preservar; investigar contexto e escala populacional
Geo6,2022-05-02,Promo,2.4331467,True,18.774308261077454,preservar; investigar contexto e escala populacional
Geo6,2022-05-16,Promo,0.74585843,False,5.28735790593022,preservar; investigar contexto e escala populacional
Geo6,2022-05-23,Promo,0.6335305,False,4.389490456518951,preservar; investigar contexto e escala populacional
Geo6,2022-05-30,Promo,0.8483063,False,6.106251370222825,preservar; investigar contexto e escala populacional
Geo6,2022-06-13,Promo,1.4514742,False,10.927535123424294,preservar; investigar contexto e escala populacional
Geo6,2022-07-04,Promo,1.8777473,False,14.334851015826432,preservar; investigar contexto e escala populacional
Geo6,2022-07-18,Promo,2.1888967,True,16.821952114937286,preservar; investigar contexto e escala populacional
Geo6,2022-08-15,Promo,0.72821766,False,5.146350472021745,preservar; investigar contexto e escala populacional
Geo6,2022-08-22,Promo,1.3132746,False,9.822868435792307,preservar; investigar contexto e escala populacional
Geo6,2022-09-05,Promo,1.6576631,False,12.575658628770784,preservar; investigar contexto e escala populacional
Geo6,2022-09-12,Promo,0.8487966,False,6.110170470400728,preservar; investigar contexto e escala populacional
Geo6,2022-10-03,Promo,1.0014884,False,7.330677222479357,preservar; investigar contexto e escala populacional
Geo6,2022-11-21,Promo,1.4167485,False,10.649963234687263,preservar; investigar contexto e escala populacional
Geo6,2023-01-02,Promo,1.0841862,False,7.991703048896023,preservar; investigar contexto e escala populacional
Geo6,2023-01-23,Promo,0.5439365,False,3.6733414429783897,preservar; investigar contexto e escala populacional
Geo6,2023-05-08,Promo,1.1487882,False,8.508084263851796,preservar; investigar contexto e escala populacional
Geo6,2023-05-15,Promo,0.800374,False,5.723115564680823,preservar; investigar contexto e escala populacional
Geo6,2023-06-19,Promo,1.5913067,False,12.045254021295921,preservar; investigar contexto e escala populacional
Geo6,2023-06-26,Promo,0.65526175,False,4.5631942006368975,preservar; investigar contexto e escala populacional
Geo6,2023-07-03,Promo,1.126071,False,8.326499555384668,preservar; investigar contexto e escala populacional
Geo6,2023-07-10,Promo,1.438425,False,10.823229347284224,preservar; investigar contexto e escala populacional
Geo6,2023-07-17,Promo,0.5705724,False,3.8862493777705076,preservar; investigar contexto e escala populacional
Geo6,2023-08-07,Promo,1.496959,False,11.291107401155946,preservar; investigar contexto e escala populacional
Geo6,2023-08-14,Promo,1.0938507,False,8.068954004778814,preservar; investigar contexto e escala populacional
Geo6,2023-08-28,Promo,0.9536554,False,6.948335148627474,preservar; investigar contexto e escala populacional
Geo6,2023-10-02,Promo,1.6211953,False,12.284161664733075,preservar; investigar contexto e escala populacional
Geo6,2023-10-16,Promo,0.7115814,False,5.013372357549746,preservar; investigar contexto e escala populacional
Geo6,2023-10-30,Promo,0.5383519,False,3.628702228510695,preservar; investigar contexto e escala populacional
Geo6,2023-11-06,Promo,0.87836444,False,6.346514192620131,preservar; investigar contexto e escala populacional
Geo6,2023-11-13,Promo,0.7253528,False,5.123450873131955,preservar; investigar contexto e escala populacional
Geo6,2023-12-04,Promo,1.6577022,False,12.575971165619563,preservar; investigar contexto e escala populacional
Geo6,2024-01-01,Promo,0.8458887,False,6.0869268411791895,preservar; investigar contexto e escala populacional
Geo7,2021-03-08,Promo,1.3004209,False,9.720125343896127,preservar; investigar contexto e escala populacional
Geo7,2021-03-22,Promo,0.71931386,False,5.075179996467997,preservar; investigar contexto e escala populacional
Geo7,2021-03-29,Promo,1.0653152,False,7.840862054694135,preservar; investigar contexto e escala populacional
Geo7,2021-05-10,Promo,2.2035303,True,16.938922427732198,preservar; investigar contexto e escala populacional
Geo7,2021-05-31,Promo,1.321669,False,9.889967139715168,preservar; investigar contexto e escala populacional
Geo7,2021-08-23,Promo,0.7704916,False,5.484257479516365,preservar; investigar contexto e escala populacional
Geo7,2021-08-30,Promo,1.6770158,False,12.73034998103038,preservar; investigar contexto e escala populacional
Geo7,2021-10-25,Promo,2.0353856,False,15.594896476919935,preservar; investigar contexto e escala populacional
Geo7,2021-11-15,Promo,1.4420946,False,10.852561450104595,preservar; investigar contexto e escala populacional
Geo7,2021-11-22,Promo,1.4706435,False,11.080760510004456,preservar; investigar contexto e escala populacional
Geo7,2021-12-06,Promo,0.53831303,False,3.6283915301139675,preservar; investigar contexto e escala populacional
Geo7,2021-12-13,Promo,1.7923307,False,13.652093087505465,preservar; investigar contexto e escala populacional
Geo7,2022-03-28,Promo,0.7720037,False,5.4963441027654065,preservar; investigar contexto e escala populacional
Geo7,2022-04-04,Promo,0.9445072,False,6.875211117937118,preservar; investigar contexto e escala populacional
Geo7,2022-05-16,Promo,1.8659284,False,14.24037935950866,preservar; investigar contexto e escala populacional
Geo7,2022-05-23,Promo,0.96609855,False,7.047796603611482,preservar; investigar contexto e escala populacional
Geo7,2022-05-30,Promo,1.0146025,False,7.435501761828783,preservar; investigar contexto e escala populacional
Geo7,2022-06-06,Promo,1.504666,False,11.352711531425353,preservar; investigar contexto e escala populacional
Geo7,2022-06-13,Promo,0.79623127,False,5.690001606124838,preservar; investigar contexto e escala populacional
Geo7,2022-07-04,Promo,1.8048648,False,13.752281530376848,preservar; investigar contexto e escala populacional
Geo7,2022-07-18,Promo,0.8005078,False,5.7241850641786876,preservar; investigar contexto e escala populacional
Geo7,2022-08-08,Promo,1.172097,False,8.69439779072652,preservar; investigar contexto e escala populacional
Geo7,2022-08-15,Promo,1.7869297,False,13.608921437371164,preservar; investigar contexto e escala populacional
Geo7,2022-09-26,Promo,0.7093507,False,4.995541770629808,preservar; investigar contexto e escala populacional
Geo7,2022-10-03,Promo,1.5037476,False,11.34537051245047,preservar; investigar contexto e escala populacional
Geo7,2022-10-31,Promo,1.8048232,False,13.751949010353597,preservar; investigar contexto e escala populacional
Geo7,2022-11-21,Promo,1.2503622,False,9.319992649473255,preservar; investigar contexto e escala populacional
Geo7,2022-12-12,Promo,1.9036037,False,14.54152819681746,preservar; investigar contexto e escala populacional
Geo7,2023-01-09,Promo,1.6591665,False,12.587675710572656,preservar; investigar contexto e escala populacional
Geo7,2023-02-06,Promo,2.074197,False,15.90512646803684,preservar; investigar contexto e escala populacional
Geo7,2023-02-20,Promo,0.57137126,False,3.8926348812747267,preservar; investigar contexto e escala populacional
Geo7,2023-02-27,Promo,1.158778,False,8.587935430397183,preservar; investigar contexto e escala populacional
Geo7,2023-03-27,Promo,0.68296295,False,4.784617365736009,preservar; investigar contexto e escala populacional
Geo7,2023-04-03,Promo,0.6476941,False,4.5027039325126905,preservar; investigar contexto e escala populacional
Geo7,2023-05-01,Promo,1.2345015,False,9.193213795319371,preservar; investigar contexto e escala populacional
Geo7,2023-05-08,Promo,1.1717374,False,8.691523410910136,preservar; investigar contexto e escala populacional
Geo7,2023-05-15,Promo,1.517544,False,11.455648859777423,preservar; investigar contexto e escala populacional
Geo7,2023-05-29,Promo,1.0650096,False,7.838419311446395,preservar; investigar contexto e escala populacional
Geo7,2023-06-26,Promo,0.9756547,False,7.124181488712556,preservar; investigar contexto e escala populacional
Geo7,2023-07-10,Promo,1.5173109,False,11.453785628589438,preservar; investigar contexto e escala populacional
Geo7,2023-08-07,Promo,0.73565924,False,5.205833028623562,preservar; investigar contexto e escala populacional
Geo7,2023-08-14,Promo,1.1593027,False,8.59212949905585,preservar; investigar contexto e escala populacional
Geo7,2023-09-04,Promo,2.3308637,True,17.95673264717508,preservar; investigar contexto e escala populacional
Geo7,2023-09-11,Promo,1.0043466,False,7.353523586192349,preservar; investigar contexto e escala populacional
Geo7,2023-09-25,Promo,2.0950706,True,16.071974784319632,preservar; investigar contexto e escala populacional
Geo7,2023-10-16,Promo,0.79141515,False,5.651505059625151,preservar; investigar contexto e escala populacional
Geo7,2023-10-23,Promo,1.3234522,False,9.904220738404206,preservar; investigar contexto e escala populacional
Geo7,2023-10-30,Promo,2.076446,False,15.92310333179393,preservar; investigar contexto e escala populacional
Geo7,2023-11-06,Promo,2.2329564,True,17.174133183891602,preservar; investigar contexto e escala populacional
Geo7,2023-11-13,Promo,1.646101,False,12.483239644135013,preservar; investigar contexto e escala populacional
Geo7,2023-11-27,Promo,1.0783176,False,7.944793745808048,preservar; investigar contexto e escala populacional
Geo7,2023-12-18,Promo,2.2833588,True,17.577013165141203,preservar; investigar contexto e escala populacional
Geo7,2023-12-25,Promo,0.53452075,False,3.598078812955792,preservar; investigar contexto e escala populacional
Geo8,2021-04-26,Promo,1.3042997,False,9.751129638756511,preservar; investigar contexto e escala populacional
Geo8,2021-05-24,Promo,0.84918,False,6.11323509003811,preservar; investigar contexto e escala populacional
Geo8,2021-08-09,Promo,1.6656625,False,12.639599991126707,preservar; investigar contexto e escala populacional
Geo8,2021-08-30,Promo,1.375611,False,10.321140098712478,preservar; investigar contexto e escala populacional
Geo8,2021-09-13,Promo,0.80746037,False,5.779758831920632,preservar; investigar contexto e escala populacional
Geo8,2021-10-11,Promo,1.6898061,False,12.832586299621894,preservar; investigar contexto e escala populacional
Geo8,2021-10-18,Promo,1.9332322,False,14.77835679078231,preservar; investigar contexto e escala populacional
Geo8,2021-11-15,Promo,0.55560267,False,3.7665922872011772,preservar; investigar contexto e escala populacional
Geo8,2021-12-27,Promo,1.4902151,False,11.237201589021025,preservar; investigar contexto e escala populacional
Geo8,2022-01-03,Promo,1.6649749,False,12.634103818819291,preservar; investigar contexto e escala populacional
Geo8,2022-02-07,Promo,1.313338,False,9.823375209096975,preservar; investigar contexto e escala populacional
Geo8,2022-02-14,Promo,1.988466,False,15.219855455693986,preservar; investigar contexto e escala populacional
Geo8,2022-03-21,Promo,0.8220636,False,5.896486389112027,preservar; investigar contexto e escala populacional
Geo8,2022-04-04,Promo,0.7842552,False,5.594273647594214,preservar; investigar contexto e escala populacional
Geo8,2022-04-11,Promo,2.420814,True,18.67572966274172,preservar; investigar contexto e escala populacional
Geo8,2022-05-02,Promo,1.8525078,False,14.133104882968684,preservar; investigar contexto e escala populacional
Geo8,2022-05-16,Promo,1.5055296,False,11.359614519215759,preservar; investigar contexto e escala populacional
Geo8,2022-05-30,Promo,1.1156576,False,8.243262439756354,preservar; investigar contexto e escala populacional
Geo8,2022-06-06,Promo,0.7501693,False,5.32181585286865,preservar; investigar contexto e escala populacional
Geo8,2022-06-20,Promo,0.82679486,False,5.934304626737359,preservar; investigar contexto e escala populacional
Geo8,2022-07-11,Promo,1.1963634,False,8.888365672751888,preservar; investigar contexto e escala populacional
Geo8,2022-08-08,Promo,0.6224488,False,4.3009114386901635,preservar; investigar contexto e escala populacional
Geo8,2022-08-29,Promo,3.7845514,True,29.576450623278927,preservar; investigar contexto e escala populacional
Geo8,2022-09-12,Promo,0.84518117,False,6.081271363004865,preservar; investigar contexto e escala populacional
Geo8,2022-10-10,Promo,3.1037567,True,24.13467491476449,preservar; investigar contexto e escala populacional
Geo8,2022-11-14,Promo,1.2679176,False,9.46031769793978,preservar; investigar contexto e escala populacional
Geo8,2022-11-21,Promo,0.88132936,False,6.370213598085079,preservar; investigar contexto e escala populacional
Geo8,2022-12-26,Promo,0.67789865,False,4.744137049539909,preservar; investigar contexto e escala populacional
Geo8,2023-01-09,Promo,1.5926627,False,12.056092895130787,preservar; investigar contexto e escala populacional
Geo8,2023-01-23,Promo,1.1923299,False,8.856124819055035,preservar; investigar contexto e escala populacional
Geo8,2023-02-13,Promo,0.87555844,False,6.324085077590165,preservar; investigar contexto e escala populacional
Geo8,2023-02-20,Promo,1.638836,False,12.425168539112667,preservar; investigar contexto e escala populacional
Geo8,2023-02-27,Promo,0.6296551,False,4.358513338775854,preservar; investigar contexto e escala populacional
Geo8,2023-04-03,Promo,0.8245555,False,5.916404818101042,preservar; investigar contexto e escala populacional
Geo8,2023-04-10,Promo,0.9125091,False,6.619441671878539,preservar; investigar contexto e escala populacional
Geo8,2023-05-01,Promo,1.0583217,False,7.7849611224196975,preservar; investigar contexto e escala populacional
Geo8,2023-05-22,Promo,1.5820166,False,11.970995745622403,preservar; investigar contexto e escala populacional
Geo8,2023-05-29,Promo,0.8980713,False,6.5040364413084575,preservar; investigar contexto e escala populacional
Geo8,2023-06-05,Promo,1.5115683,False,11.407883477494966,preservar; investigar contexto e escala populacional
Geo8,2023-06-26,Promo,0.9875629,False,7.2193669440225525,preservar; investigar contexto e escala populacional
Geo8,2023-07-10,Promo,0.8390509,False,6.032270461011012,preservar; investigar contexto e escala populacional
Geo8,2023-08-07,Promo,1.2735827,False,9.505600370625547,preservar; investigar contexto e escala populacional
Geo8,2023-10-23,Promo,1.2451408,False,9.278256590593186,preservar; investigar contexto e escala populacional
Geo8,2023-11-06,Promo,1.9670777,False,15.048893003450424,preservar; investigar contexto e escala populacional
Geo8,2023-11-27,Promo,0.8842262,False,6.393368821742745,preservar; investigar contexto e escala populacional
Geo8,2023-12-04,Promo,1.045166,False,7.679804063047022,preservar; investigar contexto e escala populacional
Geo8,2023-12-11,Promo,1.4192688,False,10.670108672538305,preservar; investigar contexto e escala populacional
Geo8,2023-12-18,Promo,1.1032908,False,8.14441127092079,preservar; investigar contexto e escala populacional
Geo8,2023-12-25,Promo,0.80569035,False,5.7656105845274235,preservar; investigar contexto e escala populacional
Geo8,2024-01-01,Promo,0.72306824,False,5.105189768701143,preservar; investigar contexto e escala populacional
Geo9,2021-03-01,Promo,1.0056525,False,7.363961997210749,preservar; investigar contexto e escala populacional
Geo9,2021-03-22,Promo,1.2051729,False,8.958782382964463,preservar; investigar contexto e escala populacional
Geo9,2021-03-29,Promo,0.6911526,False,4.850079447669426,preservar; investigar contexto e escala populacional
Geo9,2021-05-17,Promo,2.1905537,True,16.83519696297886,preservar; investigar contexto e escala populacional
Geo9,2021-06-07,Promo,0.5772785,False,3.939853044307378,preservar; investigar contexto e escala populacional
Geo9,2021-06-21,Promo,1.1834596,False,8.785222118039242,preservar; investigar contexto e escala populacional
Geo9,2021-06-28,Promo,0.97484076,False,7.117675446699908,preservar; investigar contexto e escala populacional
Geo9,2021-07-05,Promo,0.6068878,False,4.176528167492262,preservar; investigar contexto e escala populacional
Geo9,2021-08-23,Promo,0.9295845,False,6.755929950845999,preservar; investigar contexto e escala populacional
Geo9,2021-08-30,Promo,1.2881627,False,9.622142244159727,preservar; investigar contexto e escala populacional
Geo9,2021-10-11,Promo,0.73769504,False,5.222105727261482,preservar; investigar contexto e escala populacional
Geo9,2021-10-18,Promo,1.0866752,False,8.011598297402646,preservar; investigar contexto e escala populacional
Geo9,2021-11-08,Promo,0.83616686,False,6.009217551206655,preservar; investigar contexto e escala populacional
Geo9,2021-11-22,Promo,3.1150794,True,24.2251803106126,preservar; investigar contexto e escala populacional
Geo9,2021-11-29,Promo,0.79244494,False,5.659736448921911,preservar; investigar contexto e escala populacional
Geo9,2021-12-13,Promo,1.0611782,False,7.8077938975740455,preservar; investigar contexto e escala populacional
Geo9,2021-12-27,Promo,3.0491989,True,23.698579700230667,preservar; investigar contexto e escala populacional
Geo9,2022-02-07,Promo,0.8915764,False,6.452120953351177,preservar; investigar contexto e escala populacional
Geo9,2022-02-21,Promo,0.8202895,False,5.882305529178078,preservar; investigar contexto e escala populacional
Geo9,2022-04-11,Promo,0.8230959,False,5.90473784151596,preservar; investigar contexto e escala populacional
Geo9,2022-05-16,Promo,1.8405473,False,14.037501379648688,preservar; investigar contexto e escala populacional
Geo9,2022-06-06,Promo,0.5913825,False,4.05259012142165,preservar; investigar contexto e escala populacional
Geo9,2022-06-20,Promo,1.259671,False,9.39440039929184,preservar; investigar contexto e escala populacional
Geo9,2022-06-27,Promo,0.9363556,False,6.8100531799192,preservar; investigar contexto e escala populacional
Geo9,2022-07-04,Promo,0.57214576,False,3.898825668726868,preservar; investigar contexto e escala populacional
Geo9,2022-07-25,Promo,1.0763085,False,7.928734467473511,preservar; investigar contexto e escala populacional
Geo9,2022-08-01,Promo,0.5271939,False,3.53951332419695,preservar; investigar contexto e escala populacional
Geo9,2022-08-22,Promo,1.1686652,False,8.666966487462146,preservar; investigar contexto e escala populacional
Geo9,2022-09-05,Promo,1.6352376,False,12.396405557101323,preservar; investigar contexto e escala populacional
Geo9,2022-09-19,Promo,1.3137581,False,9.826733181735639,preservar; investigar contexto e escala populacional
Geo9,2022-09-26,Promo,3.3358676,True,25.989999959600212,preservar; investigar contexto e escala populacional
Geo9,2022-10-24,Promo,0.8030889,False,5.744816492832945,preservar; investigar contexto e escala populacional
Geo9,2022-11-07,Promo,1.3777877,False,10.33853904906377,preservar; investigar contexto e escala populacional
Geo9,2022-11-14,Promo,1.2098811,False,8.996416295788444,preservar; investigar contexto e escala populacional
Geo9,2022-11-21,Promo,1.3973556,False,10.494950552982118,preservar; investigar contexto e escala populacional
Geo9,2023-02-06,Promo,1.2592828,False,9.391297411959469,preservar; investigar contexto e escala populacional
Geo9,2023-04-10,Promo,1.4859377,False,11.203011176822459,preservar; investigar contexto e escala populacional
Geo9,2023-05-22,Promo,1.3527248,False,10.13820452765089,preservar; investigar contexto e escala populacional
Geo9,2023-06-05,Promo,2.2144966,True,17.02657902222725,preservar; investigar contexto e escala populacional
Geo9,2023-07-10,Promo,0.69412327,False,4.8738248144356655,preservar; investigar contexto e escala populacional
Geo9,2023-07-17,Promo,0.5598321,False,3.800399262247932,preservar; investigar contexto e escala populacional
Geo9,2023-07-31,Promo,0.8620245,False,6.215904643852222,preservar; investigar contexto e escala populacional
Geo9,2023-08-14,Promo,2.1339266,True,16.38256127526916,preservar; investigar contexto e escala populacional
Geo9,2023-08-28,Promo,0.5299823,False,3.5618017576786176,preservar; investigar contexto e escala populacional
Geo9,2023-09-04,Promo,1.8067561,False,13.767399201530154,preservar; investigar contexto e escala populacional
Geo9,2023-09-11,Promo,1.087803,False,8.020613107071497,preservar; investigar contexto e escala populacional
Geo9,2023-09-25,Promo,0.9772409,False,7.136860413253017,preservar; investigar contexto e escala populacional
Geo9,2023-10-02,Promo,2.099927,True,16.11079329972645,preservar; investigar contexto e escala populacional
Geo9,2023-10-23,Promo,1.9893533,False,15.22694788397841,preservar; investigar contexto e escala populacional
Geo9,2023-11-06,Promo,3.7086716,True,28.969922910288606,preservar; investigar contexto e escala populacional
Geo9,2023-11-20,Promo,3.5293636,True,27.53666569083271,preservar; investigar contexto e escala populacional
Geo9,2023-12-04,Promo,1.185485,False,8.801411686671349,preservar; investigar contexto e escala populacional
Geo9,2023-12-11,Promo,1.6136458,False,12.223816474455553,preservar; investigar contexto e escala populacional
Geo9,2024-01-15,Promo,0.7236535,False,5.109867909778277,preservar; investigar contexto e escala populacional
